pmid,gene_id,paper_available,alias_in_text,Summary,generatePDs,verifyPDs
12057017,PVP01_1334500,True,True,True,True,True
12057017,PRELSG_1336700,True,True,True,True,True
12057017,PF3D7_1414400,True,True,True,True,True
12057017,PRCDC_1413700,True,True,True,True,True
12057017,PKNH_1343700,True,True,True,True,True
12057017,PocGH01_13045400,True,True,True,True,True
12057017,PmUG01_13044000,True,True,True,True,True
15230980,PRCDC_1422600,True,True,True,True,True
15230980,PCHAS_1020900,True,True,True,True,True
15230980,PY17X_1022000,True,True,True,True,True
15230980,PKNH_1334700,True,True,True,True,True
15230980,PF3D7_1423300,True,True,True,True,True
15230980,PF3D7_0802800,True,True,True,True,True
15774027,PF3D7_1469400,True,True,True,True,True
15774027,PF3D7_0212000,True,True,True,True,True
15774027,PF3D7_1208400,True,True,True,True,True
16042788,PF3D7_0522200,True,True,True,True,True
16042788,PGAL8A_00372100,True,True,True,True,True
16042788,PBANKA_1463600,True,True,True,True,True
16042788,PRELSG_1009600,True,True,True,True,True
16042788,PY17X_0833100,True,True,True,True,True
16042788,PKNH_1010700,True,True,True,True,True
16042788,PCHAS_0705600,True,True,True,True,True
16042788,PCHAS_0615800,True,True,True,True,True
16042788,PBANKA_1236900,True,True,True,True,True
16042788,PGAL8A_00441800,True,True,True,True,True
16042788,PF3D7_0110800,True,True,True,True,True
16042788,PRELSG_0726600,True,True,True,True,True
16042788,PBANKA_0904400,True,True,True,True,True
16042788,PKNH_0942500,True,True,True,True,True
16042788,PBANKA_0829800,True,True,True,True,True
16042788,PF3D7_0929000,True,True,True,True,True
16042788,PRCDC_0927000,True,True,True,True,True
16042788,PRCDC_0521300,True,True,True,True,True
16042788,PRCDC_1143000,True,True,True,True,True
16042788,PKNH_0727300,True,True,True,True,True
16042788,PKNH_1012500,True,True,True,True,True
16042788,PGAL8A_00069400,True,True,True,True,True
16042788,PocGH01_09050700,True,True,True,True,True
16042788,PVP01_0945300,True,True,True,True,True
16042788,PVP01_1011700,True,True,True,True,True
16042788,PCHAS_1237400,True,True,True,True,True
16042788,PF3D7_1250700,True,True,True,True,True
16042788,PY17X_0905800,True,True,True,True,True
16042788,PY17X_1240200,True,True,True,True,True
16042788,PBANKA_0614100,True,True,True,True,True
16042788,PVP01_0727500,True,True,True,True,True
16042788,PF3D7_1144600,True,True,True,True,True
16042788,PRELSG_0942000,True,True,True,True,True
16042788,PCHAS_1465900,True,True,True,True,True
16042788,PF3D7_0716400,True,True,True,True,True
16042788,PCHAS_0830100,True,True,True,True,True
16337017,PVP01_0909100,True,True,True,True,True
16337017,PF3D7_1108300,True,True,True,True,True
16337017,PRELSG_0905500,True,True,True,True,True
16337017,PRCDC_1106800,True,True,True,True,True
16343347,PRCDC_0908800,True,True,True,True,True
16343347,PRELSG_0708100,True,True,True,True,True
16343347,PKNH_1028400,True,True,True,True,True
16343347,PCHAS_0901000,True,True,True,True,True
16343347,PY17X_1008900,True,True,True,True,True
16343347,PF3D7_0409900,True,True,True,True,True
16343347,PKNH_0308000,True,True,True,True,True
16343347,PBANKA_1007500,True,True,True,True,True
16343347,PF3D7_1110700,True,True,True,True,True
16343347,PCHAS_1008400,True,True,True,True,True
16343347,PVP01_0904400,True,True,True,True,True
16343347,PF3D7_0728200,True,True,True,True,True
16343347,PF3D7_0505200,True,True,True,True,True
16343347,PY17X_0815100,True,True,True,True,True
16343347,PBANKA_0943300,True,True,True,True,True
16343347,PCHAS_0907400,True,True,True,True,True
16343347,PKNH_0901200,True,True,True,True,True
16343347,PBANKA_0811800,True,True,True,True,True
16343347,PCHAS_1104500,True,True,True,True,True
16343347,PCHAS_0210700,True,True,True,True,True
16343347,PKNH_0212800,True,True,True,True,True
16343347,PRCDC_0504400,True,True,True,True,True
16343347,PRELSG_0900700,True,True,True,True,True
16343347,PKNH_0708700,True,True,True,True,True
16343347,PBANKA_0936900,True,True,True,True,True
16343347,PRCDC_0407300,True,True,True,True,True
16343347,PRELSG_0307100,True,True,True,True,True
16343347,PocGH01_03017300,True,True,True,True,True
16343347,PGAL8A_00423500,True,True,True,True,True
16343347,PGAL8A_00060500,True,True,True,True,True
16343347,PF3D7_0910700,True,True,True,True,True
16343347,PVP01_0709200,True,True,True,True,True
16343347,PF3D7_1103600,True,True,True,True,True
16343347,PKNH_0908400,True,True,True,True,True
16343347,PCHAS_0812100,True,True,True,True,True
16343347,PRCDC_1102100,True,True,True,True,True
16343347,PVP01_0309200,True,True,True,True,True
16343347,PBANKA_0212300,True,True,True,True,True
16343347,PBANKA_1104800,True,True,True,True,True
16343347,PY17X_0945800,True,True,True,True,True
16343347,PRCDC_1109200,True,True,True,True,True
16343347,PRCDC_0725000,True,True,True,True,True
16428245,PY17X_1040800,True,True,True,True,True
16428245,PmUG01_08046500,True,True,True,True,True
16428245,PCHAS_0408700,True,True,True,True,True
16428245,PmUG01_13054700,True,True,True,True,True
16428245,PCHAS_1039200,True,True,True,True,True
16428245,PY17X_0410300,True,True,True,True,True
16428245,PKNH_0833000,True,True,True,True,True
16428245,PRCDC_0309000,True,True,True,True,True
16428245,PBANKA_0407800,True,True,True,True,True
16428245,PF3D7_0309700,True,True,True,True,True
16428245,PRELSG_1347400,True,True,True,True,True
16428245,PocGH01_08038700,True,True,True,True,True
16428245,PVP01_0830500,True,True,True,True,True
16428245,PRELSG_0826000,True,True,True,True,True
16428245,PGAL8A_00009000,True,True,True,True,True
16428245,PocGH01_13056000,True,True,True,True,True
16428245,PBANKA_1038400,True,True,True,True,True
16428245,PKNH_1354500,True,True,True,True,True
16428245,PRCDC_1402900,True,True,True,True,True
16428245,PF3D7_1403600,True,True,True,True,True
16428245,PVP01_1345200,True,True,True,True,True
16507167,PF3D7_0301800,True,True,True,True,True
16507167,PF3D7_0935700,True,True,True,True,True
16507167,PF3D7_0301500,True,True,True,True,True
16507167,PF3D7_0202300,True,True,True,True,True
16507167,PF3D7_0532200,True,True,True,True,True
16507167,PF3D7_0219900,True,True,True,True,True
16507167,PF3D7_0936200,True,True,True,True,True
16507167,PF3D7_1148800,True,True,True,True,True
16507167,PF3D7_0202100,True,True,True,True,True
16507167,PF3D7_0219700,True,True,True,True,True
16507167,PF3D7_1001900,True,True,True,True,True
16998185,PCHAS_1120000,True,True,True,True,True
16998185,PKNH_0108200,True,True,True,True,True
16998185,PY17X_1347100,True,True,True,True,True
16998185,PBANKA_1342400,True,True,True,True,True
16998185,PGAL8A_00150000,True,True,True,True,True
16998185,PCHAS_1347000,True,True,True,True,True
16998185,PRCDC_0619900,True,True,True,True,True
16998185,PKNH_1201400,True,True,True,True,True
16998185,PY17X_1223300,True,True,True,True,True
16998185,PVP01_0109900,True,True,True,True,True
16998185,PocGH01_12035200,True,True,True,True,True
16998185,PRELSG_1126800,True,True,True,True,True
16998185,PBANKA_1220100,True,True,True,True,True
16998185,PRCDC_0707800,True,True,True,True,True
16998185,PKNH_1128700,True,True,True,True,True
16998185,PRELSG_0107700,True,True,True,True,True
16998185,PRCDC_1326200,True,True,True,True,True
16998185,PF3D7_0621500,True,True,True,True,True
16998185,PF3D7_1327200,True,True,True,True,True
16998185,PmUG01_12037300,True,True,True,True,True
16998185,PGAL8A_00049800,True,True,True,True,True
16998185,PF3D7_0709600,True,True,True,True,True
16998185,PCHAS_1220800,True,True,True,True,True
16998185,PRELSG_1200800,True,True,True,True,True
16998185,PY17X_1121800,True,True,True,True,True
16998185,PBANKA_1120500,True,True,True,True,True
16998185,PGAL8A_00239400,True,True,True,True,True
17040128,PY17X_1107600,True,True,True,True,True
17040128,PF3D7_0618600,True,True,True,True,True
17040128,PF3D7_0506900,True,True,True,True,True
17040128,PF3D7_1411200,True,True,True,True,True
17040128,PF3D7_0828000,True,True,True,True,True
17040128,PF3D7_0515100,True,True,True,True,True
17040128,PF3D7_1114100,True,True,True,True,True
17581118,PVP01_0210400,True,True,True,True,True
17581118,PRELSG_0212800,True,True,True,True,True
17581118,PocGH01_02017600,True,True,True,True,True
17581118,PRCDC_0102200,True,True,True,True,True
17581118,PKNH_0209200,True,True,True,True,True
17581118,PF3D7_0104300,True,True,True,True,True
17581118,PBANKA_0208800,True,True,True,True,True
17581118,PGAL8A_00100400,True,True,True,True,True
17581118,PmUG01_02019300,True,True,True,True,True
17581118,PCHAS_0207200,True,True,True,True,True
17612404,PBANKA_1307400,True,True,True,True,True
17612404,PCHAS_0920500,True,True,True,True,True
17612404,PBANKA_0919600,True,True,True,True,True
17612404,PF3D7_1308900,True,True,True,True,True
17612404,PVP01_0929400,True,True,True,True,True
17612404,PRELSG_0803900,True,True,True,True,True
17612404,PF3D7_1032100,True,True,True,True,True
17612404,PmUG01_08021900,True,True,True,True,True
17612404,PGAL8A_00382300,True,True,True,True,True
17612404,PRCDC_1005500,True,True,True,True,True
17612404,PRELSG_0921200,True,True,True,True,True
17612404,PRELSG_0925800,True,True,True,True,True
17612404,PY17X_1311200,True,True,True,True,True
17612404,PocGH01_09035000,True,True,True,True,True
17612404,PVP01_0805800,True,True,True,True,True
17612404,PmUG01_09037900,True,True,True,True,True
17612404,PF3D7_1006100,True,True,True,True,True
17612404,PBANKA_1407400,True,True,True,True,True
17612404,PVP01_1409900,True,True,True,True,True
17612404,PCHAS_0924800,True,True,True,True,True
17612404,PGAL8A_00355500,True,True,True,True,True
17612404,PKNH_0616900,True,True,True,True,True
17612404,PBANKA_0515900,True,True,True,True,True
17612404,PRELSG_1237500,True,True,True,True,True
17612404,PBANKA_1449900,True,True,True,True,True
17612404,PRCDC_1122800,True,True,True,True,True
17612404,PCHAS_1409300,True,True,True,True,True
17612404,PF3D7_1128600,True,True,True,True,True
17612404,PGAL8A_00491500,True,True,True,True,True
17612404,PmUG01_12073500,True,True,True,True,True
17612404,PRELSG_1406700,True,True,True,True,True
17612404,PY17X_1409100,True,True,True,True,True
17612404,PCHAS_1310600,True,True,True,True,True
17612404,PocGH01_08014000,True,True,True,True,True
17612404,PRELSG_0615800,True,True,True,True,True
17612404,PY17X_0921700,True,True,True,True,True
17612404,PCHAS_1205000,True,True,True,True,True
17612404,PKNH_0922200,True,True,True,True,True
17612404,PKNH_0926700,True,True,True,True,True
17612404,PF3D7_1124400,True,True,True,True,True
17612404,PRCDC_1127100,True,True,True,True,True
17612404,PCHAS_0516000,True,True,True,True,True
17612404,PF3D7_1443500,True,True,True,True,True
17612404,PVP01_0617200,True,True,True,True,True
17612404,PY17X_0517000,True,True,True,True,True
17612404,PF3D7_1235300,True,True,True,True,True
17612404,PRCDC_1442800,True,True,True,True,True
17612404,PocGH01_12071300,True,True,True,True,True
17612404,PBANKA_1204300,True,True,True,True,True
17612404,PGAL8A_00505000,True,True,True,True,True
17612404,PY17X_1207500,True,True,True,True,True
17612404,PKNH_0804900,True,True,True,True,True
17612404,PVP01_0925000,True,True,True,True,True
17612404,PRCDC_1307900,True,True,True,True,True
17612404,PBANKA_0923900,True,True,True,True,True
17612404,PKNH_1238800,True,True,True,True,True
17612404,PKNH_1409300,True,True,True,True,True
17612404,PGAL8A_00202700,True,True,True,True,True
17612404,PRCDC_1031400,True,True,True,True,True
17612404,PVP01_1263500,True,True,True,True,True
17612404,PY17X_0925900,True,True,True,True,True
17612404,PKNH_1455000,True,True,True,True,True
17612404,PCHAS_1452200,True,True,True,True,True
17889948,PBANKA_0619200,True,True,True,True,True
17889948,PCHAS_0417000,True,True,True,True,True
17889948,PCHAS_0620900,True,True,True,True,True
17889948,PBANKA_0416100,True,True,True,True,True
18174226,PF3D7_0103700,True,True,True,True,True
18174226,PRELSG_0213500,True,True,True,True,True
18174226,PY17X_0210800,True,True,True,True,True
18174226,PCHAS_0207800,True,True,True,True,True
18174226,PRCDC_1204400,True,True,True,True,True
18174226,PKNH_0209800,True,True,True,True,True
18174226,PBANKA_0209400,True,True,True,True,True
18174226,PBANKA_0603800,True,True,True,True,True
18174226,PRCDC_0101600,True,True,True,True,True
18174226,PVP01_0211000,True,True,True,True,True
18174226,PGAL8A_00099700,True,True,True,True,True
18174226,PKNH_1304800,True,True,True,True,True
18174226,PCHAS_0605600,True,True,True,True,True
18174226,PF3D7_1205100,True,True,True,True,True
18437218,PBANKA_1310600,True,True,True,True,True
18437218,PF3D7_1446800,True,True,True,True,True
18437218,PCHAS_1313900,True,True,True,True,True
18437218,PKNH_1235400,True,True,True,True,True
18437218,PY17X_1314400,True,True,True,True,True
18452584,PF3D7_1470500,True,True,True,True,True
18452584,PKNH_1210500,True,True,True,True,True
18452584,PRCDC_1469700,True,True,True,True,True
18452584,PocGH01_12044300,True,True,True,True,True
18452584,PRELSG_1210200,True,True,True,True,True
18452584,PY17X_1338400,True,True,True,True,True
18452584,PVP01_1236300,True,True,True,True,True
18452584,PGAL8A_00230000,True,True,True,True,True
18452584,PCHAS_1338300,True,True,True,True,True
18452584,PmUG01_12046400,True,True,True,True,True
18515835,PCHAS_1337600,True,True,True,True,True
18515835,PocGH01_12077700,True,True,True,True,True
18515835,PCHAS_0805100,True,True,True,True,True
18515835,PRELSG_0105500,True,True,True,True,True
18515835,PY17X_1337600,True,True,True,True,True
18515835,PRCDC_1462300,True,True,True,True,True
18515835,PCHAS_1337500,True,True,True,True,True
18515835,PRELSG_0923400,True,True,True,True,True
18515835,PY17X_1304800,True,True,True,True,True
18515835,PKNH_1211300,True,True,True,True,True
18515835,PRELSG_1210900,True,True,True,True,True
18515835,PGAL8A_00229200,True,True,True,True,True
18515835,PKNH_1211200,True,True,True,True,True
18515835,PmUG01_10024400,True,True,True,True,True
18515835,PRCDC_1468900,True,True,True,True,True
18515835,PocGH01_12045100,True,True,True,True,True
18515835,PVP01_1013700,True,True,True,True,True
18515835,PocGH01_12045000,True,True,True,True,True
18515835,PmUG01_12053900,True,True,True,True,True
18515835,PBANKA_1301200,True,True,True,True,True
18515835,PKNH_1245300,True,True,True,True,True
18515835,PocGH01_03018500,True,True,True,True,True
18515835,PY17X_1238400,True,True,True,True,True
18515835,PRELSG_1429300,True,True,True,True,True
18515835,PKNH_1218500,True,True,True,True,True
18515835,PRELSG_1026600,True,True,True,True,True
18515835,PCHAS_1105200,True,True,True,True,True
18515835,PVP01_0107800,True,True,True,True,True
18515835,PRELSG_1211000,True,True,True,True,True
18515835,PVP01_1237100,True,True,True,True,True
18515835,PF3D7_0520200,True,True,True,True,True
18515835,PVP01_1241600,True,True,True,True,True
18515835,PRELSG_1215600,True,True,True,True,True
18515835,PGAL8A_00224600,True,True,True,True,True
18515835,PGAL8A_00067600,True,True,True,True,True
18515835,PmUG01_06019000,True,True,True,True,True
18515835,PCHAS_0614200,True,True,True,True,True
18515835,PRCDC_0705800,True,True,True,True,True
18515835,PGAL8A_00229300,True,True,True,True,True
18515835,PRCDC_1464400,True,True,True,True,True
18515835,PBANKA_1424100,True,True,True,True,True
18515835,PGAL8A_00527800,True,True,True,True,True
18515835,PY17X_1333300,True,True,True,True,True
18515835,PVP01_1028100,True,True,True,True,True
18515835,PRELSG_1011600,True,True,True,True,True
18515835,PKNH_0924300,True,True,True,True,True
18515835,PRELSG_0308300,True,True,True,True,True
18515835,PGAL8A_00061700,True,True,True,True,True
18515835,PF3D7_1475000,True,True,True,True,True
18515835,PVP01_1243800,True,True,True,True,True
18515835,PF3D7_0411100,True,True,True,True,True
18515835,PBANKA_1326600,True,True,True,True,True
18515835,PRELSG_1243900,True,True,True,True,True
18515835,PF3D7_0505900,True,True,True,True,True
18515835,PVP01_0310400,True,True,True,True,True
18515835,PKNH_1432500,True,True,True,True,True
18515835,PGAL8A_00047700,True,True,True,True,True
18515835,PmUG01_01019100,True,True,True,True,True
18515835,PmUG01_14048000,True,True,True,True,True
18515835,PBANKA_1333000,True,True,True,True,True
18515835,PF3D7_1469700,True,True,True,True,True
18515835,PCHAS_1430900,True,True,True,True,True
18515835,PVP01_1269900,True,True,True,True,True
18515835,PRCDC_1212500,True,True,True,True,True
18515835,PVP01_1432000,True,True,True,True,True
18515835,PGAL8A_00353100,True,True,True,True,True
18515835,PBANKA_1105500,True,True,True,True,True
18515835,PY17X_1431200,True,True,True,True,True
18515835,PF3D7_0707600,True,True,True,True,True
18515835,PCHAS_1425900,True,True,True,True,True
18515835,PCHAS_1235600,True,True,True,True,True
18515835,PRCDC_1469000,True,True,True,True,True
18515835,PY17X_1337700,True,True,True,True,True
18515835,PF3D7_1126400,True,True,True,True,True
18515835,PGAL8A_00196300,True,True,True,True,True
18515835,PGAL8A_00027000,True,True,True,True,True
18515835,PRCDC_0519300,True,True,True,True,True
18515835,PRCDC_0408500,True,True,True,True,True
18515835,PRCDC_1474100,True,True,True,True,True
18515835,PF3D7_1463000,True,True,True,True,True
18515835,PY17X_1106600,True,True,True,True,True
18515835,PKNH_0106100,True,True,True,True,True
18515835,PBANKA_1332900,True,True,True,True,True
18515835,PmUG01_12051700,True,True,True,True,True
18515835,PocGH01_09032700,True,True,True,True,True
18515835,PKNH_1012900,True,True,True,True,True
18515835,PBANKA_1328600,True,True,True,True,True
18515835,PF3D7_1465200,True,True,True,True,True
18515835,PBANKA_0612500,True,True,True,True,True
18515835,PocGH01_12049600,True,True,True,True,True
18515835,PKNH_0309200,True,True,True,True,True
18515835,PmUG01_09035600,True,True,True,True,True
18515835,PY17X_1426100,True,True,True,True,True
18515835,PBANKA_0804800,True,True,True,True,True
18515835,PocGH01_01015400,True,True,True,True,True
18515835,PF3D7_1213200,True,True,True,True,True
18515835,PY17X_1330400,True,True,True,True,True
18515835,PmUG01_03021100,True,True,True,True,True
18515835,PocGH01_10021500,True,True,True,True,True
18515835,PY17X_0807900,True,True,True,True,True
18515835,PY17X_0615000,True,True,True,True,True
18515835,PVP01_1237000,True,True,True,True,True
18515835,PCHAS_1304400,True,True,True,True,True
18515835,PocGH01_10035600,True,True,True,True,True
18515835,PRELSG_1217800,True,True,True,True,True
18515835,PmUG01_12047100,True,True,True,True,True
18515835,PVP01_0927100,True,True,True,True,True
18515835,PRCDC_1124900,True,True,True,True,True
18515835,PBANKA_1429000,True,True,True,True,True
18515835,PKNH_1027700,True,True,True,True,True
18515835,PCHAS_1333200,True,True,True,True,True
18515835,PF3D7_1469800,True,True,True,True,True
18515835,PCHAS_1329900,True,True,True,True,True
18515835,PBANKA_1235000,True,True,True,True,True
18515835,PKNH_1216300,True,True,True,True,True
18515835,PRCDC_0505100,True,True,True,True,True
18515835,PocGH01_12051800,True,True,True,True,True
18515835,PocGH01_14039300,True,True,True,True,True
18515835,PGAL8A_00222400,True,True,True,True,True
18545708,PmUG01_05031900,True,True,True,True,True
18545708,PCHAS_0711900,True,True,True,True,True
18545708,PGAL8A_00109900,True,True,True,True,True
18545708,PCHAS_0722900,True,True,True,True,True
18545708,PRCDC_1237000,True,True,True,True,True
18545708,PY17X_1461100,True,True,True,True,True
18545708,PKNH_1465000,True,True,True,True,True
18545708,PRCDC_0816300,True,True,True,True,True
18545708,PRCDC_1136500,True,True,True,True,True
18545708,PF3D7_0817000,True,True,True,True,True
18545708,PY17X_0912000,True,True,True,True,True
18545708,PBANKA_0910600,True,True,True,True,True
18545708,PmUG01_14072000,True,True,True,True,True
18545708,PF3D7_1237800,True,True,True,True,True
18545708,PY17X_0714000,True,True,True,True,True
18545708,PocGH01_14063400,True,True,True,True,True
18545708,PBANKA_1452400,True,True,True,True,True
18545708,PBANKA_0713800,True,True,True,True,True
18545708,PRELSG_1453900,True,True,True,True,True
18545708,PmUG01_14078500,True,True,True,True,True
18545708,PVP01_0939100,True,True,True,True,True
18545708,PVP01_1455900,True,True,True,True,True
18545708,PocGH01_05023900,True,True,True,True,True
18545708,PRELSG_0935800,True,True,True,True,True
18545708,PKNH_1457600,True,True,True,True,True
18545708,PY17X_1454900,True,True,True,True,True
18545708,PRCDC_1244700,True,True,True,True,True
18545708,PRELSG_1460400,True,True,True,True,True
18545708,PBANKA_1458500,True,True,True,True,True
18545708,PF3D7_1245300,True,True,True,True,True
18545708,PRELSG_0507000,True,True,True,True,True
18545708,PVP01_0518300,True,True,True,True,True
18545708,PCHAS_1454700,True,True,True,True,True
18545708,PGAL8A_00365800,True,True,True,True,True
18545708,PGAL8A_00459500,True,True,True,True,True
18545708,PKNH_0936300,True,True,True,True,True
18545708,PVP01_1462400,True,True,True,True,True
18545708,PCHAS_1460800,True,True,True,True,True
18545708,PF3D7_1138100,True,True,True,True,True
18545708,PKNH_0503400,True,True,True,True,True
18545708,PGAL8A_00466000,True,True,True,True,True
18554328,PF3D7_0215800,True,True,True,True,True
18554328,PBANKA_0312500,True,True,True,True,True
18554328,PCHAS_0314600,True,True,True,True,True
18554328,PVP01_0409200,True,True,True,True,True
18554328,PKNH_0405100,True,True,True,True,True
18614010,PF3D7_0424600,True,True,True,True,True
18614010,PF3D7_1002100,True,True,True,True,True
18614010,PF3D7_0730900,True,True,True,True,True
18614010,PF3D7_1302000,True,True,True,True,True
18650444,PF3D7_1141900,True,True,True,True,True
18650444,PVP01_0942600,True,True,True,True,True
18650444,PRCDC_1140300,True,True,True,True,True
18650444,PY17X_0908500,True,True,True,True,True
18650444,PKNH_0939700,True,True,True,True,True
18650444,PGAL8A_00369400,True,True,True,True,True
18650444,PCHAS_0708300,True,True,True,True,True
18650444,PRELSG_0939300,True,True,True,True,True
18650444,PBANKA_0907100,True,True,True,True,True
18663012,PRELSG_0701900,True,True,True,True,True
18663012,PmUG01_07016200,True,True,True,True,True
18663012,PY17X_0419500,True,True,True,True,True
18663012,PBANKA_0416700,True,True,True,True,True
18663012,PF3D7_0904700,True,True,True,True,True
18663012,PVP01_0703100,True,True,True,True,True
18663012,PRCDC_0902800,True,True,True,True,True
18688278,PKNH_0308100,True,True,True,True,True
18688278,PF3D7_0410000,True,True,True,True,True
18688278,PY17X_1009000,True,True,True,True,True
18688278,PocGH01_03017400,True,True,True,True,True
18688278,PmUG01_03020000,True,True,True,True,True
18688278,PRELSG_0307200,True,True,True,True,True
18688278,PVP01_0309300,True,True,True,True,True
18688278,PCHAS_1008500,True,True,True,True,True
18688278,PBANKA_1007600,True,True,True,True,True
18688278,PGAL8A_00060600,True,True,True,True,True
18688278,PRCDC_0407400,True,True,True,True,True
18688281,PF3D7_0830300,True,True,True,True,True
18688281,PF3D7_0408600,True,True,True,True,True
18688281,PKNH_1324100,True,True,True,True,True
18688281,PVP01_0307900,True,True,True,True,True
18688281,PVP01_1300600,True,True,True,True,True
18688281,PRCDC_0201200,True,True,True,True,True
18688281,PmUG01_05016100,True,True,True,True,True
18688281,PRCDC_1200700,True,True,True,True,True
18688281,PF3D7_0202100,True,True,True,True,True
18688281,PF3D7_1201300,True,True,True,True,True
18688281,PKNH_1301200,True,True,True,True,True
18688281,PocGH01_00122400,True,True,True,True,True
18761621,PRCDC_0712700,True,True,True,True,True
18761621,PocGH01_12063300,True,True,True,True,True
18761621,PY17X_1319100,True,True,True,True,True
18761621,PRELSG_1421600,True,True,True,True,True
18761621,PRCDC_1450900,True,True,True,True,True
18761621,PKNH_1424400,True,True,True,True,True
18761621,PRELSG_1229400,True,True,True,True,True
18761621,PBANKA_1315300,True,True,True,True,True
18761621,PVP01_1255400,True,True,True,True,True
18761621,PGAL8A_00210800,True,True,True,True,True
18761621,PF3D7_0715400,True,True,True,True,True
18761621,PCHAS_1423500,True,True,True,True,True
18761621,PCHAS_1318600,True,True,True,True,True
18761621,PF3D7_1340000,True,True,True,True,True
18761621,PmUG01_12065400,True,True,True,True,True
18761621,PBANKA_1421700,True,True,True,True,True
18761621,PKNH_1230500,True,True,True,True,True
18761621,PVP01_1424500,True,True,True,True,True
18761621,PY17X_1423700,True,True,True,True,True
18854164,CNAG_01173,True,True,True,True,True
18854164,CNAG_01697,True,True,True,True,True
18854164,CNAG_05105,True,True,True,True,True
18854164,CNAG_06591,True,True,True,True,True
18854164,CNAG_02085,True,True,True,True,True
18854164,CNAG_04352,True,True,True,True,True
18854164,CNH02110,True,True,True,True,True
18854164,CNAG_04837,True,True,True,True,True
18854164,CNAG_02115,True,True,True,True,True
18854164,CNH01880,True,True,True,True,True
18854164,CNI02950,True,True,True,True,True
18854164,CNA07360,True,True,True,True,True
18854164,CNAG_03894,True,True,True,True,True
18854164,CNAG_05538,True,True,True,True,True
18854164,CNI01780,True,True,True,True,True
18854164,CNAG_03138,True,True,True,True,True
18854164,CND02990,True,True,True,True,True
18854164,CNAG_06322,True,True,True,True,True
18854164,CNE04500,True,True,True,True,True
18854164,CNAG_06606,True,True,True,True,True
18854164,CNB03820,True,True,True,True,True
18854164,CNC06330,True,True,True,True,True
18854164,CNAG_04158,True,True,True,True,True
18854164,CNN01850,True,True,True,True,True
18854164,CNAG_06464,True,True,True,True,True
18854164,CNI01980,True,True,True,True,True
18854164,CNAG_01551,True,True,True,True,True
18854164,CNAG_04371,True,True,True,True,True
18854164,CNG04260,True,True,True,True,True
18958160,PGAL8A_00055100,True,True,True,True,True
18958160,PRCDC_0402100,True,True,True,True,True
18958160,PVP01_0303800,True,True,True,True,True
18958160,PF3D7_0404500,True,True,True,True,True
18958160,PmUG01_03014500,True,True,True,True,True
18958160,PKNH_0302500,True,True,True,True,True
18958160,PRELSG_0301700,True,True,True,True,True
18958160,PocGH01_03011900,True,True,True,True,True
19068099,PCHAS_1342800,True,True,True,True,True
19068099,PY17X_1342900,True,True,True,True,True
19068099,PBANKA_1338200,True,True,True,True,True
19073187,PY17X_0312200,True,True,True,True,True
19073187,PVP01_0410000,True,True,True,True,True
19073187,PKNH_0405900,True,True,True,True,True
19073187,PCHAS_0313800,True,True,True,True,True
19073187,PocGH01_04015200,True,True,True,True,True
19073187,PRCDC_0213800,True,True,True,True,True
19073187,PRELSG_0405100,True,True,True,True,True
19073187,PmUG01_04017400,True,True,True,True,True
19073187,PGAL8A_00405600,True,True,True,True,True
19073187,PF3D7_0214900,True,True,True,True,True
19073187,PBANKA_0311700,True,True,True,True,True
19148267,PBANKA_0933500,True,True,True,True,True
19148267,PY17X_0935500,True,True,True,True,True
19148267,PCHAS_0910800,True,True,True,True,True
19165333,PF3D7_1246400,True,True,True,True,True
19165333,PocGH01_14028600,True,True,True,True,True
19165333,PRELSG_1418400,True,True,True,True,True
19165333,TGME49_289680,True,True,True,True,True
19165333,PF3D7_1320600,True,True,True,True,True
19165333,PRCDC_1319600,True,True,True,True,True
19165333,PmUG01_14037300,True,True,True,True,True
19165333,PVP01_1421400,True,True,True,True,True
19165333,PKNH_1421200,True,True,True,True,True
19200392,PF3D7_1109400,True,True,True,True,True
19200392,PRCDC_1107900,True,True,True,True,True
19200392,PRELSG_0906500,True,True,True,True,True
19200392,PGAL8A_00336700,True,True,True,True,True
19200392,PKNH_0906900,True,True,True,True,True
19200392,PVP01_0910200,True,True,True,True,True
19200392,PBANKA_0937800,True,True,True,True,True
19200392,PCHAS_0906500,True,True,True,True,True
19200392,PY17X_0939900,True,True,True,True,True
19266084,PGAL8A_00282000,True,True,True,True,True
19266084,PmUG01_13048000,True,True,True,True,True
19266084,PRELSG_1340700,True,True,True,True,True
19266084,PocGH01_13049400,True,True,True,True,True
19270070,PmUG01_14055200,True,True,True,True,True
19270070,PGAL8A_00535000,True,True,True,True,True
19270070,PF3D7_1220900,True,True,True,True,True
19270070,PRCDC_1220200,True,True,True,True,True
19270070,PRELSG_1436500,True,True,True,True,True
19270070,PocGH01_14046600,True,True,True,True,True
19344311,PBANKA_1018400,True,True,True,True,True
19344311,PRELSG_1325000,True,True,True,True,True
19344311,PKNH_1429200,True,True,True,True,True
19344311,PF3D7_0811500,True,True,True,True,True
19344311,PKNH_1332500,True,True,True,True,True
19344311,PY17X_1428100,True,True,True,True,True
19344311,PRCDC_0810800,True,True,True,True,True
19344311,PF3D7_1426200,True,True,True,True,True
19344311,PCHAS_1019200,True,True,True,True,True
19344311,PY17X_1019900,True,True,True,True,True
19344311,PRCDC_1425500,True,True,True,True,True
19344311,PCHAS_1427800,True,True,True,True,True
19344311,PVP01_1428800,True,True,True,True,True
19344311,PGAL8A_00297600,True,True,True,True,True
19344311,PBANKA_1426000,True,True,True,True,True
19438514,PCHAS_1025400,True,True,True,True,True
19438514,PY17X_1027000,True,True,True,True,True
19438514,PKNH_1339900,True,True,True,True,True
19438514,PVP01_1330800,True,True,True,True,True
19438514,PBANKA_1024600,True,True,True,True,True
19438514,PmUG01_13040300,True,True,True,True,True
19438514,PGAL8A_00289700,True,True,True,True,True
19438514,PRELSG_1333000,True,True,True,True,True
19438514,PF3D7_1418100,True,True,True,True,True
19438514,PRCDC_1417400,True,True,True,True,True
19438514,PocGH01_13041700,True,True,True,True,True
19536257,PF3D7_1116800,True,True,True,True,True
19536257,PmUG01_13024000,True,True,True,True,True
19536257,PKNH_0422900,True,True,True,True,True
19536257,PY17X_1010100,True,True,True,True,True
19536257,PF3D7_1436300,True,True,True,True,True
19536257,PocGH01_13024000,True,True,True,True,True
19536257,PBANKA_1008500,True,True,True,True,True
19561073,PGAL8A_00278700,True,True,True,True,True
19561073,PKNH_1351300,True,True,True,True,True
19561073,PVP01_1341900,True,True,True,True,True
19561073,PF3D7_1323700,True,True,True,True,True
19561073,PRCDC_1322700,True,True,True,True,True
19561073,PCHAS_0524100,True,True,True,True,True
19561073,PBANKA_1338900,True,True,True,True,True
19561073,PCHAS_1036200,True,True,True,True,True
19561073,PF3D7_0423500,True,True,True,True,True
19561073,PF3D7_1406800,True,True,True,True,True
19561073,PY17X_1037800,True,True,True,True,True
19561073,PBANKA_0523900,True,True,True,True,True
19561073,PKNH_0515400,True,True,True,True,True
19561073,PRELSG_1344000,True,True,True,True,True
19561073,PBANKA_1035400,True,True,True,True,True
19561073,PRCDC_1406100,True,True,True,True,True
19662167,PKNH_1354300,True,True,True,True,True
19662167,PRELSG_1347200,True,True,True,True,True
19662167,PRCDC_1403100,True,True,True,True,True
19662167,PCHAS_1039000,True,True,True,True,True
19662167,PVP01_1345000,True,True,True,True,True
19662167,PmUG01_13054500,True,True,True,True,True
19662167,PGAL8A_00275600,True,True,True,True,True
19662167,PBANKA_1038200,True,True,True,True,True
19662167,PocGH01_13055800,True,True,True,True,True
19662167,PF3D7_1403800,True,True,True,True,True
19662167,PY17X_1040600,True,True,True,True,True
19682250,PY17X_1235800,True,True,True,True,True
19682250,PBANKA_1232400,True,True,True,True,True
19682250,PF3D7_0517600,True,True,True,True,True
19707292,PCHAS_1110400,True,True,True,True,True
19707292,PocGH01_10030400,True,True,True,True,True
19707292,PKNH_1022400,True,True,True,True,True
19707292,PmUG01_06013700,True,True,True,True,True
19707292,PF3D7_0511200,True,True,True,True,True
19707292,PVP01_1022800,True,True,True,True,True
19707292,PRELSG_1021100,True,True,True,True,True
19707292,PY17X_1111900,True,True,True,True,True
19707292,PGAL8A_00032400,True,True,True,True,True
19707292,PRCDC_0510400,True,True,True,True,True
20007323,PKNH_0905800,True,True,True,True,True
20007323,PVP01_0909000,True,True,True,True,True
20007323,PF3D7_1108200,True,True,True,True,True
20007323,PBANKA_0938700,True,True,True,True,True
20007323,PCHAS_0905600,True,True,True,True,True
20007323,PRCDC_1106700,True,True,True,True,True
20169188,PVP01_0715100,True,True,True,True,True
20169188,PCHAS_1304500,True,True,True,True,True
20169188,PGAL8A_00196400,True,True,True,True,True
20169188,PGAL8A_00429600,True,True,True,True,True
20169188,PCHAS_1218400,True,True,True,True,True
20169188,PBANKA_0408400,True,True,True,True,True
20169188,PF3D7_1474900,True,True,True,True,True
20169188,PocGH01_12077600,True,True,True,True,True
20169188,PY17X_0821000,True,True,True,True,True
20169188,PKNH_1245200,True,True,True,True,True
20169188,PF3D7_0916700,True,True,True,True,True
20169188,PocGH01_07024100,True,True,True,True,True
20169188,PRELSG_0714200,True,True,True,True,True
20169188,PY17X_1304900,True,True,True,True,True
20169188,PmUG01_12079800,True,True,True,True,True
20169188,PCHAS_0818000,True,True,True,True,True
20169188,PmUG01_07028200,True,True,True,True,True
20169188,PRELSG_1243800,True,True,True,True,True
20169188,PBANKA_1301300,True,True,True,True,True
20169188,PY17X_1220900,True,True,True,True,True
20169188,PBANKA_1217700,True,True,True,True,True
20169188,PRCDC_1474000,True,True,True,True,True
20169188,PRCDC_0914700,True,True,True,True,True
20169188,PBANKA_0817700,True,True,True,True,True
20169188,PVP01_1269800,True,True,True,True,True
20174553,CNG00250,True,True,True,True,True
20174553,CNAG_03582,True,True,True,True,True
20174553,CNH00970,True,True,True,True,True
20174553,CNAG_05431,True,True,True,True,True
20195509,PKNH_1146400,True,True,True,True,True
20195509,PVP01_1144800,True,True,True,True,True
20195509,PmUG01_11058700,True,True,True,True,True
20195509,PBANKA_0102900,True,True,True,True,True
20195509,PocGH01_11052500,True,True,True,True,True
20195509,PY17X_0104500,True,True,True,True,True
20195509,PRELSG_1144200,True,True,True,True,True
20195509,PRCDC_0602700,True,True,True,True,True
20195509,PGAL8A_00132600,True,True,True,True,True
20195509,PCHAS_0103600,True,True,True,True,True
20195509,PF3D7_0604100,True,True,True,True,True
20227415,PBANKA_0409400,True,True,True,True,True
20227415,PRELSG_0824300,True,True,True,True,True
20227415,PF3D7_0311400,True,True,True,True,True
20227415,PmUG01_08044800,True,True,True,True,True
20227415,PocGH01_08037000,True,True,True,True,True
20227415,PCHAS_0410300,True,True,True,True,True
20227415,PGAL8A_00010700,True,True,True,True,True
20227415,PY17X_0411900,True,True,True,True,True
20227415,PKNH_0831000,True,True,True,True,True
20227415,PRCDC_0310700,True,True,True,True,True
20227415,PVP01_0828800,True,True,True,True,True
20485569,CNAG_06203,True,True,True,True,True
20485569,CNM02020,True,True,True,True,True
20485569,CNAG_02229,True,True,True,True,True
20571080,PKNH_1024800,True,True,True,True,True
20571080,PRCDC_0508000,True,True,True,True,True
20571080,PBANKA_1108400,True,True,True,True,True
20571080,PGAL8A_00029900,True,True,True,True,True
20571080,PY17X_1109500,True,True,True,True,True
20571080,PVP01_1025200,True,True,True,True,True
20571080,PmUG01_06016100,True,True,True,True,True
20571080,PocGH01_10032700,True,True,True,True,True
20571080,PRELSG_1023700,True,True,True,True,True
20571080,PF3D7_0508800,True,True,True,True,True
20571080,PCHAS_1108100,True,True,True,True,True
20807207,PBANKA_0929500,True,True,True,True,True
20807207,PmUG01_09027900,True,True,True,True,True
20807207,PKNH_0916300,True,True,True,True,True
20807207,PVP01_0919200,True,True,True,True,True
20807207,PRCDC_1117000,True,True,True,True,True
20807207,PF3D7_1118600,True,True,True,True,True
20807207,PRELSG_0915400,True,True,True,True,True
20807207,PY17X_0931500,True,True,True,True,True
20807207,PGAL8A_00345200,True,True,True,True,True
20807207,PocGH01_09024800,True,True,True,True,True
20807207,PCHAS_0914800,True,True,True,True,True
20833209,PBANKA_0931300,True,True,True,True,True
20833209,PF3D7_1116700,True,True,True,True,True
20833209,PY17X_0933300,True,True,True,True,True
20833209,PKNH_0914400,True,True,True,True,True
20833209,PRCDC_1115100,True,True,True,True,True
20833209,PCHAS_0913000,True,True,True,True,True
20886115,PBANKA_0917400,True,True,True,True,True
20886115,PCHAS_0928600,True,True,True,True,True
20886115,PY17X_0919000,True,True,True,True,True
21060817,PF3D7_0420300,True,True,True,True,True
21060817,PF3D7_1222400,True,True,True,True,True
21060817,PF3D7_0604100,True,True,True,True,True
21067947,CNAG_02745,True,True,True,True,True
21067947,CNC03670,True,True,True,True,True
21067947,CNC03680,True,True,True,True,True
21067947,CNAG_02742,True,True,True,True,True
21098480,PY17X_1439000,True,True,True,True,True
21098480,PVP01_1439700,True,True,True,True,True
21098480,PGAL8A_00535500,True,True,True,True,True
21098480,PCHAS_1438600,True,True,True,True,True
21098480,PF3D7_1221400,True,True,True,True,True
21098480,PRCDC_1220700,True,True,True,True,True
21098480,PBANKA_1436600,True,True,True,True,True
21098480,PKNH_1440500,True,True,True,True,True
21098480,PRELSG_1437000,True,True,True,True,True
21124817,CND03600,True,True,True,True,True
21124817,CNE03260,True,True,True,True,True
21124817,CNAG_02215,True,True,True,True,True
21124817,CNAG_06818,True,True,True,True,True
21124817,CNAG_07680,True,True,True,True,True
21124817,CNF00900,True,True,True,True,True
21124817,CNAG_01242,True,True,True,True,True
21129192,PVP01_1250800,True,True,True,True,True
21129192,PBANKA_1319800,True,True,True,True,True
21129192,PGAL8A_00215400,True,True,True,True,True
21129192,PF3D7_1456100,True,True,True,True,True
21129192,PRCDC_1455400,True,True,True,True,True
21129192,PmUG01_12060800,True,True,True,True,True
21129192,PRELSG_1224800,True,True,True,True,True
21129192,PKNH_1225700,True,True,True,True,True
21129192,PocGH01_12058700,True,True,True,True,True
21166904,PY17X_0105600,True,True,True,True,True
21166904,PRCDC_0603900,True,True,True,True,True
21166904,PCHAS_0104700,True,True,True,True,True
21166904,PF3D7_1356800,True,True,True,True,True
21166904,PF3D7_0605300,True,True,True,True,True
21166904,PRELSG_1143000,True,True,True,True,True
21166904,PBANKA_0104100,True,True,True,True,True
21166904,PocGH01_11051300,True,True,True,True,True
21166904,PVP01_1143600,True,True,True,True,True
21166904,PKNH_1145200,True,True,True,True,True
21187892,PocGH01_08027600,True,True,True,True,True
21187892,PF3D7_0320900,True,True,True,True,True
21187892,PBANKA_1217600,True,True,True,True,True
21187892,PY17X_1220800,True,True,True,True,True
21187892,PKNH_0819900,True,True,True,True,True
21187892,PmUG01_08035200,True,True,True,True,True
21187892,PCHAS_1218300,True,True,True,True,True
21187892,PRELSG_0817200,True,True,True,True,True
21187892,PRCDC_0320200,True,True,True,True,True
21187892,PVP01_0819300,True,True,True,True,True
21203490,PF3D7_0304500,True,True,True,True,True
21203490,PRELSG_0713600,True,True,True,True,True
21203490,PocGH01_07023500,True,True,True,True,True
21203490,PVP01_0724000,True,True,True,True,True
21203490,PVP01_0714500,True,True,True,True,True
21203490,PCHAS_0817400,True,True,True,True,True
21203490,PF3D7_0916100,True,True,True,True,True
21203490,PBANKA_0817100,True,True,True,True,True
21203490,PRCDC_0923500,True,True,True,True,True
21203490,PGAL8A_00438300,True,True,True,True,True
21203490,PBANKA_0826300,True,True,True,True,True
21203490,PY17X_0829600,True,True,True,True,True
21203490,PF3D7_0925500,True,True,True,True,True
21203490,PF3D7_1419800,True,True,True,True,True
21203490,PocGH01_07032900,True,True,True,True,True
21203490,PRELSG_0723100,True,True,True,True,True
21203490,PCHAS_0826600,True,True,True,True,True
21203490,PmUG01_07027600,True,True,True,True,True
21203490,PmUG01_07037000,True,True,True,True,True
21203490,PY17X_0820400,True,True,True,True,True
21203490,PKNH_0714100,True,True,True,True,True
21203490,PKNH_0723400,True,True,True,True,True
21203490,PF3D7_0923800,True,True,True,True,True
21203490,PRCDC_0914100,True,True,True,True,True
21245033,PBANKA_1335200,True,True,True,True,True
21245033,PCHAS_1339800,True,True,True,True,True
21245033,PocGH01_08039400,True,True,True,True,True
21245033,PKNH_1239000,True,True,True,True,True
21245033,PCHAS_1344800,True,True,True,True,True
21245033,PBANKA_1450500,True,True,True,True,True
21245033,PRCDC_0519400,True,True,True,True,True
21245033,PRCDC_1124000,True,True,True,True,True
21245033,PKNH_0402400,True,True,True,True,True
21245033,PF3D7_1125500,True,True,True,True,True
21245033,PBANKA_1307200,True,True,True,True,True
21245033,PRCDC_1354700,True,True,True,True,True
21245033,PmUG01_09034800,True,True,True,True,True
21245033,PY17X_0315900,True,True,True,True,True
21245033,PY17X_1305300,True,True,True,True,True
21245033,PRCDC_0308200,True,True,True,True,True
21245033,PCHAS_1215500,True,True,True,True,True
21245033,PKNH_1455600,True,True,True,True,True
21245033,PocGH01_04011500,True,True,True,True,True
21245033,PCHAS_1238000,True,True,True,True,True
21245033,PCHAS_1328600,True,True,True,True,True
21245033,PBANKA_0607600,True,True,True,True,True
21245033,PocGH01_12013000,True,True,True,True,True
21245033,PKNH_1130400,True,True,True,True,True
21245033,PRCDC_1208500,True,True,True,True,True
21245033,PKNH_0618400,True,True,True,True,True
21245033,PF3D7_0308600,True,True,True,True,True
21245033,PBANKA_0712800,True,True,True,True,True
21245033,PGAL8A_00054300,True,True,True,True,True
21245033,PRELSG_0920700,True,True,True,True,True
21245033,PF3D7_0218700,True,True,True,True,True
21245033,PVP01_1269400,True,True,True,True,True
21245033,PBANKA_0939900,True,True,True,True,True
21245033,PKNH_0921700,True,True,True,True,True
21245033,PRELSG_1101600,True,True,True,True,True
21245033,PY17X_1238500,True,True,True,True,True
21245033,PCHAS_0407700,True,True,True,True,True
21245033,PRCDC_0907900,True,True,True,True,True
21245033,PRCDC_1017900,True,True,True,True,True
21245033,PmUG01_14033700,True,True,True,True,True
21245033,PKNH_1257500,True,True,True,True,True
21245033,PCHAS_1235700,True,True,True,True,True
21245033,PF3D7_1002400,True,True,True,True,True
21245033,PocGH01_12034700,True,True,True,True,True
21245033,PRCDC_0406500,True,True,True,True,True
21245033,PKNH_0722700,True,True,True,True,True
21245033,PVP01_0816500,True,True,True,True,True
21245033,PCHAS_1004000,True,True,True,True,True
21245033,PY17X_1030300,True,True,True,True,True
21245033,PocGH01_11023800,True,True,True,True,True
21245033,PCHAS_0717100,True,True,True,True,True
21245033,PGAL8A_00116000,True,True,True,True,True
21245033,PRCDC_1235100,True,True,True,True,True
21245033,PmUG01_05032800,True,True,True,True,True
21245033,PRELSG_0904200,True,True,True,True,True
21245033,PY17X_0518500,True,True,True,True,True
21245033,PmUG01_11019100,True,True,True,True,True
21245033,PY17X_0708600,True,True,True,True,True
21245033,PKNH_1338000,True,True,True,True,True
21245033,PY17X_0503800,True,True,True,True,True
21245033,PmUG01_14069000,True,True,True,True,True
21245033,PGAL8A_00059700,True,True,True,True,True
21245033,PRCDC_1122300,True,True,True,True,True
21245033,PBANKA_0315200,True,True,True,True,True
21245033,PocGH01_04011700,True,True,True,True,True
21245033,PocGH01_09030100,True,True,True,True,True
21245033,PGAL8A_00196800,True,True,True,True,True
21245033,PF3D7_0909800,True,True,True,True,True
21245033,PVP01_0308400,True,True,True,True,True
21245033,PCHAS_1452800,True,True,True,True,True
21245033,PRELSG_0707200,True,True,True,True,True
21245033,PBANKA_0924400,True,True,True,True,True
21245033,PRCDC_1414100,True,True,True,True,True
21245033,PRCDC_1349200,True,True,True,True,True
21245033,PVP01_0512000,True,True,True,True,True
21245033,PY17X_1339900,True,True,True,True,True
21245033,PBANKA_1325300,True,True,True,True,True
21245033,PmUG01_12036800,True,True,True,True,True
21245033,PF3D7_1443300,True,True,True,True,True
21245033,PBANKA_0406800,True,True,True,True,True
21245033,PocGH01_06011600,True,True,True,True,True
21245033,PVP01_1204600,True,True,True,True,True
21245033,PRELSG_0501500,True,True,True,True,True
21245033,PVP01_1226700,True,True,True,True,True
21245033,PCHAS_0609400,True,True,True,True,True
21245033,PCHAS_1202900,True,True,True,True,True
21245033,PF3D7_1327700,True,True,True,True,True
21245033,PKNH_1427900,True,True,True,True,True
21245033,PocGH01_14025100,True,True,True,True,True
21245033,PRELSG_1452000,True,True,True,True,True
21245033,PF3D7_1107000,True,True,True,True,True
21245033,PF3D7_1414800,True,True,True,True,True
21245033,PBANKA_1006700,True,True,True,True,True
21245033,PRCDC_1003200,True,True,True,True,True
21245033,PRCDC_1442600,True,True,True,True,True
21245033,PVP01_1129600,True,True,True,True,True
21245033,PF3D7_1355800,True,True,True,True,True
21245033,PKNH_1203800,True,True,True,True,True
21245033,PKNH_1313700,True,True,True,True,True
21245033,PF3D7_1003800,True,True,True,True,True
21245033,PRELSG_0602000,True,True,True,True,True
21245033,PKNH_0317900,True,True,True,True,True
21245033,PmUG01_05023700,True,True,True,True,True
21245033,PY17X_1329100,True,True,True,True,True
21245033,PRELSG_0200900,True,True,True,True,True
21245033,PCHAS_1024000,True,True,True,True,True
21245033,PKNH_0907900,True,True,True,True,True
21245033,PRCDC_0618300,True,True,True,True,True
21245033,PmUG01_14043500,True,True,True,True,True
21245033,PBANKA_0620000,True,True,True,True,True
21245033,PY17X_0610100,True,True,True,True,True
21245033,PCHAS_0920000,True,True,True,True,True
21245033,PGAL8A_00231500,True,True,True,True,True
21245033,PBANKA_1202200,True,True,True,True,True
21245033,PmUG01_03019100,True,True,True,True,True
21245033,PKNH_0707800,True,True,True,True,True
21245033,PY17X_1203900,True,True,True,True,True
21245033,PVP01_1202100,True,True,True,True,True
21245033,PGAL8A_00008000,True,True,True,True,True
21245033,PF3D7_1309300,True,True,True,True,True
21245033,PCHAS_0825900,True,True,True,True,True
21245033,PCHAS_0904400,True,True,True,True,True
21245033,PCHAS_0502800,True,True,True,True,True
21245033,PF3D7_0819900,True,True,True,True,True
21245033,PCHAS_0109200,True,True,True,True,True
21245033,PocGH01_12042800,True,True,True,True,True
21245033,PRCDC_0819200,True,True,True,True,True
21245033,PVP01_0603700,True,True,True,True,True
21245033,PGAL8A_00422600,True,True,True,True,True
21245033,PGAL8A_00312900,True,True,True,True,True
21245033,PGAL8A_00255000,True,True,True,True,True
21245033,PRELSG_1407100,True,True,True,True,True
21245033,PCHAS_1007600,True,True,True,True,True
21245033,PRCDC_1234000,True,True,True,True,True
21245033,PBANKA_1132100,True,True,True,True,True
21245033,PRELSG_1200300,True,True,True,True,True
21245033,PocGH01_03016500,True,True,True,True,True
21245033,PocGH01_14017400,True,True,True,True,True
21245033,PVP01_1427500,True,True,True,True,True
21245033,PGAL8A_00350500,True,True,True,True,True
21245033,PGAL8A_00457600,True,True,True,True,True
21245033,PBANKA_1415500,True,True,True,True,True
21245033,PCHAS_0408000,True,True,True,True,True
21245033,PVP01_1334100,True,True,True,True,True
21245033,PRELSG_1254000,True,True,True,True,True
21245033,PY17X_0409200,True,True,True,True,True
21245033,PKNH_0802600,True,True,True,True,True
21245033,PY17X_1218000,True,True,True,True,True
21245033,PGAL8A_00236900,True,True,True,True,True
21245033,PVP01_0514400,True,True,True,True,True
21245033,PKNH_0923400,True,True,True,True,True
21245033,PocGH01_14060400,True,True,True,True,True
21245033,PF3D7_1325000,True,True,True,True,True
21245033,PRCDC_0521900,True,True,True,True,True
21245033,PRELSG_1208700,True,True,True,True,True
21245033,PCHAS_1347500,True,True,True,True,True
21245033,PY17X_1362600,True,True,True,True,True
21245033,PRELSG_1114700,True,True,True,True,True
21245033,PVP01_0618700,True,True,True,True,True
21245033,PRCDC_1324000,True,True,True,True,True
21245033,PBANKA_1200800,True,True,True,True,True
21245033,PVP01_1452900,True,True,True,True,True
21245033,PKNH_0402200,True,True,True,True,True
21245033,PCHAS_0317300,True,True,True,True,True
21245033,PBANKA_0407100,True,True,True,True,True
21245033,PCHAS_0721900,True,True,True,True,True
21245033,PY17X_1025100,True,True,True,True,True
21245033,PKNH_1248300,True,True,True,True,True
21245033,PF3D7_1123900,True,True,True,True,True
21245033,PGAL8A_00111000,True,True,True,True,True
21245033,PGAL8A_00380000,True,True,True,True,True
21245033,PVP01_0303000,True,True,True,True,True
21245033,PRELSG_0907200,True,True,True,True,True
21245033,PKNH_1140100,True,True,True,True,True
21245033,PF3D7_0522800,True,True,True,True,True
21245033,PF3D7_1018500,True,True,True,True,True
21245033,PRELSG_1011500,True,True,True,True,True
21245033,PVP01_0511500,True,True,True,True,True
21245033,PBANKA_1356900,True,True,True,True,True
21245033,PF3D7_1461600,True,True,True,True,True
21245033,PCHAS_1361500,True,True,True,True,True
21245033,PF3D7_1367100,True,True,True,True,True
21245033,PocGH01_12010500,True,True,True,True,True
21245033,PKNH_1250700,True,True,True,True,True
21245033,PGAL8A_00263800,True,True,True,True,True
21245033,PF3D7_0818000,True,True,True,True,True
21245033,PY17X_0315700,True,True,True,True,True
21245033,PVP01_0831300,True,True,True,True,True
21245033,PKNH_1409700,True,True,True,True,True
21245033,PY17X_1347600,True,True,True,True,True
21245033,PKNH_0904600,True,True,True,True,True
21245033,PRELSG_0826700,True,True,True,True,True
21245033,PY17X_0814300,True,True,True,True,True
21245033,PRELSG_1336300,True,True,True,True,True
21245033,PVP01_0406300,True,True,True,True,True
21245033,PY17X_1120200,True,True,True,True,True
21245033,PRCDC_0719700,True,True,True,True,True
21245033,PKNH_1104100,True,True,True,True,True
21245033,PF3D7_0218500,True,True,True,True,True
21245033,PRCDC_1473600,True,True,True,True,True
21245033,PGAL8A_00493100,True,True,True,True,True
21245033,PRCDC_1419300,True,True,True,True,True
21245033,PRCDC_1471200,True,True,True,True,True
21245033,PBANKA_1003100,True,True,True,True,True
21245033,PRELSG_1247700,True,True,True,True,True
21245033,PCHAS_0811300,True,True,True,True,True
21245033,PRELSG_0401500,True,True,True,True,True
21245033,PBANKA_1235100,True,True,True,True,True
21245033,PF3D7_1110200,True,True,True,True,True
21245033,PmUG01_00049700,True,True,True,True,True
21245033,PGAL8A_00221000,True,True,True,True,True
21245033,PGAL8A_00334300,True,True,True,True,True
21245033,PRELSG_0827000,True,True,True,True,True
21245033,PVP01_0911000,True,True,True,True,True
21245033,PKNH_0303500,True,True,True,True,True
21245033,PF3D7_0812700,True,True,True,True,True
21245033,PKNH_0834100,True,True,True,True,True
21245033,PCHAS_1304900,True,True,True,True,True
21245033,PKNH_1417700,True,True,True,True,True
21245033,PGAL8A_00261200,True,True,True,True,True
21245033,PBANKA_0707800,True,True,True,True,True
21245033,PCHAS_0717600,True,True,True,True,True
21245033,PCHAS_1417300,True,True,True,True,True
21245033,PmUG01_12073700,True,True,True,True,True
21245033,PKNH_0801200,True,True,True,True,True
21245033,PGAL8A_00115500,True,True,True,True,True
21245033,PRELSG_1237700,True,True,True,True,True
21245033,PRCDC_0401300,True,True,True,True,True
21245033,PF3D7_0822300,True,True,True,True,True
21245033,PVP01_0708300,True,True,True,True,True
21245033,PY17X_1371100,True,True,True,True,True
21245033,PKNH_0602800,True,True,True,True,True
21245033,PRELSG_0617400,True,True,True,True,True
21245033,PVP01_0924500,True,True,True,True,True
21245033,PBANKA_1119100,True,True,True,True,True
21245033,PF3D7_1472000,True,True,True,True,True
21245033,PF3D7_1352700,True,True,True,True,True
21245033,PGAL8A_00112900,True,True,True,True,True
21245033,PGAL8A_00239900,True,True,True,True,True
21245033,PF3D7_1209200,True,True,True,True,True
21245033,PBANKA_1301700,True,True,True,True,True
21245033,PRCDC_1351700,True,True,True,True,True
21245033,PVP01_1116100,True,True,True,True,True
21245033,PY17X_0409500,True,True,True,True,True
21245033,PVP01_1454000,True,True,True,True,True
21245033,PF3D7_1033600,True,True,True,True,True
21245033,PGAL8A_00456500,True,True,True,True,True
21245033,PGAL8A_00070000,True,True,True,True,True
21245033,PocGH01_03011100,True,True,True,True,True
21245033,PGAL8A_00477600,True,True,True,True,True
21245033,PKNH_1316800,True,True,True,True,True
21245033,PRELSG_0401300,True,True,True,True,True
21245033,PCHAS_1409700,True,True,True,True,True
21245033,PY17X_1409600,True,True,True,True,True
21245033,PF3D7_0308900,True,True,True,True,True
21245033,PY17X_1453000,True,True,True,True,True
21245033,PKNH_1244800,True,True,True,True,True
21245033,PCHAS_0317500,True,True,True,True,True
21245033,PRELSG_0501000,True,True,True,True,True
21245033,PRELSG_0801600,True,True,True,True,True
21245033,PmUG01_04013700,True,True,True,True,True
21245033,PKNH_0301700,True,True,True,True,True
21245033,PY17X_0622700,True,True,True,True,True
21245033,PBANKA_0825600,True,True,True,True,True
21245033,PKNH_1343300,True,True,True,True,True
21245033,PBANKA_1027900,True,True,True,True,True
21245033,PocGH01_06026600,True,True,True,True,True
21245033,PBANKA_0502700,True,True,True,True,True
21245033,PY17X_0828900,True,True,True,True,True
21245033,PY17X_0939400,True,True,True,True,True
21245033,PKNH_1454200,True,True,True,True,True
21245033,PF3D7_0822800,True,True,True,True,True
21245033,PRELSG_1219200,True,True,True,True,True
21245033,PocGH01_08011800,True,True,True,True,True
21245033,PRCDC_0217400,True,True,True,True,True
21245033,PVP01_0926200,True,True,True,True,True
21245033,PCHAS_1028700,True,True,True,True,True
21245033,PGAL8A_00523300,True,True,True,True,True
21245033,PCHAS_0621700,True,True,True,True,True
21245033,PVP01_0803600,True,True,True,True,True
21245033,PKNH_1010100,True,True,True,True,True
21245033,PF3D7_0722500,True,True,True,True,True
21245033,PRCDC_0922700,True,True,True,True,True
21245033,PY17X_1311000,True,True,True,True,True
21245033,PBANKA_1143000,True,True,True,True,True
21245033,PRCDC_1105500,True,True,True,True,True
21245033,PocGH01_09031800,True,True,True,True,True
21245033,PRELSG_0722300,True,True,True,True,True
21245033,PVP01_1263700,True,True,True,True,True
21245033,PF3D7_0518500,True,True,True,True,True
21245033,PRCDC_1308300,True,True,True,True,True
21245033,PY17X_0110200,True,True,True,True,True
21245033,PmUG01_10044800,True,True,True,True,True
21245033,PCHAS_1118600,True,True,True,True,True
21245033,PY17X_1144300,True,True,True,True,True
21245033,PY17X_0713000,True,True,True,True,True
21245033,PRELSG_1138100,True,True,True,True,True
21245033,PRCDC_0822100,True,True,True,True,True
21245033,PBANKA_1023200,True,True,True,True,True
21245033,PocGH01_12071500,True,True,True,True,True
21245033,PF3D7_1350200,True,True,True,True,True
21245033,PCHAS_1310400,True,True,True,True,True
21245033,PBANKA_0811000,True,True,True,True,True
21245033,PBANKA_1001400,True,True,True,True,True
21245033,PCHAS_0517500,True,True,True,True,True
21245033,PBANKA_1340200,True,True,True,True,True
21245033,PCHAS_1367600,True,True,True,True,True
21245033,PmUG01_11030200,True,True,True,True,True
21245033,PocGH01_08010400,True,True,True,True,True
21245033,PocGH01_05018000,True,True,True,True,True
21245033,PY17X_0924800,True,True,True,True,True
21245033,PY17X_1008100,True,True,True,True,True
21245033,PRELSG_0800200,True,True,True,True,True
21245033,PRCDC_1108700,True,True,True,True,True
21245033,PRELSG_1203300,True,True,True,True,True
21245033,PRCDC_1460900,True,True,True,True,True
21245033,PRELSG_1009000,True,True,True,True,True
21245033,PKNH_1115700,True,True,True,True,True
21245033,PCHAS_0906900,True,True,True,True,True
21245033,PF3D7_1420000,True,True,True,True,True
21245033,PRELSG_0306300,True,True,True,True,True
21245033,PCHAS_1426600,True,True,True,True,True
21245033,PGAL8A_00008300,True,True,True,True,True
21245033,PVP01_1011100,True,True,True,True,True
21245033,PF3D7_0610100,True,True,True,True,True
21245033,PCHAS_1131600,True,True,True,True,True
21245033,PRELSG_0300900,True,True,True,True,True
21245033,PVP01_1229600,True,True,True,True,True
21245033,PRELSG_1245100,True,True,True,True,True
21245033,PCHAS_0921600,True,True,True,True,True
21245033,PRELSG_1128500,True,True,True,True,True
21245033,PGAL8A_00437600,True,True,True,True,True
21245033,PY17X_0926400,True,True,True,True,True
21245033,PY17X_1002800,True,True,True,True,True
21245033,PKNH_1316300,True,True,True,True,True
21245033,PGAL8A_00286400,True,True,True,True,True
21245033,PRELSG_0922500,True,True,True,True,True
21245033,PBANKA_1237500,True,True,True,True,True
21245033,PKNH_1220100,True,True,True,True,True
21245033,PRCDC_0217600,True,True,True,True,True
21245033,PRELSG_1243400,True,True,True,True,True
21245033,PGAL8A_00409400,True,True,True,True,True
21245033,PBANKA_0710900,True,True,True,True,True
21245033,PocGH01_05018500,True,True,True,True,True
21245033,PY17X_0942400,True,True,True,True,True
21245033,PVP01_1210900,True,True,True,True,True
21245033,PY17X_1240800,True,True,True,True,True
21245033,PBANKA_0315400,True,True,True,True,True
21245033,PVP01_1104900,True,True,True,True,True
21245033,PBANKA_1407800,True,True,True,True,True
21245033,PVP01_1410300,True,True,True,True,True
21245033,PF3D7_0323700,True,True,True,True,True
21245033,PCHAS_1369900,True,True,True,True,True
21245033,PY17X_1205300,True,True,True,True,True
21245033,PRELSG_1450900,True,True,True,True,True
21245033,PBANKA_0922800,True,True,True,True,True
21245033,PRCDC_0307900,True,True,True,True,True
21245033,PKNH_0502000,True,True,True,True,True
21245033,PBANKA_1214800,True,True,True,True,True
21245033,PF3D7_0405400,True,True,True,True,True
21245033,PocGH01_05022900,True,True,True,True,True
21245033,PRCDC_1342900,True,True,True,True,True
21245033,PY17X_1344900,True,True,True,True,True
21245033,PmUG01_08018300,True,True,True,True,True
21245033,PRCDC_0817300,True,True,True,True,True
21245033,PRCDC_1001800,True,True,True,True,True
21245033,PocGH01_12037600,True,True,True,True,True
21245033,PF3D7_0924700,True,True,True,True,True
21245033,PmUG01_12039700,True,True,True,True,True
21245033,PF3D7_0520300,True,True,True,True,True
21245033,PmUG01_12079400,True,True,True,True,True
21245033,PF3D7_1235900,True,True,True,True,True
21245033,PKNH_0816700,True,True,True,True,True
21245033,PocGH01_11013500,True,True,True,True,True
21245033,PVP01_0723200,True,True,True,True,True
21245033,PY17X_1133600,True,True,True,True,True
21245033,PocGH01_14034800,True,True,True,True,True
21245033,PRELSG_1103400,True,True,True,True,True
21245033,PmUG01_09033100,True,True,True,True,True
21245033,PVP01_0831600,True,True,True,True,True
21245033,PRCDC_1032900,True,True,True,True,True
21245033,PBANKA_0517400,True,True,True,True,True
21245033,PF3D7_0403700,True,True,True,True,True
21245033,PGAL8A_00173600,True,True,True,True,True
21245033,PGAL8A_00392600,True,True,True,True,True
21245033,PY17X_1426800,True,True,True,True,True
21245033,PBANKA_1365300,True,True,True,True,True
21245033,PVP01_1138900,True,True,True,True,True
21245033,PBANKA_1424800,True,True,True,True,True
21245033,PRELSG_1331000,True,True,True,True,True
21245033,PRELSG_0506000,True,True,True,True,True
21245033,PCHAS_0720000,True,True,True,True,True
21245033,PKNH_1012800,True,True,True,True,True
21245033,PKNH_1309100,True,True,True,True,True
21245033,PVP01_1234800,True,True,True,True,True
21245033,PY17X_1451900,True,True,True,True,True
21245033,PY17X_0708100,True,True,True,True,True
21245033,PF3D7_1234800,True,True,True,True,True
21245033,PCHAS_1201500,True,True,True,True,True
21245033,PRELSG_0504100,True,True,True,True,True
21245033,PRELSG_0814300,True,True,True,True,True
21245033,PmUG01_08047300,True,True,True,True,True
21245033,PVP01_0802200,True,True,True,True,True
21245033,PF3D7_0619900,True,True,True,True,True
21245033,PCHAS_1451700,True,True,True,True,True
21245033,PF3D7_1317000,True,True,True,True,True
21245033,PKNH_1209000,True,True,True,True,True
21245033,PRCDC_0608800,True,True,True,True,True
21245033,PmUG01_08019700,True,True,True,True,True
21245033,PBANKA_1449400,True,True,True,True,True
21245033,PRCDC_1316000,True,True,True,True,True
21245033,PGAL8A_00202500,True,True,True,True,True
21245033,PF3D7_1474500,True,True,True,True,True
21245033,PBANKA_1363000,True,True,True,True,True
21245033,PBANKA_0108600,True,True,True,True,True
21245033,PRCDC_1366000,True,True,True,True,True
21245033,PmUG01_12044900,True,True,True,True,True
21245033,PGAL8A_00378600,True,True,True,True,True
21245033,PCHAS_1002300,True,True,True,True,True
21245033,PBANKA_0708400,True,True,True,True,True
21245033,PocGH01_12077200,True,True,True,True,True
21245033,PmUG01_12012200,True,True,True,True,True
21245033,PF3D7_0409100,True,True,True,True,True
21245033,PBANKA_1342900,True,True,True,True,True
21245033,PRCDC_0812100,True,True,True,True,True
21245033,PVP01_0406500,True,True,True,True,True
21245033,PRCDC_0821600,True,True,True,True,True
21245033,PVP01_0517300,True,True,True,True,True
21245033,PGAL8A_00184200,True,True,True,True,True
21245033,PCHAS_1142500,True,True,True,True,True
21245033,PKNH_0307100,True,True,True,True,True
21245033,PKNH_0833800,True,True,True,True,True
21245033,PVP01_0318200,True,True,True,True,True
21245033,PY17X_0711100,True,True,True,True,True
21245033,PKNH_1200900,True,True,True,True,True
21245033,PRCDC_0323000,True,True,True,True,True
21245033,PRCDC_1326700,True,True,True,True,True
21245033,PmUG01_05023200,True,True,True,True,True
21245033,PF3D7_1343900,True,True,True,True,True
21245033,PY17X_1368700,True,True,True,True,True
21245033,PRELSG_1424800,True,True,True,True,True
21245033,PBANKA_0937400,True,True,True,True,True
21282103,PKNH_0611700,True,True,True,True,True
21282103,PCHAS_0511500,True,True,True,True,True
21282103,PBANKA_0511400,True,True,True,True,True
21282103,PF3D7_1027300,True,True,True,True,True
21439063,PBANKA_0617900,True,True,True,True,True
21439063,PF3D7_0720400,True,True,True,True,True
21439063,PKNH_0315800,True,True,True,True,True
21439063,PCHAS_0619600,True,True,True,True,True
21439063,PVP01_0316100,True,True,True,True,True
21439063,PRCDC_0717600,True,True,True,True,True
21439063,PmUG01_03026800,True,True,True,True,True
21439063,PY17X_0620600,True,True,True,True,True
21439063,PocGH01_03024200,True,True,True,True,True
21439063,PGAL8A_00083600,True,True,True,True,True
21439063,PRELSG_0203000,True,True,True,True,True
21453511,PRELSG_1257300,True,True,True,True,True
21453511,PF3D7_1315400,True,True,True,True,True
21453511,PVP01_1343300,True,True,True,True,True
21453511,PY17X_0942100,True,True,True,True,True
21453511,PF3D7_1126600,True,True,True,True,True
21453511,PF3D7_0616700,True,True,True,True,True
21453511,PGAL8A_00334600,True,True,True,True,True
21453511,PY17X_1359400,True,True,True,True,True
21453511,PF3D7_0932100,True,True,True,True,True
21453511,PmUG01_12024300,True,True,True,True,True
21453511,PBANKA_0821800,True,True,True,True,True
21453511,PBANKA_0939600,True,True,True,True,True
21453511,PF3D7_0920900,True,True,True,True,True
21453511,PVP01_1214200,True,True,True,True,True
21453511,PF3D7_0804000,True,True,True,True,True
21453511,PocGH01_12022500,True,True,True,True,True
21453511,PF3D7_1220400,True,True,True,True,True
21453511,PBANKA_1435600,True,True,True,True,True
21453511,PCHAS_1037500,True,True,True,True,True
21453511,PVP01_0908100,True,True,True,True,True
21453511,PF3D7_0310200,True,True,True,True,True
21453511,PF3D7_0724000,True,True,True,True,True
21453511,PF3D7_1230200,True,True,True,True,True
21453511,PKNH_0904900,True,True,True,True,True
21453511,PF3D7_1348800,True,True,True,True,True
21453511,PBANKA_1036700,True,True,True,True,True
21453511,PCHAS_1437600,True,True,True,True,True
21453511,PF3D7_1307900,True,True,True,True,True
21453511,PF3D7_1334200,True,True,True,True,True
21453511,PF3D7_1467900,True,True,True,True,True
21453511,PGAL8A_00251600,True,True,True,True,True
21453511,PKNH_1260800,True,True,True,True,True
21453511,PCHAS_0904700,True,True,True,True,True
21453511,PF3D7_1221700,True,True,True,True,True
21453511,PCHAS_0822100,True,True,True,True,True
21453511,PF3D7_0716000,True,True,True,True,True
21453511,PRELSG_0904500,True,True,True,True,True
21453511,PF3D7_1220500,True,True,True,True,True
21453511,PRCDC_1105800,True,True,True,True,True
21453511,PRCDC_1404800,True,True,True,True,True
21453511,PF3D7_1405500,True,True,True,True,True
21453511,PmUG01_13052800,True,True,True,True,True
21453511,PF3D7_1107300,True,True,True,True,True
21453511,PF3D7_0623300,True,True,True,True,True
21453511,PF3D7_0910500,True,True,True,True,True
21453511,PKNH_1439600,True,True,True,True,True
21453511,PY17X_1039100,True,True,True,True,True
21453511,PCHAS_1358600,True,True,True,True,True
21453511,PGAL8A_00277300,True,True,True,True,True
21453511,PF3D7_0418600,True,True,True,True,True
21453511,PocGH01_13054100,True,True,True,True,True
21453511,PF3D7_1326300,True,True,True,True,True
21453511,PKNH_1352600,True,True,True,True,True
21453511,PKNH_0718900,True,True,True,True,True
21453511,PRCDC_1339600,True,True,True,True,True
21453511,PBANKA_1354000,True,True,True,True,True
21453511,PF3D7_1340600,True,True,True,True,True
21483790,PVP01_0929800,True,True,True,True,True
21483790,PKNH_0927100,True,True,True,True,True
21483790,PF3D7_1129100,True,True,True,True,True
21483790,PmUG01_09038300,True,True,True,True,True
21483790,PRCDC_1127500,True,True,True,True,True
21483790,PCHAS_0927000,True,True,True,True,True
21483790,PRELSG_0926200,True,True,True,True,True
21483790,PocGH01_09035400,True,True,True,True,True
21483790,PY17X_0920800,True,True,True,True,True
21625527,PBANKA_1233500,True,True,True,True,True
21625527,PCHAS_0728200,True,True,True,True,True
21625527,PBANKA_0719200,True,True,True,True,True
21625527,PCHAS_1234100,True,True,True,True,True
21625527,PKNH_0509500,True,True,True,True,True
21695207,PKNH_1148300,True,True,True,True,True
21695207,PCHAS_1450000,True,True,True,True,True
21695207,PBANKA_0101200,True,True,True,True,True
21695207,PKNH_1452500,True,True,True,True,True
21695207,PBANKA_1447700,True,True,True,True,True
21695207,PF3D7_0602400,True,True,True,True,True
21695207,PCHAS_0101900,True,True,True,True,True
21695207,PF3D7_1233000,True,True,True,True,True
21700207,PF3D7_1233900,True,True,True,True,True
21700207,PF3D7_0801700,True,True,True,True,True
21700207,PBANKA_1448500,True,True,True,True,True
21700207,PKNH_1453300,True,True,True,True,True
21700207,PCHAS_1450800,True,True,True,True,True
21819456,CNK02120,True,True,True,True,True
21819456,CNAG_01872,True,True,True,True,True
21819456,CNF00210,True,True,True,True,True
21848587,PRCDC_0600900,True,True,True,True,True
21848587,PKNH_1148400,True,True,True,True,True
21848587,PRELSG_1146000,True,True,True,True,True
21848587,PY17X_0102700,True,True,True,True,True
21848587,PF3D7_0602300,True,True,True,True,True
21848587,PCHAS_0101800,True,True,True,True,True
21848587,PGAL8A_00130800,True,True,True,True,True
21848587,PmUG01_11060500,True,True,True,True,True
21848587,PBANKA_0101100,True,True,True,True,True
21848587,PVP01_1146600,True,True,True,True,True
21848587,PocGH01_11054300,True,True,True,True,True
21899698,PF3D7_1441400,True,True,True,True,True
21899698,PocGH01_10024200,True,True,True,True,True
21899698,PVP01_1265600,True,True,True,True,True
21899698,PF3D7_0517400,True,True,True,True,True
21899698,PY17X_1309100,True,True,True,True,True
21899698,PY17X_1235600,True,True,True,True,True
21899698,PRELSG_1014500,True,True,True,True,True
21899698,PVP01_1016600,True,True,True,True,True
21899698,PRCDC_0516500,True,True,True,True,True
21899698,PBANKA_1232200,True,True,True,True,True
21899698,PRELSG_1239600,True,True,True,True,True
21899698,PBANKA_1305300,True,True,True,True,True
21899698,PCHAS_1308500,True,True,True,True,True
21899698,PKNH_1240900,True,True,True,True,True
21899698,PCHAS_1232800,True,True,True,True,True
21899698,PKNH_1015900,True,True,True,True,True
21899698,PRCDC_1440700,True,True,True,True,True
21943402,PRELSG_1433700,True,True,True,True,True
21943402,PocGH01_14043700,True,True,True,True,True
21943402,PKNH_1437200,True,True,True,True,True
21943402,PF3D7_0624500,True,True,True,True,True
21943402,PCHAS_1122900,True,True,True,True,True
21943402,PKNH_1125700,True,True,True,True,True
21943402,PRCDC_0622900,True,True,True,True,True
21943402,PY17X_1435600,True,True,True,True,True
21943402,PGAL8A_00532200,True,True,True,True,True
21943402,PBANKA_1433200,True,True,True,True,True
21943402,PVP01_1125000,True,True,True,True,True
21943402,PmUG01_14052400,True,True,True,True,True
21943402,PRCDC_1216900,True,True,True,True,True
21943402,PVP01_1436400,True,True,True,True,True
21943402,PY17X_1124800,True,True,True,True,True
21943402,PCHAS_1435200,True,True,True,True,True
21943402,PBANKA_1123400,True,True,True,True,True
21943402,PRELSG_1123800,True,True,True,True,True
21943402,PF3D7_1217600,True,True,True,True,True
21943402,PGAL8A_00153000,True,True,True,True,True
21998306,PBANKA_0702100,True,True,True,True,True
21998306,PCHAS_0935900,True,True,True,True,True
21998306,PKNH_1322700,True,True,True,True,True
21998306,PVP01_0505800,True,True,True,True,True
21998306,PY17X_0702400,True,True,True,True,True
21998306,PRCDC_0827900,True,True,True,True,True
21998306,PF3D7_0828600,True,True,True,True,True
21998306,PF3D7_1116500,True,True,True,True,True
22005844,PocGH01_13026000,True,True,True,True,True
22005844,PKNH_0420900,True,True,True,True,True
22005844,PCHAS_1011400,True,True,True,True,True
22005844,PmUG01_13026000,True,True,True,True,True
22005844,PVP01_1315200,True,True,True,True,True
22005844,PRCDC_1433600,True,True,True,True,True
22005844,PY17X_1012100,True,True,True,True,True
22005844,PGAL8A_00305800,True,True,True,True,True
22005844,PRELSG_1316800,True,True,True,True,True
22005844,PBANKA_1010500,True,True,True,True,True
22005844,PF3D7_1434300,True,True,True,True,True
22113196,PGAL8A_00420100,True,True,True,True,True
22113196,PCHAS_0809200,True,True,True,True,True
22113196,PKNH_0705200,True,True,True,True,True
22113196,PVP01_0705900,True,True,True,True,True
22113196,PmUG01_07019000,True,True,True,True,True
22113196,PF3D7_0907400,True,True,True,True,True
22113196,PocGH01_07014900,True,True,True,True,True
22113196,PRELSG_0704800,True,True,True,True,True
22113196,PBANKA_0808900,True,True,True,True,True
22144892,TGME49_287270,True,True,True,True,True
22144892,PRCDC_0528200,True,True,True,True,True
22144892,PCHAS_1244100,True,True,True,True,True
22144892,PF3D7_0529100,True,True,True,True,True
22144892,PKNH_1312200,True,True,True,True,True
22144892,PF3D7_1212100,True,True,True,True,True
22144892,PY17X_0613100,True,True,True,True,True
22144892,PCHAS_0612300,True,True,True,True,True
22144892,PKNH_1003600,True,True,True,True,True
22144892,PGAL8A_00076400,True,True,True,True,True
22144892,PVP01_1004700,True,True,True,True,True
22144892,PBANKA_0610600,True,True,True,True,True
22144892,PRCDC_1211400,True,True,True,True,True
22144892,PmUG01_10015400,True,True,True,True,True
22144892,PocGH01_10012500,True,True,True,True,True
22144892,PVP01_1311300,True,True,True,True,True
22144892,PY17X_1247100,True,True,True,True,True
22144892,PRELSG_1002700,True,True,True,True,True
22144892,PBANKA_1243700,True,True,True,True,True
22167473,PF3D7_1347500,True,True,True,True,True
22167473,PF3D7_0814200,True,True,True,True,True
22167473,PF3D7_1346300,True,True,True,True,True
22184632,PY17X_0102200,True,True,True,True,True
22184632,PCHAS_0101300,True,True,True,True,True
22184632,PBANKA_0100600,True,True,True,True,True
22246776,PBANKA_1457200,True,True,True,True,True
22246776,PF3D7_1243900,True,True,True,True,True
22246776,PCHAS_1459500,True,True,True,True,True
22246776,PKNH_1463200,True,True,True,True,True
22329759,AN11205,True,True,True,True,True
22329759,AN9257,True,True,True,True,True
22329759,AN8381,True,True,True,True,True
22329759,AN8383,True,True,True,True,True
22329759,AN9246,True,True,True,True,True
22329759,AN9259,True,True,True,True,True
22329759,AN8379,True,True,True,True,True
22329759,AN11214,True,True,True,True,True
22329759,AN9249,True,True,True,True,True
22329759,AN9247,True,True,True,True,True
22329759,AN11206,True,True,True,True,True
22329759,AN8384,True,True,True,True,True
22329949,PY17X_1371300,True,True,True,True,True
22329949,PCHAS_1370100,True,True,True,True,True
22329949,PBANKA_1365500,True,True,True,True,True
22383885,PVP01_0611600,True,True,True,True,True
22383885,PGAL8A_00485700,True,True,True,True,True
22383885,PKNH_0610900,True,True,True,True,True
22383885,PF3D7_1026400,True,True,True,True,True
22383885,PCHAS_0510700,True,True,True,True,True
22383885,PRELSG_0610100,True,True,True,True,True
22383885,TGME49_316620,True,True,True,True,True
22383885,PY17X_0511700,True,True,True,True,True
22383885,PRCDC_1025800,True,True,True,True,True
22383885,PBANKA_0510600,True,True,True,True,True
22412978,CNAG_04984,True,True,True,True,True
22412978,CNAG_05247,True,True,True,True,True
22412978,CNAG_05124,True,True,True,True,True
22412978,CNL04960,True,True,True,True,True
22628558,PKNH_1260600,True,True,True,True,True
22628558,PRCDC_1469600,True,True,True,True,True
22628558,PBANKA_1354200,True,True,True,True,True
22628558,PF3D7_1340800,True,True,True,True,True
22628558,PRELSG_1257100,True,True,True,True,True
22628558,PGAL8A_00251800,True,True,True,True,True
22628558,PRCDC_1339800,True,True,True,True,True
22628558,PVP01_1214000,True,True,True,True,True
22628558,PF3D7_1470400,True,True,True,True,True
22628558,PKNH_1210600,True,True,True,True,True
22628558,PmUG01_12024100,True,True,True,True,True
22628558,PCHAS_1358800,True,True,True,True,True
22628558,PBANKA_1333600,True,True,True,True,True
22628558,PCHAS_1338200,True,True,True,True,True
22628558,PocGH01_12022300,True,True,True,True,True
22670848,PBANKA_0209900,True,True,True,True,True
22670848,PF3D7_0103200,True,True,True,True,True
22670848,PKNH_0210300,True,True,True,True,True
22670848,PY17X_0211300,True,True,True,True,True
22670848,PCHAS_0208300,True,True,True,True,True
22670848,PRCDC_0101100,True,True,True,True,True
22761677,PF3D7_MIT00900,True,True,True,True,True
22761677,PF3D7_MIT01000,True,True,True,True,True
22761677,PF3D7_MIT01800,True,True,True,True,True
22761677,PF3D7_MIT03600,True,True,True,True,True
22761677,PBANKA_MIT00900,True,True,True,True,True
22761677,PF3D7_MIT00800,True,True,True,True,True
22761677,PF3D7_MIT00600,True,True,True,True,True
22761677,PF3D7_MIT00500,True,True,True,True,True
22761677,PF3D7_MIT00700,True,True,True,True,True
22761677,PF3D7_MIT04000,True,True,True,True,True
22761677,PF3D7_MIT02400,True,True,True,True,True
22761677,PF3D7_MIT01200,True,True,True,True,True
22761677,PF3D7_MIT01100,True,True,True,True,True
22761677,PF3D7_MIT00200,True,True,True,True,True
22761677,PF3D7_MIT03100,True,True,True,True,True
22761677,PF3D7_MIT02000,True,True,True,True,True
22761677,PF3D7_MIT00300,True,True,True,True,True
22761677,PF3D7_MIT01300,True,True,True,True,True
22848665,PY17X_1004000,True,True,True,True,True
22848665,PGAL8A_00055600,True,True,True,True,True
22848665,PCHAS_1003500,True,True,True,True,True
22848665,PmUG01_03015000,True,True,True,True,True
22848665,PRELSG_0302200,True,True,True,True,True
22848665,PRCDC_0402500,True,True,True,True,True
22848665,PF3D7_0404900,True,True,True,True,True
22848665,PBANKA_1002600,True,True,True,True,True
22848665,PocGH01_03012400,True,True,True,True,True
22879952,NCU06910,True,True,True,True,True
22879952,NCU00881,True,True,True,True,True
22879952,NCU06981,True,True,True,True,True
22900071,PCHAS_1337800,True,True,True,True,True
22900071,PF3D7_0905700,True,True,True,True,True
22900071,PBANKA_0415700,True,True,True,True,True
22900071,PKNH_0703400,True,True,True,True,True
22900071,PBANKA_0922200,True,True,True,True,True
22900071,PCHAS_0922200,True,True,True,True,True
22900071,PCHAS_0416600,True,True,True,True,True
22900071,PKNH_0924000,True,True,True,True,True
22900071,PRCDC_1019300,True,True,True,True,True
22900071,PVP01_0605100,True,True,True,True,True
22900071,PmUG01_06011300,True,True,True,True,True
22900071,PY17X_1027800,True,True,True,True,True
22900071,PGAL8A_00288900,True,True,True,True,True
22900071,PRCDC_1416600,True,True,True,True,True
22900071,PVP01_0926800,True,True,True,True,True
22900071,PRELSG_0603500,True,True,True,True,True
22900071,PmUG01_09035400,True,True,True,True,True
22900071,PBANKA_1333200,True,True,True,True,True
22900071,PGAL8A_00479100,True,True,True,True,True
22900071,PF3D7_1470000,True,True,True,True,True
22900071,PCHAS_1026200,True,True,True,True,True
22900071,PRCDC_0903800,True,True,True,True,True
22900071,PF3D7_1126100,True,True,True,True,True
22900071,PocGH01_09032400,True,True,True,True,True
22900071,PKNH_1340700,True,True,True,True,True
22900071,PKNH_1211000,True,True,True,True,True
22900071,PocGH01_06013000,True,True,True,True,True
22900071,PRCDC_1469200,True,True,True,True,True
22900071,PF3D7_1417300,True,True,True,True,True
22900071,PVP01_1331600,True,True,True,True,True
22900071,PRELSG_1333800,True,True,True,True,True
22900071,PKNH_0604100,True,True,True,True,True
22900071,PBANKA_1025400,True,True,True,True,True
22900071,PF3D7_1019900,True,True,True,True,True
22900071,PRCDC_1124600,True,True,True,True,True
22912882,PF3D7_1225800,True,True,True,True,True
22912882,PRCDC_1421800,True,True,True,True,True
22912882,PBANKA_0602800,True,True,True,True,True
22912882,PKNH_1335500,True,True,True,True,True
22912882,PF3D7_1203900,True,True,True,True,True
22912882,PCHAS_1021700,True,True,True,True,True
22912882,PF3D7_1422500,True,True,True,True,True
22957089,PKNH_1215400,True,True,True,True,True
22957089,PBANKA_1329500,True,True,True,True,True
22957089,PRCDC_1465300,True,True,True,True,True
22957089,PCHAS_1334100,True,True,True,True,True
23027733,TGME49_216650,True,True,True,True,True
23027733,TGME49_310030,True,True,True,True,True
23027733,TGME49_202390,True,True,True,True,True
23027733,TGME49_313380,True,True,True,True,True
23056243,PRCDC_0602000,True,True,True,True,True
23056243,PRELSG_1144900,True,True,True,True,True
23056243,PBANKA_0102200,True,True,True,True,True
23056243,PKNH_1147300,True,True,True,True,True
23056243,PF3D7_0603400,True,True,True,True,True
23056243,PVP01_1145500,True,True,True,True,True
23056243,PmUG01_11059400,True,True,True,True,True
23056243,PY17X_0103800,True,True,True,True,True
23056243,PCHAS_0102900,True,True,True,True,True
23056243,PocGH01_11053200,True,True,True,True,True
23056243,PGAL8A_00131900,True,True,True,True,True
23056326,PGAL8A_00504900,True,True,True,True,True
23056326,PVP01_1409800,True,True,True,True,True
23056326,PCHAS_1409200,True,True,True,True,True
23056326,PY17X_1409000,True,True,True,True,True
23056326,PRCDC_1307800,True,True,True,True,True
23056326,PBANKA_1407300,True,True,True,True,True
23056326,PKNH_1409200,True,True,True,True,True
23056326,PF3D7_1308800,True,True,True,True,True
23056326,PRELSG_1406600,True,True,True,True,True
23093935,PKNH_0734100,True,True,True,True,True
23093935,PmUG01_07047200,True,True,True,True,True
23093935,PRELSG_0733400,True,True,True,True,True
23093935,PocGH01_07043100,True,True,True,True,True
23093935,PRCDC_0933400,True,True,True,True,True
23093935,PVP01_0734100,True,True,True,True,True
23093935,PF3D7_0935400,True,True,True,True,True
23093935,PGAL8A_00448600,True,True,True,True,True
23144823,PBANKA_0214400,True,True,True,True,True
23144823,PY17X_0215800,True,True,True,True,True
23144823,PCHAS_0212800,True,True,True,True,True
23185322,PRCDC_0513200,True,True,True,True,True
23185322,PBANKA_1113800,True,True,True,True,True
23185322,PF3D7_0514100,True,True,True,True,True
23185322,PKNH_1019000,True,True,True,True,True
23185322,PCHAS_1113400,True,True,True,True,True
23190769,PCHAS_1304100,True,True,True,True,True
23190769,PF3D7_0708900,True,True,True,True,True
23190769,PRCDC_1438300,True,True,True,True,True
23190769,PKNH_0610100,True,True,True,True,True
23190769,PRCDC_1474400,True,True,True,True,True
23190769,PRELSG_0609300,True,True,True,True,True
23190769,PGAL8A_00049100,True,True,True,True,True
23190769,PCHAS_0602700,True,True,True,True,True
23190769,PY17X_1222600,True,True,True,True,True
23190769,PCHAS_0509900,True,True,True,True,True
23190769,PmUG01_01020600,True,True,True,True,True
23190769,PF3D7_1439000,True,True,True,True,True
23190769,PF3D7_1475300,True,True,True,True,True
23190769,PBANKA_0509800,True,True,True,True,True
23190769,PRCDC_1201200,True,True,True,True,True
23190769,PF3D7_0927800,True,True,True,True,True
23190769,PCHAS_1220100,True,True,True,True,True
23190769,PY17X_0510900,True,True,True,True,True
23190769,PRCDC_1025000,True,True,True,True,True
23190769,PCHAS_1306100,True,True,True,True,True
23190769,PBANKA_1300900,True,True,True,True,True
23190769,PBANKA_1302900,True,True,True,True,True
23190769,PVP01_0610800,True,True,True,True,True
23190769,PKNH_1245600,True,True,True,True,True
23190769,PRCDC_0707100,True,True,True,True,True
23190769,PBANKA_0600800,True,True,True,True,True
23190769,PGAL8A_00484900,True,True,True,True,True
23190769,PVP01_0109200,True,True,True,True,True
23190769,PBANKA_1219400,True,True,True,True,True
23190769,PRELSG_0107000,True,True,True,True,True
23190769,PKNH_1301700,True,True,True,True,True
23190769,PocGH01_01016800,True,True,True,True,True
23190769,PF3D7_1201800,True,True,True,True,True
23190769,PKNH_1243300,True,True,True,True,True
23190769,PVP01_1268000,True,True,True,True,True
23190769,PF3D7_1025600,True,True,True,True,True
23190769,PF3D7_0928000,True,True,True,True,True
23190769,PKNH_0107500,True,True,True,True,True
23197789,PCHAS_0500900,True,True,True,True,True
23197789,PY17X_0317500,True,True,True,True,True
23197789,PBANKA_1200600,True,True,True,True,True
23197789,PCHAS_1145600,True,True,True,True,True
23197789,PBANKA_0316800,True,True,True,True,True
23197789,PY17X_0840300,True,True,True,True,True
23197789,PBANKA_0836800,True,True,True,True,True
23250440,PF3D7_0708800,True,True,True,True,True
23250440,PRELSG_1253700,True,True,True,True,True
23250440,PVP01_1210600,True,True,True,True,True
23250440,PY17X_1362900,True,True,True,True,True
23250440,PF3D7_1344200,True,True,True,True,True
23250440,PRCDC_1343200,True,True,True,True,True
23250440,PmUG01_12020700,True,True,True,True,True
23250440,PGAL8A_00255300,True,True,True,True,True
23250440,PBANKA_1357200,True,True,True,True,True
23250440,PocGH01_12018900,True,True,True,True,True
23250440,PKNH_1257200,True,True,True,True,True
23250440,PCHAS_1361800,True,True,True,True,True
23251596,PKNH_0912900,True,True,True,True,True
23251596,PKNH_0912800,True,True,True,True,True
23251596,PKNH_0913000,True,True,True,True,True
23251596,PKNH_1223800,True,True,True,True,True
23285059,PCHAS_0723100,True,True,True,True,True
23285059,PRELSG_0507200,True,True,True,True,True
23285059,PVP01_0518500,True,True,True,True,True
23285059,PRCDC_0816100,True,True,True,True,True
23285059,PF3D7_0816800,True,True,True,True,True
23285059,PKNH_0503600,True,True,True,True,True
23285059,PY17X_0714200,True,True,True,True,True
23285059,PBANKA_0714000,True,True,True,True,True
23308157,PF3D7_0818200,True,True,True,True,True
23308157,PY17X_0712800,True,True,True,True,True
23308157,PCHAS_0721700,True,True,True,True,True
23308157,PF3D7_1362100,True,True,True,True,True
23308157,PKNH_0501800,True,True,True,True,True
23308157,PBANKA_1138100,True,True,True,True,True
23308157,PocGH01_05022700,True,True,True,True,True
23308157,PVP01_0517100,True,True,True,True,True
23308157,PKNH_1109200,True,True,True,True,True
23308157,PCHAS_1137600,True,True,True,True,True
23308157,PRCDC_1361000,True,True,True,True,True
23308157,PmUG01_05033000,True,True,True,True,True
23308157,PRCDC_0817500,True,True,True,True,True
23320541,PBANKA_1420600,True,True,True,True,True
23320541,PVP01_1423100,True,True,True,True,True
23320541,PRELSG_1420100,True,True,True,True,True
23320541,PKNH_1422900,True,True,True,True,True
23320541,PF3D7_0714000,True,True,True,True,True
23320541,PY17X_1422300,True,True,True,True,True
23320541,PCHAS_1422400,True,True,True,True,True
23320541,PRCDC_0711300,True,True,True,True,True
23336032,PRELSG_0511600,True,True,True,True,True
23336032,PVP01_1310900,True,True,True,True,True
23336032,PGAL8A_00074300,True,True,True,True,True
23336032,PRCDC_1211000,True,True,True,True,True
23336032,PF3D7_0527000,True,True,True,True,True
23336032,PCHAS_0727400,True,True,True,True,True
23336032,PRCDC_0526100,True,True,True,True,True
23336032,PF3D7_1211700,True,True,True,True,True
23336032,PBANKA_1241800,True,True,True,True,True
23336032,PF3D7_0416300,True,True,True,True,True
23336032,PCHAS_0611900,True,True,True,True,True
23336032,PBANKA_0718300,True,True,True,True,True
23336032,PVP01_1006800,True,True,True,True,True
23336032,PCHAS_1242200,True,True,True,True,True
23336032,PY17X_1245000,True,True,True,True,True
23336032,PmUG01_13021700,True,True,True,True,True
23336032,PRCDC_0413800,True,True,True,True,True
23336032,PCHAS_0611500,True,True,True,True,True
23336032,PY17X_0612300,True,True,True,True,True
23336032,PVP01_0525700,True,True,True,True,True
23336032,PKNH_1311400,True,True,True,True,True
23336032,PBANKA_0610200,True,True,True,True,True
23336032,PY17X_0718500,True,True,True,True,True
23336032,PVP01_1310500,True,True,True,True,True
23336032,PKNH_0508700,True,True,True,True,True
23336032,PKNH_1005700,True,True,True,True,True
23336032,PRCDC_1210600,True,True,True,True,True
23336032,PF3D7_1211300,True,True,True,True,True
23336032,PRELSG_1004800,True,True,True,True,True
23336032,PRELSG_1312400,True,True,True,True,True
23336032,PGAL8A_00089800,True,True,True,True,True
23336032,PocGH01_13021700,True,True,True,True,True
23336032,PY17X_0612700,True,True,True,True,True
23336032,PKNH_1311800,True,True,True,True,True
23336032,PBANKA_0609800,True,True,True,True,True
23339486,AN3418,True,True,True,True,True
23339486,AN2828,True,True,True,True,True
23339486,AN0494,True,True,True,True,True
23339486,AN7230,True,True,True,True,True
23356236,TGME49_200010,True,True,True,True,True
23356236,TGME49_241610,True,True,True,True,True
23356236,TGME49_245432,True,True,True,True,True
23360537,Afu3g12940,True,True,True,True,True
23360537,Afu3g12930,True,True,True,True,True
23360537,Afu3g12890,True,True,True,True,True
23360537,Afu3g12920,True,True,True,True,True
23434509,PF3D7_1469200,True,True,True,True,True
23434509,PKNH_1211800,True,True,True,True,True
23434509,PmUG01_12047700,True,True,True,True,True
23434509,PCHAS_1337000,True,True,True,True,True
23434509,PRCDC_1468400,True,True,True,True,True
23434509,PocGH01_12045600,True,True,True,True,True
23434509,PVP01_1237600,True,True,True,True,True
23434509,PRELSG_1211600,True,True,True,True,True
23434509,PBANKA_1332400,True,True,True,True,True
23434509,PY17X_1337100,True,True,True,True,True
23434509,PGAL8A_00228600,True,True,True,True,True
23468629,PCHAS_0103000,True,True,True,True,True
23468629,PKNH_1147200,True,True,True,True,True
23468629,PBANKA_0102300,True,True,True,True,True
23468629,TGME49_207910,True,True,True,True,True
23488861,Afu8g00520,True,True,True,True,True
23488861,Afu8g00370,True,True,True,True,True
23488861,Afu8g00380,True,True,True,True,True
23505371,TGME49_313190,True,True,True,True,True
23505371,TGME49_207460,True,True,True,True,True
23505371,TGME49_312050,True,True,True,True,True
23505371,TGME49_219720,True,True,True,True,True
23505371,TGME49_257340,True,True,True,True,True
23505371,TGME49_214770,True,True,True,True,True
23505371,TGME49_267810,True,True,True,True,True
23505371,TGME49_248880,True,True,True,True,True
23505371,TGME49_310460,True,True,True,True,True
23505371,TGME49_258130,True,True,True,True,True
23631919,PRCDC_0803000,True,True,True,True,True
23631919,PF3D7_0803400,True,True,True,True,True
23631919,PGAL8A_00079600,True,True,True,True,True
23631919,PBANKA_1226800,True,True,True,True,True
23631919,PY17X_1230300,True,True,True,True,True
23631919,PKNH_0115500,True,True,True,True,True
23631919,PCHAS_1227400,True,True,True,True,True
23631919,PVP01_0116800,True,True,True,True,True
23631919,PRELSG_0114500,True,True,True,True,True
23638681,PBANKA_1419700,True,True,True,True,True
23638681,PBANKA_0927300,True,True,True,True,True
23638681,PBANKA_1243000,True,True,True,True,True
23638681,PBANKA_1420900,True,True,True,True,True
23638681,PBANKA_0833300,True,True,True,True,True
23638681,PF3D7_0714300,True,True,True,True,True
23638681,PF3D7_0528400,True,True,True,True,True
23638681,PBANKA_0312600,True,True,True,True,True
23638681,PBANKA_1337800,True,True,True,True,True
23638681,TGME49_252200,True,True,True,True,True
23638681,PBANKA_0932100,True,True,True,True,True
23734739,PCHAS_0924600,True,True,True,True,True
23734739,PRELSG_0925600,True,True,True,True,True
23734739,PKNH_0926500,True,True,True,True,True
23734739,PocGH01_09034800,True,True,True,True,True
23734739,PBANKA_0919800,True,True,True,True,True
23734739,PmUG01_09037700,True,True,True,True,True
23734739,PRCDC_1126900,True,True,True,True,True
23734739,PY17X_0921900,True,True,True,True,True
23734739,PGAL8A_00355300,True,True,True,True,True
23734739,PF3D7_1128400,True,True,True,True,True
23805304,PY17X_0825600,True,True,True,True,True
23805304,PBANKA_0822300,True,True,True,True,True
23805304,PRCDC_0919400,True,True,True,True,True
23805304,PocGH01_07028800,True,True,True,True,True
23805304,PmUG01_07032900,True,True,True,True,True
23805304,PRELSG_0719000,True,True,True,True,True
23805304,PGAL8A_00434300,True,True,True,True,True
23805304,PKNH_0719400,True,True,True,True,True
23805304,PCHAS_0822600,True,True,True,True,True
23805304,PVP01_0719900,True,True,True,True,True
23937520,PKNH_0601300,True,True,True,True,True
23937520,PF3D7_1017100,True,True,True,True,True
23937520,PCHAS_0501500,True,True,True,True,True
23937520,PVP01_0602300,True,True,True,True,True
23937520,PGAL8A_00476100,True,True,True,True,True
23937520,PocGH01_06010200,True,True,True,True,True
23937520,PmUG01_00051000,True,True,True,True,True
23937520,PRELSG_0600500,True,True,True,True,True
23937520,PRCDC_1016500,True,True,True,True,True
23950716,PF3D7_0702500,True,True,True,True,True
23950716,PRCDC_1333700,True,True,True,True,True
23950716,PRCDC_1333500,True,True,True,True,True
23950716,PF3D7_1148900,True,True,True,True,True
23950716,PF3D7_1334700,True,True,True,True,True
23950716,PF3D7_1334500,True,True,True,True,True
23962112,PCHAS_1319500,True,True,True,True,True
23962112,PGAL8A_00211700,True,True,True,True,True
23962112,PBANKA_1316200,True,True,True,True,True
23962112,PVP01_1254500,True,True,True,True,True
23962112,PF3D7_1452500,True,True,True,True,True
23962112,PRCDC_1451800,True,True,True,True,True
23962112,PKNH_1229600,True,True,True,True,True
23962112,PocGH01_12062400,True,True,True,True,True
23962112,PY17X_1320000,True,True,True,True,True
23962112,PRELSG_1228500,True,True,True,True,True
23962112,TGME49_300240,True,True,True,True,True
23962112,PmUG01_12064500,True,True,True,True,True
23966871,CNH01330,True,True,True,True,True
23966871,CNAG_02700,True,True,True,True,True
23966871,CNAG_05734,True,True,True,True,True
23966871,CND02770,True,True,True,True,True
23966871,CNAG_03366,True,True,True,True,True
23966871,CNG02160,True,True,True,True,True
23966871,CNK01880,True,True,True,True,True
23966871,CNAG_05472,True,True,True,True,True
24015880,PBANKA_0414300,True,True,True,True,True
24015880,PY17X_0417100,True,True,True,True,True
24015880,PVP01_0823600,True,True,True,True,True
24015880,PRCDC_0315800,True,True,True,True,True
24015880,PCHAS_0415200,True,True,True,True,True
24015880,PKNH_0825300,True,True,True,True,True
24015880,PocGH01_08032000,True,True,True,True,True
24015880,PF3D7_0316500,True,True,True,True,True
24015880,PmUG01_08039600,True,True,True,True,True
24015880,PRELSG_0410900,True,True,True,True,True
24015880,TGME49_260420,True,True,True,True,True
24015880,PGAL8A_00399800,True,True,True,True,True
24040327,PKNH_0811600,True,True,True,True,True
24040327,PRCDC_1011200,True,True,True,True,True
24040327,PRELSG_0809700,True,True,True,True,True
24040327,PY17X_1213400,True,True,True,True,True
24040327,PCHAS_1210900,True,True,True,True,True
24040327,PGAL8A_00388000,True,True,True,True,True
24040327,PF3D7_1011800,True,True,True,True,True
24040327,PocGH01_08020200,True,True,True,True,True
24040327,PmUG01_08027800,True,True,True,True,True
24040327,PBANKA_1210200,True,True,True,True,True
24040327,PVP01_0811900,True,True,True,True,True
24043620,PCHAS_0207300,True,True,True,True,True
24043620,PKNH_0209300,True,True,True,True,True
24043620,PF3D7_0104200,True,True,True,True,True
24058559,PmUG01_14073900,True,True,True,True,True
24058559,PVP01_1457800,True,True,True,True,True
24058559,PY17X_1456600,True,True,True,True,True
24058559,PocGH01_14065300,True,True,True,True,True
24058559,PCHAS_1456400,True,True,True,True,True
24058559,PGAL8A_00461400,True,True,True,True,True
24058559,PF3D7_1239700,True,True,True,True,True
24058559,PRELSG_1455800,True,True,True,True,True
24058559,PF3D7_1119600,True,True,True,True,True
24058559,PBANKA_1454100,True,True,True,True,True
24058559,PKNH_1459800,True,True,True,True,True
24058559,PRCDC_1238900,True,True,True,True,True
24058559,PF3D7_1464900,True,True,True,True,True
24058628,PVP01_0824100,True,True,True,True,True
24058628,PocGH01_08032500,True,True,True,True,True
24058628,PmUG01_08040100,True,True,True,True,True
24058628,PY17X_0416600,True,True,True,True,True
24058628,PCHAS_0414700,True,True,True,True,True
24058628,PF3D7_0316000,True,True,True,True,True
24058628,PBANKA_0413800,True,True,True,True,True
24058628,PRCDC_0315300,True,True,True,True,True
24070999,TGME49_232020,True,True,True,True,True
24070999,TGME49_218270,True,True,True,True,True
24070999,TGME49_261740,True,True,True,True,True
24086138,PKNH_0413900,True,True,True,True,True
24086138,PKNH_1411400,True,True,True,True,True
24086138,PVP01_0817700,True,True,True,True,True
24086138,PRELSG_0414800,True,True,True,True,True
24086138,PY17X_0305200,True,True,True,True,True
24086138,PF3D7_0207200,True,True,True,True,True
24086138,PmUG01_08033600,True,True,True,True,True
24086138,PocGH01_04022800,True,True,True,True,True
24086138,PF3D7_0322500,True,True,True,True,True
24086138,PF3D7_0716600,True,True,True,True,True
24086138,PKNH_0311200,True,True,True,True,True
24086138,PRCDC_0206200,True,True,True,True,True
24086138,PocGH01_14019100,True,True,True,True,True
24086138,PCHAS_1411400,True,True,True,True,True
24086138,PocGH01_08026000,True,True,True,True,True
24086138,PRELSG_0815500,True,True,True,True,True
24086138,PBANKA_0304600,True,True,True,True,True
24086138,PRCDC_0713900,True,True,True,True,True
24086138,PmUG01_14027700,True,True,True,True,True
24086138,PY17X_1411300,True,True,True,True,True
24086138,PRELSG_1408900,True,True,True,True,True
24086138,PBANKA_1409500,True,True,True,True,True
24086138,PGAL8A_00393800,True,True,True,True,True
24086138,PVP01_1412000,True,True,True,True,True
24086138,PF3D7_1311000,True,True,True,True,True
24086138,PmUG01_04025400,True,True,True,True,True
24086138,PCHAS_0306800,True,True,True,True,True
24086138,PRCDC_1310000,True,True,True,True,True
24086138,PVP01_0418100,True,True,True,True,True
24086138,PGAL8A_00017200,True,True,True,True,True
24086721,PGAL8A_00144500,True,True,True,True,True
24086721,PF3D7_1437800,True,True,True,True,True
24086721,PF3D7_0502000,True,True,True,True,True
24086721,PocGH01_09036900,True,True,True,True,True
24086721,PY17X_1352100,True,True,True,True,True
24086721,PKNH_0210500,True,True,True,True,True
24086721,PBANKA_0917800,True,True,True,True,True
24086721,PF3D7_0310700,True,True,True,True,True
24086721,PRCDC_1322800,True,True,True,True,True
24086721,PF3D7_1332300,True,True,True,True,True
24086721,PBANKA_1101800,True,True,True,True,True
24086721,PF3D7_0935200,True,True,True,True,True
24086721,PF3D7_1405200,True,True,True,True,True
24086721,PKNH_1460000,True,True,True,True,True
24086721,PmUG01_11047400,True,True,True,True,True
24086721,PKNH_1205000,True,True,True,True,True
24086721,PCHAS_0928300,True,True,True,True,True
24086721,PRCDC_0504300,True,True,True,True,True
24086721,PCHAS_1101500,True,True,True,True,True
24086721,PCHAS_1351700,True,True,True,True,True
24086721,PGAL8A_00099000,True,True,True,True,True
24086721,PY17X_1105800,True,True,True,True,True
24086721,PRELSG_0214200,True,True,True,True,True
24086721,PF3D7_1323800,True,True,True,True,True
24086721,PY17X_0714300,True,True,True,True,True
24086721,PF3D7_0505100,True,True,True,True,True
24086721,PKNH_1334200,True,True,True,True,True
24086721,PF3D7_1423800,True,True,True,True,True
24086721,PF3D7_1130500,True,True,True,True,True
24086721,PVP01_1230800,True,True,True,True,True
24086721,PBANKA_1347100,True,True,True,True,True
24086721,PBANKA_1019600,True,True,True,True,True
24086721,PKNH_1134200,True,True,True,True,True
24086721,PKNH_0733900,True,True,True,True,True
24086721,PRCDC_1239100,True,True,True,True,True
24086721,PF3D7_0103100,True,True,True,True,True
24086721,PGAL8A_00235700,True,True,True,True,True
24086721,PY17X_1021500,True,True,True,True,True
24086721,PBANKA_1454300,True,True,True,True,True
24086721,PF3D7_0816700,True,True,True,True,True
24086721,PVP01_1033000,True,True,True,True,True
24086721,PY17X_1410000,True,True,True,True,True
24086721,PRCDC_0416000,True,True,True,True,True
24086721,PKNH_0510900,True,True,True,True,True
24086721,PBANKA_0714100,True,True,True,True,True
24086721,PKNH_1410100,True,True,True,True,True
24086721,PVP01_1343600,True,True,True,True,True
24086721,PCHAS_1410100,True,True,True,True,True
24086721,PF3D7_1239900,True,True,True,True,True
24086721,PRELSG_1204500,True,True,True,True,True
24086721,PF3D7_1309700,True,True,True,True,True
24086721,PRCDC_0310000,True,True,True,True,True
24086721,PRCDC_0933200,True,True,True,True,True
24086721,PBANKA_1339000,True,True,True,True,True
24086721,PBANKA_1230600,True,True,True,True,True
24086721,PBANKA_0836000,True,True,True,True,True
24086721,PBANKA_0408700,True,True,True,True,True
24086721,PBANKA_0210000,True,True,True,True,True
24086721,PKNH_1352900,True,True,True,True,True
24086721,PRCDC_1423100,True,True,True,True,True
24086721,PY17X_1039400,True,True,True,True,True
24086721,PVP01_0931300,True,True,True,True,True
24086721,PY17X_1343700,True,True,True,True,True
24086721,PY17X_1234000,True,True,True,True,True
24086721,PGAL8A_00092000,True,True,True,True,True
24086721,PCHAS_1231200,True,True,True,True,True
24086721,PBANKA_1104700,True,True,True,True,True
24086721,PCHAS_1037800,True,True,True,True,True
24086721,PRCDC_0614500,True,True,True,True,True
24086721,PVP01_0527900,True,True,True,True,True
24086721,PKNH_1031900,True,True,True,True,True
24086721,PVP01_1133300,True,True,True,True,True
24086721,PCHAS_0208400,True,True,True,True,True
24086721,PY17X_0211400,True,True,True,True,True
24086721,PCHAS_1456600,True,True,True,True,True
24086721,PRCDC_0501300,True,True,True,True,True
24086721,PVP01_0518600,True,True,True,True,True
24086721,PGAL8A_00357900,True,True,True,True,True
24086721,PKNH_0503700,True,True,True,True,True
24086721,PCHAS_0729600,True,True,True,True,True
24086721,PKNH_1028500,True,True,True,True,True
24086721,PKNH_1268300,True,True,True,True,True
24086721,PF3D7_0615800,True,True,True,True,True
24086721,PRCDC_0816000,True,True,True,True,True
24086721,PKNH_0928600,True,True,True,True,True
24086721,PRCDC_1404500,True,True,True,True,True
24086721,PRCDC_0101000,True,True,True,True,True
24086721,PVP01_0211600,True,True,True,True,True
24086721,PBANKA_1037000,True,True,True,True,True
24086721,PY17X_0919300,True,True,True,True,True
24086721,PRCDC_1308700,True,True,True,True,True
24086721,PGAL8A_00085500,True,True,True,True,True
24086721,PCHAS_0409600,True,True,True,True,True
24086721,PF3D7_0418500,True,True,True,True,True
24086721,PRELSG_1345700,True,True,True,True,True
24086721,PY17X_0720600,True,True,True,True,True
24086721,PCHAS_1020400,True,True,True,True,True
24086721,PY17X_1456800,True,True,True,True,True
24086721,PY17X_0411200,True,True,True,True,True
24086721,PKNH_0832000,True,True,True,True,True
24086721,PocGH01_11041100,True,True,True,True,True
24086721,PBANKA_0720600,True,True,True,True,True
24086721,PmUG01_09039700,True,True,True,True,True
24086721,PRELSG_0507300,True,True,True,True,True
24086721,PGAL8A_00277000,True,True,True,True,True
24086721,PBANKA_1408200,True,True,True,True,True
24086721,PRELSG_0927900,True,True,True,True,True
24086721,PCHAS_0723200,True,True,True,True,True
24086721,PY17X_0839400,True,True,True,True,True
24086721,PCHAS_1104400,True,True,True,True,True
24086721,PCHAS_0836300,True,True,True,True,True
24086721,PY17X_1102900,True,True,True,True,True
24086721,PocGH01_12038800,True,True,True,True,True
24086721,PCHAS_1343600,True,True,True,True,True
24086721,PRCDC_1128900,True,True,True,True,True
24086721,PRELSG_1132300,True,True,True,True,True
24086721,PRELSG_0513800,True,True,True,True,True
24086721,PRCDC_1331300,True,True,True,True,True
24086721,PmUG01_12040900,True,True,True,True,True
24244852,PGAL8A_00220000,True,True,True,True,True
24244852,PBANKA_1209400,True,True,True,True,True
24244852,PRCDC_1459900,True,True,True,True,True
24244852,PCHAS_1327600,True,True,True,True,True
24244852,PBANKA_1324300,True,True,True,True,True
24244852,PRELSG_1220200,True,True,True,True,True
24244852,PmUG01_12056300,True,True,True,True,True
24244852,PCHAS_1210100,True,True,True,True,True
24244852,PocGH01_12054200,True,True,True,True,True
24244852,PVP01_1246200,True,True,True,True,True
24244852,PKNH_1221100,True,True,True,True,True
24330260,PF3D7_1444300,True,True,True,True,True
24330260,PCHAS_1311400,True,True,True,True,True
24330260,PBANKA_1308200,True,True,True,True,True
24330260,PF3D7_1114800,True,True,True,True,True
24330260,PKNH_0912300,True,True,True,True,True
24330260,PRCDC_1443600,True,True,True,True,True
24330260,PBANKA_0932900,True,True,True,True,True
24330260,PY17X_0934900,True,True,True,True,True
24330260,PY17X_1312000,True,True,True,True,True
24330260,PY17X_1418400,True,True,True,True,True
24330260,PRCDC_1113300,True,True,True,True,True
24330260,PVP01_1262700,True,True,True,True,True
24330260,PCHAS_0911400,True,True,True,True,True
24330260,PKNH_1238000,True,True,True,True,True
24331467,PRCDC_0724100,True,True,True,True,True
24331467,PY17X_0212800,True,True,True,True,True
24331467,PF3D7_0727300,True,True,True,True,True
24331467,PBANKA_0211400,True,True,True,True,True
24331467,PKNH_0211900,True,True,True,True,True
24331467,PVP01_0213000,True,True,True,True,True
24331467,PCHAS_0209800,True,True,True,True,True
24391497,PRELSG_1344600,True,True,True,True,True
24391497,PCHAS_1036800,True,True,True,True,True
24391497,PVP01_1342500,True,True,True,True,True
24391497,PF3D7_1406200,True,True,True,True,True
24391497,PRCDC_1405500,True,True,True,True,True
24391497,PKNH_1351900,True,True,True,True,True
24391497,PocGH01_13053400,True,True,True,True,True
24391497,PY17X_1038400,True,True,True,True,True
24391497,PGAL8A_00278100,True,True,True,True,True
24391497,PmUG01_13052000,True,True,True,True,True
24391497,PBANKA_1036000,True,True,True,True,True
24391504,PVP01_1232500,True,True,True,True,True
24391504,PF3D7_1322100,True,True,True,True,True
24391504,PRCDC_1321100,True,True,True,True,True
24391504,PKNH_1206700,True,True,True,True,True
24434517,PRCDC_0620300,True,True,True,True,True
24434517,PCHAS_0713500,True,True,True,True,True
24434517,PRELSG_1432400,True,True,True,True,True
24434517,PVP01_0937300,True,True,True,True,True
24434517,PBANKA_1120800,True,True,True,True,True
24434517,PBANKA_1432000,True,True,True,True,True
24434517,PBANKA_0912200,True,True,True,True,True
24434517,PRCDC_1215600,True,True,True,True,True
24434517,PKNH_0934600,True,True,True,True,True
24434517,PocGH01_09042900,True,True,True,True,True
24434517,PY17X_1434300,True,True,True,True,True
24434517,PF3D7_1216300,True,True,True,True,True
24434517,PocGH01_14042400,True,True,True,True,True
24434517,PF3D7_0621900,True,True,True,True,True
24434517,PRELSG_1126400,True,True,True,True,True
24434517,PVP01_1127600,True,True,True,True,True
24434517,PCHAS_1317100,True,True,True,True,True
24434517,PF3D7_0729000,True,True,True,True,True
24434517,PCHAS_0211500,True,True,True,True,True
24434517,PKNH_1232000,True,True,True,True,True
24434517,PRCDC_1449400,True,True,True,True,True
24434517,PKNH_1128300,True,True,True,True,True
24434517,PKNH_1435900,True,True,True,True,True
24434517,PmUG01_09045700,True,True,True,True,True
24434517,PVP01_0214700,True,True,True,True,True
24434517,PF3D7_1450100,True,True,True,True,True
24434517,PBANKA_0213100,True,True,True,True,True
24434517,PVP01_1435100,True,True,True,True,True
24434517,PRCDC_1134800,True,True,True,True,True
24434517,PmUG01_14051100,True,True,True,True,True
24434517,PY17X_1317600,True,True,True,True,True
24434517,PmUG01_11041700,True,True,True,True,True
24434517,PY17X_1122200,True,True,True,True,True
24434517,PRCDC_0725800,True,True,True,True,True
24434517,PCHAS_1120300,True,True,True,True,True
24434517,PF3D7_1136400,True,True,True,True,True
24434517,PCHAS_1434000,True,True,True,True,True
24434517,PBANKA_1313800,True,True,True,True,True
24434517,PocGH01_11035400,True,True,True,True,True
24434517,PKNH_0213600,True,True,True,True,True
24434517,PY17X_0913700,True,True,True,True,True
24434517,PY17X_0214500,True,True,True,True,True
24489949,PCHAS_1359300,True,True,True,True,True
24489949,PF3D7_1341600,True,True,True,True,True
24489949,PY17X_1360400,True,True,True,True,True
24489949,PRCDC_1340600,True,True,True,True,True
24489949,PKNH_1259800,True,True,True,True,True
24489949,PBANKA_1354700,True,True,True,True,True
24498355,PocGH01_14018700,True,True,True,True,True
24498355,PKNH_1411000,True,True,True,True,True
24498355,PBANKA_1409100,True,True,True,True,True
24498355,PGAL8A_00506800,True,True,True,True,True
24498355,PRELSG_1408500,True,True,True,True,True
24498355,PCHAS_1411000,True,True,True,True,True
24498355,PY17X_1410900,True,True,True,True,True
24498355,PVP01_1411600,True,True,True,True,True
24498355,PmUG01_14027300,True,True,True,True,True
24498355,PRCDC_1309600,True,True,True,True,True
24498355,PF3D7_1310600,True,True,True,True,True
24521882,PCHAS_1015400,True,True,True,True,True
24521882,PRCDC_1429400,True,True,True,True,True
24521882,PY17X_1016100,True,True,True,True,True
24521882,PKNH_1328600,True,True,True,True,True
24521882,PBANKA_1014600,True,True,True,True,True
24521882,PF3D7_1430100,True,True,True,True,True
24568283,Afu8g00480,True,True,True,True,True
24568283,Afu8g00470,True,True,True,True,True
24568283,Afu8g00390,True,True,True,True,True
24568283,Afu8g00510,True,True,True,True,True
24568283,Afu8g00490,True,True,True,True,True
24586983,PmUG01_10021900,True,True,True,True,True
24586983,PCHAS_0900800,True,True,True,True,True
24586983,PocGH01_09010200,True,True,True,True,True
24586983,PBANKA_0303800,True,True,True,True,True
24586983,PBANKA_1237400,True,True,True,True,True
24586983,PY17X_0617000,True,True,True,True,True
24586983,PBANKA_0614300,True,True,True,True,True
24586983,PVP01_0904200,True,True,True,True,True
24586983,PBANKA_0943500,True,True,True,True,True
24586983,PCHAS_1237900,True,True,True,True,True
24586983,PBANKA_1029200,True,True,True,True,True
24586983,PY17X_1031600,True,True,True,True,True
24586983,PCHAS_0616000,True,True,True,True,True
24586983,PRCDC_0521800,True,True,True,True,True
24586983,PRELSG_0900500,True,True,True,True,True
24586983,PRCDC_1412800,True,True,True,True,True
24586983,PRELSG_1009100,True,True,True,True,True
24586983,PKNH_0901000,True,True,True,True,True
24586983,PY17X_0304400,True,True,True,True,True
24586983,PRCDC_1101900,True,True,True,True,True
24586983,PCHAS_0306000,True,True,True,True,True
24586983,PocGH01_10019000,True,True,True,True,True
24586983,PY17X_1240700,True,True,True,True,True
24586983,PGAL8A_00069900,True,True,True,True,True
24586983,PmUG01_09013100,True,True,True,True,True
24586983,PGAL8A_00330700,True,True,True,True,True
24586983,PCHAS_1030000,True,True,True,True,True
24587025,PCHAS_0419100,True,True,True,True,True
24587025,PmUG01_07014700,True,True,True,True,True
24587025,PRELSG_0907500,True,True,True,True,True
24587025,PKNH_1230300,True,True,True,True,True
24587025,PBANKA_0418200,True,True,True,True,True
24587025,PKNH_1470300,True,True,True,True,True
24587025,PRCDC_0901300,True,True,True,True,True
24587025,PocGH01_09016800,True,True,True,True,True
24587025,PCHAS_1318800,True,True,True,True,True
24587025,PocGH01_14074800,True,True,True,True,True
24587025,PF3D7_0903200,True,True,True,True,True
24587025,PGAL8A_00471200,True,True,True,True,True
24587025,PRELSG_1465600,True,True,True,True,True
24587025,PmUG01_14083500,True,True,True,True,True
24587025,PRELSG_0700300,True,True,True,True,True
24587025,PY17X_0421000,True,True,True,True,True
24587025,PRCDC_1451100,True,True,True,True,True
24587025,PY17X_1465800,True,True,True,True,True
24587025,PF3D7_1250300,True,True,True,True,True
24587025,PBANKA_0937100,True,True,True,True,True
24587025,PocGH01_12063100,True,True,True,True,True
24587025,PRCDC_1249700,True,True,True,True,True
24587025,PmUG01_09020000,True,True,True,True,True
24587025,PVP01_1467400,True,True,True,True,True
24587025,PVP01_1255200,True,True,True,True,True
24587025,PCHAS_1465500,True,True,True,True,True
24587025,PmUG01_12065200,True,True,True,True,True
24587025,PRCDC_1109000,True,True,True,True,True
24587025,PRELSG_1229200,True,True,True,True,True
24587025,PCHAS_0907200,True,True,True,True,True
24587025,PocGH01_07010600,True,True,True,True,True
24587025,PKNH_0700900,True,True,True,True,True
24587025,PVP01_0911300,True,True,True,True,True
24587025,PBANKA_1463200,True,True,True,True,True
24587025,PKNH_0908200,True,True,True,True,True
24587025,PBANKA_1315500,True,True,True,True,True
24587025,PGAL8A_00337500,True,True,True,True,True
24587025,PGAL8A_00211000,True,True,True,True,True
24587025,PVP01_0701600,True,True,True,True,True
24587025,PF3D7_1110500,True,True,True,True,True
24587025,PF3D7_1451800,True,True,True,True,True
24587025,PY17X_1319300,True,True,True,True,True
24587025,PY17X_0939100,True,True,True,True,True
24674379,PF3D7_1120900,True,True,True,True,True
24674379,PKNH_0918600,True,True,True,True,True
24674379,PCHAS_0916900,True,True,True,True,True
24674379,PBANKA_0927400,True,True,True,True,True
24674379,PRCDC_1119300,True,True,True,True,True
24674379,PY17X_0929400,True,True,True,True,True
24705170,PGAL8A_API03800,True,True,True,True,True
24705170,PRELSG_API04800,True,True,True,True,True
24705170,PocGH01_API003900,True,True,True,True,True
24705170,PCHAS_API00800,True,True,True,True,True
24705170,PKNH_API04900,True,True,True,True,True
24705170,PF3D7_API04000,True,True,True,True,True
24705170,PmUG01_API003900,True,True,True,True,True
24705170,PRCDC_API04100,True,True,True,True,True
24705170,PVP01_API03900,True,True,True,True,True
24705170,PBANKA_API00190,True,True,True,True,True
24705170,PY17X_API00800,True,True,True,True,True
24742318,PKNH_1343100,True,True,True,True,True
24742318,PRCDC_1414300,True,True,True,True,True
24742318,PF3D7_1415000,True,True,True,True,True
24742318,PBANKA_1027700,True,True,True,True,True
24742318,PCHAS_1028500,True,True,True,True,True
24742318,PY17X_1030100,True,True,True,True,True
24743167,PGAL8A_00175500,True,True,True,True,True
24743167,PF3D7_1369000,True,True,True,True,True
24743167,PBANKA_1144900,True,True,True,True,True
24743167,PKNH_1102200,True,True,True,True,True
24743167,PRELSG_0009300,True,True,True,True,True
24743167,PCHAS_1144400,True,True,True,True,True
24743167,PRCDC_1367900,True,True,True,True,True
24743167,PY17X_1146200,True,True,True,True,True
24745605,PBANKA_1438900,True,True,True,True,True
24745605,PY17X_1441400,True,True,True,True,True
24745605,PocGH01_14049700,True,True,True,True,True
24745605,PGAL8A_00125100,True,True,True,True,True
24745605,PKNH_1443200,True,True,True,True,True
24745605,PF3D7_1224000,True,True,True,True,True
24745605,PRELSG_1439600,True,True,True,True,True
24745605,PmUG01_14058300,True,True,True,True,True
24745605,PRCDC_1223300,True,True,True,True,True
24745605,PVP01_1442200,True,True,True,True,True
24745605,PCHAS_1440900,True,True,True,True,True
24841368,TGME49_289100,True,True,True,True,True
24841368,TGME49_264990,True,True,True,True,True
24841368,TGME49_294790,True,True,True,True,True
24841368,PF3D7_1459900,True,True,True,True,True
24841368,TGME49_241000,True,True,True,True,True
24850912,PBANKA_API00220,True,True,True,True,True
24850912,PGAL8A_API03400,True,True,True,True,True
24850912,PGAL8A_00061300,True,True,True,True,True
24850912,PmUG01_API003400,True,True,True,True,True
24850912,PF3D7_1435800,True,True,True,True,True
24850912,PRCDC_API03600,True,True,True,True,True
24850912,PVP01_API03400,True,True,True,True,True
24850912,PY17X_API01100,True,True,True,True,True
24850912,PF3D7_0410700,True,True,True,True,True
24850912,PocGH01_03018100,True,True,True,True,True
24850912,PF3D7_API03500,True,True,True,True,True
24850912,PmUG01_03020700,True,True,True,True,True
24850912,PBANKA_1008100,True,True,True,True,True
24850912,PY17X_1010600,True,True,True,True,True
24850912,PKNH_0308800,True,True,True,True,True
24850912,PCHAS_1009900,True,True,True,True,True
24850912,PocGH01_API003700,True,True,True,True,True
24850912,PRCDC_0408100,True,True,True,True,True
24850912,PCHAS_1009000,True,True,True,True,True
24850912,PKNH_0422400,True,True,True,True,True
24850912,PRCDC_1435100,True,True,True,True,True
24850912,PRELSG_API04500,True,True,True,True,True
24850912,PRELSG_0307900,True,True,True,True,True
24850912,PKNH_API04400,True,True,True,True,True
24850912,PY17X_1009700,True,True,True,True,True
24850912,PCHAS_API01200,True,True,True,True,True
24850912,PVP01_0310000,True,True,True,True,True
24850912,PBANKA_1009000,True,True,True,True,True
24913268,PF3D7_0611700,True,True,True,True,True
24913268,PF3D7_1465900,True,True,True,True,True
24913268,PF3D7_1142500,True,True,True,True,True
24913268,PF3D7_0507100,True,True,True,True,True
24913268,PF3D7_1460300,True,True,True,True,True
24913268,PF3D7_1130100,True,True,True,True,True
24913268,PF3D7_0422400,True,True,True,True,True
24913268,PF3D7_1365900,True,True,True,True,True
24913268,PF3D7_1323400,True,True,True,True,True
24913268,PF3D7_0614500,True,True,True,True,True
24913268,PF3D7_1144300,True,True,True,True,True
24913268,PF3D7_0706400,True,True,True,True,True
24913268,PF3D7_1109900,True,True,True,True,True
24913268,PF3D7_1426000,True,True,True,True,True
24913268,PF3D7_1447000,True,True,True,True,True
24913268,PF3D7_1027800,True,True,True,True,True
24913268,PF3D7_0903900,True,True,True,True,True
24913268,PF3D7_1317800,True,True,True,True,True
24913268,PF3D7_1358800,True,True,True,True,True
24913268,PF3D7_1421200,True,True,True,True,True
24913268,PF3D7_1308300,True,True,True,True,True
24913268,PF3D7_0519400,True,True,True,True,True
24913268,PF3D7_1460700,True,True,True,True,True
24913268,PF3D7_1144000,True,True,True,True,True
24913268,PF3D7_0710600,True,True,True,True,True
24913268,PF3D7_0516900,True,True,True,True,True
24913268,PF3D7_0503800,True,True,True,True,True
24913268,PF3D7_1342000,True,True,True,True,True
24913268,PF3D7_0217800,True,True,True,True,True
25011111,PVP01_1251800,True,True,True,True,True
25011111,PBANKA_1007700,True,True,True,True,True
25011111,PF3D7_0520100,True,True,True,True,True
25011111,PRCDC_1454400,True,True,True,True,True
25011111,PRCDC_0407700,True,True,True,True,True
25011111,PVP01_1018000,True,True,True,True,True
25011111,PY17X_1322600,True,True,True,True,True
25011111,PF3D7_0810300,True,True,True,True,True
25011111,PGAL8A_00362700,True,True,True,True,True
25011111,PGAL8A_00470200,True,True,True,True,True
25011111,PY17X_1214300,True,True,True,True,True
25011111,PGAL8A_00037400,True,True,True,True,True
25011111,PKNH_0936700,True,True,True,True,True
25011111,PGAL8A_00060900,True,True,True,True,True
25011111,PGAL8A_00162100,True,True,True,True,True
25011111,PRELSG_1016000,True,True,True,True,True
25011111,PF3D7_1012700,True,True,True,True,True
25011111,PVP01_0935900,True,True,True,True,True
25011111,PCHAS_1115100,True,True,True,True,True
25011111,PF3D7_1355700,True,True,True,True,True
25011111,PBANKA_0913400,True,True,True,True,True
25011111,PRELSG_1407000,True,True,True,True,True
25011111,PBANKA_1115500,True,True,True,True,True
25011111,PCHAS_1008600,True,True,True,True,True
25011111,PBANKA_1403300,True,True,True,True,True
25011111,PCHAS_1211800,True,True,True,True,True
25011111,PRELSG_1011700,True,True,True,True,True
25011111,PBANKA_1020100,True,True,True,True,True
25011111,PBANKA_1427200,True,True,True,True,True
25011111,PRELSG_1464600,True,True,True,True,True
25011111,PGAL8A_00525800,True,True,True,True,True
25011111,PBANKA_1318800,True,True,True,True,True
25011111,PGAL8A_00500900,True,True,True,True,True
25011111,PBANKA_1234900,True,True,True,True,True
25011111,PKNH_0308400,True,True,True,True,True
25011111,PY17X_1405000,True,True,True,True,True
25011111,PKNH_1017300,True,True,True,True,True
25011111,PocGH01_09041500,True,True,True,True,True
25011111,PRCDC_0809600,True,True,True,True,True
25011111,PKNH_0112100,True,True,True,True,True
25011111,PGAL8A_00388900,True,True,True,True,True
25011111,PVP01_0309600,True,True,True,True,True
25011111,PF3D7_1135100,True,True,True,True,True
25011111,PocGH01_10025600,True,True,True,True,True
25011111,PRCDC_1136900,True,True,True,True,True
25011111,PCHAS_1429000,True,True,True,True,True
25011111,PBANKA_0407200,True,True,True,True,True
25011111,PCHAS_1235500,True,True,True,True,True
25011111,PBANKA_1223900,True,True,True,True,True
25011111,PRELSG_0936200,True,True,True,True,True
25011111,PCHAS_1409600,True,True,True,True,True
25011111,PBANKA_1211100,True,True,True,True,True
25011111,PCHAS_1224500,True,True,True,True,True
25011111,PRELSG_0111300,True,True,True,True,True
25011111,PRCDC_1248700,True,True,True,True,True
25011111,PY17X_1429300,True,True,True,True,True
25011111,PF3D7_1309200,True,True,True,True,True
25011111,PKNH_0812500,True,True,True,True,True
25011111,PRELSG_1427300,True,True,True,True,True
25011111,PVP01_1405700,True,True,True,True,True
25011111,PVP01_1430000,True,True,True,True,True
25011111,PRELSG_1225800,True,True,True,True,True
25011111,PKNH_1013000,True,True,True,True,True
25011111,PCHAS_1131500,True,True,True,True,True
25011111,PBANKA_1132000,True,True,True,True,True
25011111,PocGH01_03017700,True,True,True,True,True
25011111,PF3D7_0410300,True,True,True,True,True
25011111,PY17X_1238300,True,True,True,True,True
25011111,PGAL8A_00366200,True,True,True,True,True
25011111,PKNH_1226900,True,True,True,True,True
25011111,PRCDC_1354600,True,True,True,True,True
25011111,PY17X_0914900,True,True,True,True,True
25011111,PKNH_0933200,True,True,True,True,True
25011111,PRELSG_1114800,True,True,True,True,True
25011111,PmUG01_09044300,True,True,True,True,True
25011111,PY17X_1116700,True,True,True,True,True
25011111,PRCDC_1012100,True,True,True,True,True
25011111,PGAL8A_00214400,True,True,True,True,True
25011111,PF3D7_1138500,True,True,True,True,True
25011111,PF3D7_0515900,True,True,True,True,True
25011111,PKNH_1409600,True,True,True,True,True
25011111,PF3D7_1249300,True,True,True,True,True
25011111,PY17X_0911600,True,True,True,True,True
25011111,PKNH_1405000,True,True,True,True,True
25011111,PKNH_1115800,True,True,True,True,True
25011111,PCHAS_1405200,True,True,True,True,True
25011111,PKNH_1430400,True,True,True,True,True
25011111,PRCDC_0519200,True,True,True,True,True
25011111,PGAL8A_00067500,True,True,True,True,True
25011111,PY17X_1009300,True,True,True,True,True
25011111,PCHAS_1464500,True,True,True,True,True
25011111,PY17X_1227100,True,True,True,True,True
25011111,PCHAS_0711500,True,True,True,True,True
25011111,PKNH_1469000,True,True,True,True,True
25011111,PY17X_1133500,True,True,True,True,True
25011111,PY17X_1464800,True,True,True,True,True
25011111,PRELSG_0932700,True,True,True,True,True
25011111,PRCDC_1308200,True,True,True,True,True
25011111,PRCDC_0515000,True,True,True,True,True
25011111,PRELSG_0307500,True,True,True,True,True
25011111,PRELSG_0810600,True,True,True,True,True
25011111,PRCDC_1133500,True,True,True,True,True
25011111,PCHAS_0932600,True,True,True,True,True
25011111,PBANKA_1462200,True,True,True,True,True
25011111,PGAL8A_00505300,True,True,True,True,True
25011111,PY17X_1409500,True,True,True,True,True
25011111,PF3D7_1455100,True,True,True,True,True
25011111,PBANKA_0910200,True,True,True,True,True
25011111,PBANKA_1407700,True,True,True,True,True
25011111,PGAL8A_00109300,True,True,True,True,True
25011111,PRELSG_1402600,True,True,True,True,True
25032958,TGME49_239490,True,True,True,True,True
25032958,PF3D7_1312600,True,True,True,True,True
25032958,PBANKA_1411100,True,True,True,True,True
25062022,PKNH_0100600,True,True,True,True,True
25062022,PocGH01_01010100,True,True,True,True,True
25062022,PVP01_0102600,True,True,True,True,True
25062022,PF3D7_0702400,True,True,True,True,True
25062022,PmUG01_01013900,True,True,True,True,True
25062022,PRCDC_0700600,True,True,True,True,True
25088010,PKNH_1023300,True,True,True,True,True
25088010,PocGH01_10031200,True,True,True,True,True
25088010,PmUG01_06014600,True,True,True,True,True
25088010,PRCDC_0509500,True,True,True,True,True
25088010,TGME49_267500,True,True,True,True,True
25088010,PRELSG_1022100,True,True,True,True,True
25088010,PCHAS_1109600,True,True,True,True,True
25088010,PY17X_1111000,True,True,True,True,True
25088010,PF3D7_0510300,True,True,True,True,True
25088010,PGAL8A_00031400,True,True,True,True,True
25088010,PBANKA_1109900,True,True,True,True,True
25088010,PVP01_1023700,True,True,True,True,True
25106850,PF3D7_1016600,True,True,True,True,True
25106850,PF3D7_1476200,True,True,True,True,True
25106850,PF3D7_1102500,True,True,True,True,True
25106850,PF3D7_0401800,True,True,True,True,True
25106850,PRCDC_1101000,True,True,True,True,True
25106850,PF3D7_1252700,True,True,True,True,True
25106850,PF3D7_0832200,True,True,True,True,True
25106850,PF3D7_1001300,True,True,True,True,True
25121747,PBANKA_1206200,True,True,True,True,True
25121747,PGAL8A_00384100,True,True,True,True,True
25121747,PF3D7_1008000,True,True,True,True,True
25121747,PCHAS_1206900,True,True,True,True,True
25121747,PRELSG_0805700,True,True,True,True,True
25121747,PRCDC_1007400,True,True,True,True,True
25121747,PY17X_1209400,True,True,True,True,True
25121747,PKNH_0807000,True,True,True,True,True
25154861,PRELSG_1140700,True,True,True,True,True
25154861,PBANKA_0106200,True,True,True,True,True
25154861,PF3D7_0607600,True,True,True,True,True
25154861,PKNH_1142700,True,True,True,True,True
25154861,PVP01_1141400,True,True,True,True,True
25154861,PGAL8A_00136100,True,True,True,True,True
25154861,PRCDC_0606200,True,True,True,True,True
25154861,PCHAS_0106800,True,True,True,True,True
25154861,PY17X_0107700,True,True,True,True,True
25185663,PCHAS_1202700,True,True,True,True,True
25185663,PRCDC_1003000,True,True,True,True,True
25185663,PmUG01_08052100,True,True,True,True,True
25185663,PRELSG_0831600,True,True,True,True,True
25185663,PKNH_0802400,True,True,True,True,True
25185663,PY17X_0404900,True,True,True,True,True
25185663,PVP01_0836100,True,True,True,True,True
25185663,PY17X_1205100,True,True,True,True,True
25185663,PBANKA_1202000,True,True,True,True,True
25185663,PRELSG_0801400,True,True,True,True,True
25185663,PBANKA_0402700,True,True,True,True,True
25185663,PKNH_0839000,True,True,True,True,True
25185663,PocGH01_08043800,True,True,True,True,True
25185663,PmUG01_08019500,True,True,True,True,True
25185663,PVP01_0803400,True,True,True,True,True
25185663,PCHAS_0403600,True,True,True,True,True
25185663,PocGH01_08011600,True,True,True,True,True
25185663,PRCDC_0303400,True,True,True,True,True
25185663,PGAL8A_00379800,True,True,True,True,True
25225164,PRCDC_0804800,True,True,True,True,True
25225164,PCHAS_0605700,True,True,True,True,True
25225164,PF3D7_1205200,True,True,True,True,True
25225164,PKNH_1304900,True,True,True,True,True
25225164,PGAL8A_00316800,True,True,True,True,True
25225164,PY17X_0606500,True,True,True,True,True
25225164,PVP01_1304300,True,True,True,True,True
25225164,PVP01_0115300,True,True,True,True,True
25225164,PKNH_0114000,True,True,True,True,True
25225164,PF3D7_0805200,True,True,True,True,True
25225164,PY17X_1228600,True,True,True,True,True
25225164,PCHAS_1226000,True,True,True,True,True
25225164,PRELSG_1304000,True,True,True,True,True
25225164,PRCDC_1204500,True,True,True,True,True
25225164,PBANKA_1225400,True,True,True,True,True
25225164,PBANKA_0603900,True,True,True,True,True
25257508,PKNH_0606600,True,True,True,True,True
25257508,PmUG01_10033500,True,True,True,True,True
25257508,PY17X_0507600,True,True,True,True,True
25257508,PBANKA_0506500,True,True,True,True,True
25257508,PCHAS_0506600,True,True,True,True,True
25257508,PocGH01_06015400,True,True,True,True,True
25257508,PVP01_0607500,True,True,True,True,True
25257508,PRCDC_1021700,True,True,True,True,True
25257508,PGAL8A_00481600,True,True,True,True,True
25257508,PF3D7_1022300,True,True,True,True,True
25257508,PRELSG_0606000,True,True,True,True,True
25275500,PRELSG_1412100,True,True,True,True,True
25275500,PCHAS_1414500,True,True,True,True,True
25275500,PBANKA_0819450,True,True,True,True,True
25275500,PY17X_1414400,True,True,True,True,True
25275500,PBANKA_1412600,True,True,True,True,True
25275500,PKNH_1414800,True,True,True,True,True
25275500,PF3D7_0918500,True,True,True,True,True
25275500,PGAL8A_00510500,True,True,True,True,True
25299517,MGG_05829,True,True,True,True,True
25299517,MGG_06832,True,True,True,True,True
25299517,MGG_13629,True,True,True,True,True
25299517,MGG_01624,True,True,True,True,True
25299517,MGG_08130,True,True,True,True,True
25299517,MGG_12424,True,True,True,True,True
25299517,MGG_06455,True,True,True,True,True
25299517,MGG_04360,True,True,True,True,True
25299517,MGG_16756,True,True,True,True,True
25299517,MGG_05845,True,True,True,True,True
25299517,MGG_06954,True,True,True,True,True
25299517,MGG_07777,True,True,True,True,True
25299517,MGG_06778,True,True,True,True,True
25299517,MGG_04387,True,True,True,True,True
25299517,MGG_12776,True,True,True,True,True
25299517,MGG_08314,True,True,True,True,True
25299517,MGG_08784,True,True,True,True,True
25299517,MGG_11116,True,True,True,True,True
25299517,MGG_07549,True,True,True,True,True
25299517,MGG_13350,True,True,True,True,True
25299517,MGG_02089,True,True,True,True,True
25299517,MGG_00096,True,True,True,True,True
25299517,MGG_06416,True,True,True,True,True
25299517,MGG_04326,True,True,True,True,True
25299517,MGG_06243,True,True,True,True,True
25299517,MGG_05724,True,True,True,True,True
25299517,MGG_10197,True,True,True,True,True
25299517,MGG_09312,True,True,True,True,True
25299517,MGG_09950,True,True,True,True,True
25299517,MGG_08094,True,True,True,True,True
25299517,MGG_09273,True,True,True,True,True
25299517,MGG_08777,True,True,True,True,True
25299517,MGG_05153,True,True,True,True,True
25299517,MGG_08185,True,True,True,True,True
25299517,MGG_17012,True,True,True,True,True
25299517,MGG_08361,True,True,True,True,True
25299517,MGG_07534,True,True,True,True,True
25299517,MGG_02595,True,True,True,True,True
25299517,MGG_17821,True,True,True,True,True
25299517,MGG_02962,True,True,True,True,True
25299517,MGG_07845,True,True,True,True,True
25299517,MGG_09027,True,True,True,True,True
25299517,MGG_02289,True,True,True,True,True
25299517,MGG_13385,True,True,True,True,True
25299517,MGG_02879,True,True,True,True,True
25299517,MGG_04933,True,True,True,True,True
25299517,MGG_14175,True,True,True,True,True
25299517,MGG_04843,True,True,True,True,True
25299517,MGG_02880,True,True,True,True,True
25299517,MGG_00417,True,True,True,True,True
25299517,MGG_14728,True,True,True,True,True
25299517,MGG_03711,True,True,True,True,True
25299517,MGG_17623,True,True,True,True,True
25299517,MGG_14852,True,True,True,True,True
25299517,MGG_13360,True,True,True,True,True
25299517,MGG_07681,True,True,True,True,True
25299517,MGG_06279,True,True,True,True,True
25299517,MGG_09829,True,True,True,True,True
25299517,MGG_06355,True,True,True,True,True
25299517,MGG_04674,True,True,True,True,True
25299517,MGG_04141,True,True,True,True,True
25299517,MGG_15023,True,True,True,True,True
25299517,MGG_17669,True,True,True,True,True
25299517,MGG_15139,True,True,True,True,True
25299517,MGG_12339,True,True,True,True,True
25299517,MGG_02377,True,True,True,True,True
25299517,MGG_03463,True,True,True,True,True
25299517,MGG_07458,True,True,True,True,True
25299517,MGG_01833,True,True,True,True,True
25299517,MGG_07636,True,True,True,True,True
25299517,MGG_07800,True,True,True,True,True
25299517,MGG_11764,True,True,True,True,True
25299517,MGG_06312,True,True,True,True,True
25299517,MGG_03183,True,True,True,True,True
25299517,MGG_00320,True,True,True,True,True
25299517,MGG_12349,True,True,True,True,True
25299517,MGG_09676,True,True,True,True,True
25299517,MGG_07063,True,True,True,True,True
25299517,MGG_05033,True,True,True,True,True
25299517,MGG_03669,True,True,True,True,True
25299517,MGG_01486,True,True,True,True,True
25299517,MGG_01779,True,True,True,True,True
25299517,MGG_01887,True,True,True,True,True
25299517,MGG_17060,True,True,True,True,True
25299517,MGG_00021,True,True,True,True,True
25299517,MGG_17841,True,True,True,True,True
25299517,MGG_01734,True,True,True,True,True
25299517,MGG_00329,True,True,True,True,True
25299517,MGG_08974,True,True,True,True,True
25299517,MGG_06626,True,True,True,True,True
25299517,MGG_02866,True,True,True,True,True
25299517,MGG_12037,True,True,True,True,True
25299517,MGG_07149,True,True,True,True,True
25299517,MGG_13927,True,True,True,True,True
25299517,MGG_16444,True,True,True,True,True
25299517,MGG_05891,True,True,True,True,True
25299517,MGG_14816,True,True,True,True,True
25373614,PKNH_0823500,True,True,True,True,True
25373614,PF3D7_0318200,True,True,True,True,True
25373614,PCHAS_0807300,True,True,True,True,True
25373614,PRCDC_0317500,True,True,True,True,True
25373614,PBANKA_0807000,True,True,True,True,True
25373614,PVP01_0821900,True,True,True,True,True
25373614,PY17X_0810200,True,True,True,True,True
25425018,PRELSG_1347100,True,True,True,True,True
25425018,PKNH_1354200,True,True,True,True,True
25425018,PRCDC_1403200,True,True,True,True,True
25425018,PGAL8A_00275700,True,True,True,True,True
25425018,PF3D7_1403900,True,True,True,True,True
25426852,PF3D7_1430400,True,True,True,True,True
25426852,PKNH_0404200,True,True,True,True,True
25426852,PVP01_0408300,True,True,True,True,True
25426852,PCHAS_1015100,True,True,True,True,True
25426852,PKNH_1328300,True,True,True,True,True
25426852,PRELSG_0403300,True,True,True,True,True
25426852,PRCDC_0215600,True,True,True,True,True
25426852,PBANKA_1014300,True,True,True,True,True
25426852,PRELSG_1320700,True,True,True,True,True
25426852,PF3D7_0216700,True,True,True,True,True
25426852,PGAL8A_00407400,True,True,True,True,True
25426852,PGAL8A_00302000,True,True,True,True,True
25426852,PY17X_0313900,True,True,True,True,True
25426852,PY17X_1015800,True,True,True,True,True
25426852,PBANKA_0313400,True,True,True,True,True
25426852,PRCDC_1429700,True,True,True,True,True
25426852,PCHAS_0315500,True,True,True,True,True
25475193,PF3D7_1028900,True,True,True,True,True
25475193,PY17X_1360600,True,True,True,True,True
25475193,PmUG01_12023100,True,True,True,True,True
25475193,PGAL8A_00149900,True,True,True,True,True
25475193,PY17X_0514100,True,True,True,True,True
25475193,PKNH_0107200,True,True,True,True,True
25475193,PGAL8A_00488100,True,True,True,True,True
25475193,PY17X_1222300,True,True,True,True,True
25475193,PCHAS_1219800,True,True,True,True,True
25475193,PF3D7_0621400,True,True,True,True,True
25475193,PCHAS_1359500,True,True,True,True,True
25475193,PRCDC_0706800,True,True,True,True,True
25475193,PVP01_0108900,True,True,True,True,True
25475193,PVP01_0614000,True,True,True,True,True
25475193,PY17X_1121700,True,True,True,True,True
25475193,PRCDC_1028200,True,True,True,True,True
25475193,PGAL8A_00252900,True,True,True,True,True
25475193,PKNH_1259600,True,True,True,True,True
25475193,PRELSG_0106700,True,True,True,True,True
25475193,PBANKA_0513000,True,True,True,True,True
25475193,PKNH_0613600,True,True,True,True,True
25475193,PBANKA_1219100,True,True,True,True,True
25475193,PGAL8A_00048800,True,True,True,True,True
25475193,PBANKA_1120400,True,True,True,True,True
25475193,PocGH01_06021900,True,True,True,True,True
25475193,PKNH_1128800,True,True,True,True,True
25475193,PF3D7_0708600,True,True,True,True,True
25475193,PocGH01_12021300,True,True,True,True,True
25475193,PmUG01_10040100,True,True,True,True,True
25475193,PRELSG_1256100,True,True,True,True,True
25475193,PVP01_1213000,True,True,True,True,True
25475193,PRCDC_1340800,True,True,True,True,True
25475193,PF3D7_1341800,True,True,True,True,True
25475193,PCHAS_1119900,True,True,True,True,True
25475193,PRELSG_0612500,True,True,True,True,True
25475193,PRCDC_0619800,True,True,True,True,True
25475193,PBANKA_1354900,True,True,True,True,True
25475193,PRELSG_1126900,True,True,True,True,True
25475193,PCHAS_0513100,True,True,True,True,True
25522250,PBANKA_1025300,True,True,True,True,True
25522250,PRCDC_1416700,True,True,True,True,True
25522250,PY17X_1027700,True,True,True,True,True
25522250,PCHAS_1026100,True,True,True,True,True
25522250,PRELSG_1333700,True,True,True,True,True
25522250,PKNH_1340600,True,True,True,True,True
25522250,PF3D7_1417400,True,True,True,True,True
25582336,Afu6g03460,True,True,True,True,True
25582336,Afu6g03470,True,True,True,True,True
25582336,Afu6g03480,True,True,True,True,True
25582336,Afu6g03450,True,True,True,True,True
25582336,Afu6g03490,True,True,True,True,True
25582336,Afu6g03440,True,True,True,True,True
25582336,Afu6g03430,True,True,True,True,True
25644834,CNAG_05420,True,True,True,True,True
25644834,CNAG_05861,True,True,True,True,True
25644834,CNAG_07924,True,True,True,True,True
25644834,CNAG_03378,True,True,True,True,True
25644834,CNAG_02566,True,True,True,True,True
25644834,CNAG_01438,True,True,True,True,True
25644834,CNAG_00440,True,True,True,True,True
25644834,CNAG_07506,True,True,True,True,True
25644834,CNAG_05535,True,True,True,True,True
25644834,CNAG_06276,True,True,True,True,True
25644834,CNAG_01523,True,True,True,True,True
25691595,PBANKA_1013000,True,True,True,True,True
25691595,PVP01_1213300,True,True,True,True,True
25691595,TGME49_305930,True,True,True,True,True
25691595,TGME49_217510,True,True,True,True,True
25691595,TGME49_225690,True,True,True,True,True
25691595,TGME49_235380,True,True,True,True,True
25691595,TGME49_316340,True,True,True,True,True
25691595,TGME49_304670,True,True,True,True,True
25691595,TGME49_286580,True,True,True,True,True
25691595,PY17X_1014500,True,True,True,True,True
25691595,PocGH01_12067300,True,True,True,True,True
25691595,TGME49_271930,True,True,True,True,True
25691595,PF3D7_1431900,True,True,True,True,True
25691595,TGME49_295360,True,True,True,True,True
25691595,PRELSG_1256400,True,True,True,True,True
25691595,PY17X_1360300,True,True,True,True,True
25691595,PF3D7_1447500,True,True,True,True,True
25691595,PGAL8A_00252600,True,True,True,True,True
25691595,PRCDC_1340500,True,True,True,True,True
25691595,PmUG01_12069500,True,True,True,True,True
25691595,TGME49_214880,True,True,True,True,True
25691595,PRCDC_1431200,True,True,True,True,True
25691595,PRELSG_1319200,True,True,True,True,True
25691595,TGME49_311480,True,True,True,True,True
25691595,TGME49_235340,True,True,True,True,True
25691595,TGME49_219170,True,True,True,True,True
25691595,PVP01_1317600,True,True,True,True,True
25691595,PGAL8A_00303500,True,True,True,True,True
25691595,TGME49_258470,True,True,True,True,True
25691595,PKNH_1326900,True,True,True,True,True
25691595,PF3D7_1341500,True,True,True,True,True
25691595,PCHAS_1013800,True,True,True,True,True
25691595,PBANKA_1354600,True,True,True,True,True
25691595,TGME49_308860,True,True,True,True,True
25691595,PCHAS_1359200,True,True,True,True,True
25691595,PKNH_1259900,True,True,True,True,True
25691595,TGME49_250820,True,True,True,True,True
25734885,PF3D7_0504700,True,True,True,True,True
25734885,PRCDC_0503900,True,True,True,True,True
25734885,PRCDC_0602400,True,True,True,True,True
25734885,PmUG01_11059000,True,True,True,True,True
25734885,PVP01_1145100,True,True,True,True,True
25734885,PmUG01_06020200,True,True,True,True,True
25734885,PBANKA_1104300,True,True,True,True,True
25734885,PGAL8A_00025900,True,True,True,True,True
25734885,PBANKA_0102600,True,True,True,True,True
25734885,PGAL8A_00132300,True,True,True,True,True
25734885,PocGH01_10036800,True,True,True,True,True
25734885,PY17X_1105400,True,True,True,True,True
25734885,PKNH_1146900,True,True,True,True,True
25734885,PRELSG_1144500,True,True,True,True,True
25734885,PF3D7_0603800,True,True,True,True,True
25734885,PocGH01_11052800,True,True,True,True,True
25734885,TGME49_274000,True,True,True,True,True
25734885,PCHAS_0103300,True,True,True,True,True
25734885,PRELSG_1027800,True,True,True,True,True
25734885,PY17X_0104200,True,True,True,True,True
25734885,TGME49_306430,True,True,True,True,True
25734885,PCHAS_1104000,True,True,True,True,True
25734885,PKNH_1028900,True,True,True,True,True
25734885,PVP01_1029300,True,True,True,True,True
25802338,PGAL8A_00024900,True,True,True,True,True
25802338,PKNH_0916400,True,True,True,True,True
25802338,PRCDC_1117100,True,True,True,True,True
25802338,PY17X_0931400,True,True,True,True,True
25802338,PBANKA_1103300,True,True,True,True,True
25802338,PRELSG_1028800,True,True,True,True,True
25802338,PRELSG_0915500,True,True,True,True,True
25802338,PVP01_0919300,True,True,True,True,True
25802338,PKNH_1029900,True,True,True,True,True
25802338,PY17X_1104400,True,True,True,True,True
25802338,PRCDC_0502900,True,True,True,True,True
25802338,PF3D7_0503600,True,True,True,True,True
25802338,PCHAS_0914900,True,True,True,True,True
25802338,PGAL8A_00345300,True,True,True,True,True
25802338,PCHAS_1103000,True,True,True,True,True
25802338,PF3D7_1118700,True,True,True,True,True
25893156,PF3D7_0724300,True,True,True,True,True
25893156,PocGH01_03027800,True,True,True,True,True
25893156,PKNH_0319700,True,True,True,True,True
25893156,PRELSG_0312900,True,True,True,True,True
25893156,PmUG01_03030700,True,True,True,True,True
25893156,PGAL8A_00182400,True,True,True,True,True
25893156,PBANKA_0621800,True,True,True,True,True
25893156,PY17X_0624500,True,True,True,True,True
25893156,PRCDC_0721500,True,True,True,True,True
25893156,PVP01_0320000,True,True,True,True,True
25893156,PCHAS_0623500,True,True,True,True,True
25900212,PRELSG_0208000,True,True,True,True,True
25900212,PGAL8A_00105000,True,True,True,True,True
25900212,PBANKA_0204500,True,True,True,True,True
25900212,PRCDC_0106900,True,True,True,True,True
25900212,PKNH_0204700,True,True,True,True,True
25900212,PY17X_0205900,True,True,True,True,True
25900212,PVP01_0206000,True,True,True,True,True
25900212,PmUG01_02014900,True,True,True,True,True
25900212,PocGH01_02013200,True,True,True,True,True
25900212,PCHAS_0202900,True,True,True,True,True
25938776,PRCDC_0105700,True,True,True,True,True
25938776,PRELSG_0209100,True,True,True,True,True
25938776,PCHAS_0204000,True,True,True,True,True
25938776,PVP01_0207100,True,True,True,True,True
25938776,PY17X_0207000,True,True,True,True,True
25938776,PKNH_0205800,True,True,True,True,True
25938776,PGAL8A_00104000,True,True,True,True,True
25938776,PF3D7_0107800,True,True,True,True,True
25970403,CNAG_01172,True,True,True,True,True
25970403,CNAG_03018,True,True,True,True,True
25970403,CNAG_03981,True,True,True,True,True
25970403,CNAG_02797,True,True,True,True,True
25970403,CNAG_01640,True,True,True,True,True
26018192,PGAL8A_00508650,True,True,True,True,True
26018192,PRCDC_0822800,True,True,True,True,True
26018192,PKNH_1413150,True,True,True,True,True
26018192,PBANKA_0707100,True,True,True,True,True
26018192,PCHAS_0716400,True,True,True,True,True
26018192,PVP01_0510800,True,True,True,True,True
26018192,PRELSG_0500300,True,True,True,True,True
26018192,PRELSG_1410350,True,True,True,True,True
26018192,PY17X_1228600,True,True,True,True,True
26018192,PGAL8A_00116700,True,True,True,True,True
26018192,PY17X_1412750,True,True,True,True,True
26018192,PF3D7_1312450,True,True,True,True,True
26018192,PF3D7_0823500,True,True,True,True,True
26018192,PY17X_0707400,True,True,True,True,True
26018192,PCHAS_1412850,True,True,True,True,True
26018192,PVP01_0115300,True,True,True,True,True
26018192,PKNH_0114000,True,True,True,True,True
26018192,PGAL8A_00081300,True,True,True,True,True
26018192,PBANKA_1119200,True,True,True,True,True
26018192,PF3D7_0805200,True,True,True,True,True
26018192,PCHAS_1226000,True,True,True,True,True
26018192,PVP01_1413450,True,True,True,True,True
26018192,PRELSG_0112900,True,True,True,True,True
26018192,PmUG01_14029200,True,True,True,True,True
26018192,PRCDC_0804800,True,True,True,True,True
26018192,PBANKA_1410950,True,True,True,True,True
26018192,PF3D7_0620000,True,True,True,True,True
26018192,PRCDC_1311450,True,True,True,True,True
26018192,PKNH_1317500,True,True,True,True,True
26018192,PocGH01_14020600,True,True,True,True,True
26018192,PBANKA_1225400,True,True,True,True,True
26043001,PY17X_1214700,True,True,True,True,True
26043001,PRCDC_0719800,True,True,True,True,True
26043001,PVP01_0906000,True,True,True,True,True
26043001,PGAL8A_00077700,True,True,True,True,True
26043001,PRCDC_0301100,True,True,True,True,True
26043001,PmUG01_09055000,True,True,True,True,True
26043001,PBANKA_0714800,True,True,True,True,True
26043001,PVP01_1119000,True,True,True,True,True
26043001,PY17X_1444000,True,True,True,True,True
26043001,PCHAS_0723900,True,True,True,True,True
26043001,PRELSG_1113000,True,True,True,True,True
26043001,PCHAS_0621800,True,True,True,True,True
26043001,PBANKA_1452200,True,True,True,True,True
26043001,PF3D7_1352200,True,True,True,True,True
26043001,PBANKA_0903000,True,True,True,True,True
26043001,PF3D7_1237600,True,True,True,True,True
26043001,PRCDC_0606600,True,True,True,True,True
26043001,PBANKA_0401000,True,True,True,True,True
26043001,PmUG01_12069000,True,True,True,True,True
26043001,PGAL8A_00461800,True,True,True,True,True
26043001,PGAL8A_00159000,True,True,True,True,True
26043001,PRCDC_1447300,True,True,True,True,True
26043001,PY17X_1353300,True,True,True,True,True
26043001,PF3D7_1146000,True,True,True,True,True
26043001,PRELSG_0200800,True,True,True,True,True
26043001,PCHAS_1133500,True,True,True,True,True
26043001,PocGH01_05024900,True,True,True,True,True
26043001,PF3D7_0801500,True,True,True,True,True
26043001,PF3D7_1357700,True,True,True,True,True
26043001,PF3D7_1448000,True,True,True,True,True
26043001,PY17X_0622800,True,True,True,True,True
26043001,PRELSG_1456200,True,True,True,True,True
26043001,PCHAS_1128800,True,True,True,True,True
26043001,PBANKA_0106600,True,True,True,True,True
26043001,PocGH01_09052100,True,True,True,True,True
26043001,PCHAS_1443500,True,True,True,True,True
26043001,PGAL8A_00001600,True,True,True,True,True
26043001,PRELSG_1322700,True,True,True,True,True
26043001,PGAL8A_00373500,True,True,True,True,True
26043001,PY17X_1370700,True,True,True,True,True
26043001,PKNH_1460200,True,True,True,True,True
26043001,PY17X_0062300,True,True,True,True,True
26043001,PF3D7_1013100,True,True,True,True,True
26043001,PVP01_1455700,True,True,True,True,True
26043001,PRELSG_0306400,True,True,True,True,True
26043001,PRELSG_1442300,True,True,True,True,True
26043001,PF3D7_1241100,True,True,True,True,True
26043001,PBANKA_1435300,True,True,True,True,True
26043001,PCHAS_0704300,True,True,True,True,True
26043001,PBANKA_1006800,True,True,True,True,True
26043001,PCHAS_1454500,True,True,True,True,True
26043001,PVP01_0837800,True,True,True,True,True
26043001,PGAL8A_00459300,True,True,True,True,True
26043001,PCHAS_1456800,True,True,True,True,True
26043001,PKNH_0943900,True,True,True,True,True
26043001,PGAL8A_00263300,True,True,True,True,True
26043001,PRELSG_1263300,True,True,True,True,True
26043001,PF3D7_0409200,True,True,True,True,True
26043001,PF3D7_0802300,True,True,True,True,True
26043001,PRELSG_1453700,True,True,True,True,True
26043001,PCHAS_1007700,True,True,True,True,True
26043001,PCHAS_1228600,True,True,True,True,True
26043001,PKNH_0812900,True,True,True,True,True
26043001,PBANKA_1227900,True,True,True,True,True
26043001,PKNH_1457300,True,True,True,True,True
26043001,PRCDC_1356600,True,True,True,True,True
26043001,PRELSG_0833400,True,True,True,True,True
26043001,PRCDC_1226000,True,True,True,True,True
26043001,PVP01_0318300,True,True,True,True,True
26043001,PKNH_0902800,True,True,True,True,True
26043001,PY17X_1454700,True,True,True,True,True
26043001,PRELSG_1233000,True,True,True,True,True
26043001,PRCDC_1332600,True,True,True,True,True
26043001,PKNH_0116600,True,True,True,True,True
26043001,PKNH_1234100,True,True,True,True,True
26043001,PY17X_1231400,True,True,True,True,True
26043001,PBANKA_1134000,True,True,True,True,True
26043001,PGAL8A_00127800,True,True,True,True,True
26043001,PCHAS_1369500,True,True,True,True,True
26043001,PRCDC_1219400,True,True,True,True,True
26043001,PY17X_0403200,True,True,True,True,True
26043001,PBANKA_1348300,True,True,True,True,True
26043001,PCHAS_0902600,True,True,True,True,True
26043001,PRELSG_1140300,True,True,True,True,True
26043001,PY17X_1457000,True,True,True,True,True
26043001,PGAL8A_00207200,True,True,True,True,True
26043001,PGAL8A_00534300,True,True,True,True,True
26043001,PGAL8A_00299900,True,True,True,True,True
26043001,PRCDC_0406600,True,True,True,True,True
26043001,PRELSG_0902400,True,True,True,True,True
26043001,PVP01_1114200,True,True,True,True,True
26043001,PVP01_0308500,True,True,True,True,True
26043001,PBANKA_0620100,True,True,True,True,True
26043001,PBANKA_0941700,True,True,True,True,True
26043001,PKNH_1142300,True,True,True,True,True
26043001,PGAL8A_00245800,True,True,True,True,True
26043001,PVP01_0519300,True,True,True,True,True
26043001,PY17X_1315600,True,True,True,True,True
26043001,PmUG01_05030900,True,True,True,True,True
26043001,PY17X_0944200,True,True,True,True,True
26043001,PKNH_0840700,True,True,True,True,True
26043001,PGAL8A_00136500,True,True,True,True,True
26043001,PRELSG_0508000,True,True,True,True,True
26043001,PRCDC_1144400,True,True,True,True,True
26043001,PRCDC_1240500,True,True,True,True,True
26043001,PVP01_1458200,True,True,True,True,True
26043001,PCHAS_0401900,True,True,True,True,True
26043001,PF3D7_0608000,True,True,True,True,True
26043001,PVP01_1221100,True,True,True,True,True
26043001,PKNH_1439300,True,True,True,True,True
26043001,PRCDC_0815300,True,True,True,True,True
26043001,PBANKA_1364900,True,True,True,True,True
26043001,PRELSG_0811000,True,True,True,True,True
26043001,PKNH_1267000,True,True,True,True,True
26043001,PKNH_1248800,True,True,True,True,True
26043001,PY17X_1232200,True,True,True,True,True
26043001,PF3D7_1333600,True,True,True,True,True
26043001,PKNH_1113800,True,True,True,True,True
26043001,PRELSG_1435800,True,True,True,True,True
26043001,PY17X_0715000,True,True,True,True,True
26043001,PBANKA_1311800,True,True,True,True,True
26043001,PF3D7_1105200,True,True,True,True,True
26043001,PF3D7_0722600,True,True,True,True,True
26043001,PRELSG_1245600,True,True,True,True,True
26043001,PKNH_0504400,True,True,True,True,True
26043001,PKNH_0117400,True,True,True,True,True
26043001,PVP01_0117900,True,True,True,True,True
26043001,PGAL8A_00184100,True,True,True,True,True
26043001,PVP01_1202600,True,True,True,True,True
26043001,PF3D7_1220100,True,True,True,True,True
26043001,PVP01_1141000,True,True,True,True,True
26043001,PBANKA_1228700,True,True,True,True,True
26043001,PKNH_0318000,True,True,True,True,True
26043001,PY17X_1135500,True,True,True,True,True
26043001,PKNH_0307200,True,True,True,True,True
26043001,PRELSG_1117800,True,True,True,True,True
26043001,PCHAS_0107200,True,True,True,True,True
26043001,PGAL8A_00078500,True,True,True,True,True
26043001,PY17X_1437700,True,True,True,True,True
26043001,PY17X_0108100,True,True,True,True,True
26043001,PocGH01_12066800,True,True,True,True,True
26043001,PVP01_1438500,True,True,True,True,True
26043001,PRCDC_0801900,True,True,True,True,True
26043001,PRCDC_1103700,True,True,True,True,True
26043001,PCHAS_1315100,True,True,True,True,True
26043001,PVP01_0118700,True,True,True,True,True
26043001,PF3D7_1226700,True,True,True,True,True
26043001,PRCDC_1427700,True,True,True,True,True
26043001,PY17X_1008200,True,True,True,True,True
26043001,PBANKA_1129300,True,True,True,True,True
26043001,PGAL8A_00164100,True,True,True,True,True
26043001,PRELSG_0943400,True,True,True,True,True
26043001,PVP01_1259000,True,True,True,True,True
26043001,PF3D7_0816000,True,True,True,True,True
26043001,PGAL8A_00086200,True,True,True,True,True
26043001,PCHAS_1229400,True,True,True,True,True
26043001,PCHAS_1352900,True,True,True,True,True
26043001,PF3D7_0630500,True,True,True,True,True
26043001,PBANKA_1211500,True,True,True,True,True
26043001,PRELSG_0115600,True,True,True,True,True
26043001,PBANKA_1454500,True,True,True,True,True
26043001,PKNH_1446100,True,True,True,True,True
26043001,PGAL8A_00059800,True,True,True,True,True
26043001,PCHAS_1212200,True,True,True,True,True
26043001,PBANKA_1441500,True,True,True,True,True
26043001,PGAL8A_00332500,True,True,True,True,True
26043001,PF3D7_1428400,True,True,True,True,True
26043001,PRCDC_1351200,True,True,True,True,True
26043001,PRCDC_1236800,True,True,True,True,True
26043001,PRCDC_0628900,True,True,True,True,True
26043001,PF3D7_0302000,True,True,True,True,True
26043001,PRCDC_0801100,True,True,True,True,True
26043001,PRELSG_0116400,True,True,True,True,True
26043001,PRCDC_1012500,True,True,True,True,True
26043001,PCHAS_1437300,True,True,True,True,True
26043001,PVP01_0813200,True,True,True,True,True
26043001,PKNH_1119000,True,True,True,True,True
26043001,PVP01_1444900,True,True,True,True,True
26118996,PVP01_1255300,True,True,True,True,True
26118996,PRELSG_1229300,True,True,True,True,True
26118996,PF3D7_1451700,True,True,True,True,True
26118996,PRCDC_1451000,True,True,True,True,True
26118996,PKNH_1230400,True,True,True,True,True
26118996,PGAL8A_00210900,True,True,True,True,True
26118996,PCHAS_1318700,True,True,True,True,True
26118996,TGME49_311310,True,True,True,True,True
26118996,PBANKA_1315400,True,True,True,True,True
26118996,PY17X_1319200,True,True,True,True,True
26175406,PmUG01_12075200,True,True,True,True,True
26175406,PBANKA_1305700,True,True,True,True,True
26175406,PRCDC_1441100,True,True,True,True,True
26175406,PKNH_1240500,True,True,True,True,True
26175406,PVP01_1265200,True,True,True,True,True
26175406,PY17X_1309500,True,True,True,True,True
26175406,PRELSG_1239200,True,True,True,True,True
26175406,PCHAS_1308900,True,True,True,True,True
26175406,PocGH01_12073000,True,True,True,True,True
26175406,PGAL8A_00201000,True,True,True,True,True
26175406,PF3D7_1441800,True,True,True,True,True
26175406,TGME49_256910,True,True,True,True,True
26242966,Afu4g14520,True,True,True,True,True
26242966,Afu4g14540,True,True,True,True,True
26242966,Afu4g14480,True,True,True,True,True
26242966,Afu4g14580,True,True,True,True,True
26242966,Afu4g14470,True,True,True,True,True
26242966,Afu4g14510,True,True,True,True,True
26242966,Afu4g14550,True,True,True,True,True
26242966,Afu4g14560,True,True,True,True,True
26242966,Afu4g14570,True,True,True,True,True
26242966,Afu4g14460,True,True,True,True,True
26313153,CND00650,True,True,True,True,True
26313153,CNB02490,True,True,True,True,True
26313153,CNK01510,True,True,True,True,True
26313153,CNAG_02376,True,True,True,True,True
26313153,CNAG_00925,True,True,True,True,True
26313153,CNAG_02661,True,True,True,True,True
26313153,CNB04980,True,True,True,True,True
26313153,CNAG_01341,True,True,True,True,True
26313153,CNAG_00456,True,True,True,True,True
26313153,CND04560,True,True,True,True,True
26313153,CNE01730,True,True,True,True,True
26313153,CNA04360,True,True,True,True,True
26313153,CNAG_04016,True,True,True,True,True
26313153,CNAG_03754,True,True,True,True,True
26375591,PCHAS_1420100,True,True,True,True,True
26375591,PBANKA_1418300,True,True,True,True,True
26375591,PF3D7_1320000,True,True,True,True,True
26375591,PVP01_1420800,True,True,True,True,True
26375591,PY17X_1420000,True,True,True,True,True
26375591,PRCDC_1319000,True,True,True,True,True
26375591,PKNH_1420600,True,True,True,True,True
26512320,PRELSG_1408400,True,True,True,True,True
26512320,PVP01_1111700,True,True,True,True,True
26512320,PocGH01_14018600,True,True,True,True,True
26512320,PRCDC_1309500,True,True,True,True,True
26512320,PGAL8A_00281600,True,True,True,True,True
26512320,PBANKA_1426300,True,True,True,True,True
26512320,PY17X_1034900,True,True,True,True,True
26512320,PY17X_1410800,True,True,True,True,True
26512320,TGME49_249310,True,True,True,True,True
26512320,PRCDC_1138300,True,True,True,True,True
26512320,PBANKA_1032500,True,True,True,True,True
26512320,PF3D7_1139900,True,True,True,True,True
26512320,PCHAS_1033300,True,True,True,True,True
26512320,TGME49_205740,True,True,True,True,True
26512320,PBANKA_0909100,True,True,True,True,True
26512320,PVP01_1429100,True,True,True,True,True
26512320,TGME49_243390,True,True,True,True,True
26512320,PocGH01_13049800,True,True,True,True,True
26512320,TGME49_267840,True,True,True,True,True
26512320,PRELSG_1341100,True,True,True,True,True
26512320,PCHAS_1428100,True,True,True,True,True
26512320,PGAL8A_00506700,True,True,True,True,True
26512320,PCHAS_1135900,True,True,True,True,True
26512320,PocGH01_09046100,True,True,True,True,True
26512320,PGAL8A_00367400,True,True,True,True,True
26512320,PRCDC_1409300,True,True,True,True,True
26512320,PKNH_1111100,True,True,True,True,True
26512320,PF3D7_1410000,True,True,True,True,True
26512320,PBANKA_1409000,True,True,True,True,True
26512320,PocGH01_11020300,True,True,True,True,True
26512320,PmUG01_13048400,True,True,True,True,True
26512320,PRELSG_1110400,True,True,True,True,True
26512320,PY17X_1428400,True,True,True,True,True
26512320,PKNH_1348300,True,True,True,True,True
26512320,PmUG01_14027200,True,True,True,True,True
26512320,PF3D7_0811200,True,True,True,True,True
26512320,TGME49_230100,True,True,True,True,True
26512320,PVP01_0940600,True,True,True,True,True
26512320,PVP01_1338900,True,True,True,True,True
26512320,PRCDC_0810500,True,True,True,True,True
26512320,PVP01_1411500,True,True,True,True,True
26512320,PKNH_1410900,True,True,True,True,True
26512320,PRELSG_0937300,True,True,True,True,True
26512320,PY17X_1137900,True,True,True,True,True
26512320,PmUG01_14045100,True,True,True,True,True
26512320,PY17X_0910500,True,True,True,True,True
26512320,PKNH_0937800,True,True,True,True,True
26512320,PKNH_1429500,True,True,True,True,True
26512320,PmUG01_09049000,True,True,True,True,True
26512320,PocGH01_14036400,True,True,True,True,True
26512320,PF3D7_1310500,True,True,True,True,True
26512320,PF3D7_1360200,True,True,True,True,True
26512320,PCHAS_1410900,True,True,True,True,True
26512320,PRELSG_1426400,True,True,True,True,True
26512320,PBANKA_1136400,True,True,True,True,True
26512320,PmUG01_11025800,True,True,True,True,True
26512320,PCHAS_0710400,True,True,True,True,True
26512320,PGAL8A_00166700,True,True,True,True,True
26512320,PGAL8A_00524900,True,True,True,True,True
26512320,PRCDC_1359100,True,True,True,True,True
26525978,PGAL8A_00409100,True,True,True,True,True
26525978,PRCDC_0826300,True,True,True,True,True
26525978,PVP01_1240100,True,True,True,True,True
26525978,PRELSG_1309300,True,True,True,True,True
26525978,PGAL8A_00333600,True,True,True,True,True
26525978,PY17X_1124000,True,True,True,True,True
26525978,PKNH_1321100,True,True,True,True,True
26525978,PBANKA_1005900,True,True,True,True,True
26525978,PRCDC_1465900,True,True,True,True,True
26525978,PBANKA_1236300,True,True,True,True,True
26525978,PocGH01_10026500,True,True,True,True,True
26525978,PY17X_0305900,True,True,True,True,True
26525978,PRELSG_0305500,True,True,True,True,True
26525978,PRELSG_0401600,True,True,True,True,True
26525978,PmUG01_11039900,True,True,True,True,True
26525978,PKNH_0402500,True,True,True,True,True
26525978,PCHAS_0317200,True,True,True,True,True
26525978,PRELSG_1010100,True,True,True,True,True
26525978,PKNH_0412900,True,True,True,True,True
26525978,PBANKA_1122600,True,True,True,True,True
26525978,PRELSG_0414400,True,True,True,True,True
26525978,PF3D7_0521700,True,True,True,True,True
26525978,PRELSG_1016900,True,True,True,True,True
26525978,PRCDC_1104800,True,True,True,True,True
26525978,PY17X_0315600,True,True,True,True,True
26525978,PmUG01_03018300,True,True,True,True,True
26525978,PCHAS_1103500,True,True,True,True,True
26525978,PF3D7_0208200,True,True,True,True,True
26525978,PBANKA_0305300,True,True,True,True,True
26525978,PCHAS_1122100,True,True,True,True,True
26525978,PF3D7_0504200,True,True,True,True,True
26525978,PGAL8A_00058900,True,True,True,True,True
26525978,PCHAS_1334700,True,True,True,True,True
26525978,PF3D7_0623700,True,True,True,True,True
26525978,PY17X_1104900,True,True,True,True,True
26525978,PVP01_1125800,True,True,True,True,True
26525978,PCHAS_0903700,True,True,True,True,True
26525978,PRCDC_0520800,True,True,True,True,True
26525978,PBANKA_0315100,True,True,True,True,True
26525978,PmUG01_09015900,True,True,True,True,True
26525978,PF3D7_1466700,True,True,True,True,True
26525978,PCHAS_1006800,True,True,True,True,True
26525978,PRCDC_0207100,True,True,True,True,True
26525978,PVP01_0307600,True,True,True,True,True
26525978,PKNH_0903900,True,True,True,True,True
26525978,PGAL8A_00069000,True,True,True,True,True
26525978,PCHAS_0307500,True,True,True,True,True
26525978,PVP01_1029800,True,True,True,True,True
26525978,PKNH_1214800,True,True,True,True,True
26525978,PocGH01_10020000,True,True,True,True,True
26525978,PocGH01_09013000,True,True,True,True,True
26525978,PKNH_0306300,True,True,True,True,True
26525978,PRCDC_0217300,True,True,True,True,True
26525978,PKNH_1011200,True,True,True,True,True
26525978,PVP01_0416600,True,True,True,True,True
26525978,PF3D7_1106300,True,True,True,True,True
26525978,PRCDC_0622100,True,True,True,True,True
26525978,PCHAS_1114200,True,True,True,True,True
26525978,PBANKA_0940600,True,True,True,True,True
26525978,PVP01_1012200,True,True,True,True,True
26525978,PY17X_1115800,True,True,True,True,True
26525978,PF3D7_0218400,True,True,True,True,True
26525978,PKNH_1126500,True,True,True,True,True
26525978,PCHAS_0934300,True,True,True,True,True
26525978,PBANKA_1114600,True,True,True,True,True
26525978,PocGH01_04021800,True,True,True,True,True
26525978,PmUG01_10029600,True,True,True,True,True
26525978,PVP01_0406600,True,True,True,True,True
26525978,PBANKA_1330100,True,True,True,True,True
26525978,PVP01_0907100,True,True,True,True,True
26525978,PGAL8A_00025400,True,True,True,True,True
26525978,PRCDC_0514100,True,True,True,True,True
26525978,PF3D7_0515000,True,True,True,True,True
26525978,PGAL8A_00036500,True,True,True,True,True
26525978,PGAL8A_00016800,True,True,True,True,True
26525978,PmUG01_12050200,True,True,True,True,True
26525978,PF3D7_0827000,True,True,True,True,True
26525978,PmUG01_04023900,True,True,True,True,True
26525978,PY17X_1239700,True,True,True,True,True
26525978,PY17X_0704000,True,True,True,True,True
26525978,PY17X_0943100,True,True,True,True,True
26525978,PRCDC_0405700,True,True,True,True,True
26525978,PBANKA_0703700,True,True,True,True,True
26525978,PocGH01_11033600,True,True,True,True,True
26525978,PKNH_1018100,True,True,True,True,True
26525978,PKNH_1029400,True,True,True,True,True
26525978,PmUG01_10022900,True,True,True,True,True
26525978,PocGH01_03015700,True,True,True,True,True
26525978,PY17X_1007300,True,True,True,True,True
26525978,PVP01_0507400,True,True,True,True,True
26525978,PF3D7_0408300,True,True,True,True,True
26525978,PCHAS_1236900,True,True,True,True,True
26525978,PBANKA_1103800,True,True,True,True,True
26525978,PGAL8A_00226100,True,True,True,True,True
26525978,PRELSG_0903500,True,True,True,True,True
26525978,PGAL8A_00152200,True,True,True,True,True
26525978,PRELSG_1028300,True,True,True,True,True
26525978,PRCDC_0503400,True,True,True,True,True
26525978,PRELSG_1214100,True,True,True,True,True
26525978,PY17X_1334800,True,True,True,True,True
26525978,PRELSG_1124600,True,True,True,True,True
26525978,PVP01_1018900,True,True,True,True,True
26526684,PRELSG_1138400,True,True,True,True,True
26526684,PBANKA_0108300,True,True,True,True,True
26526684,PKNH_1140400,True,True,True,True,True
26526684,PCHAS_0108900,True,True,True,True,True
26526684,PocGH01_11046900,True,True,True,True,True
26526684,PmUG01_11053100,True,True,True,True,True
26526684,PVP01_1139200,True,True,True,True,True
26526684,PGAL8A_00138400,True,True,True,True,True
26526684,PF3D7_0609800,True,True,True,True,True
26526684,PRCDC_0608500,True,True,True,True,True
26531182,PGAL8A_00008800,True,True,True,True,True
26531182,PCHAS_0408500,True,True,True,True,True
26531182,PBANKA_0407600,True,True,True,True,True
26531182,PF3D7_0309500,True,True,True,True,True
26531182,PRCDC_0308800,True,True,True,True,True
26531182,PY17X_0410100,True,True,True,True,True
26531182,PKNH_0833200,True,True,True,True,True
26531182,PRELSG_0826200,True,True,True,True,True
26531182,PVP01_0830700,True,True,True,True,True
26565797,PGAL8A_00040000,True,True,True,True,True
26565797,PKNH_1014800,True,True,True,True,True
26565797,PBANKA_1233200,True,True,True,True,True
26565797,PF3D7_0518400,True,True,True,True,True
26565797,PY17X_1236600,True,True,True,True,True
26565797,PRCDC_0517500,True,True,True,True,True
26565797,PRELSG_1013400,True,True,True,True,True
26565797,PVP01_1015500,True,True,True,True,True
26565797,PCHAS_1233800,True,True,True,True,True
26577093,NCU02182,True,True,True,True,True
26577093,NCU01991,True,True,True,True,True
26577093,NCU07735,True,True,True,True,True
26639022,PRCDC_0526300,True,True,True,True,True
26639022,PY17X_1245200,True,True,True,True,True
26639022,PCHAS_1242400,True,True,True,True,True
26639022,PF3D7_1011700,True,True,True,True,True
26639022,PBANKA_1242000,True,True,True,True,True
26639022,PKNH_1005500,True,True,True,True,True
26639022,PVP01_1006600,True,True,True,True,True
26639022,PRELSG_1004600,True,True,True,True,True
26639022,PGAL8A_00074500,True,True,True,True,True
26639022,PF3D7_1414000,True,True,True,True,True
26639022,PF3D7_0527200,True,True,True,True,True
26639022,PF3D7_1113400,True,True,True,True,True
26735921,PF3D7_1464600,True,True,True,True,True
26735921,PBANKA_1328000,True,True,True,True,True
26735921,PCHAS_1332600,True,True,True,True,True
26735921,PRELSG_1216200,True,True,True,True,True
26735921,PY17X_1332700,True,True,True,True,True
26735921,PVP01_1242200,True,True,True,True,True
26735921,PRCDC_1463800,True,True,True,True,True
26735921,PKNH_1216900,True,True,True,True,True
26735921,PGAL8A_00224000,True,True,True,True,True
26763910,PRCDC_0610300,True,True,True,True,True
26763910,PY17X_0111500,True,True,True,True,True
26763910,PCHAS_0110500,True,True,True,True,True
26763910,PF3D7_0611600,True,True,True,True,True
26763910,PocGH01_11045300,True,True,True,True,True
26763910,PBANKA_0109900,True,True,True,True,True
26763910,PRELSG_1136700,True,True,True,True,True
26763910,PVP01_1137600,True,True,True,True,True
26763910,PmUG01_11051500,True,True,True,True,True
26763910,PGAL8A_00140100,True,True,True,True,True
26763910,PKNH_1138500,True,True,True,True,True
26786069,PCHAS_1440600,True,True,True,True,True
26786069,PocGH01_14049400,True,True,True,True,True
26786069,PKNH_1442900,True,True,True,True,True
26786069,PRCDC_1223000,True,True,True,True,True
26786069,PGAL8A_00124800,True,True,True,True,True
26786069,PmUG01_14058000,True,True,True,True,True
26786069,PRELSG_1439300,True,True,True,True,True
26786069,PY17X_1441100,True,True,True,True,True
26786069,PBANKA_1438600,True,True,True,True,True
26786069,PF3D7_1223700,True,True,True,True,True
26786069,PVP01_1441900,True,True,True,True,True
26791088,PCHAS_1233600,True,True,True,True,True
26791088,PF3D7_1303400,True,True,True,True,True
26791088,PGAL8A_00039800,True,True,True,True,True
26791088,PY17X_1403500,True,True,True,True,True
26791088,PRCDC_1302400,True,True,True,True,True
26791088,PGAL8A_00499400,True,True,True,True,True
26791088,PBANKA_1233000,True,True,True,True,True
26791088,PVP01_1015700,True,True,True,True,True
26791088,PVP01_1404300,True,True,True,True,True
26791088,PBANKA_1401900,True,True,True,True,True
26791088,PF3D7_0518200,True,True,True,True,True
26791088,PKNH_1015000,True,True,True,True,True
26791088,PKNH_1403600,True,True,True,True,True
26791088,PRCDC_0517300,True,True,True,True,True
26791088,PRELSG_1013600,True,True,True,True,True
26791088,PY17X_1236400,True,True,True,True,True
26791088,PRELSG_1401100,True,True,True,True,True
26791088,PCHAS_1403800,True,True,True,True,True
26796412,PGAL8A_00293700,True,True,True,True,True
26796412,PVP01_1327100,True,True,True,True,True
26796412,PVP01_1425000,True,True,True,True,True
26796412,PRELSG_1240200,True,True,True,True,True
26796412,PY17X_0209800,True,True,True,True,True
26796412,PKNH_0918000,True,True,True,True,True
26796412,PBANKA_0939000,True,True,True,True,True
26796412,PF3D7_0914700,True,True,True,True,True
26796412,PRELSG_1401900,True,True,True,True,True
26796412,PF3D7_1440800,True,True,True,True,True
26796412,PY17X_1308500,True,True,True,True,True
26796412,PVP01_0920900,True,True,True,True,True
26796412,PF3D7_0715900,True,True,True,True,True
26796412,PRCDC_1440100,True,True,True,True,True
26796412,PRCDC_1118700,True,True,True,True,True
26796412,PCHAS_0927800,True,True,True,True,True
26796412,PRELSG_1329100,True,True,True,True,True
26796412,PKNH_1424900,True,True,True,True,True
26796412,PBANKA_0107700,True,True,True,True,True
26796412,PY17X_1404300,True,True,True,True,True
26796412,PVP01_0930500,True,True,True,True,True
26796412,PRCDC_1421200,True,True,True,True,True
26796412,PCHAS_0108300,True,True,True,True,True
26796412,PBANKA_1021500,True,True,True,True,True
26796412,PVP01_1405100,True,True,True,True,True
26796412,PF3D7_1304200,True,True,True,True,True
26796412,PF3D7_1107900,True,True,True,True,True
26796412,PBANKA_1402700,True,True,True,True,True
26796412,PKNH_0905500,True,True,True,True,True
26796412,PBANKA_1422200,True,True,True,True,True
26796412,PF3D7_1129900,True,True,True,True,True
26796412,PCHAS_1424000,True,True,True,True,True
26796412,PocGH01_11047500,True,True,True,True,True
26796412,PVP01_0713100,True,True,True,True,True
26796412,PRELSG_0905100,True,True,True,True,True
26796412,PKNH_0208800,True,True,True,True,True
26796412,PGAL8A_00335200,True,True,True,True,True
26796412,PKNH_1404400,True,True,True,True,True
26796412,PmUG01_12076200,True,True,True,True,True
26796412,PVP01_1139800,True,True,True,True,True
26796412,PBANKA_0918300,True,True,True,True,True
26796412,PF3D7_0104700,True,True,True,True,True
26796412,PY17X_0929900,True,True,True,True,True
26796412,PY17X_0920000,True,True,True,True,True
26796412,PBANKA_0927900,True,True,True,True,True
26796412,PF3D7_1421900,True,True,True,True,True
26796412,PGAL8A_00137700,True,True,True,True,True
26796412,PCHAS_1022300,True,True,True,True,True
26796412,PF3D7_1120300,True,True,True,True,True
26796412,PGAL8A_00346900,True,True,True,True,True
26796412,PKNH_1241500,True,True,True,True,True
26796412,PVP01_1266200,True,True,True,True,True
26796412,PRCDC_1106400,True,True,True,True,True
26796412,PY17X_1424200,True,True,True,True,True
26796412,PRCDC_0713200,True,True,True,True,True
26796412,PGAL8A_00500200,True,True,True,True,True
26796412,PKNH_0927800,True,True,True,True,True
26796412,PRCDC_0912700,True,True,True,True,True
26796412,PocGH01_12074000,True,True,True,True,True
26796412,PKNH_0712600,True,True,True,True,True
26796412,PVP01_0210000,True,True,True,True,True
26796412,PY17X_0109300,True,True,True,True,True
26796412,PCHAS_0816000,True,True,True,True,True
26796412,PCHAS_0206800,True,True,True,True,True
26796412,PCHAS_1404600,True,True,True,True,True
26796412,PVP01_0908700,True,True,True,True,True
26796412,PKNH_1336100,True,True,True,True,True
26796412,PBANKA_0208400,True,True,True,True,True
26796412,PBANKA_0815700,True,True,True,True,True
26796412,PBANKA_1304700,True,True,True,True,True
26796412,PRELSG_1139100,True,True,True,True,True
26796412,PRCDC_1303200,True,True,True,True,True
26796412,PKNH_1141100,True,True,True,True,True
26796412,PRCDC_0607800,True,True,True,True,True
26796412,PRCDC_1128300,True,True,True,True,True
26796412,PCHAS_0905300,True,True,True,True,True
26796412,PRELSG_0917100,True,True,True,True,True
26796412,PY17X_1023400,True,True,True,True,True
26796412,PY17X_0819000,True,True,True,True,True
26796412,PCHAS_0916400,True,True,True,True,True
26796412,PGAL8A_00200000,True,True,True,True,True
26796412,PCHAS_1307900,True,True,True,True,True
26796412,PY17X_0941500,True,True,True,True,True
26796412,PRCDC_0102600,True,True,True,True,True
26833682,TGME49_210280,True,True,True,True,True
26833682,TGME49_203010,True,True,True,True,True
26833682,TGME49_318770,True,True,True,True,True
26840427,PF3D7_1205200,True,True,True,True,True
26840427,TGME49_289910,True,True,True,True,True
26840427,TGME49_246110,True,True,True,True,True
26840427,TGME49_271960,True,True,True,True,True
26840427,TGME49_223870,True,True,True,True,True
26902486,PRCDC_1113700,True,True,True,True,True
26902486,PBANKA_0932500,True,True,True,True,True
26902486,PY17X_0934500,True,True,True,True,True
26902486,PocGH01_09021400,True,True,True,True,True
26902486,PCHAS_0911800,True,True,True,True,True
26902486,PRELSG_0912200,True,True,True,True,True
26902486,PVP01_0915900,True,True,True,True,True
26902486,PmUG01_09024500,True,True,True,True,True
26902486,PKNH_0912700,True,True,True,True,True
26902486,PGAL8A_00342000,True,True,True,True,True
26902486,PF3D7_1115200,True,True,True,True,True
26950937,TGME49_283540,True,True,True,True,True
26950937,TGME49_218240,True,True,True,True,True
26950937,TGME49_230350,True,True,True,True,True
27015086,PCHAS_1223800,True,True,True,True,True
27015086,PKNH_0111400,True,True,True,True,True
27015086,PocGH01_01020700,True,True,True,True,True
27015086,PRELSG_0110600,True,True,True,True,True
27015086,PBANKA_1223200,True,True,True,True,True
27015086,PmUG01_01024500,True,True,True,True,True
27015086,PVP01_0113000,True,True,True,True,True
27015086,PGAL8A_00052700,True,True,True,True,True
27015086,PF3D7_0807400,True,True,True,True,True
27015086,PRCDC_0807000,True,True,True,True,True
27015086,PY17X_1226400,True,True,True,True,True
27022937,PBANKA_1229000,True,True,True,True,True
27022937,PF3D7_0532300,True,True,True,True,True
27022937,PBANKA_1145400,True,True,True,True,True
27038925,PmUG01_07015700,True,True,True,True,True
27038925,PF3D7_0904200,True,True,True,True,True
27038925,PBANKA_0417200,True,True,True,True,True
27038925,PGAL8A_00416700,True,True,True,True,True
27038925,PKNH_0701900,True,True,True,True,True
27038925,PY17X_0420000,True,True,True,True,True
27038925,PCHAS_0418100,True,True,True,True,True
27038925,PocGH01_07011600,True,True,True,True,True
27038925,PRCDC_0902300,True,True,True,True,True
27038925,PRELSG_0701400,True,True,True,True,True
27038925,PVP01_0702600,True,True,True,True,True
27048799,Afu3g07900,True,True,True,True,True
27048799,Afu3g07890,True,True,True,True,True
27048799,Afu3g07860,True,True,True,True,True
27048799,Afu3g07870,True,True,True,True,True
27053680,PCHAS_1222850,True,True,True,True,True
27053680,PVP01_0111950,True,True,True,True,True
27053680,PBANKA_1222200,True,True,True,True,True
27053680,PRCDC_0808050,True,True,True,True,True
27053680,PY17X_1225400,True,True,True,True,True
27053680,PKNH_0110250,True,True,True,True,True
27053680,PF3D7_0808450,True,True,True,True,True
27121004,PKNH_0715000,True,True,True,True,True
27121004,PRCDC_0915000,True,True,True,True,True
27121004,PVP01_0715400,True,True,True,True,True
27121004,PY17X_0821300,True,True,True,True,True
27121004,PF3D7_0917000,True,True,True,True,True
27121004,PBANKA_0818000,True,True,True,True,True
27121004,PCHAS_0818300,True,True,True,True,True
27151551,PKNH_0201600,True,True,True,True,True
27151551,PY17X_0203200,True,True,True,True,True
27151551,PCHAS_0200200,True,True,True,True,True
27151551,PGAL8A_00107700,True,True,True,True,True
27151551,PRELSG_0205300,True,True,True,True,True
27151551,PmUG01_02012100,True,True,True,True,True
27151551,PVP01_0203200,True,True,True,True,True
27151551,PBANKA_0201800,True,True,True,True,True
27151551,PocGH01_02010400,True,True,True,True,True
27151551,PRCDC_0109700,True,True,True,True,True
27151551,PF3D7_0112000,True,True,True,True,True
27199954,PBANKA_0940200,True,True,True,True,True
27199954,PKNH_0904300,True,True,True,True,True
27199954,PVP01_0907500,True,True,True,True,True
27199954,PocGH01_09013400,True,True,True,True,True
27199954,PY17X_0942700,True,True,True,True,True
27199954,PCHAS_0904100,True,True,True,True,True
27199954,PGAL8A_00334000,True,True,True,True,True
27199954,PRCDC_1105200,True,True,True,True,True
27199954,PF3D7_1106700,True,True,True,True,True
27199954,PmUG01_09016300,True,True,True,True,True
27199954,PRELSG_0903900,True,True,True,True,True
27199954,TGME49_257180,True,True,True,True,True
27199954,TGME49_261610,True,True,True,True,True
27225796,PY17X_1147700,True,True,True,True,True
27225796,PBANKA_1145900,True,True,True,True,True
27225796,PBANKA_1145800,True,True,True,True,True
27225796,PY17X_1102400,True,True,True,True,True
27225796,PCHAS_1145400,True,True,True,True,True
27225796,PY17X_1147600,True,True,True,True,True
27225796,PBANKA_1101300,True,True,True,True,True
27225796,PCHAS_1145300,True,True,True,True,True
27225796,PCHAS_1101000,True,True,True,True,True
27253881,PocGH01_13039500,True,True,True,True,True
27253881,PmUG01_13038600,True,True,True,True,True
27253881,PGAL8A_00292100,True,True,True,True,True
27253881,PVP01_1328600,True,True,True,True,True
27253881,PF3D7_1420300,True,True,True,True,True
27253881,PCHAS_1023700,True,True,True,True,True
27253881,PBANKA_1022900,True,True,True,True,True
27253881,PRCDC_1419600,True,True,True,True,True
27253881,PKNH_1337700,True,True,True,True,True
27253881,PY17X_1024800,True,True,True,True,True
27253881,PRELSG_1330700,True,True,True,True,True
27277538,PocGH01_14076200,True,True,True,True,True
27277538,PY17X_1467200,True,True,True,True,True
27277538,PCHAS_1355300,True,True,True,True,True
27277538,PF3D7_1336900,True,True,True,True,True
27277538,PVP01_1217800,True,True,True,True,True
27277538,PmUG01_14084900,True,True,True,True,True
27277538,PocGH01_12026100,True,True,True,True,True
27277538,PCHAS_1466900,True,True,True,True,True
27277538,PKNH_1471700,True,True,True,True,True
27277538,PVP01_1468800,True,True,True,True,True
27277538,PmUG01_12027900,True,True,True,True,True
27277538,PBANKA_1464700,True,True,True,True,True
27277538,PRCDC_1251100,True,True,True,True,True
27277538,PKNH_1264400,True,True,True,True,True
27277538,PBANKA_1350700,True,True,True,True,True
27277538,PRCDC_1335900,True,True,True,True,True
27277538,PY17X_1355800,True,True,True,True,True
27277538,PF3D7_1251700,True,True,True,True,True
27303695,PGAL8A_00437700,True,True,True,True,True
27303695,PmUG01_07036400,True,True,True,True,True
27303695,PF3D7_0924900,True,True,True,True,True
27303695,PRELSG_0722500,True,True,True,True,True
27303695,PVP01_0723400,True,True,True,True,True
27303695,PocGH01_07032300,True,True,True,True,True
27303695,PRCDC_0922900,True,True,True,True,True
27303695,PKNH_0722800,True,True,True,True,True
27303712,PBANKA_1432700,True,True,True,True,True
27303712,PY17X_1435100,True,True,True,True,True
27303712,PCHAS_1434700,True,True,True,True,True
27303712,PVP01_1435900,True,True,True,True,True
27303712,PRCDC_1216400,True,True,True,True,True
27303712,PKNH_1436700,True,True,True,True,True
27303712,PF3D7_1217100,True,True,True,True,True
27324377,PVP01_1105900,True,True,True,True,True
27324377,PRELSG_1104400,True,True,True,True,True
27324377,PY17X_1143300,True,True,True,True,True
27324377,PRCDC_1365000,True,True,True,True,True
27324377,PF3D7_1366100,True,True,True,True,True
27324377,PocGH01_11014500,True,True,True,True,True
27324377,PmUG01_11020100,True,True,True,True,True
27324377,PCHAS_1141400,True,True,True,True,True
27324377,TGME49_295450,True,True,True,True,True
27324377,PGAL8A_00172600,True,True,True,True,True
27324377,PKNH_1105200,True,True,True,True,True
27324377,PBANKA_1141900,True,True,True,True,True
27324409,PF3D7_1318200,True,True,True,True,True
27324409,PBANKA_1416700,True,True,True,True,True
27324409,PCHAS_1418500,True,True,True,True,True
27324409,PVP01_1419100,True,True,True,True,True
27324409,PRCDC_1317200,True,True,True,True,True
27324409,PRELSG_1416100,True,True,True,True,True
27324409,PmUG01_14034900,True,True,True,True,True
27324409,PKNH_1418900,True,True,True,True,True
27324409,PocGH01_14026300,True,True,True,True,True
27339728,PGAL8A_00512700,True,True,True,True,True
27339728,PVP01_1417300,True,True,True,True,True
27339728,PocGH01_14024500,True,True,True,True,True
27339728,PKNH_1417100,True,True,True,True,True
27339728,PCHAS_1416700,True,True,True,True,True
27339728,PRCDC_1315400,True,True,True,True,True
27339728,PRELSG_1414300,True,True,True,True,True
27339728,PF3D7_1316400,True,True,True,True,True
27339728,PBANKA_1414900,True,True,True,True,True
27339728,PY17X_1416600,True,True,True,True,True
27339728,PmUG01_14033100,True,True,True,True,True
27348424,PocGH01_10027700,True,True,True,True,True
27348424,PRELSG_1018200,True,True,True,True,True
27348424,PmUG01_10030800,True,True,True,True,True
27348424,PF3D7_0513800,True,True,True,True,True
27348424,PY17X_1114600,True,True,True,True,True
27348424,PRCDC_0001200,True,True,True,True,True
27348424,PGAL8A_00035300,True,True,True,True,True
27348424,PCHAS_1113100,True,True,True,True,True
27348424,PBANKA_1113500,True,True,True,True,True
27348424,PVP01_1020100,True,True,True,True,True
27348424,PKNH_1019300,True,True,True,True,True
27387533,PCHAS_0517000,True,True,True,True,True
27387533,PY17X_0518000,True,True,True,True,True
27387533,PBANKA_0516900,True,True,True,True,True
27484902,PBANKA_1026600,True,True,True,True,True
27484902,PRELSG_1335000,True,True,True,True,True
27484902,PRCDC_1415400,True,True,True,True,True
27484902,PVP01_1332800,True,True,True,True,True
27484902,PY17X_1029000,True,True,True,True,True
27484902,PF3D7_1416100,True,True,True,True,True
27484902,PKNH_1342000,True,True,True,True,True
27484902,PmUG01_13042300,True,True,True,True,True
27484902,PCHAS_1027400,True,True,True,True,True
27484902,PocGH01_13043700,True,True,True,True,True
27486190,TGME49_226380,True,True,True,True,True
27486190,TGME49_236890,True,True,True,True,True
27486190,TGME49_219810,True,True,True,True,True
27486190,TGME49_312420,True,True,True,True,True
27486190,TGME49_290700,True,True,True,True,True
27486190,TGME49_220240,True,True,True,True,True
27486190,TGME49_212300,True,True,True,True,True
27486190,TGME49_237880,True,True,True,True,True
27486190,TGME49_247440,True,True,True,True,True
27486190,TGME49_269690,True,True,True,True,True
27486190,TGME49_213067,True,True,True,True,True
27486190,TGME49_203290,True,True,True,True,True
27486190,TGME49_232000,True,True,True,True,True
27486190,TGME49_289380,True,True,True,True,True
27492357,PF3D7_0311600,True,True,True,True,True
27492357,PY17X_1227500,True,True,True,True,True
27492357,PF3D7_0919600,True,True,True,True,True
27492357,PCHAS_1224900,True,True,True,True,True
27492357,PKNH_0112500,True,True,True,True,True
27492357,PBANKA_1224300,True,True,True,True,True
27492357,PmUG01_01025600,True,True,True,True,True
27492357,PGAL8A_00108900,True,True,True,True,True
27492357,PVP01_0114100,True,True,True,True,True
27492357,PocGH01_01021800,True,True,True,True,True
27492357,PRCDC_0806000,True,True,True,True,True
27492357,PRELSG_0111700,True,True,True,True,True
27492357,PF3D7_0806400,True,True,True,True,True
27516964,PBANKA_1030000,True,True,True,True,True
27516964,PBANKA_0603200,True,True,True,True,True
27516964,PY17X_0605700,True,True,True,True,True
27516964,PCHAS_0605000,True,True,True,True,True
27555062,PKNH_1132500,True,True,True,True,True
27555062,PCHAS_1116600,True,True,True,True,True
27555062,PRCDC_0616300,True,True,True,True,True
27555062,PmUG01_11045700,True,True,True,True,True
27555062,PRELSG_1130500,True,True,True,True,True
27555062,PVP01_1131600,True,True,True,True,True
27555062,PGAL8A_00146300,True,True,True,True,True
27555062,PF3D7_0617900,True,True,True,True,True
27555062,PY17X_1118200,True,True,True,True,True
27577684,CNG03015,True,True,True,True,True
27577684,CNF01510,True,True,True,True,True
27577684,CNAG_05829,True,True,True,True,True
27577684,CNC02960,True,True,True,True,True
27577684,CNAG_03276,True,True,True,True,True
27594426,PCHAS_0514300,True,True,True,True,True
27594426,PGAL8A_00489500,True,True,True,True,True
27594426,PmUG01_10041400,True,True,True,True,True
27594426,TGME49_265790,True,True,True,True,True
27594426,PocGH01_06023200,True,True,True,True,True
27594426,PKNH_0614900,True,True,True,True,True
27594426,PF3D7_1030200,True,True,True,True,True
27594426,PRCDC_1029500,True,True,True,True,True
27594426,PRELSG_0613900,True,True,True,True,True
27594426,PVP01_0615300,True,True,True,True,True
27594426,PY17X_0515300,True,True,True,True,True
27604988,PmUG01_05040000,True,True,True,True,True
27604988,PGAL8A_00193600,True,True,True,True,True
27604988,PRELSG_0517900,True,True,True,True,True
27604988,PBANKA_0523800,True,True,True,True,True
27604988,PY17X_0525200,True,True,True,True,True
27604988,PocGH01_05033700,True,True,True,True,True
27604988,PCHAS_0524000,True,True,True,True,True
27644319,PmUG01_13022900,True,True,True,True,True
27644319,PY17X_1024500,True,True,True,True,True
27644319,PCHAS_0613100,True,True,True,True,True
27644319,PY17X_0613900,True,True,True,True,True
27644319,PBANKA_0611400,True,True,True,True,True
27644319,PBANKA_1022600,True,True,True,True,True
27644319,PVP01_1312100,True,True,True,True,True
27644319,PRELSG_1313600,True,True,True,True,True
27644319,PocGH01_13022900,True,True,True,True,True
27644319,PCHAS_1023400,True,True,True,True,True
27644319,PKNH_0424100,True,True,True,True,True
27644319,PGAL8A_00309000,True,True,True,True,True
27644319,PRCDC_1436700,True,True,True,True,True
27649508,Afu6g07980,True,True,True,True,True
27649508,Afu2g06140,True,True,True,True,True
27649508,Afu4g04720,True,True,True,True,True
27649508,Afu3g09670,True,True,True,True,True
27649508,Afu1g04950,True,True,True,True,True
27649508,Afu1g12960,True,True,True,True,True
27649508,Afu4g06530,True,True,True,True,True
27649508,Afu3g14150,True,True,True,True,True
27649508,Afu6g05150,True,True,True,True,True
27653778,PF3D7_1301700,True,True,True,True,True
27653778,PF3D7_0113900,True,True,True,True,True
27653778,PRCDC_0112100,True,True,True,True,True
27653778,PRCDC_1300600,True,True,True,True,True
27696623,TGME49_259630,True,True,True,True,True
27696623,TGME49_202930,True,True,True,True,True
27696623,TGME49_239800,True,True,True,True,True
27696623,TGME49_243200,True,True,True,True,True
27696623,TGME49_294340,True,True,True,True,True
27696623,TGME49_239400,True,True,True,True,True
27696623,TGME49_229640,True,True,True,True,True
27696623,TGME49_267620,True,True,True,True,True
27696623,TGME49_272520,True,True,True,True,True
27696623,PF3D7_0510300,True,True,True,True,True
27696623,TGME49_230850,True,True,True,True,True
27696623,TGME49_315750,True,True,True,True,True
27732628,PKNH_0623600,True,True,True,True,True
27732628,PKNH_1032400,True,True,True,True,True
27732628,PVP01_1033600,True,True,True,True,True
27809775,PF3D7_1408400,True,True,True,True,True
27809775,PY17X_1036500,True,True,True,True,True
27809775,PCHAS_1034900,True,True,True,True,True
27809775,PmUG01_13050100,True,True,True,True,True
27809775,PBANKA_1034100,True,True,True,True,True
27809775,PRCDC_1407700,True,True,True,True,True
27809775,PocGH01_13051500,True,True,True,True,True
27809775,PRELSG_1342800,True,True,True,True,True
27809775,PVP01_1340600,True,True,True,True,True
27809775,PKNH_1350000,True,True,True,True,True
27809775,PGAL8A_00279900,True,True,True,True,True
27888074,PBANKA_1204200,True,True,True,True,True
27888074,PRELSG_0803800,True,True,True,True,True
27888074,PBANKA_0214500,True,True,True,True,True
27888074,PVP01_0216100,True,True,True,True,True
27888074,PY17X_0215900,True,True,True,True,True
27888074,PY17X_1207400,True,True,True,True,True
27888074,PRCDC_1005400,True,True,True,True,True
27888074,PmUG01_02025000,True,True,True,True,True
27888074,PocGH01_08013900,True,True,True,True,True
27888074,PGAL8A_00382200,True,True,True,True,True
27888074,PF3D7_1006000,True,True,True,True,True
27888074,PKNH_0804800,True,True,True,True,True
27888074,TGME49_293470,True,True,True,True,True
27888074,PGAL8A_00094500,True,True,True,True,True
27888074,PmUG01_08021800,True,True,True,True,True
27888074,PocGH01_02023300,True,True,True,True,True
27888074,PKNH_0215300,True,True,True,True,True
27888074,PCHAS_0212900,True,True,True,True,True
27888074,PF3D7_0730400,True,True,True,True,True
27888074,PRCDC_0727200,True,True,True,True,True
27888074,PVP01_0805700,True,True,True,True,True
27888074,PRELSG_0218800,True,True,True,True,True
27888074,PCHAS_1204900,True,True,True,True,True
27982038,PKNH_1242800,True,True,True,True,True
27982038,PGAL8A_00198700,True,True,True,True,True
27982038,PRELSG_0943900,True,True,True,True,True
27982038,PmUG01_12077500,True,True,True,True,True
27982038,PKNH_0944400,True,True,True,True,True
27982038,PocGH01_09052600,True,True,True,True,True
27982038,PF3D7_1146600,True,True,True,True,True
27982038,PGAL8A_00374000,True,True,True,True,True
27982038,PBANKA_1303400,True,True,True,True,True
27982038,PocGH01_12075300,True,True,True,True,True
27982038,PRELSG_1241500,True,True,True,True,True
27982038,PCHAS_0703800,True,True,True,True,True
27982038,PY17X_0903900,True,True,True,True,True
27982038,PY17X_1307200,True,True,True,True,True
27982038,PRCDC_1144900,True,True,True,True,True
27982038,PBANKA_0902500,True,True,True,True,True
27982038,PVP01_0947200,True,True,True,True,True
27982038,PRCDC_1438800,True,True,True,True,True
27982038,PCHAS_1306600,True,True,True,True,True
27982038,PVP01_1267500,True,True,True,True,True
27982038,PF3D7_1439500,True,True,True,True,True
27982038,PmUG01_09055500,True,True,True,True,True
28057055,PCHAS_1118700,True,True,True,True,True
28057055,PKNH_1130900,True,True,True,True,True
28057055,PRCDC_0618400,True,True,True,True,True
28057055,PVP01_1129500,True,True,True,True,True
28057055,PGAL8A_00148400,True,True,True,True,True
28057055,PRELSG_1128400,True,True,True,True,True
28057055,PKNH_1130300,True,True,True,True,True
28057055,PF3D7_0620000,True,True,True,True,True
28057055,PY17X_1120300,True,True,True,True,True
28057055,PBANKA_1119200,True,True,True,True,True
28057055,PocGH01_11037300,True,True,True,True,True
28057055,PmUG01_11043600,True,True,True,True,True
28067322,PY17X_0912300,True,True,True,True,True
28067322,PF3D7_1137800,True,True,True,True,True
28067322,PKNH_0936000,True,True,True,True,True
28067322,PRELSG_0935500,True,True,True,True,True
28067322,PCHAS_0712200,True,True,True,True,True
28067322,PRCDC_1136200,True,True,True,True,True
28067322,PVP01_0938800,True,True,True,True,True
28067322,PocGH01_09044300,True,True,True,True,True
28067322,PBANKA_0910900,True,True,True,True,True
28067322,PmUG01_09047200,True,True,True,True,True
28067322,PGAL8A_00365500,True,True,True,True,True
28081440,PKNH_1234300,True,True,True,True,True
28081440,PBANKA_1363700,True,True,True,True,True
28081440,PCHAS_1121300,True,True,True,True,True
28081440,PF3D7_0516800,True,True,True,True,True
28081440,PBANKA_1015500,True,True,True,True,True
28081440,PKNH_1329500,True,True,True,True,True
28081440,PGAL8A_00054700,True,True,True,True,True
28081440,PocGH01_03011500,True,True,True,True,True
28081440,PmUG01_13030900,True,True,True,True,True
28081440,PCHAS_1368300,True,True,True,True,True
28081440,PRELSG_1321900,True,True,True,True,True
28081440,PBANKA_1231600,True,True,True,True,True
28081440,PmUG01_03014100,True,True,True,True,True
28081440,PVP01_1320200,True,True,True,True,True
28081440,PRELSG_1246900,True,True,True,True,True
28081440,PVP01_0303400,True,True,True,True,True
28081440,PVP01_1203900,True,True,True,True,True
28081440,PRELSG_1015100,True,True,True,True,True
28081440,PRCDC_0515900,True,True,True,True,True
28081440,PF3D7_1429200,True,True,True,True,True
28081440,PGAL8A_00300800,True,True,True,True,True
28081440,PBANKA_1121800,True,True,True,True,True
28081440,PKNH_1016500,True,True,True,True,True
28081440,PVP01_1017200,True,True,True,True,True
28081440,PKNH_0302100,True,True,True,True,True
28081440,PCHAS_1002700,True,True,True,True,True
28081440,PGAL8A_00262000,True,True,True,True,True
28081440,PRCDC_0401700,True,True,True,True,True
28081440,PmUG01_10027900,True,True,True,True,True
28081440,PF3D7_0404100,True,True,True,True,True
28081440,PocGH01_13031000,True,True,True,True,True
28081440,PCHAS_1016300,True,True,True,True,True
28081440,PF3D7_1350900,True,True,True,True,True
28081440,PocGH01_10024800,True,True,True,True,True
28081440,PRCDC_1349900,True,True,True,True,True
28081440,PRCDC_1428500,True,True,True,True,True
28081440,PRELSG_0301300,True,True,True,True,True
28081440,PGAL8A_00038300,True,True,True,True,True
28081440,PocGH01_12012300,True,True,True,True,True
28081440,PKNH_1469600,True,True,True,True,True
28081440,PmUG01_12014000,True,True,True,True,True
28081440,PBANKA_1001800,True,True,True,True,True
28081440,PCHAS_1232200,True,True,True,True,True
28107409,PRELSG_1403400,True,True,True,True,True
28107409,PY17X_1405800,True,True,True,True,True
28107409,PVP01_1406500,True,True,True,True,True
28107409,PCHAS_1406000,True,True,True,True,True
28107409,PRCDC_1304600,True,True,True,True,True
28107409,PmUG01_14022300,True,True,True,True,True
28107409,PGAL8A_00501700,True,True,True,True,True
28107409,PF3D7_1305600,True,True,True,True,True
28107409,PocGH01_14013700,True,True,True,True,True
28107409,PBANKA_1404100,True,True,True,True,True
28107409,PKNH_1405800,True,True,True,True,True
28115054,PBANKA_0707900,True,True,True,True,True
28115054,PCHAS_0717200,True,True,True,True,True
28115054,PGAL8A_00115900,True,True,True,True,True
28115054,PY17X_0708200,True,True,True,True,True
28115054,PVP01_0511600,True,True,True,True,True
28115054,PKNH_1316700,True,True,True,True,True
28115054,PRELSG_0501100,True,True,True,True,True
28115054,PF3D7_0822700,True,True,True,True,True
28115054,PmUG01_05023300,True,True,True,True,True
28115054,PRCDC_0822000,True,True,True,True,True
28115054,PocGH01_05018100,True,True,True,True,True
28118506,PBANKA_1449300,True,True,True,True,True
28118506,PVP01_1452800,True,True,True,True,True
28118506,PKNH_1454100,True,True,True,True,True
28118506,PCHAS_1451600,True,True,True,True,True
28118506,PF3D7_1234700,True,True,True,True,True
28118506,PY17X_1451800,True,True,True,True,True
28118506,PRCDC_1233900,True,True,True,True,True
28168222,PocGH01_12038200,True,True,True,True,True
28168222,PmUG01_12040300,True,True,True,True,True
28168222,PRCDC_1323400,True,True,True,True,True
28168222,PCHAS_1344200,True,True,True,True,True
28168222,PVP01_1230200,True,True,True,True,True
28168222,PY17X_1344300,True,True,True,True,True
28168222,PGAL8A_00236300,True,True,True,True,True
28168222,TGME49_254250,True,True,True,True,True
28168222,PF3D7_1324400,True,True,True,True,True
28168222,PBANKA_1339600,True,True,True,True,True
28168222,PRELSG_1203900,True,True,True,True,True
28168222,PKNH_1204400,True,True,True,True,True
28211852,PGAL8A_00399100,True,True,True,True,True
28211852,PRELSG_0411600,True,True,True,True,True
28211852,PRCDC_0316500,True,True,True,True,True
28211852,PBANKA_0808000,True,True,True,True,True
28211852,PmUG01_08038900,True,True,True,True,True
28211852,PVP01_0822900,True,True,True,True,True
28211852,PKNH_0824600,True,True,True,True,True
28211852,PF3D7_0317200,True,True,True,True,True
28211852,PocGH01_08031300,True,True,True,True,True
28211852,PCHAS_0808300,True,True,True,True,True
28211852,PY17X_0811200,True,True,True,True,True
28232818,PRCDC_0504700,True,True,True,True,True
28232818,PRCDC_1426800,True,True,True,True,True
28232818,PocGH01_10036000,True,True,True,True,True
28232818,PocGH01_01014500,True,True,True,True,True
28232818,PF3D7_0706700,True,True,True,True,True
28232818,PCHAS_0804600,True,True,True,True,True
28232818,PRELSG_1323600,True,True,True,True,True
28232818,PGAL8A_00026700,True,True,True,True,True
28232818,PRELSG_1027000,True,True,True,True,True
28232818,PCHAS_0208800,True,True,True,True,True
28232818,PmUG01_02020900,True,True,True,True,True
28232818,PKNH_1028100,True,True,True,True,True
28232818,PRCDC_0704900,True,True,True,True,True
28232818,PBANKA_0210400,True,True,True,True,True
28232818,PmUG01_13032600,True,True,True,True,True
28232818,PY17X_1106200,True,True,True,True,True
28232818,PGAL8A_00046800,True,True,True,True,True
28232818,PCHAS_1017900,True,True,True,True,True
28232818,PF3D7_1427500,True,True,True,True,True
28232818,PGAL8A_00098600,True,True,True,True,True
28232818,PRELSG_0104600,True,True,True,True,True
28232818,PVP01_1321800,True,True,True,True,True
28232818,PBANKA_1105100,True,True,True,True,True
28232818,PY17X_1018600,True,True,True,True,True
28232818,PY17X_0807000,True,True,True,True,True
28232818,PF3D7_0726300,True,True,True,True,True
28232818,PmUG01_01018200,True,True,True,True,True
28232818,PVP01_0106900,True,True,True,True,True
28232818,PKNH_0105200,True,True,True,True,True
28232818,PF3D7_0505500,True,True,True,True,True
28232818,PGAL8A_00299000,True,True,True,True,True
28232818,PmUG01_06019400,True,True,True,True,True
28232818,PKNH_0210900,True,True,True,True,True
28232818,PRELSG_0214600,True,True,True,True,True
28232818,PRCDC_0723100,True,True,True,True,True
28232818,PVP01_0212000,True,True,True,True,True
28232818,PVP01_1028500,True,True,True,True,True
28232818,PCHAS_1104800,True,True,True,True,True
28232818,PocGH01_13032600,True,True,True,True,True
28232818,PBANKA_1017100,True,True,True,True,True
28232818,PKNH_1331200,True,True,True,True,True
28252384,PocGH01_07012800,True,True,True,True,True
28252384,PRELSG_0702600,True,True,True,True,True
28252384,PKNH_0703100,True,True,True,True,True
28252384,PCHAS_0416900,True,True,True,True,True
28252384,PBANKA_0416000,True,True,True,True,True
28252384,PVP01_0703800,True,True,True,True,True
28252384,PmUG01_07016900,True,True,True,True,True
28252384,PF3D7_0905400,True,True,True,True,True
28252384,PRCDC_0903500,True,True,True,True,True
28252384,PY17X_0418800,True,True,True,True,True
28256794,PmUG01_10026800,True,True,True,True,True
28256794,PVP01_1016100,True,True,True,True,True
28256794,PGAL8A_00039400,True,True,True,True,True
28256794,PKNH_1015400,True,True,True,True,True
28256794,PRELSG_1014000,True,True,True,True,True
28351409,PVP01_0814200,True,True,True,True,True
28351409,PCHAS_1213200,True,True,True,True,True
28351409,PRELSG_0812000,True,True,True,True,True
28351409,PKNH_0814000,True,True,True,True,True
28351409,PmUG01_08030100,True,True,True,True,True
28351409,PBANKA_1212500,True,True,True,True,True
28351409,PocGH01_08022500,True,True,True,True,True
28351409,PRCDC_1013500,True,True,True,True,True
28351409,PGAL8A_00390300,True,True,True,True,True
28351409,PY17X_1215700,True,True,True,True,True
28351924,PF3D7_0416500,True,True,True,True,True
28351924,PRCDC_0414000,True,True,True,True,True
28351924,PKNH_0508900,True,True,True,True,True
28351924,PCHAS_0727600,True,True,True,True,True
28351924,PmUG01_05034000,True,True,True,True,True
28351924,PVP01_0525900,True,True,True,True,True
28351924,PY17X_0718700,True,True,True,True,True
28351924,PGAL8A_00090000,True,True,True,True,True
28351924,PRELSG_0511800,True,True,True,True,True
28351924,PBANKA_0718500,True,True,True,True,True
28420736,NCU04731,True,True,True,True,True
28420736,NCU01871,True,True,True,True,True
28420736,NCU11245,True,True,True,True,True
28420736,NCU02624,True,True,True,True,True
28420736,NCU01928,True,True,True,True,True
28420736,NCU03740,True,True,True,True,True
28420736,NCU05278,True,True,True,True,True
28420736,NCU03459,True,True,True,True,True
28420736,NCU02676,True,True,True,True,True
28420736,NCU06402,True,True,True,True,True
28420736,NCU08280,True,True,True,True,True
28420736,NCU06207,True,True,True,True,True
28420736,NCU00568,True,True,True,True,True
28420736,NCU08762,True,True,True,True,True
28420736,NCU03675,True,True,True,True,True
28430827,PGAL8A_00466400,True,True,True,True,True
28430827,PKNH_1465400,True,True,True,True,True
28430827,PocGH01_14070300,True,True,True,True,True
28430827,PY17X_1461500,True,True,True,True,True
28430827,TGME49_214180,True,True,True,True,True
28430827,PBANKA_1458900,True,True,True,True,True
28430827,PmUG01_14078900,True,True,True,True,True
28430827,PVP01_1462800,True,True,True,True,True
28430827,PCHAS_1461200,True,True,True,True,True
28430827,PRCDC_1245200,True,True,True,True,True
28430827,PF3D7_1245800,True,True,True,True,True
28430827,PRELSG_1460800,True,True,True,True,True
28454557,PVP01_0607800,True,True,True,True,True
28454557,PKNH_0606900,True,True,True,True,True
28454557,PF3D7_1022600,True,True,True,True,True
28454557,PocGH01_06015700,True,True,True,True,True
28454557,PGAL8A_00481900,True,True,True,True,True
28454557,PCHAS_0506900,True,True,True,True,True
28454557,PY17X_0507900,True,True,True,True,True
28454557,PRCDC_1022000,True,True,True,True,True
28454557,PmUG01_10033800,True,True,True,True,True
28454557,PBANKA_0506800,True,True,True,True,True
28454557,PRELSG_0606300,True,True,True,True,True
28472331,PVP01_0832700,True,True,True,True,True
28472331,PCHAS_0406700,True,True,True,True,True
28472331,PmUG01_08048700,True,True,True,True,True
28472331,PY17X_0408100,True,True,True,True,True
28472331,PBANKA_0405800,True,True,True,True,True
28472331,PF3D7_0307500,True,True,True,True,True
28472331,PRCDC_0306800,True,True,True,True,True
28472331,PocGH01_08040800,True,True,True,True,True
28472331,PKNH_0835200,True,True,True,True,True
28472331,PGAL8A_00006900,True,True,True,True,True
28472331,PRELSG_0828100,True,True,True,True,True
28481199,PY17X_1308300,True,True,True,True,True
28481199,PCHAS_1444300,True,True,True,True,True
28481199,PCHAS_1102600,True,True,True,True,True
28481199,PGAL8A_00199800,True,True,True,True,True
28481199,PCHAS_0729200,True,True,True,True,True
28481199,PBANKA_1102900,True,True,True,True,True
28481199,PKNH_1446900,True,True,True,True,True
28481199,PKNH_1030700,True,True,True,True,True
28481199,PY17X_1444700,True,True,True,True,True
28481199,PGAL8A_00091600,True,True,True,True,True
28481199,PF3D7_1227500,True,True,True,True,True
28481199,PKNH_0510500,True,True,True,True,True
28481199,PRELSG_0513400,True,True,True,True,True
28481199,PBANKA_0720200,True,True,True,True,True
28481199,PBANKA_1442200,True,True,True,True,True
28481199,PY17X_1104000,True,True,True,True,True
28481199,PmUG01_14061800,True,True,True,True,True
28481199,PVP01_1031800,True,True,True,True,True
28481199,PRELSG_1029300,True,True,True,True,True
28481199,PGAL8A_00128600,True,True,True,True,True
28481199,PGAL8A_00024400,True,True,True,True,True
28481199,PVP01_1266400,True,True,True,True,True
28481199,PF3D7_0418100,True,True,True,True,True
28481199,PRCDC_0415600,True,True,True,True,True
28481199,PocGH01_05029300,True,True,True,True,True
28481199,PRCDC_1439900,True,True,True,True,True
28481199,PY17X_0720200,True,True,True,True,True
28481199,PocGH01_10039300,True,True,True,True,True
28481199,PocGH01_14053200,True,True,True,True,True
28481199,PocGH01_12074200,True,True,True,True,True
28481199,PBANKA_1304500,True,True,True,True,True
28481199,PRELSG_1443100,True,True,True,True,True
28481199,PVP01_0527500,True,True,True,True,True
28481199,PRELSG_1240400,True,True,True,True,True
28481199,PRCDC_0502500,True,True,True,True,True
28481199,PCHAS_1307700,True,True,True,True,True
28481199,PF3D7_1440600,True,True,True,True,True
28481199,PKNH_1241700,True,True,True,True,True
28481199,PRCDC_1226800,True,True,True,True,True
28481199,PmUG01_06023100,True,True,True,True,True
28481199,PmUG01_12076400,True,True,True,True,True
28481199,PF3D7_0503200,True,True,True,True,True
28481199,PVP01_1445700,True,True,True,True,True
28481199,PmUG01_05035600,True,True,True,True,True
28525314,PCHAS_0607600,True,True,True,True,True
28525314,PVP01_1306400,True,True,True,True,True
28525314,PKNH_1307200,True,True,True,True,True
28525314,PocGH01_13017200,True,True,True,True,True
28525314,PRCDC_1206600,True,True,True,True,True
28525314,PmUG01_13017200,True,True,True,True,True
28525314,PF3D7_1207300,True,True,True,True,True
28525314,PBANKA_0605800,True,True,True,True,True
28525314,PY17X_0608300,True,True,True,True,True
28525314,PRELSG_0020600,True,True,True,True,True
28525314,PGAL8A_00314700,True,True,True,True,True
28552953,PBANKA_0833000,True,True,True,True,True
28552953,PCHAS_0833300,True,True,True,True,True
28552953,PY17X_0836400,True,True,True,True,True
28559405,PRCDC_0506500,True,True,True,True,True
28559405,PY17X_1108000,True,True,True,True,True
28559405,PGAL8A_00028400,True,True,True,True,True
28559405,PCHAS_1106600,True,True,True,True,True
28559405,PBANKA_1106900,True,True,True,True,True
28559405,PocGH01_10034200,True,True,True,True,True
28559405,PmUG01_06017600,True,True,True,True,True
28559405,PKNH_1026300,True,True,True,True,True
28559405,PVP01_1026700,True,True,True,True,True
28559405,PRELSG_1025200,True,True,True,True,True
28559405,PF3D7_0507300,True,True,True,True,True
28578314,PocGH01_13044100,True,True,True,True,True
28578314,PmUG01_13042700,True,True,True,True,True
28578314,PVP01_1333200,True,True,True,True,True
28578314,PRELSG_1335400,True,True,True,True,True
28578314,PGAL8A_00287300,True,True,True,True,True
28578314,PBANKA_1027000,True,True,True,True,True
28578314,PKNH_1342400,True,True,True,True,True
28578314,PF3D7_1415700,True,True,True,True,True
28578314,PY17X_1029400,True,True,True,True,True
28578314,PCHAS_1027800,True,True,True,True,True
28578314,PRCDC_1415000,True,True,True,True,True
28593938,PmUG01_13038700,True,True,True,True,True
28593938,PKNH_1337800,True,True,True,True,True
28593938,PCHAS_1023800,True,True,True,True,True
28593938,PocGH01_13039600,True,True,True,True,True
28593938,PRELSG_1330800,True,True,True,True,True
28593938,TGME49_249480,True,True,True,True,True
28593938,PF3D7_1420200,True,True,True,True,True
28593938,PRCDC_1419500,True,True,True,True,True
28593938,PY17X_1024900,True,True,True,True,True
28593938,PBANKA_1023000,True,True,True,True,True
28593938,PGAL8A_00292000,True,True,True,True,True
28593938,PVP01_1328700,True,True,True,True,True
28618269,PCHAS_1206600,True,True,True,True,True
28618269,PKNH_0806500,True,True,True,True,True
28618269,PVP01_0807400,True,True,True,True,True
28618269,PGAL8A_00383800,True,True,True,True,True
28618269,PBANKA_1205900,True,True,True,True,True
28618269,PF3D7_1007700,True,True,True,True,True
28618269,PY17X_1209100,True,True,True,True,True
28618269,PRELSG_0805400,True,True,True,True,True
28618269,PmUG01_08023500,True,True,True,True,True
28618269,PRCDC_1007100,True,True,True,True,True
28618269,PocGH01_08015600,True,True,True,True,True
28676844,PRCDC_0815400,True,True,True,True,True
28676844,PVP01_0311700,True,True,True,True,True
28676844,PBANKA_0613600,True,True,True,True,True
28676844,PCHAS_0615300,True,True,True,True,True
28676844,PCHAS_0802700,True,True,True,True,True
28676844,PCHAS_0723800,True,True,True,True,True
28676844,PGAL8A_00063000,True,True,True,True,True
28676844,PmUG01_01016200,True,True,True,True,True
28676844,PRELSG_0507900,True,True,True,True,True
28676844,PF3D7_0816100,True,True,True,True,True
28676844,PKNH_0103200,True,True,True,True,True
28676844,PocGH01_05024800,True,True,True,True,True
28676844,PocGH01_01012500,True,True,True,True,True
28676844,PKNH_0504300,True,True,True,True,True
28676844,PmUG01_05031000,True,True,True,True,True
28676844,PF3D7_1102400,True,True,True,True,True
28676844,PBANKA_0714700,True,True,True,True,True
28676844,PVP01_0519200,True,True,True,True,True
28676844,PRELSG_0102600,True,True,True,True,True
28676844,PY17X_0616300,True,True,True,True,True
28676844,PVP01_0104900,True,True,True,True,True
28676844,PKNH_0310500,True,True,True,True,True
28676844,PRCDC_0702900,True,True,True,True,True
28676844,PY17X_0805100,True,True,True,True,True
28676844,PY17X_0714900,True,True,True,True,True
28676844,PmUG01_03022400,True,True,True,True,True
28676844,PBANKA_0802400,True,True,True,True,True
28676844,PRCDC_1100900,True,True,True,True,True
28676844,PocGH01_03019800,True,True,True,True,True
28676844,PF3D7_0704700,True,True,True,True,True
28676844,PY17X_1311400,True,True,True,True,True
28676844,PGAL8A_00086100,True,True,True,True,True
28676844,PRELSG_0309600,True,True,True,True,True
28678779,PocGH01_12060600,True,True,True,True,True
28678779,PCHAS_1321300,True,True,True,True,True
28678779,PVP01_1252700,True,True,True,True,True
28678779,PmUG01_12062700,True,True,True,True,True
28678779,PRELSG_1226700,True,True,True,True,True
28678779,PRCDC_1453600,True,True,True,True,True
28678779,PBANKA_1318000,True,True,True,True,True
28678779,PGAL8A_00213500,True,True,True,True,True
28678779,PKNH_1227800,True,True,True,True,True
28678779,PY17X_1321800,True,True,True,True,True
28691708,PY17X_1444200,True,True,True,True,True
28691708,PmUG01_14061200,True,True,True,True,True
28691708,PRELSG_1442500,True,True,True,True,True
28691708,PKNH_1446300,True,True,True,True,True
28691708,PCHAS_0509100,True,True,True,True,True
28691708,PmUG01_10036100,True,True,True,True,True
28691708,PocGH01_14052600,True,True,True,True,True
28691708,PF3D7_1024800,True,True,True,True,True
28691708,PKNH_0609300,True,True,True,True,True
28691708,PF3D7_1226900,True,True,True,True,True
28691708,PGAL8A_00484100,True,True,True,True,True
28691708,PRCDC_1024200,True,True,True,True,True
28691708,PocGH01_06017900,True,True,True,True,True
28691708,PGAL8A_00128000,True,True,True,True,True
28691708,PVP01_0610000,True,True,True,True,True
28691708,PY17X_0510100,True,True,True,True,True
28691708,PVP01_1445100,True,True,True,True,True
28691708,PBANKA_0509000,True,True,True,True,True
28691708,PRCDC_1226200,True,True,True,True,True
28691708,PRELSG_0608500,True,True,True,True,True
28691708,PBANKA_0919100,True,True,True,True,True
28691708,PCHAS_1443700,True,True,True,True,True
28701714,PRELSG_0410700,True,True,True,True,True
28701714,PGAL8A_00400000,True,True,True,True,True
28701714,PKNH_0825800,True,True,True,True,True
28701714,PmUG01_08039800,True,True,True,True,True
28701714,PBANKA_0414100,True,True,True,True,True
28701714,PVP01_0823800,True,True,True,True,True
28701714,PY17X_0416900,True,True,True,True,True
28701714,PCHAS_0415000,True,True,True,True,True
28701714,PocGH01_08032200,True,True,True,True,True
28701714,PRCDC_0315600,True,True,True,True,True
28701714,PF3D7_0316300,True,True,True,True,True
28729672,PBANKA_1359700,True,True,True,True,True
28729672,PY17X_1365400,True,True,True,True,True
28729672,PCHAS_1364300,True,True,True,True,True
28790316,PmUG01_05019900,True,True,True,True,True
28790316,PKNH_1320300,True,True,True,True,True
28790316,PBANKA_0704500,True,True,True,True,True
28790316,PRELSG_1308400,True,True,True,True,True
28790316,PCHAS_0933500,True,True,True,True,True
28790316,PF3D7_0826100,True,True,True,True,True
28790316,PocGH01_05014800,True,True,True,True,True
28790316,PRCDC_0825400,True,True,True,True,True
28790316,PVP01_0508200,True,True,True,True,True
28790316,PGAL8A_00119300,True,True,True,True,True
28790316,PY17X_0704800,True,True,True,True,True
28830940,TGME49_214970,True,True,True,True,True
28830940,TGME49_219860,True,True,True,True,True
28830940,TGME49_258790,True,True,True,True,True
28842684,PmUG01_14038400,True,True,True,True,True
28842684,PKNH_1422300,True,True,True,True,True
28842684,PRELSG_1419500,True,True,True,True,True
28842684,PF3D7_0713400,True,True,True,True,True
28842684,PVP01_1422500,True,True,True,True,True
28842684,PY17X_1421700,True,True,True,True,True
28842684,PocGH01_14029700,True,True,True,True,True
28842684,PRCDC_0710700,True,True,True,True,True
28842684,PBANKA_1420000,True,True,True,True,True
28842684,PGAL8A_00518000,True,True,True,True,True
28842684,PCHAS_1421800,True,True,True,True,True
28851851,PVP01_1308400,True,True,True,True,True
28851851,PRCDC_1208600,True,True,True,True,True
28851851,PKNH_1309200,True,True,True,True,True
28851851,PCHAS_0609500,True,True,True,True,True
28851851,PF3D7_1209300,True,True,True,True,True
28851851,PGAL8A_00312800,True,True,True,True,True
28851851,PmUG01_13019200,True,True,True,True,True
28851851,PRELSG_1101700,True,True,True,True,True
28851851,PocGH01_13019200,True,True,True,True,True
28851851,PY17X_0610200,True,True,True,True,True
28851851,PBANKA_0607700,True,True,True,True,True
28864420,PY17X_1333600,True,True,True,True,True
28864420,PBANKA_1328900,True,True,True,True,True
28864420,PCHAS_1333500,True,True,True,True,True
28893907,PKNH_0601700,True,True,True,True,True
28893907,PY17X_0502800,True,True,True,True,True
28893907,PF3D7_1017500,True,True,True,True,True
28893907,PRCDC_1016900,True,True,True,True,True
28893907,PBANKA_0501800,True,True,True,True,True
28893907,PVP01_0602700,True,True,True,True,True
28893907,PCHAS_0501900,True,True,True,True,True
28916755,PGAL8A_00422000,True,True,True,True,True
28916755,PmUG01_07020800,True,True,True,True,True
28916755,PKNH_0707200,True,True,True,True,True
28916755,PRCDC_0907300,True,True,True,True,True
28916755,PY17X_0813700,True,True,True,True,True
28916755,PVP01_0707700,True,True,True,True,True
28916755,PRELSG_0706600,True,True,True,True,True
28916755,PocGH01_07016700,True,True,True,True,True
28916755,PCHAS_0810700,True,True,True,True,True
28916755,PF3D7_0909200,True,True,True,True,True
28978649,PKNH_0601700,True,True,True,True,True
28978649,PGAL8A_00476500,True,True,True,True,True
28978649,PY17X_0502800,True,True,True,True,True
28978649,PF3D7_1017500,True,True,True,True,True
28978649,PRCDC_1016900,True,True,True,True,True
28978649,PocGH01_06010600,True,True,True,True,True
28978649,PBANKA_0501800,True,True,True,True,True
28978649,PmUG01_00050600,True,True,True,True,True
28978649,PVP01_0602700,True,True,True,True,True
28978649,PRELSG_0600900,True,True,True,True,True
28978649,PCHAS_0501900,True,True,True,True,True
28983103,PBANKA_1130800,True,True,True,True,True
28983103,PKNH_1117600,True,True,True,True,True
28983103,PocGH01_11025300,True,True,True,True,True
28983103,PVP01_1117600,True,True,True,True,True
28983103,PRCDC_1353200,True,True,True,True,True
28983103,PmUG01_11031600,True,True,True,True,True
28983103,PY17X_1132200,True,True,True,True,True
28983103,PCHAS_1130300,True,True,True,True,True
28983103,PF3D7_1354200,True,True,True,True,True
28983103,PRELSG_1116200,True,True,True,True,True
28983103,PGAL8A_00160600,True,True,True,True,True
28985225,PRELSG_1320300,True,True,True,True,True
28985225,PVP01_1318300,True,True,True,True,True
28985225,PocGH01_13029400,True,True,True,True,True
28985225,PocGH01_11024000,True,True,True,True,True
28985225,PRCDC_0106800,True,True,True,True,True
28985225,PGAL8A_00104900,True,True,True,True,True
28985225,PRCDC_1430100,True,True,True,True,True
28985225,PmUG01_02015000,True,True,True,True,True
28985225,PmUG01_11030400,True,True,True,True,True
28985225,PVP01_1318600,True,True,True,True,True
28985225,PGAL8A_00162000,True,True,True,True,True
28985225,PY17X_1015100,True,True,True,True,True
28985225,PGAL8A_00302400,True,True,True,True,True
28985225,PVP01_1116300,True,True,True,True,True
28985225,PRELSG_1114900,True,True,True,True,True
28985225,PY17X_0206000,True,True,True,True,True
28985225,PY17X_1015400,True,True,True,True,True
28985225,PmUG01_13029300,True,True,True,True,True
28985225,PF3D7_1430800,True,True,True,True,True
28985225,PocGH01_13029100,True,True,True,True,True
28985225,PCHAS_1014700,True,True,True,True,True
28985225,PKNH_1115900,True,True,True,True,True
28985225,PF3D7_1355600,True,True,True,True,True
28985225,PF3D7_0109000,True,True,True,True,True
28985225,PBANKA_1013900,True,True,True,True,True
28985225,PRCDC_1430400,True,True,True,True,True
28985225,PCHAS_0203000,True,True,True,True,True
28985225,PCHAS_1014400,True,True,True,True,True
28985225,PVP01_0206100,True,True,True,True,True
28985225,PBANKA_1013600,True,True,True,True,True
28985225,PGAL8A_00302700,True,True,True,True,True
28985225,PRELSG_0208100,True,True,True,True,True
28985225,PKNH_0204800,True,True,True,True,True
28985225,PKNH_1327600,True,True,True,True,True
28985225,PmUG01_13029000,True,True,True,True,True
28985225,PocGH01_02013300,True,True,True,True,True
28985225,PRELSG_1320000,True,True,True,True,True
28985225,PF3D7_1431100,True,True,True,True,True
28985225,PKNH_1327900,True,True,True,True,True
28985225,PRCDC_1354500,True,True,True,True,True
29030567,PF3D7_0807100,True,True,True,True,True
29030567,PRELSG_0110900,True,True,True,True,True
29030567,PocGH01_01021000,True,True,True,True,True
29030567,PRCDC_0806700,True,True,True,True,True
29030567,PCHAS_1224100,True,True,True,True,True
29030567,PVP01_0113300,True,True,True,True,True
29030567,PY17X_1226700,True,True,True,True,True
29030567,PmUG01_01024800,True,True,True,True,True
29030567,PKNH_0111700,True,True,True,True,True
29030567,PGAL8A_00109700,True,True,True,True,True
29030567,PBANKA_1223500,True,True,True,True,True
29070841,PmUG01_12050500,True,True,True,True,True
29070841,PKNH_1215100,True,True,True,True,True
29070841,PF3D7_1466400,True,True,True,True,True
29070841,PRELSG_1214400,True,True,True,True,True
29070841,PRCDC_1465600,True,True,True,True,True
29070841,PocGH01_12048400,True,True,True,True,True
29070841,PGAL8A_00225800,True,True,True,True,True
29070841,PVP01_1240400,True,True,True,True,True
29074774,PCHAS_1015300,True,True,True,True,True
29074774,PRCDC_0807800,True,True,True,True,True
29074774,PocGH01_01019900,True,True,True,True,True
29074774,PRELSG_1320900,True,True,True,True,True
29074774,PmUG01_13029900,True,True,True,True,True
29074774,PKNH_1328500,True,True,True,True,True
29074774,PKNH_0110500,True,True,True,True,True
29074774,PBANKA_1222500,True,True,True,True,True
29074774,PGAL8A_00051900,True,True,True,True,True
29074774,PF3D7_0808200,True,True,True,True,True
29074774,PBANKA_1014500,True,True,True,True,True
29074774,PGAL8A_00301800,True,True,True,True,True
29074774,PY17X_1225700,True,True,True,True,True
29074774,PRELSG_0109800,True,True,True,True,True
29074774,PVP01_0112200,True,True,True,True,True
29074774,PY17X_1016000,True,True,True,True,True
29074774,PF3D7_1430200,True,True,True,True,True
29074774,PmUG01_01023700,True,True,True,True,True
29074774,PRCDC_1429500,True,True,True,True,True
29074774,PCHAS_1223100,True,True,True,True,True
29074774,PocGH01_13030000,True,True,True,True,True
29074774,PVP01_1319200,True,True,True,True,True
29089429,PocGH01_08021300,True,True,True,True,True
29089429,PY17X_1214500,True,True,True,True,True
29089429,PCHAS_1212000,True,True,True,True,True
29089429,PGAL8A_00389100,True,True,True,True,True
29089429,PVP01_0813000,True,True,True,True,True
29089429,PmUG01_08028900,True,True,True,True,True
29089429,PRCDC_1012300,True,True,True,True,True
29089429,PKNH_0812700,True,True,True,True,True
29089429,PBANKA_1211300,True,True,True,True,True
29089429,PF3D7_1012900,True,True,True,True,True
29094698,PocGH01_01025900,True,True,True,True,True
29094698,PCHAS_1229000,True,True,True,True,True
29094698,PmUG01_01030000,True,True,True,True,True
29094698,PVP01_0118300,True,True,True,True,True
29094698,PF3D7_0801900,True,True,True,True,True
29094698,PBANKA_1228300,True,True,True,True,True
29094698,PGAL8A_00078100,True,True,True,True,True
29094698,PRCDC_0801500,True,True,True,True,True
29094698,PRELSG_0116000,True,True,True,True,True
29094698,PY17X_1231800,True,True,True,True,True
29094698,PKNH_0117000,True,True,True,True,True
29109477,PF3D7_1302200,True,True,True,True,True
29109477,PBANKA_1400800,True,True,True,True,True
29109477,PRCDC_1301200,True,True,True,True,True
29109477,PCHAS_1402700,True,True,True,True,True
29109477,PKNH_1402400,True,True,True,True,True
29109477,PVP01_1403100,True,True,True,True,True
29126146,PF3D7_0606200,True,True,True,True,True
29126146,PRCDC_0604800,True,True,True,True,True
29126146,PBANKA_0105000,True,True,True,True,True
29126146,TGME49_248170,True,True,True,True,True
29126146,PGAL8A_00134700,True,True,True,True,True
29126146,PVP01_0948500,True,True,True,True,True
29126146,PRCDC_1146200,True,True,True,True,True
29126146,PKNH_1144000,True,True,True,True,True
29126146,PCHAS_0702400,True,True,True,True,True
29126146,PmUG01_09056800,True,True,True,True,True
29126146,PVP01_1142700,True,True,True,True,True
29126146,PY17X_0902600,True,True,True,True,True
29126146,PGAL8A_00375300,True,True,True,True,True
29126146,PY17X_0106500,True,True,True,True,True
29126146,TGME49_266810,True,True,True,True,True
29126146,PocGH01_09053900,True,True,True,True,True
29126146,PCHAS_0105600,True,True,True,True,True
29126146,TGME49_309100,True,True,True,True,True
29126146,PRELSG_1142100,True,True,True,True,True
29126146,PKNH_0945800,True,True,True,True,True
29126146,PmUG01_11056600,True,True,True,True,True
29126146,PF3D7_1147900,True,True,True,True,True
29126146,PocGH01_11050400,True,True,True,True,True
29126146,TGME49_318180,True,True,True,True,True
29126146,PBANKA_0901200,True,True,True,True,True
29141210,PY17X_1038000,True,True,True,True,True
29141210,PCHAS_1036400,True,True,True,True,True
29141210,PBANKA_1035600,True,True,True,True,True
29141210,PKNH_1351500,True,True,True,True,True
29141210,PRCDC_1405900,True,True,True,True,True
29141210,PVP01_1342100,True,True,True,True,True
29141210,PmUG01_13051600,True,True,True,True,True
29141210,PGAL8A_00278500,True,True,True,True,True
29141210,PRELSG_1344200,True,True,True,True,True
29141210,PocGH01_13053000,True,True,True,True,True
29141210,PF3D7_1406600,True,True,True,True,True
29156781,TGME49_257990,True,True,True,True,True
29156781,TGME49_268650,True,True,True,True,True
29156781,TGME49_210730,True,True,True,True,True
29202176,PY17X_1103100,True,True,True,True,True
29202176,PF3D7_0606200,True,True,True,True,True
29202176,PF3D7_1147900,True,True,True,True,True
29202176,PBANKA_1102000,True,True,True,True,True
29202176,PRELSG_1030300,True,True,True,True,True
29202176,PF3D7_0502200,True,True,True,True,True
29202176,PRCDC_0501500,True,True,True,True,True
29202176,PCHAS_1101700,True,True,True,True,True
29202176,PGAL8A_00023400,True,True,True,True,True
29202176,PVP01_1032800,True,True,True,True,True
29202176,PmUG01_06024100,True,True,True,True,True
29202176,PocGH01_10040300,True,True,True,True,True
29202176,PKNH_1031700,True,True,True,True,True
29212709,AN11196,True,True,True,True,True
29212709,AN11197,True,True,True,True,True
29212709,AN9177,True,True,True,True,True
29212709,AN9178,True,True,True,True,True
29212709,AN11188,True,True,True,True,True
29212709,AN11189,True,True,True,True,True
29233900,PVP01_1418100,True,True,True,True,True
29233900,PY17X_0907300,True,True,True,True,True
29233900,PF3D7_1449500,True,True,True,True,True
29233900,PGAL8A_00208700,True,True,True,True,True
29233900,PF3D7_1317200,True,True,True,True,True
29233900,PY17X_1235000,True,True,True,True,True
29233900,PmUG01_12067500,True,True,True,True,True
29233900,PmUG01_14033900,True,True,True,True,True
29233900,PGAL8A_00513500,True,True,True,True,True
29233900,PBANKA_1415700,True,True,True,True,True
29233900,PY17X_1017000,True,True,True,True,True
29233900,PBANKA_1313200,True,True,True,True,True
29233900,PY17X_1317000,True,True,True,True,True
29233900,PRCDC_1316200,True,True,True,True,True
29233900,PocGH01_14025300,True,True,True,True,True
29233900,PY17X_1417400,True,True,True,True,True
29233900,PY17X_1369400,True,True,True,True,True
29233900,PRELSG_1415100,True,True,True,True,True
29233900,PocGH01_12065400,True,True,True,True,True
29233900,PRELSG_1231500,True,True,True,True,True
29233900,PKNH_1232600,True,True,True,True,True
29233900,PY17X_1123200,True,True,True,True,True
29233900,PKNH_1417900,True,True,True,True,True
29233900,PY17X_1440000,True,True,True,True,True
29233900,PRCDC_1448800,True,True,True,True,True
29233900,PCHAS_1316500,True,True,True,True,True
29233900,PVP01_1257500,True,True,True,True,True
29233900,PY17X_1003200,True,True,True,True,True
29233900,PCHAS_1417500,True,True,True,True,True
29269729,PRCDC_0720300,True,True,True,True,True
29269729,PCHAS_0622300,True,True,True,True,True
29269729,TGME49_234250,True,True,True,True,True
29269729,PVP01_0318800,True,True,True,True,True
29269729,PGAL8A_00183600,True,True,True,True,True
29269729,PocGH01_03026600,True,True,True,True,True
29269729,TGME49_266630,True,True,True,True,True
29269729,PF3D7_0723100,True,True,True,True,True
29269729,PKNH_0318500,True,True,True,True,True
29269729,PY17X_0623300,True,True,True,True,True
29269729,PmUG01_03029500,True,True,True,True,True
29269729,TGME49_225020,True,True,True,True,True
29269729,PBANKA_0620600,True,True,True,True,True
29269729,PRELSG_0200300,True,True,True,True,True
29316140,PRELSG_1450400,True,True,True,True,True
29316140,PVP01_1452500,True,True,True,True,True
29316140,PY17X_1451500,True,True,True,True,True
29316140,PGAL8A_00456000,True,True,True,True,True
29316140,PBANKA_1449000,True,True,True,True,True
29316140,PRCDC_1233600,True,True,True,True,True
29316140,PF3D7_1234400,True,True,True,True,True
29316140,PocGH01_14060000,True,True,True,True,True
29316140,PmUG01_14068600,True,True,True,True,True
29316140,PCHAS_1451300,True,True,True,True,True
29316140,PKNH_1453800,True,True,True,True,True
29359180,PocGH01_07031300,True,True,True,True,True
29359180,PmUG01_07035400,True,True,True,True,True
29359180,PocGH01_14050000,True,True,True,True,True
29359180,PF3D7_0923900,True,True,True,True,True
29359180,PGAL8A_00125400,True,True,True,True,True
29359180,PVP01_1442500,True,True,True,True,True
29359180,PCHAS_0825100,True,True,True,True,True
29359180,PKNH_1443600,True,True,True,True,True
29359180,PRCDC_1223600,True,True,True,True,True
29359180,PBANKA_1439200,True,True,True,True,True
29359180,PY17X_1441700,True,True,True,True,True
29359180,PmUG01_14058600,True,True,True,True,True
29359180,PY17X_0828100,True,True,True,True,True
29359180,PRCDC_0921900,True,True,True,True,True
29359180,PBANKA_0824800,True,True,True,True,True
29359180,PCHAS_1441200,True,True,True,True,True
29359180,PGAL8A_00436800,True,True,True,True,True
29359180,PRELSG_1439900,True,True,True,True,True
29359180,PKNH_0721900,True,True,True,True,True
29359180,PVP01_0722400,True,True,True,True,True
29359180,PF3D7_1224300,True,True,True,True,True
29359180,PRELSG_0721500,True,True,True,True,True
29410428,PocGH01_11027800,True,True,True,True,True
29410428,PCHAS_1127800,True,True,True,True,True
29410428,PBANKA_1128300,True,True,True,True,True
29410428,PRELSG_1118800,True,True,True,True,True
29410428,PRCDC_0627900,True,True,True,True,True
29410428,PY17X_1129800,True,True,True,True,True
29410428,PKNH_1120000,True,True,True,True,True
29410428,PGAL8A_00158000,True,True,True,True,True
29410428,PmUG01_11034100,True,True,True,True,True
29410428,PVP01_1120000,True,True,True,True,True
29410428,PF3D7_0629500,True,True,True,True,True
29470517,PY17X_1025900,True,True,True,True,True
29470517,PocGH01_13040600,True,True,True,True,True
29470517,PBANKA_1024000,True,True,True,True,True
29470517,PF3D7_1419200,True,True,True,True,True
29470517,PVP01_1329700,True,True,True,True,True
29470517,PRELSG_1331800,True,True,True,True,True
29470517,TGME49_310770,True,True,True,True,True
29470517,PCHAS_1024800,True,True,True,True,True
29470517,PmUG01_13039700,True,True,True,True,True
29470517,PKNH_1338800,True,True,True,True,True
29470517,PRCDC_1418500,True,True,True,True,True
29470517,PGAL8A_00291000,True,True,True,True,True
29483266,PGAL8A_00219300,True,True,True,True,True
29483266,PY17X_1327400,True,True,True,True,True
29483266,PF3D7_1026900,True,True,True,True,True
29483266,PRELSG_0610500,True,True,True,True,True
29483266,PKNH_0611300,True,True,True,True,True
29483266,PRELSG_1220900,True,True,True,True,True
29483266,PF3D7_1460000,True,True,True,True,True
29483266,PBANKA_0511000,True,True,True,True,True
29483266,PGAL8A_00486100,True,True,True,True,True
29483266,PBANKA_1323600,True,True,True,True,True
29483266,PocGH01_06019900,True,True,True,True,True
29483266,PBANKA_1332800,True,True,True,True,True
29483266,PVP01_0612000,True,True,True,True,True
29483266,PCHAS_0511100,True,True,True,True,True
29483266,PCHAS_1326900,True,True,True,True,True
29483266,PY17X_0512100,True,True,True,True,True
29483266,PRCDC_1026200,True,True,True,True,True
29483266,PmUG01_10038100,True,True,True,True,True
29483266,PRCDC_1459300,True,True,True,True,True
29503181,PY17X_1438500,True,True,True,True,True
29503181,PBANKA_1436100,True,True,True,True,True
29503181,PKNH_1440000,True,True,True,True,True
29503181,PCHAS_1438100,True,True,True,True,True
29503181,PVP01_1439200,True,True,True,True,True
29507322,PGAL8A_00157500,True,True,True,True,True
29507322,PF3D7_0629000,True,True,True,True,True
29507322,PVP01_1120500,True,True,True,True,True
29507322,PmUG01_11034600,True,True,True,True,True
29507322,PCHAS_1127100,True,True,True,True,True
29507322,PY17X_1129100,True,True,True,True,True
29507322,PKNH_1120800,True,True,True,True,True
29507322,PocGH01_11028300,True,True,True,True,True
29507322,PRCDC_0627400,True,True,True,True,True
29507322,PRELSG_1119300,True,True,True,True,True
29507322,PBANKA_1127600,True,True,True,True,True
29509772,PRELSG_0302000,True,True,True,True,True
29509772,PRCDC_0402300,True,True,True,True,True
29509772,PY17X_1003800,True,True,True,True,True
29509772,PVP01_0304100,True,True,True,True,True
29509772,PmUG01_03014800,True,True,True,True,True
29509772,PCHAS_1003300,True,True,True,True,True
29509772,PocGH01_03012200,True,True,True,True,True
29509772,PKNH_0302800,True,True,True,True,True
29509772,PF3D7_0404700,True,True,True,True,True
29509772,PGAL8A_00055400,True,True,True,True,True
29509772,PBANKA_1002400,True,True,True,True,True
29618731,PVP01_1033300,True,True,True,True,True
29618731,PKNH_1032200,True,True,True,True,True
29618731,PmUG01_06024600,True,True,True,True,True
29618731,PBANKA_1101500,True,True,True,True,True
29618731,PRELSG_1030800,True,True,True,True,True
29618731,PY17X_1102600,True,True,True,True,True
29618731,PCHAS_1101200,True,True,True,True,True
29618731,PF3D7_0501700,True,True,True,True,True
29618731,PRCDC_0501000,True,True,True,True,True
29618731,PGAL8A_00022900,True,True,True,True,True
29618731,PocGH01_10040800,True,True,True,True,True
29664138,PBANKA_0617500,True,True,True,True,True
29664138,PRELSG_0307600,True,True,True,True,True
29664138,PY17X_1018300,True,True,True,True,True
29664138,PRCDC_1306000,True,True,True,True,True
29664138,PGAL8A_00083200,True,True,True,True,True
29664138,PBANKA_1016800,True,True,True,True,True
29664138,PCHAS_1008700,True,True,True,True,True
29664138,PKNH_1330900,True,True,True,True,True
29664138,PVP01_1107500,True,True,True,True,True
29664138,PKNH_0315400,True,True,True,True,True
29664138,PVP01_1214700,True,True,True,True,True
29664138,PF3D7_1427800,True,True,True,True,True
29664138,PmUG01_14023700,True,True,True,True,True
29664138,PCHAS_1139900,True,True,True,True,True
29664138,PBANKA_1007800,True,True,True,True,True
29664138,PocGH01_03017800,True,True,True,True,True
29664138,PRCDC_1339100,True,True,True,True,True
29664138,PocGH01_11016100,True,True,True,True,True
29664138,PmUG01_11021700,True,True,True,True,True
29664138,PY17X_1358900,True,True,True,True,True
29664138,PocGH01_03023800,True,True,True,True,True
29664138,PmUG01_13032300,True,True,True,True,True
29664138,PKNH_1106800,True,True,True,True,True
29664138,PVP01_1407900,True,True,True,True,True
29664138,PY17X_1407200,True,True,True,True,True
29664138,PKNH_1407300,True,True,True,True,True
29664138,PmUG01_03026400,True,True,True,True,True
29664138,PGAL8A_00299300,True,True,True,True,True
29664138,PY17X_0620200,True,True,True,True,True
29664138,PBANKA_1353500,True,True,True,True,True
29664138,PocGH01_12023000,True,True,True,True,True
29664138,PKNH_0308500,True,True,True,True,True
29664138,PRELSG_1257800,True,True,True,True,True
29664138,PmUG01_03020400,True,True,True,True,True
29664138,PGAL8A_00171000,True,True,True,True,True
29664138,PRELSG_0203400,True,True,True,True,True
29664138,PGAL8A_00503100,True,True,True,True,True
29664138,PCHAS_1407400,True,True,True,True,True
29664138,PBANKA_1405500,True,True,True,True,True
29664138,PVP01_0315700,True,True,True,True,True
29664138,PF3D7_1364500,True,True,True,True,True
29664138,PocGH01_14015100,True,True,True,True,True
29664138,PCHAS_1017600,True,True,True,True,True
29664138,PCHAS_0619200,True,True,True,True,True
29664138,PocGH01_13032300,True,True,True,True,True
29664138,PRELSG_1106000,True,True,True,True,True
29664138,PVP01_0309700,True,True,True,True,True
29664138,PY17X_1141800,True,True,True,True,True
29664138,PVP01_1321500,True,True,True,True,True
29664138,PGAL8A_00061000,True,True,True,True,True
29664138,PF3D7_0410400,True,True,True,True,True
29664138,PGAL8A_00251100,True,True,True,True,True
29664138,PY17X_1009400,True,True,True,True,True
29664138,PF3D7_0720000,True,True,True,True,True
29664138,PRCDC_1427100,True,True,True,True,True
29664138,PmUG01_12024800,True,True,True,True,True
29664138,PRCDC_0407800,True,True,True,True,True
29664138,PRCDC_0717200,True,True,True,True,True
29664138,PBANKA_1140400,True,True,True,True,True
29664138,PF3D7_1340100,True,True,True,True,True
29664138,PKNH_1261300,True,True,True,True,True
29664138,PRCDC_1363400,True,True,True,True,True
29664138,PRELSG_1323300,True,True,True,True,True
29664138,PCHAS_1358100,True,True,True,True,True
29664138,PRELSG_1404800,True,True,True,True,True
29664138,PF3D7_1307000,True,True,True,True,True
29844112,Afu4g01420,True,True,True,True,True
29844112,Afu5g02670,True,True,True,True,True
29844112,Afu5g02640,True,True,True,True,True
29844112,Afu5g02660,True,True,True,True,True
29844112,Afu4g01370,True,True,True,True,True
29844112,Afu5g02655,True,True,True,True,True
29844112,Afu5g02620,True,True,True,True,True
29985421,PF3D7_0917900,True,True,True,True,True
29985421,PVP01_0716300,True,True,True,True,True
29985421,PKNH_0715900,True,True,True,True,True
29985421,PmUG01_07029400,True,True,True,True,True
29985421,PCHAS_0819200,True,True,True,True,True
29985421,PocGH01_07025300,True,True,True,True,True
29985421,PRELSG_0715400,True,True,True,True,True
29985421,PY17X_0822200,True,True,True,True,True
29985421,PRCDC_0915900,True,True,True,True,True
29985421,PGAL8A_00053400,True,True,True,True,True
29985421,PBANKA_0818900,True,True,True,True,True
30050042,PKNH_0702800,True,True,True,True,True
30050042,PY17X_1141500,True,True,True,True,True
30050042,PY17X_0420700,True,True,True,True,True
30050042,PCHAS_0418800,True,True,True,True,True
30050042,PF3D7_1446500,True,True,True,True,True
30050042,PocGH01_07012500,True,True,True,True,True
30050042,PocGH01_09026100,True,True,True,True,True
30050042,PGAL8A_00205700,True,True,True,True,True
30050042,PY17X_1314100,True,True,True,True,True
30050042,PocGH01_11047600,True,True,True,True,True
30050042,PRCDC_1118300,True,True,True,True,True
30050042,PVP01_1260500,True,True,True,True,True
30050042,PKNH_0917600,True,True,True,True,True
30050042,PRELSG_0916700,True,True,True,True,True
30050042,PKNH_1107100,True,True,True,True,True
30050042,PGAL8A_00417600,True,True,True,True,True
30050042,PY17X_1447900,True,True,True,True,True
30050042,PCHAS_1313600,True,True,True,True,True
30050042,PBANKA_0107600,True,True,True,True,True
30050042,PocGH01_11016400,True,True,True,True,True
30050042,PmUG01_09029100,True,True,True,True,True
30050042,PVP01_0701900,True,True,True,True,True
30050042,PVP01_1107800,True,True,True,True,True
30050042,PCHAS_0108200,True,True,True,True,True
30050042,PRCDC_0903200,True,True,True,True,True
30050042,PF3D7_1119900,True,True,True,True,True
30050042,PmUG01_11022000,True,True,True,True,True
30050042,PKNH_0701200,True,True,True,True,True
30050042,PBANKA_1445400,True,True,True,True,True
30050042,PKNH_1141200,True,True,True,True,True
30050042,PRELSG_1234500,True,True,True,True,True
30050042,PRCDC_0607700,True,True,True,True,True
30050042,PocGH01_07010900,True,True,True,True,True
30050042,PRCDC_1445800,True,True,True,True,True
30050042,PVP01_0920500,True,True,True,True,True
30050042,PKNH_1235700,True,True,True,True,True
30050042,PCHAS_1447600,True,True,True,True,True
30050042,PmUG01_07016600,True,True,True,True,True
30050042,PmUG01_12070500,True,True,True,True,True
30050042,PF3D7_0905100,True,True,True,True,True
30050042,PBANKA_0417900,True,True,True,True,True
30050042,PGAL8A_00346500,True,True,True,True,True
30050042,PVP01_0703500,True,True,True,True,True
30050042,PRELSG_0702300,True,True,True,True,True
30050042,PVP01_1139900,True,True,True,True,True
30050042,PGAL8A_00416000,True,True,True,True,True
30050042,PCHAS_0417200,True,True,True,True,True
30050042,PCHAS_1139600,True,True,True,True,True
30050042,PGAL8A_00137600,True,True,True,True,True
30050042,PY17X_0930300,True,True,True,True,True
30050042,PF3D7_0903500,True,True,True,True,True
30050042,PF3D7_0609000,True,True,True,True,True
30050042,PGAL8A_00170700,True,True,True,True,True
30050042,PRELSG_0700700,True,True,True,True,True
30050042,PocGH01_12068300,True,True,True,True,True
30050042,PBANKA_1310200,True,True,True,True,True
30050042,PRCDC_1363100,True,True,True,True,True
30050042,PRELSG_1106300,True,True,True,True,True
30050042,PmUG01_07015000,True,True,True,True,True
30050042,PF3D7_1364200,True,True,True,True,True
30050042,PmUG01_11053800,True,True,True,True,True
30050042,PRELSG_1139200,True,True,True,True,True
30050042,PCHAS_0916000,True,True,True,True,True
30050042,PBANKA_0928300,True,True,True,True,True
30050042,PBANKA_0416300,True,True,True,True,True
30050042,PRCDC_0901600,True,True,True,True,True
30050042,PY17X_0109200,True,True,True,True,True
30050042,PBANKA_1140100,True,True,True,True,True
30050042,PY17X_0419100,True,True,True,True,True
30102371,PRELSG_0616700,True,True,True,True,True
30102371,PF3D7_MIT02200,True,True,True,True,True
30102371,PF3D7_1033000,True,True,True,True,True
30102371,PVP01_0618100,True,True,True,True,True
30102371,PocGH01_06026100,True,True,True,True,True
30102371,PmUG01_10044200,True,True,True,True,True
30102371,PBANKA_1436700,True,True,True,True,True
30102371,PF3D7_MIT01500,True,True,True,True,True
30102371,PF3D7_MIT02900,True,True,True,True,True
30102371,PBANKA_0816300,True,True,True,True,True
30102371,PBANKA_MIT01200,True,True,True,True,True
30102371,PKNH_0617800,True,True,True,True,True
30102371,PRCDC_1032300,True,True,True,True,True
30102371,PGAL8A_00492400,True,True,True,True,True
30102371,PBANKA_0516800,True,True,True,True,True
30102371,PBANKA_0513800,True,True,True,True,True
30102371,PBANKA_0208100,True,True,True,True,True
30102371,PCHAS_0516900,True,True,True,True,True
30102371,PY17X_0517900,True,True,True,True,True
30161237,PY17X_1125900,True,True,True,True,True
30161237,PY17X_1306200,True,True,True,True,True
30161237,PF3D7_0625600,True,True,True,True,True
30161237,PKNH_1124200,True,True,True,True,True
30161237,PocGH01_11031700,True,True,True,True,True
30161237,PocGH01_12076300,True,True,True,True,True
30161237,PVP01_1268500,True,True,True,True,True
30161237,PCHAS_1124000,True,True,True,True,True
30161237,PGAL8A_00154100,True,True,True,True,True
30161237,PRELSG_1242500,True,True,True,True,True
30161237,PmUG01_12078500,True,True,True,True,True
30161237,PVP01_1123900,True,True,True,True,True
30161237,PKNH_1243900,True,True,True,True,True
30161237,PGAL8A_00197700,True,True,True,True,True
30161237,PF3D7_0109200,True,True,True,True,True
30161237,PBANKA_1302400,True,True,True,True,True
30161237,PF3D7_1438500,True,True,True,True,True
30161237,PRCDC_1437800,True,True,True,True,True
30161237,PRCDC_0624000,True,True,True,True,True
30161237,PCHAS_1305600,True,True,True,True,True
30161237,PmUG01_11038000,True,True,True,True,True
30161237,PBANKA_1124500,True,True,True,True,True
30161237,PRELSG_1122700,True,True,True,True,True
30204084,PF3D7_1022900,True,True,True,True,True
30204084,TGME49_262640,True,True,True,True,True
30204084,TGME49_264040,True,True,True,True,True
30204084,TGME49_254030,True,True,True,True,True
30204084,TGME49_209260,True,True,True,True,True
30204085,PmUG01_09034400,True,True,True,True,True
30204085,PF3D7_1125100,True,True,True,True,True
30204085,PKNH_0923000,True,True,True,True,True
30204085,PVP01_0925800,True,True,True,True,True
30204085,TGME49_231410,True,True,True,True,True
30204085,PCHAS_0921200,True,True,True,True,True
30204085,PY17X_0925200,True,True,True,True,True
30204085,PRCDC_1123600,True,True,True,True,True
30204085,TGME49_268830,True,True,True,True,True
30204085,PBANKA_0923200,True,True,True,True,True
30204085,PocGH01_09031400,True,True,True,True,True
30204085,PRELSG_0922100,True,True,True,True,True
30204085,PGAL8A_00351800,True,True,True,True,True
30232409,PBANKA_1350500,True,True,True,True,True
30232409,PY17X_1354200,True,True,True,True,True
30232409,PKNH_1264600,True,True,True,True,True
30232409,PBANKA_1349200,True,True,True,True,True
30232409,PVP01_1218000,True,True,True,True,True
30232409,PRCDC_0923900,True,True,True,True,True
30232409,PF3D7_1336700,True,True,True,True,True
30232409,PF3D7_0925900,True,True,True,True,True
30232409,PocGH01_12026300,True,True,True,True,True
30232409,PBANKA_0826700,True,True,True,True,True
30232409,PRELSG_1261300,True,True,True,True,True
30232409,PBANKA_1441700,True,True,True,True,True
30232409,PGAL8A_00247600,True,True,True,True,True
30232409,PCHAS_1353800,True,True,True,True,True
30232409,PKNH_0723800,True,True,True,True,True
30232409,PVP01_0724400,True,True,True,True,True
30232409,PY17X_1355600,True,True,True,True,True
30232409,PmUG01_12028100,True,True,True,True,True
30232409,PY17X_0830000,True,True,True,True,True
30232409,PCHAS_0827000,True,True,True,True,True
30232409,PRCDC_1335700,True,True,True,True,True
30232409,PCHAS_1355100,True,True,True,True,True
30235972,PRELSG_0413400,True,True,True,True,True
30235972,PRCDC_0208100,True,True,True,True,True
30235972,PF3D7_0209200,True,True,True,True,True
30235972,PVP01_0415600,True,True,True,True,True
30235972,PBANKA_0306300,True,True,True,True,True
30235972,PY17X_0306900,True,True,True,True,True
30235972,PKNH_0411900,True,True,True,True,True
30235972,PGAL8A_00015800,True,True,True,True,True
30235972,PmUG01_04022900,True,True,True,True,True
30235972,PCHAS_0308500,True,True,True,True,True
30235972,PocGH01_04020800,True,True,True,True,True
30279285,TGME49_260470,True,True,True,True,True
30279285,PmUG01_12061300,True,True,True,True,True
30279285,PCHAS_1322600,True,True,True,True,True
30279285,PRELSG_1225300,True,True,True,True,True
30279285,PGAL8A_00214900,True,True,True,True,True
30279285,PRCDC_1454900,True,True,True,True,True
30279285,PocGH01_12059200,True,True,True,True,True
30279285,PF3D7_1455600,True,True,True,True,True
30279285,PKNH_1226200,True,True,True,True,True
30279285,PY17X_1323100,True,True,True,True,True
30279285,TGME49_500058,True,True,True,True,True
30279285,TGME49_309420,True,True,True,True,True
30279285,PBANKA_1319300,True,True,True,True,True
30279285,PVP01_1251300,True,True,True,True,True
30410856,PVP01_1134300,True,True,True,True,True
30410856,PCHAS_1230200,True,True,True,True,True
30410856,PBANKA_1229500,True,True,True,True,True
30410856,PocGH01_11042100,True,True,True,True,True
30410856,PRELSG_1133300,True,True,True,True,True
30410856,PF3D7_0614800,True,True,True,True,True
30410856,PGAL8A_00143500,True,True,True,True,True
30410856,PY17X_1233000,True,True,True,True,True
30410856,PRCDC_0613500,True,True,True,True,True
30410856,PKNH_1135200,True,True,True,True,True
30410856,PmUG01_11048400,True,True,True,True,True
30429842,PocGH01_07027300,True,True,True,True,True
30429842,PF3D7_0919900,True,True,True,True,True
30429842,PRCDC_0917900,True,True,True,True,True
30429842,PBANKA_0820800,True,True,True,True,True
30429842,PVP01_0718300,True,True,True,True,True
30429842,PKNH_0717900,True,True,True,True,True
30429842,PCHAS_0821100,True,True,True,True,True
30429842,PmUG01_07031400,True,True,True,True,True
30429842,PY17X_0824100,True,True,True,True,True
30429842,PGAL8A_00432700,True,True,True,True,True
30429842,PRELSG_0717400,True,True,True,True,True
30541825,PCHAS_0902900,True,True,True,True,True
30541825,PBANKA_0941400,True,True,True,True,True
30541825,PY17X_0943900,True,True,True,True,True
30545367,PKNH_1319700,True,True,True,True,True
30545367,PRELSG_1308000,True,True,True,True,True
30545367,PF3D7_0825700,True,True,True,True,True
30545367,PY17X_0705200,True,True,True,True,True
30545367,PmUG01_05020300,True,True,True,True,True
30545367,PCHAS_0933100,True,True,True,True,True
30545367,PocGH01_05015200,True,True,True,True,True
30545367,PGAL8A_00118900,True,True,True,True,True
30545367,PRCDC_0825000,True,True,True,True,True
30545367,PBANKA_0704900,True,True,True,True,True
30545367,PVP01_0508600,True,True,True,True,True
30547015,PY17X_1003600,True,True,True,True,True
30547015,PCHAS_1003000,True,True,True,True,True
30547015,PY17X_1003500,True,True,True,True,True
30596727,PCHAS_1231800,True,True,True,True,True
30596727,PmUG01_10028300,True,True,True,True,True
30596727,PGAL8A_00037900,True,True,True,True,True
30596727,PocGH01_10025200,True,True,True,True,True
30596727,PKNH_1016900,True,True,True,True,True
30596727,PBANKA_1204800,True,True,True,True,True
30596727,PocGH01_08014500,True,True,True,True,True
30596727,PRCDC_1006000,True,True,True,True,True
30596727,PRELSG_1015500,True,True,True,True,True
30596727,PVP01_1017600,True,True,True,True,True
30596727,PVP01_0806300,True,True,True,True,True
30596727,PGAL8A_00382700,True,True,True,True,True
30596727,PRCDC_0515500,True,True,True,True,True
30596727,PY17X_1208000,True,True,True,True,True
30596727,PF3D7_0516400,True,True,True,True,True
30596727,PF3D7_1006600,True,True,True,True,True
30596727,PCHAS_1205500,True,True,True,True,True
30596727,PY17X_1234600,True,True,True,True,True
30596727,PBANKA_1231200,True,True,True,True,True
30596727,PKNH_0805400,True,True,True,True,True
30596727,PmUG01_08022400,True,True,True,True,True
30596727,PRELSG_0804300,True,True,True,True,True
30674885,TGME49_202500,True,True,True,True,True
30674885,TGME49_202510,True,True,True,True,True
30674885,TGME49_219270,True,True,True,True,True
30703164,PY17X_1108300,True,True,True,True,True
30703164,PF3D7_1363500,True,True,True,True,True
30703164,PRELSG_1107100,True,True,True,True,True
30703164,PocGH01_10022100,True,True,True,True,True
30703164,PF3D7_0519500,True,True,True,True,True
30703164,PmUG01_11022600,True,True,True,True,True
30703164,PKNH_1107800,True,True,True,True,True
30703164,PocGH01_11017100,True,True,True,True,True
30703164,PmUG01_10025100,True,True,True,True,True
30703164,PY17X_1237700,True,True,True,True,True
30703164,PCHAS_1106900,True,True,True,True,True
30703164,PmUG01_06017300,True,True,True,True,True
30703164,PRCDC_0518600,True,True,True,True,True
30703164,PY17X_1140900,True,True,True,True,True
30703164,PRELSG_1024900,True,True,True,True,True
30703164,PocGH01_10033900,True,True,True,True,True
30703164,PCHAS_1139000,True,True,True,True,True
30703164,PRELSG_1012300,True,True,True,True,True
30703164,PCHAS_1234900,True,True,True,True,True
30703164,PBANKA_1107200,True,True,True,True,True
30703164,PKNH_1013600,True,True,True,True,True
30703164,PVP01_1108500,True,True,True,True,True
30703164,PF3D7_0507600,True,True,True,True,True
30703164,PVP01_1026400,True,True,True,True,True
30703164,PGAL8A_00066900,True,True,True,True,True
30703164,PGAL8A_00169900,True,True,True,True,True
30703164,PRCDC_1362400,True,True,True,True,True
30703164,PBANKA_1139500,True,True,True,True,True
30703164,PBANKA_1234300,True,True,True,True,True
30703164,PGAL8A_00028700,True,True,True,True,True
30703164,PKNH_1026000,True,True,True,True,True
30703164,PVP01_1014400,True,True,True,True,True
30726238,PF3D7_1305100,True,True,True,True,True
30726238,PF3D7_0518100,True,True,True,True,True
30726238,PF3D7_1363700,True,True,True,True,True
30728406,PRELSG_1301100,True,True,True,True,True
30728406,PY17X_0603600,True,True,True,True,True
30728406,PF3D7_1202000,True,True,True,True,True
30728406,PCHAS_0602900,True,True,True,True,True
30728406,PmUG01_13012300,True,True,True,True,True
30728406,PVP01_1301300,True,True,True,True,True
30728406,PRCDC_1201400,True,True,True,True,True
30728406,PKNH_1301900,True,True,True,True,True
30728406,PGAL8A_00319700,True,True,True,True,True
30728406,PBANKA_0601000,True,True,True,True,True
30728406,PocGH01_13012200,True,True,True,True,True
30742695,TGME49_257530,True,True,True,True,True
30742695,TGME49_215490,True,True,True,True,True
30742695,PY17X_0819000,True,True,True,True,True
30742695,TGME49_320020,True,True,True,True,True
30888318,PRELSG_0209500,True,True,True,True,True
30888318,PKNH_0206100,True,True,True,True,True
30888318,PocGH01_02014600,True,True,True,True,True
30888318,PGAL8A_00103600,True,True,True,True,True
30888318,PBANKA_0205900,True,True,True,True,True
30888318,PY17X_0207300,True,True,True,True,True
30888318,PF3D7_0107500,True,True,True,True,True
30888318,PmUG01_02016300,True,True,True,True,True
30888318,PCHAS_0204300,True,True,True,True,True
30888318,PVP01_0207400,True,True,True,True,True
30888318,PRCDC_0105400,True,True,True,True,True
30947298,PRELSG_1434600,True,True,True,True,True
30947298,PKNH_1438100,True,True,True,True,True
30947298,PF3D7_1218500,True,True,True,True,True
30947298,PY17X_1436500,True,True,True,True,True
30947298,PVP01_1437300,True,True,True,True,True
30947298,PCHAS_1436100,True,True,True,True,True
30947298,PBANKA_1434100,True,True,True,True,True
30947298,PGAL8A_00533100,True,True,True,True,True
30947298,PmUG01_14053300,True,True,True,True,True
30947298,PocGH01_14044700,True,True,True,True,True
30947298,PRCDC_1217800,True,True,True,True,True
30976120,TGME49_202610,True,True,True,True,True
30976120,TGME49_232340,True,True,True,True,True
30976120,TGME49_267100,True,True,True,True,True
31087747,PVP01_1210600,True,True,True,True,True
31087747,PY17X_1362900,True,True,True,True,True
31087747,PF3D7_1344200,True,True,True,True,True
31087747,PRCDC_1343200,True,True,True,True,True
31087747,PBANKA_1357200,True,True,True,True,True
31087747,PKNH_1257200,True,True,True,True,True
31087747,PCHAS_1361800,True,True,True,True,True
31125575,PF3D7_1038800,True,True,True,True,True
31125575,PF3D7_0114000,True,True,True,True,True
31125575,PF3D7_0402100,True,True,True,True,True
31125575,PF3D7_0220400,True,True,True,True,True
31148576,PKNH_0904400,True,True,True,True,True
31148576,PY17X_0942600,True,True,True,True,True
31148576,PRCDC_1105300,True,True,True,True,True
31148576,PF3D7_1106800,True,True,True,True,True
31148576,PocGH01_09013500,True,True,True,True,True
31148576,PCHAS_0904200,True,True,True,True,True
31148576,PBANKA_0940100,True,True,True,True,True
31148576,PGAL8A_00334100,True,True,True,True,True
31148576,PmUG01_09016400,True,True,True,True,True
31148576,PRELSG_0904000,True,True,True,True,True
31148576,PVP01_0907600,True,True,True,True,True
31185066,PGAL8A_00392900,True,True,True,True,True
31185066,PVP01_0816800,True,True,True,True,True
31185066,PRELSG_0814600,True,True,True,True,True
31185066,PKNH_0515800,True,True,True,True,True
31185066,PCHAS_1215800,True,True,True,True,True
31185066,PY17X_1218300,True,True,True,True,True
31185066,PmUG01_08032700,True,True,True,True,True
31185066,PocGH01_08025100,True,True,True,True,True
31185066,PKNH_1353400,True,True,True,True,True
31185066,PBANKA_1215100,True,True,True,True,True
31185066,PKNH_0817000,True,True,True,True,True
31263575,PF3D7_0805600,True,True,True,True,True
31263575,PRCDC_0805200,True,True,True,True,True
31263575,PmUG01_01026400,True,True,True,True,True
31263575,PRELSG_0112500,True,True,True,True,True
31263575,PocGH01_01022600,True,True,True,True,True
31263575,PVP01_0114900,True,True,True,True,True
31263575,PKNH_0113300,True,True,True,True,True
31263575,PGAL8A_00108100,True,True,True,True,True
31283102,PocGH01_12033400,True,True,True,True,True
31283102,PRCDC_1341600,True,True,True,True,True
31283102,PocGH01_11043000,True,True,True,True,True
31283102,PocGH01_14055500,True,True,True,True,True
31283102,PRELSG_0937900,True,True,True,True,True
31283102,PBANKA_0908500,True,True,True,True,True
31283102,PGAL8A_00451500,True,True,True,True,True
31283102,PCHAS_0709800,True,True,True,True,True
31283102,PmUG01_09049600,True,True,True,True,True
31283102,PmUG01_11049300,True,True,True,True,True
31283102,PY17X_0113800,True,True,True,True,True
31283102,PRELSG_1267700,True,True,True,True,True
31283102,PocGH01_09046700,True,True,True,True,True
31283102,PRELSG_1445400,True,True,True,True,True
31283102,PCHAS_1348700,True,True,True,True,True
31283102,PmUG01_12035400,True,True,True,True,True
31283102,PRELSG_1255300,True,True,True,True,True
31283102,PVP01_1448000,True,True,True,True,True
31283102,PGAL8A_00241400,True,True,True,True,True
31283102,PBANKA_1355700,True,True,True,True,True
31283102,PRCDC_1138900,True,True,True,True,True
31283102,PVP01_0941200,True,True,True,True,True
31283102,PVP01_1225400,True,True,True,True,True
31283102,PGAL8A_00368000,True,True,True,True,True
31283102,PRCDC_1328100,True,True,True,True,True
31283102,PKNH_1136100,True,True,True,True,True
31283102,PBANKA_1444500,True,True,True,True,True
31283102,PCHAS_1360300,True,True,True,True,True
31283102,PGAL8A_00253700,True,True,True,True,True
31283102,PmUG01_14064100,True,True,True,True,True
31283102,PVP01_1135200,True,True,True,True,True
31283102,PCHAS_1446700,True,True,True,True,True
31283102,PGAL8A_00142500,True,True,True,True,True
31283102,PRCDC_1229100,True,True,True,True,True
31283102,PY17X_1447000,True,True,True,True,True
31283102,PF3D7_1329100,True,True,True,True,True
31283102,PY17X_1348900,True,True,True,True,True
31283102,PY17X_0909900,True,True,True,True,True
31283102,PKNH_1258800,True,True,True,True,True
31283102,PKNH_1449200,True,True,True,True,True
31283102,PF3D7_0613900,True,True,True,True,True
31283102,PCHAS_0112800,True,True,True,True,True
31283102,PKNH_0938300,True,True,True,True,True
31283102,PRCDC_0612600,True,True,True,True,True
31283102,PBANKA_1344100,True,True,True,True,True
31283102,PF3D7_1140500,True,True,True,True,True
31283102,PmUG01_12022300,True,True,True,True,True
31283102,PBANKA_0112200,True,True,True,True,True
31283102,PF3D7_1229800,True,True,True,True,True
31283102,PKNH_1271300,True,True,True,True,True
31283102,PRELSG_1134300,True,True,True,True,True
31348803,PRELSG_0615300,True,True,True,True,True
31348803,PocGH01_06024700,True,True,True,True,True
31348803,PCHAS_0515500,True,True,True,True,True
31348803,PRCDC_1030900,True,True,True,True,True
31348803,PGAL8A_00491000,True,True,True,True,True
31348803,PmUG01_10042800,True,True,True,True,True
31348803,PY17X_0516500,True,True,True,True,True
31348803,PVP01_0616700,True,True,True,True,True
31348803,PKNH_0616300,True,True,True,True,True
31348803,PBANKA_0515400,True,True,True,True,True
31384004,PVP01_1449000,True,True,True,True,True
31384004,PBANKA_0213600,True,True,True,True,True
31384004,PF3D7_0729500,True,True,True,True,True
31384004,PCHAS_1447700,True,True,True,True,True
31384004,PY17X_0215000,True,True,True,True,True
31384004,PRCDC_1230100,True,True,True,True,True
31384004,PKNH_0214400,True,True,True,True,True
31384004,PocGH01_02022400,True,True,True,True,True
31384004,PRELSG_0217900,True,True,True,True,True
31384004,PY17X_1448000,True,True,True,True,True
31384004,PRCDC_0726300,True,True,True,True,True
31384004,PKNH_1450200,True,True,True,True,True
31384004,PVP01_0215200,True,True,True,True,True
31384004,PmUG01_02024100,True,True,True,True,True
31384004,PGAL8A_00095400,True,True,True,True,True
31384004,PGAL8A_00452500,True,True,True,True,True
31384004,PRELSG_1446900,True,True,True,True,True
31384004,PCHAS_0212000,True,True,True,True,True
31384004,PmUG01_14065100,True,True,True,True,True
31384004,PBANKA_1445500,True,True,True,True,True
31384004,PocGH01_14056500,True,True,True,True,True
31384004,PF3D7_1230800,True,True,True,True,True
31390575,PmUG01_13039200,True,True,True,True,True
31390575,PF3D7_1419700,True,True,True,True,True
31390575,PocGH01_13040100,True,True,True,True,True
31390575,PVP01_1329200,True,True,True,True,True
31390575,PRCDC_1419000,True,True,True,True,True
31390575,PY17X_1025400,True,True,True,True,True
31390575,PKNH_1338300,True,True,True,True,True
31390575,PBANKA_1023500,True,True,True,True,True
31390575,PRELSG_1331300,True,True,True,True,True
31390575,PCHAS_1024300,True,True,True,True,True
31390575,PGAL8A_00291500,True,True,True,True,True
31444161,PRCDC_0213500,True,True,True,True,True
31444161,PVP01_0410300,True,True,True,True,True
31444161,PCHAS_0313500,True,True,True,True,True
31444161,PKNH_0406200,True,True,True,True,True
31444161,PF3D7_0214600,True,True,True,True,True
31444161,PmUG01_04017700,True,True,True,True,True
31444161,PY17X_0311900,True,True,True,True,True
31444161,PocGH01_04015500,True,True,True,True,True
31444161,PBANKA_0311400,True,True,True,True,True
31444161,PGAL8A_00405300,True,True,True,True,True
31444161,PRELSG_0405400,True,True,True,True,True
31454137,PKNH_1452800,True,True,True,True,True
31454137,PF3D7_1406400,True,True,True,True,True
31454137,PRCDC_1232600,True,True,True,True,True
31454137,PGAL8A_00455000,True,True,True,True,True
31454137,PocGH01_14059000,True,True,True,True,True
31454137,PCHAS_1450300,True,True,True,True,True
31454137,PmUG01_13051800,True,True,True,True,True
31454137,PBANKA_1035800,True,True,True,True,True
31454137,PY17X_1450500,True,True,True,True,True
31454137,PF3D7_1233300,True,True,True,True,True
31454137,TGME49_244050,True,True,True,True,True
31454137,PY17X_1038200,True,True,True,True,True
31454137,PRCDC_1405700,True,True,True,True,True
31454137,PocGH01_13053200,True,True,True,True,True
31454137,PKNH_1351700,True,True,True,True,True
31454137,PmUG01_14067600,True,True,True,True,True
31454137,PBANKA_1448000,True,True,True,True,True
31454137,PVP01_1451500,True,True,True,True,True
31454137,PCHAS_1036600,True,True,True,True,True
31454137,PGAL8A_00278300,True,True,True,True,True
31454137,PRELSG_1449400,True,True,True,True,True
31454137,PVP01_1342300,True,True,True,True,True
31454137,PRELSG_1344400,True,True,True,True,True
31469232,PGAL8A_00099600,True,True,True,True,True
31469232,PRCDC_0101500,True,True,True,True,True
31469232,PCHAS_0207900,True,True,True,True,True
31469232,PRELSG_0213600,True,True,True,True,True
31469232,PVP01_0211100,True,True,True,True,True
31469232,PF3D7_0103600,True,True,True,True,True
31469232,PBANKA_0209500,True,True,True,True,True
31469232,PKNH_0209900,True,True,True,True,True
31469232,PY17X_0210900,True,True,True,True,True
31469232,PmUG01_02020000,True,True,True,True,True
31469232,PocGH01_02018300,True,True,True,True,True
31470470,TGME49_310070,True,True,True,True,True
31470470,TGME49_230340,True,True,True,True,True
31470470,TGME49_319900,True,True,True,True,True
31470470,TGME49_242790,True,True,True,True,True
31470470,TGME49_313480,True,True,True,True,True
31470470,TGME49_295850,True,True,True,True,True
31492901,PY17X_0308100,True,True,True,True,True
31492901,PVP01_0414300,True,True,True,True,True
31492901,PKNH_0410600,True,True,True,True,True
31492901,TGME49_235130,True,True,True,True,True
31492901,PBANKA_0307500,True,True,True,True,True
31492901,TGME49_315160,True,True,True,True,True
31492901,PCHAS_0309700,True,True,True,True,True
31492901,PF3D7_0210600,True,True,True,True,True
31492901,PRCDC_0209500,True,True,True,True,True
31492901,PocGH01_04019500,True,True,True,True,True
31492901,PRELSG_0412100,True,True,True,True,True
31492901,PmUG01_04021700,True,True,True,True,True
31492901,PGAL8A_00014500,True,True,True,True,True
31552198,PCHAS_0912300,True,True,True,True,True
31552198,PBANKA_0932000,True,True,True,True,True
31552198,PBANKA_0713100,True,True,True,True,True
31552198,PCHAS_0722200,True,True,True,True,True
31553751,PVP01_0831100,True,True,True,True,True
31553751,PRELSG_0826500,True,True,True,True,True
31553751,PF3D7_0309100,True,True,True,True,True
31553751,PmUG01_08047100,True,True,True,True,True
31553751,PKNH_0833600,True,True,True,True,True
31553751,PGAL8A_00008500,True,True,True,True,True
31553751,PRCDC_0308400,True,True,True,True,True
31553751,PCHAS_0408200,True,True,True,True,True
31553751,PocGH01_08039200,True,True,True,True,True
31553751,PY17X_0409700,True,True,True,True,True
31553751,PBANKA_0407300,True,True,True,True,True
31594816,PBANKA_0835600,True,True,True,True,True
31594816,PocGH01_07042500,True,True,True,True,True
31594816,PRCDC_0932800,True,True,True,True,True
31594816,PKNH_0733500,True,True,True,True,True
31594816,PmUG01_07046600,True,True,True,True,True
31594816,PCHAS_0835900,True,True,True,True,True
31594816,PGAL8A_00448000,True,True,True,True,True
31594816,PRELSG_0732800,True,True,True,True,True
31594816,PF3D7_0934800,True,True,True,True,True
31594816,PVP01_0733500,True,True,True,True,True
31728527,PY17X_1304200,True,True,True,True,True
31728527,PGAL8A_00106300,True,True,True,True,True
31728527,PocGH01_14059700,True,True,True,True,True
31728527,PRELSG_0805800,True,True,True,True,True
31728527,PmUG01_14068300,True,True,True,True,True
31728527,PmUG01_02013500,True,True,True,True,True
31728527,PmUG01_13026900,True,True,True,True,True
31728527,PRCDC_1233300,True,True,True,True,True
31728527,PKNH_1453500,True,True,True,True,True
31728527,PVP01_1270500,True,True,True,True,True
31728527,PVP01_1316100,True,True,True,True,True
31728527,PF3D7_0110500,True,True,True,True,True
31728527,PocGH01_13026900,True,True,True,True,True
31728527,PY17X_1209500,True,True,True,True,True
31728527,PRELSG_1450100,True,True,True,True,True
31728527,PBANKA_0203200,True,True,True,True,True
31728527,PmUG01_08023900,True,True,True,True,True
31728527,PCHAS_1207000,True,True,True,True,True
31728527,PKNH_0807100,True,True,True,True,True
31728527,PRELSG_0206700,True,True,True,True,True
31728527,PocGH01_02011800,True,True,True,True,True
31728527,PGAL8A_00304900,True,True,True,True,True
31728527,PRELSG_1244500,True,True,True,True,True
31728527,PocGH01_12078300,True,True,True,True,True
31728527,PF3D7_1234100,True,True,True,True,True
31728527,PCHAS_1451000,True,True,True,True,True
31728527,PmUG01_12080500,True,True,True,True,True
31728527,PRCDC_1432700,True,True,True,True,True
31728527,PGAL8A_00195700,True,True,True,True,True
31728527,PRCDC_1474700,True,True,True,True,True
31728527,PGAL8A_00455700,True,True,True,True,True
31728527,PF3D7_1475600,True,True,True,True,True
31728527,PKNH_1245900,True,True,True,True,True
31728527,PY17X_1013000,True,True,True,True,True
31728527,PRELSG_1317700,True,True,True,True,True
31728527,PBANKA_1300600,True,True,True,True,True
31728527,PF3D7_1008100,True,True,True,True,True
31728527,PY17X_1451200,True,True,True,True,True
31728527,PVP01_1452200,True,True,True,True,True
31728527,PF3D7_1433400,True,True,True,True,True
31728527,PY17X_0204600,True,True,True,True,True
31728527,PocGH01_08016000,True,True,True,True,True
31728527,PKNH_0203400,True,True,True,True,True
31728527,PVP01_0807800,True,True,True,True,True
31728527,PBANKA_1206300,True,True,True,True,True
31728527,PBANKA_1011500,True,True,True,True,True
31728527,PGAL8A_00384200,True,True,True,True,True
31728527,PRCDC_1007500,True,True,True,True,True
31728527,PCHAS_1012300,True,True,True,True,True
31728527,PCHAS_0201600,True,True,True,True,True
31728527,PCHAS_1303800,True,True,True,True,True
31728527,PRCDC_0108300,True,True,True,True,True
31728527,PVP01_0204600,True,True,True,True,True
31728527,PBANKA_1448700,True,True,True,True,True
31728527,PKNH_0420000,True,True,True,True,True
31797966,PmUG01_07030900,True,True,True,True,True
31797966,PRELSG_0716900,True,True,True,True,True
31797966,PRCDC_0917400,True,True,True,True,True
31797966,PY17X_0823600,True,True,True,True,True
31797966,PocGH01_07026800,True,True,True,True,True
31797966,PBANKA_0820300,True,True,True,True,True
31797966,PCHAS_0820600,True,True,True,True,True
31797966,PKNH_0717400,True,True,True,True,True
31797966,PF3D7_0919400,True,True,True,True,True
31797966,PVP01_0717800,True,True,True,True,True
31797966,PGAL8A_00432200,True,True,True,True,True
31848371,PF3D7_0519300,True,True,True,True,True
31848371,PmUG01_10025300,True,True,True,True,True
31848371,PRELSG_1012500,True,True,True,True,True
31848371,PocGH01_10022300,True,True,True,True,True
31848371,PCHAS_1234700,True,True,True,True,True
31848371,PRCDC_0518400,True,True,True,True,True
31848371,PVP01_1014600,True,True,True,True,True
31848371,PBANKA_1234100,True,True,True,True,True
31848371,PY17X_1237500,True,True,True,True,True
31848371,PGAL8A_00066700,True,True,True,True,True
31848371,PKNH_1013800,True,True,True,True,True
31872112,PCHAS_0620500,True,True,True,True,True
31872112,PKNH_0316700,True,True,True,True,True
31872112,PBANKA_0618800,True,True,True,True,True
31872112,PY17X_0621500,True,True,True,True,True
31872112,PRELSG_0202100,True,True,True,True,True
31872112,PmUG01_03027700,True,True,True,True,True
31872112,PRCDC_0718500,True,True,True,True,True
31872112,PGAL8A_00084500,True,True,True,True,True
31872112,PF3D7_0721300,True,True,True,True,True
31872112,PVP01_0317000,True,True,True,True,True
31872112,PocGH01_03025100,True,True,True,True,True
31942933,PRELSG_1025100,True,True,True,True,True
31942933,PmUG01_06017500,True,True,True,True,True
31942933,PF3D7_0507400,True,True,True,True,True
31942933,PKNH_1026200,True,True,True,True,True
31942933,PGAL8A_00028500,True,True,True,True,True
31942933,PCHAS_1106700,True,True,True,True,True
31942933,PRCDC_0506600,True,True,True,True,True
31942933,PY17X_1108100,True,True,True,True,True
31942933,PVP01_1026600,True,True,True,True,True
31942933,PocGH01_10034100,True,True,True,True,True
31942933,PBANKA_1107000,True,True,True,True,True
31951090,PCHAS_1320500,True,True,True,True,True
31951090,PmUG01_12063500,True,True,True,True,True
31951090,PRELSG_1227500,True,True,True,True,True
31951090,PVP01_1253500,True,True,True,True,True
31951090,PocGH01_12061400,True,True,True,True,True
31951090,PF3D7_1453500,True,True,True,True,True
31951090,PY17X_1321000,True,True,True,True,True
31951090,PGAL8A_00212700,True,True,True,True,True
31951090,PKNH_1228600,True,True,True,True,True
31951090,PRCDC_1452800,True,True,True,True,True
31951090,PBANKA_1317200,True,True,True,True,True
31969561,Afu2g14250,True,True,True,True,True
31969561,Afu5g03920,True,True,True,True,True
31969561,Afu7g05510,True,True,True,True,True
31969561,Afu1g14330,True,True,True,True,True
31969561,Afu3g02340,True,True,True,True,True
31969561,Afu7g02190,True,True,True,True,True
31969561,Afu2g10640,True,True,True,True,True
31969561,Afu6g01970,True,True,True,True,True
31969561,Afu2g03280,True,True,True,True,True
32017676,PGAL8A_00087400,True,True,True,True,True
32017676,PRCDC_0411500,True,True,True,True,True
32017676,PRELSG_0509200,True,True,True,True,True
32017676,PBANKA_0716000,True,True,True,True,True
32017676,PocGH01_05026100,True,True,True,True,True
32017676,PKNH_0505600,True,True,True,True,True
32017676,PF3D7_0414000,True,True,True,True,True
32017676,PY17X_0716200,True,True,True,True,True
32017676,PCHAS_0725100,True,True,True,True,True
32017676,PVP01_0520500,True,True,True,True,True
32019597,PY17X_0111300,True,True,True,True,True
32019597,PF3D7_0611400,True,True,True,True,True
32019597,PRELSG_1136900,True,True,True,True,True
32019597,PmUG01_11051700,True,True,True,True,True
32019597,PBANKA_0109700,True,True,True,True,True
32019597,PKNH_1139000,True,True,True,True,True
32019597,PVP01_1137800,True,True,True,True,True
32019597,PGAL8A_00139900,True,True,True,True,True
32019597,PRCDC_0610100,True,True,True,True,True
32019597,PocGH01_11045500,True,True,True,True,True
32019597,PCHAS_0110300,True,True,True,True,True
32049018,PmUG01_06015800,True,True,True,True,True
32049018,PKNH_1419200,True,True,True,True,True
32049018,PocGH01_14026500,True,True,True,True,True
32049018,PVP01_0715400,True,True,True,True,True
32049018,PY17X_0821300,True,True,True,True,True
32049018,PCHAS_1418700,True,True,True,True,True
32049018,PY17X_1109800,True,True,True,True,True
32049018,PKNH_1024500,True,True,True,True,True
32049018,PBANKA_1416900,True,True,True,True,True
32049018,PCHAS_0818300,True,True,True,True,True
32049018,PBANKA_0818000,True,True,True,True,True
32049018,PocGH01_10032400,True,True,True,True,True
32049018,PGAL8A_00429900,True,True,True,True,True
32049018,PmUG01_07028500,True,True,True,True,True
32049018,PKNH_0715000,True,True,True,True,True
32049018,PRELSG_1416300,True,True,True,True,True
32049018,PVP01_1024900,True,True,True,True,True
32049018,PRELSG_1023400,True,True,True,True,True
32049018,PGAL8A_00030200,True,True,True,True,True
32049018,PRCDC_0508300,True,True,True,True,True
32049018,PRELSG_0714500,True,True,True,True,True
32049018,PF3D7_0917000,True,True,True,True,True
32049018,PCHAS_1108400,True,True,True,True,True
32049018,PocGH01_07024400,True,True,True,True,True
32049018,PBANKA_1108700,True,True,True,True,True
32049018,PGAL8A_00514700,True,True,True,True,True
32049018,PF3D7_1318400,True,True,True,True,True
32049018,PVP01_1419300,True,True,True,True,True
32049018,PRCDC_0915000,True,True,True,True,True
32049018,PY17X_1418600,True,True,True,True,True
32049018,PF3D7_0509100,True,True,True,True,True
32049018,PRCDC_1317400,True,True,True,True,True
32049018,PmUG01_14035100,True,True,True,True,True
32098816,PF3D7_1219100,True,True,True,True,True
32098816,PGAL8A_00307000,True,True,True,True,True
32098816,PmUG01_14053900,True,True,True,True,True
32098816,PCHAS_1436700,True,True,True,True,True
32098816,PocGH01_14045300,True,True,True,True,True
32098816,PKNH_1438700,True,True,True,True,True
32098816,PocGH01_13024800,True,True,True,True,True
32098816,PVP01_1437900,True,True,True,True,True
32098816,PY17X_1010900,True,True,True,True,True
32098816,PBANKA_1009300,True,True,True,True,True
32098816,PY17X_1437100,True,True,True,True,True
32098816,PVP01_1314000,True,True,True,True,True
32098816,PRELSG_1315600,True,True,True,True,True
32098816,PF3D7_1435500,True,True,True,True,True
32098816,PCHAS_1010200,True,True,True,True,True
32098816,PRCDC_1434800,True,True,True,True,True
32098816,PmUG01_13024800,True,True,True,True,True
32098816,PGAL8A_00533700,True,True,True,True,True
32098816,PRCDC_1218400,True,True,True,True,True
32098816,PRELSG_1435200,True,True,True,True,True
32098816,PKNH_0422100,True,True,True,True,True
32098816,PBANKA_1434700,True,True,True,True,True
32098818,PBANKA_0938400,True,True,True,True,True
32098818,PRCDC_1107100,True,True,True,True,True
32098818,PY17X_0940900,True,True,True,True,True
32098818,PocGH01_09015300,True,True,True,True,True
32098818,PRELSG_0905800,True,True,True,True,True
32098818,PVP01_0909400,True,True,True,True,True
32098818,PF3D7_1108600,True,True,True,True,True
32098818,PGAL8A_00335900,True,True,True,True,True
32098818,PmUG01_09018200,True,True,True,True,True
32098818,PKNH_0906200,True,True,True,True,True
32098818,PCHAS_0905900,True,True,True,True,True
32111164,PBANKA_1232600,True,True,True,True,True
32111164,PY17X_1236000,True,True,True,True,True
32111164,PKNH_1015500,True,True,True,True,True
32111164,PF3D7_0517800,True,True,True,True,True
32111164,PCHAS_1233200,True,True,True,True,True
32111164,PRCDC_0516900,True,True,True,True,True
32111164,PVP01_1016200,True,True,True,True,True
32117098,AN4022,True,True,True,True,True
32117098,AN4694,True,True,True,True,True
32117098,AN1453,True,True,True,True,True
32144363,PF3D7_1442900,True,True,True,True,True
32144363,PVP01_1461700,True,True,True,True,True
32144363,PBANKA_1306800,True,True,True,True,True
32144363,PRCDC_1442200,True,True,True,True,True
32144363,PVP01_1264100,True,True,True,True,True
32144363,PKNH_1239400,True,True,True,True,True
32144363,PF3D7_0526200,True,True,True,True,True
32144363,PF3D7_1244600,True,True,True,True,True
32144363,PGAL8A_00465300,True,True,True,True,True
32144363,PY17X_1310600,True,True,True,True,True
32144363,PmUG01_14077800,True,True,True,True,True
32144363,PY17X_1460400,True,True,True,True,True
32144363,PBANKA_1457800,True,True,True,True,True
32144363,PRELSG_1459700,True,True,True,True,True
32144363,PocGH01_14069200,True,True,True,True,True
32144363,PocGH01_12071900,True,True,True,True,True
32144363,PCHAS_1310000,True,True,True,True,True
32144363,PmUG01_12074100,True,True,True,True,True
32144363,PRCDC_1244000,True,True,True,True,True
32144363,PRELSG_1238100,True,True,True,True,True
32144363,PKNH_1464300,True,True,True,True,True
32144363,PGAL8A_00202100,True,True,True,True,True
32144363,PCHAS_1460100,True,True,True,True,True
32165544,PCHAS_1118700,True,True,True,True,True
32165544,PKNH_1130900,True,True,True,True,True
32165544,PRCDC_0618400,True,True,True,True,True
32165544,PVP01_1129500,True,True,True,True,True
32165544,PKNH_1130300,True,True,True,True,True
32165544,PF3D7_0620000,True,True,True,True,True
32165544,PY17X_1120300,True,True,True,True,True
32165544,PBANKA_1119200,True,True,True,True,True
32179747,PY17X_0308100,True,True,True,True,True
32179747,PKNH_0410600,True,True,True,True,True
32179747,PBANKA_0307500,True,True,True,True,True
32179747,PCHAS_0309700,True,True,True,True,True
32179747,PF3D7_0210600,True,True,True,True,True
32179747,PRCDC_0209500,True,True,True,True,True
32179747,PVP01_0414300,True,True,True,True,True
32266165,PGAL8A_00061200,True,True,True,True,True
32266165,PocGH01_03018000,True,True,True,True,True
32266165,PVP01_0309900,True,True,True,True,True
32266165,PF3D7_0410600,True,True,True,True,True
32266165,PKNH_0308700,True,True,True,True,True
32266165,PmUG01_03020600,True,True,True,True,True
32266165,PY17X_1009600,True,True,True,True,True
32266165,PBANKA_1008000,True,True,True,True,True
32266165,PRCDC_0408000,True,True,True,True,True
32266165,PRELSG_0307800,True,True,True,True,True
32266165,PCHAS_1008900,True,True,True,True,True
32273496,PVP01_1018400,True,True,True,True,True
32273496,PF3D7_0515500,True,True,True,True,True
32273496,PY17X_1116300,True,True,True,True,True
32273496,PCHAS_1114700,True,True,True,True,True
32273496,PGAL8A_00037000,True,True,True,True,True
32273496,PRCDC_0514600,True,True,True,True,True
32273496,PBANKA_1115100,True,True,True,True,True
32273496,PocGH01_10026000,True,True,True,True,True
32273496,PRELSG_1016400,True,True,True,True,True
32273496,PmUG01_10029100,True,True,True,True,True
32273496,PKNH_1017700,True,True,True,True,True
32284562,PF3D7_1200800,True,True,True,True,True
32284562,PF3D7_0102600,True,True,True,True,True
32284562,PF3D7_0500900,True,True,True,True,True
32284562,PF3D7_1371700,True,True,True,True,True
32284562,PF3D7_1149300,True,True,True,True,True
32284562,PF3D7_0424700,True,True,True,True,True
32284562,PF3D7_0726200,True,True,True,True,True
32352241,PocGH01_10025900,True,True,True,True,True
32352241,PRCDC_0514700,True,True,True,True,True
32352241,PVP01_1018300,True,True,True,True,True
32352241,PRELSG_1016300,True,True,True,True,True
32352241,PY17X_1116400,True,True,True,True,True
32352241,PF3D7_0515600,True,True,True,True,True
32352241,PGAL8A_00037100,True,True,True,True,True
32352241,PCHAS_1114800,True,True,True,True,True
32352241,PKNH_1017600,True,True,True,True,True
32352241,PBANKA_1115200,True,True,True,True,True
32352241,PmUG01_10029000,True,True,True,True,True
32374791,TGME49_309760,True,True,True,True,True
32374791,TGME49_254000,True,True,True,True,True
32374791,TGME49_217680,True,True,True,True,True
32374791,TGME49_267740,True,True,True,True,True
32374791,TGME49_309930,True,True,True,True,True
32374791,TGME49_268790,True,True,True,True,True
32398313,CNAG_05142,True,True,True,True,True
32398313,CNAG_05881,True,True,True,True,True
32398313,CNAG_02715,True,True,True,True,True
32463831,PCHAS_1420700,True,True,True,True,True
32463831,PY17X_1420600,True,True,True,True,True
32463831,PBANKA_1418900,True,True,True,True,True
32487761,PocGH01_12065200,True,True,True,True,True
32487761,PY17X_1317200,True,True,True,True,True
32487761,PGAL8A_00208900,True,True,True,True,True
32487761,PmUG01_12067300,True,True,True,True,True
32487761,PCHAS_1316700,True,True,True,True,True
32487761,PKNH_1232400,True,True,True,True,True
32487761,PVP01_1257300,True,True,True,True,True
32487761,PF3D7_1449700,True,True,True,True,True
32487761,PRCDC_1449000,True,True,True,True,True
32487761,PRELSG_1231300,True,True,True,True,True
32487761,PBANKA_1313400,True,True,True,True,True
32488076,PVP01_1434700,True,True,True,True,True
32488076,PY17X_1433900,True,True,True,True,True
32488076,PGAL8A_00530500,True,True,True,True,True
32488076,PCHAS_1433600,True,True,True,True,True
32488076,PRELSG_1432000,True,True,True,True,True
32488076,PocGH01_14042000,True,True,True,True,True
32488076,PmUG01_14050700,True,True,True,True,True
32488076,PBANKA_1431600,True,True,True,True,True
32488076,PKNH_1435400,True,True,True,True,True
32501284,PF3D7_1227600,True,True,True,True,True
32501284,PmUG01_14061900,True,True,True,True,True
32501284,PKNH_1133800,True,True,True,True,True
32501284,PRCDC_0614900,True,True,True,True,True
32501284,PGAL8A_00144900,True,True,True,True,True
32501284,PVP01_1132900,True,True,True,True,True
32501284,PmUG01_11047000,True,True,True,True,True
32501284,PGAL8A_00128700,True,True,True,True,True
32501284,PY17X_1116900,True,True,True,True,True
32501284,PKNH_1447000,True,True,True,True,True
32501284,PBANKA_1442300,True,True,True,True,True
32501284,PVP01_1445800,True,True,True,True,True
32501284,PocGH01_11040700,True,True,True,True,True
32501284,PRELSG_1443200,True,True,True,True,True
32501284,PRCDC_1226900,True,True,True,True,True
32501284,PBANKA_1115700,True,True,True,True,True
32501284,PCHAS_1115300,True,True,True,True,True
32501284,PY17X_1444800,True,True,True,True,True
32501284,PRELSG_1131900,True,True,True,True,True
32501284,PCHAS_1444400,True,True,True,True,True
32501284,PocGH01_14053300,True,True,True,True,True
32552779,PCHAS_1021400,True,True,True,True,True
32552779,PKNH_1335200,True,True,True,True,True
32552779,PBANKA_0616800,True,True,True,True,True
32552779,PGAL8A_00082500,True,True,True,True,True
32552779,PRELSG_1328200,True,True,True,True,True
32552779,PocGH01_03023100,True,True,True,True,True
32552779,PmUG01_03025700,True,True,True,True,True
32552779,PY17X_0619500,True,True,True,True,True
32552779,PGAL8A_00294600,True,True,True,True,True
32552779,PRELSG_0204100,True,True,True,True,True
32552779,PVP01_1326200,True,True,True,True,True
32552779,PCHAS_0618500,True,True,True,True,True
32552779,PY17X_1022500,True,True,True,True,True
32552779,PBANKA_1020600,True,True,True,True,True
32552779,PocGH01_13037100,True,True,True,True,True
32552779,PRCDC_0716500,True,True,True,True,True
32552779,PVP01_0315000,True,True,True,True,True
32552779,PmUG01_13036200,True,True,True,True,True
32552779,PRCDC_1422100,True,True,True,True,True
32552779,PKNH_0314700,True,True,True,True,True
32552779,PF3D7_0719300,True,True,True,True,True
32552779,PF3D7_1422800,True,True,True,True,True
32591529,PVP01_1305200,True,True,True,True,True
32591529,PKNH_1305800,True,True,True,True,True
32591529,PRELSG_1304900,True,True,True,True,True
32591529,PocGH01_13016000,True,True,True,True,True
32591529,PF3D7_1206100,True,True,True,True,True
32591529,PRCDC_1205400,True,True,True,True,True
32591529,PGAL8A_00315900,True,True,True,True,True
32591529,PmUG01_13016100,True,True,True,True,True
32670896,PRCDC_1241400,True,True,True,True,True
32670896,PKNH_1461300,True,True,True,True,True
32670896,PF3D7_1242000,True,True,True,True,True
32670896,PVP01_1459100,True,True,True,True,True
32670896,PBANKA_1455400,True,True,True,True,True
32670896,PCHAS_1457700,True,True,True,True,True
32670896,PmUG01_14075200,True,True,True,True,True
32670896,PY17X_1457900,True,True,True,True,True
32670896,PGAL8A_00462700,True,True,True,True,True
32670896,PRELSG_1457100,True,True,True,True,True
32670896,PocGH01_14066600,True,True,True,True,True
32714878,TGME49_306310,True,True,True,True,True
32714878,TGME49_288700,True,True,True,True,True
32714878,TGME49_231170,True,True,True,True,True
32714878,TGME49_297800,True,True,True,True,True
32762689,PGAL8A_00226500,True,True,True,True,True
32762689,PRELSG_1213700,True,True,True,True,True
32762689,PVP01_1239700,True,True,True,True,True
32762689,PBANKA_1330400,True,True,True,True,True
32762689,PY17X_1335100,True,True,True,True,True
32762689,PF3D7_1467100,True,True,True,True,True
32762689,PCHAS_1335000,True,True,True,True,True
32762689,PmUG01_12049800,True,True,True,True,True
32762689,PRCDC_1466300,True,True,True,True,True
32762689,PocGH01_12047700,True,True,True,True,True
32762689,PKNH_1214200,True,True,True,True,True
32764679,PBANKA_0704200,True,True,True,True,True
32764679,PGAL8A_00119600,True,True,True,True,True
32764679,PKNH_1225900,True,True,True,True,True
32764679,PCHAS_0933800,True,True,True,True,True
32764679,PRCDC_1455200,True,True,True,True,True
32764679,PY17X_1323400,True,True,True,True,True
32764679,PRELSG_1225000,True,True,True,True,True
32764679,PBANKA_1319600,True,True,True,True,True
32764679,PVP01_0507900,True,True,True,True,True
32764679,PmUG01_12061000,True,True,True,True,True
32764679,PmUG01_05019600,True,True,True,True,True
32764679,PKNH_1320600,True,True,True,True,True
32764679,PCHAS_1322900,True,True,True,True,True
32764679,PocGH01_05014500,True,True,True,True,True
32764679,PF3D7_1455900,True,True,True,True,True
32764679,PocGH01_12058900,True,True,True,True,True
32764679,PF3D7_0826400,True,True,True,True,True
32764679,PVP01_1251000,True,True,True,True,True
32764679,PY17X_0704500,True,True,True,True,True
32764679,PRELSG_1308700,True,True,True,True,True
32764679,PRCDC_0825700,True,True,True,True,True
32764679,PGAL8A_00215200,True,True,True,True,True
32816370,PocGH01_11032700,True,True,True,True,True
32816370,PGAL8A_00153100,True,True,True,True,True
32816370,PKNH_1125600,True,True,True,True,True
32816370,PCHAS_1123000,True,True,True,True,True
32816370,PRELSG_1123700,True,True,True,True,True
32816370,PRCDC_0623000,True,True,True,True,True
32816370,PBANKA_1123500,True,True,True,True,True
32816370,PY17X_1124900,True,True,True,True,True
32816370,PF3D7_0624600,True,True,True,True,True
32816370,PVP01_1124900,True,True,True,True,True
32975363,PBANKA_0931500,True,True,True,True,True
32975363,PY17X_0933500,True,True,True,True,True
32975363,PCHAS_0912800,True,True,True,True,True
33024034,PGAL8A_00458500,True,True,True,True,True
33024034,PF3D7_1236800,True,True,True,True,True
33024034,PF3D7_0913500,True,True,True,True,True
33024034,PKNH_1456500,True,True,True,True,True
33024034,PRELSG_1452900,True,True,True,True,True
33024034,PCHAS_1453700,True,True,True,True,True
33024034,PY17X_1453900,True,True,True,True,True
33024034,PocGH01_14062400,True,True,True,True,True
33024034,PRCDC_1236000,True,True,True,True,True
33024034,PBANKA_1451400,True,True,True,True,True
33024034,PVP01_1454900,True,True,True,True,True
33024034,PmUG01_14071000,True,True,True,True,True
33082261,TGME49_271060,True,True,True,True,True
33082261,TGME49_204060,True,True,True,True,True
33082261,TGME49_213072,True,True,True,True,True
33124706,PBANKA_1030500,True,True,True,True,True
33124706,PKNH_1346200,True,True,True,True,True
33124706,PRCDC_1411400,True,True,True,True,True
33124706,PGAL8A_00283700,True,True,True,True,True
33124706,PocGH01_13047700,True,True,True,True,True
33124706,PRELSG_1339000,True,True,True,True,True
33124706,PCHAS_1031300,True,True,True,True,True
33124706,PVP01_1336800,True,True,True,True,True
33124706,PmUG01_13046300,True,True,True,True,True
33124706,PF3D7_1412100,True,True,True,True,True
33124706,PY17X_1032900,True,True,True,True,True
33214620,PRCDC_1312000,True,True,True,True,True
33214620,PGAL8A_00509300,True,True,True,True,True
33214620,PCHAS_1413300,True,True,True,True,True
33214620,PmUG01_14029700,True,True,True,True,True
33214620,PKNH_1413600,True,True,True,True,True
33214620,PRELSG_1410900,True,True,True,True,True
33214620,PVP01_1413900,True,True,True,True,True
33214620,PocGH01_14021100,True,True,True,True,True
33214620,PY17X_1413200,True,True,True,True,True
33214620,PF3D7_1313000,True,True,True,True,True
33368818,PKNH_1350200,True,True,True,True,True
33368818,PGAL8A_00279800,True,True,True,True,True
33368818,PRCDC_1407500,True,True,True,True,True
33368818,PVP01_1340800,True,True,True,True,True
33368818,PF3D7_1408200,True,True,True,True,True
33368818,PRELSG_1342900,True,True,True,True,True
33368818,PmUG01_13050300,True,True,True,True,True
33368818,PocGH01_13051700,True,True,True,True,True
33372863,PmUG01_14054000,True,True,True,True,True
33372863,PRELSG_1435300,True,True,True,True,True
33372863,PBANKA_1434800,True,True,True,True,True
33372863,PY17X_1437200,True,True,True,True,True
33372863,PKNH_1438800,True,True,True,True,True
33372863,PocGH01_14045400,True,True,True,True,True
33372863,PVP01_1438000,True,True,True,True,True
33372863,PCHAS_1436800,True,True,True,True,True
33372863,PGAL8A_00533800,True,True,True,True,True
33372863,PRCDC_1218900,True,True,True,True,True
33479315,PKNH_1213100,True,True,True,True,True
33479315,PBANKA_1331400,True,True,True,True,True
33479315,PF3D7_1468100,True,True,True,True,True
33479315,PVP01_1238700,True,True,True,True,True
33479315,PocGH01_12046700,True,True,True,True,True
33479315,PRCDC_1467300,True,True,True,True,True
33479315,PRELSG_1212700,True,True,True,True,True
33479315,PY17X_1336100,True,True,True,True,True
33479315,PmUG01_12048800,True,True,True,True,True
33479315,PGAL8A_00227500,True,True,True,True,True
33479315,PCHAS_1336000,True,True,True,True,True
33480416,PCHAS_0111700,True,True,True,True,True
33480416,PKNH_1137200,True,True,True,True,True
33480416,PocGH01_11044100,True,True,True,True,True
33480416,PRELSG_1135500,True,True,True,True,True
33480416,PF3D7_0612800,True,True,True,True,True
33480416,PRCDC_0611500,True,True,True,True,True
33480416,PVP01_1136300,True,True,True,True,True
33480416,PY17X_0112700,True,True,True,True,True
33480416,PmUG01_11050400,True,True,True,True,True
33480416,PGAL8A_00141300,True,True,True,True,True
33480416,PBANKA_0111100,True,True,True,True,True
33495622,PRCDC_1232000,True,True,True,True,True
33495622,PVP01_1025500,True,True,True,True,True
33495622,PY17X_1109200,True,True,True,True,True
33495622,TGME49_316730,True,True,True,True,True
33495622,PF3D7_1232700,True,True,True,True,True
33495622,PmUG01_06016400,True,True,True,True,True
33495622,TGME49_248640,True,True,True,True,True
33495622,PRELSG_1024000,True,True,True,True,True
33495622,PRCDC_0507700,True,True,True,True,True
33495622,PocGH01_10033000,True,True,True,True,True
33495622,PmUG01_14067000,True,True,True,True,True
33495622,PCHAS_1107800,True,True,True,True,True
33495622,PKNH_1452200,True,True,True,True,True
33495622,PBANKA_1447400,True,True,True,True,True
33495622,PGAL8A_00029600,True,True,True,True,True
33495622,PocGH01_14058400,True,True,True,True,True
33495622,PRELSG_1448800,True,True,True,True,True
33495622,PKNH_1025100,True,True,True,True,True
33495622,PCHAS_1449600,True,True,True,True,True
33495622,PBANKA_1108100,True,True,True,True,True
33495622,PGAL8A_00454400,True,True,True,True,True
33495622,TGME49_249730,True,True,True,True,True
33495622,TGME49_222660,True,True,True,True,True
33495622,PVP01_1450900,True,True,True,True,True
33495622,PY17X_1449900,True,True,True,True,True
33495622,PF3D7_0508500,True,True,True,True,True
33524071,TGME49_227910,True,True,True,True,True
33524071,PY17X_1122900,True,True,True,True,True
33524071,PCHAS_1121000,True,True,True,True,True
33524071,PocGH01_11034700,True,True,True,True,True
33524071,PKNH_1127600,True,True,True,True,True
33524071,PRCDC_0621000,True,True,True,True,True
33524071,PRELSG_1125700,True,True,True,True,True
33524071,PF3D7_0622600,True,True,True,True,True
33524071,PBANKA_1121500,True,True,True,True,True
33524071,PVP01_1126900,True,True,True,True,True
33524071,TGME49_201880,True,True,True,True,True
33524071,PmUG01_11041000,True,True,True,True,True
33524071,PF3D7_0306000,True,True,True,True,True
33524071,PF3D7_0933600,True,True,True,True,True
33524071,PGAL8A_00151100,True,True,True,True,True
33581138,TGME49_297780,True,True,True,True,True
33581138,TGME49_221330,True,True,True,True,True
33581138,TGME49_261850,True,True,True,True,True
33581138,TGME49_297940,True,True,True,True,True
33593973,PocGH01_03021500,True,True,True,True,True
33593973,PY17X_0618000,True,True,True,True,True
33593973,PVP01_0313400,True,True,True,True,True
33593973,PF3D7_0717600,True,True,True,True,True
33593973,PGAL8A_00064700,True,True,True,True,True
33593973,PmUG01_03024100,True,True,True,True,True
33593973,PBANKA_0615300,True,True,True,True,True
33593973,PCHAS_0617000,True,True,True,True,True
33593973,PRELSG_0311300,True,True,True,True,True
33593973,PRCDC_0714900,True,True,True,True,True
33593973,TGME49_232150,True,True,True,True,True
33593973,PKNH_0312600,True,True,True,True,True
33604307,PocGH01_06014000,True,True,True,True,True
33604307,PCHAS_0505200,True,True,True,True,True
33604307,PBANKA_0505100,True,True,True,True,True
33604307,PmUG01_06012300,True,True,True,True,True
33604307,PRELSG_0604500,True,True,True,True,True
33604307,PF3D7_1020900,True,True,True,True,True
33604307,PRCDC_1020300,True,True,True,True,True
33604307,PKNH_0605200,True,True,True,True,True
33604307,PVP01_0606100,True,True,True,True,True
33604307,PY17X_0506200,True,True,True,True,True
33604307,PGAL8A_00480100,True,True,True,True,True
33651838,PF3D7_1012300,True,True,True,True,True
33651838,TGME49_236210,True,True,True,True,True
33651838,PF3D7_1448900,True,True,True,True,True
33651838,TGME49_202680,True,True,True,True,True
33651838,PF3D7_0722700,True,True,True,True,True
33705380,PocGH01_09047500,True,True,True,True,True
33705380,TGME49_245710,True,True,True,True,True
33705380,PCHAS_0709000,True,True,True,True,True
33705380,PF3D7_1141300,True,True,True,True,True
33705380,PGAL8A_00368800,True,True,True,True,True
33705380,PBANKA_0907700,True,True,True,True,True
33705380,PRCDC_1139700,True,True,True,True,True
33705380,PKNH_0939100,True,True,True,True,True
33705380,PVP01_0942000,True,True,True,True,True
33705380,PY17X_0909100,True,True,True,True,True
33705380,PmUG01_09050400,True,True,True,True,True
33705380,PRELSG_0938700,True,True,True,True,True
33715347,PRCDC_0311800,True,True,True,True,True
33715347,PY17X_0413000,True,True,True,True,True
33715347,PVP01_0827700,True,True,True,True,True
33715347,PCHAS_0411400,True,True,True,True,True
33715347,PF3D7_0312500,True,True,True,True,True
33715347,PKNH_0829700,True,True,True,True,True
33715347,PBANKA_0410500,True,True,True,True,True
33740894,PmUG01_09037800,True,True,True,True,True
33740894,PBANKA_0919700,True,True,True,True,True
33740894,PVP01_0929300,True,True,True,True,True
33740894,PocGH01_09034900,True,True,True,True,True
33740894,PCHAS_0924700,True,True,True,True,True
33740894,PF3D7_1128500,True,True,True,True,True
33740894,PRCDC_1127000,True,True,True,True,True
33740894,PY17X_0921800,True,True,True,True,True
33740894,PRELSG_0925700,True,True,True,True,True
33740894,PGAL8A_00355400,True,True,True,True,True
33740894,PKNH_0926600,True,True,True,True,True
33740894,TGME49_318590,True,True,True,True,True
33762339,PVP01_1449600,True,True,True,True,True
33762339,PmUG01_14065700,True,True,True,True,True
33762339,PY17X_1448600,True,True,True,True,True
33762339,PRELSG_1447500,True,True,True,True,True
33762339,PBANKA_1446100,True,True,True,True,True
33762339,PGAL8A_00453100,True,True,True,True,True
33762339,PCHAS_1448300,True,True,True,True,True
33762339,PKNH_1450800,True,True,True,True,True
33762339,PRCDC_1230700,True,True,True,True,True
33762339,PF3D7_1231400,True,True,True,True,True
33762339,PocGH01_14057100,True,True,True,True,True
33768012,PF3D7_1420600,True,True,True,True,True
33768012,PocGH01_13039200,True,True,True,True,True
33768012,PRELSG_1330400,True,True,True,True,True
33768012,PKNH_1337400,True,True,True,True,True
33768012,PGAL8A_00292400,True,True,True,True,True
33768012,PRCDC_1419900,True,True,True,True,True
33768012,PVP01_1328300,True,True,True,True,True
33768012,PmUG01_13038300,True,True,True,True,True
33791240,PKNH_1463700,True,True,True,True,True
33791240,PBANKA_1422900,True,True,True,True,True
33791240,PF3D7_1244500,True,True,True,True,True
33791240,PVP01_1461600,True,True,True,True,True
33791240,PCHAS_1460000,True,True,True,True,True
33791240,PRELSG_1459600,True,True,True,True,True
33791240,PocGH01_14069100,True,True,True,True,True
33791240,PF3D7_0814600,True,True,True,True,True
33791240,PBANKA_1457700,True,True,True,True,True
33791240,PmUG01_14077700,True,True,True,True,True
33791240,PY17X_1460300,True,True,True,True,True
33791240,PRCDC_1243900,True,True,True,True,True
33791240,PGAL8A_00465200,True,True,True,True,True
33883265,TGME49_220890,True,True,True,True,True
33883265,TGME49_275850,True,True,True,True,True
33883265,TGME49_308970,True,True,True,True,True
33883265,TGME49_275860,True,True,True,True,True
33974939,PGAL8A_00482000,True,True,True,True,True
33974939,PKNH_0607000,True,True,True,True,True
33974939,PY17X_0508000,True,True,True,True,True
33974939,PCHAS_0507000,True,True,True,True,True
33974939,PVP01_0607900,True,True,True,True,True
33974939,PRCDC_1022100,True,True,True,True,True
33974939,PocGH01_06015800,True,True,True,True,True
33974939,PmUG01_10033900,True,True,True,True,True
33974939,PBANKA_0506900,True,True,True,True,True
33974939,PF3D7_1022700,True,True,True,True,True
33974939,PRELSG_0606400,True,True,True,True,True
33981864,PVP01_1261100,True,True,True,True,True
33981864,PmUG01_12071100,True,True,True,True,True
33981864,PGAL8A_00205100,True,True,True,True,True
33981864,PY17X_1313500,True,True,True,True,True
33981864,PF3D7_1445900,True,True,True,True,True
33981864,PRELSG_1235100,True,True,True,True,True
33981864,PRCDC_1445200,True,True,True,True,True
33981864,PCHAS_1312900,True,True,True,True,True
33981864,PKNH_1236300,True,True,True,True,True
33981864,PBANKA_1309700,True,True,True,True,True
33981864,PocGH01_12068900,True,True,True,True,True
33997710,PmUG01_12060900,True,True,True,True,True
33997710,PCHAS_1323000,True,True,True,True,True
33997710,PBANKA_1319700,True,True,True,True,True
33997710,PGAL8A_00215300,True,True,True,True,True
33997710,PocGH01_12058800,True,True,True,True,True
33997710,PRCDC_1455300,True,True,True,True,True
33997710,PY17X_1323500,True,True,True,True,True
33997710,PVP01_1250900,True,True,True,True,True
33997710,PRELSG_1224900,True,True,True,True,True
33997710,PKNH_1225800,True,True,True,True,True
33997710,PF3D7_1456000,True,True,True,True,True
34031901,PRCDC_1443000,True,True,True,True,True
34031901,PmUG01_12073300,True,True,True,True,True
34031901,PVP01_1263300,True,True,True,True,True
34031901,PKNH_1238600,True,True,True,True,True
34031901,PRELSG_1237300,True,True,True,True,True
34031901,PCHAS_1310800,True,True,True,True,True
34031901,PF3D7_1443700,True,True,True,True,True
34031901,PBANKA_1307600,True,True,True,True,True
34031901,PocGH01_12071100,True,True,True,True,True
34031901,PGAL8A_00202900,True,True,True,True,True
34043961,TGME49_254690,True,True,True,True,True
34043961,TGME49_262490,True,True,True,True,True
34043961,TGME49_223510,True,True,True,True,True
34155201,PVP01_1267400,True,True,True,True,True
34155201,PF3D7_1345300,True,True,True,True,True
34155201,PBANKA_1303500,True,True,True,True,True
34155201,PF3D7_0905000,True,True,True,True,True
34155201,PGAL8A_00198800,True,True,True,True,True
34155201,PF3D7_1003100,True,True,True,True,True
34155201,PRCDC_1438900,True,True,True,True,True
34155201,PF3D7_0306500,True,True,True,True,True
34155201,PF3D7_1025800,True,True,True,True,True
34155201,PF3D7_0608400,True,True,True,True,True
34155201,PKNH_1242700,True,True,True,True,True
34155201,PF3D7_1322800,True,True,True,True,True
34155201,PocGH01_12075200,True,True,True,True,True
34155201,PF3D7_0109950,True,True,True,True,True
34155201,PF3D7_0809250,True,True,True,True,True
34155201,PmUG01_12077400,True,True,True,True,True
34155201,PF3D7_0722700,True,True,True,True,True
34155201,PF3D7_0808450,True,True,True,True,True
34155201,PRELSG_1241400,True,True,True,True,True
34155201,PCHAS_1306700,True,True,True,True,True
34155201,TGME49_320140,True,True,True,True,True
34155201,TGME49_288750,True,True,True,True,True
34155201,PF3D7_1326000,True,True,True,True,True
34155201,PY17X_1307300,True,True,True,True,True
34155201,PF3D7_0817800,True,True,True,True,True
34155201,PF3D7_1125600,True,True,True,True,True
34155201,PF3D7_1439600,True,True,True,True,True
34155201,PF3D7_1346600,True,True,True,True,True
34301597,PocGH01_08029500,True,True,True,True,True
34301597,PVP01_0821200,True,True,True,True,True
34301597,PRELSG_0819100,True,True,True,True,True
34301597,PmUG01_08037100,True,True,True,True,True
34301597,PBANKA_0806300,True,True,True,True,True
34301597,PRCDC_0318300,True,True,True,True,True
34301597,PF3D7_0319000,True,True,True,True,True
34301597,PGAL8A_00397300,True,True,True,True,True
34301597,PY17X_0809500,True,True,True,True,True
34324585,TGME49_217350,True,True,True,True,True
34324585,TGME49_201200,True,True,True,True,True
34324585,TGME49_226660,True,True,True,True,True
34324585,TGME49_268840,True,True,True,True,True
34348113,PVP01_1121700,True,True,True,True,True
34348113,PocGH01_11029500,True,True,True,True,True
34348113,PRELSG_1120500,True,True,True,True,True
34348113,PGAL8A_00156300,True,True,True,True,True
34348113,PF3D7_0627800,True,True,True,True,True
34348113,PmUG01_11035800,True,True,True,True,True
34348113,PBANKA_1126500,True,True,True,True,True
34348113,PRCDC_0626200,True,True,True,True,True
34348113,PCHAS_1126000,True,True,True,True,True
34348113,PY17X_1128000,True,True,True,True,True
34348113,PKNH_1122000,True,True,True,True,True
34365503,PKNH_0937300,True,True,True,True,True
34365503,PRELSG_0936800,True,True,True,True,True
34365503,PGAL8A_00366800,True,True,True,True,True
34365503,PocGH01_09045600,True,True,True,True,True
34365503,PCHAS_0710900,True,True,True,True,True
34365503,PmUG01_09048500,True,True,True,True,True
34365503,PBANKA_0909600,True,True,True,True,True
34365503,PVP01_0940100,True,True,True,True,True
34365503,PF3D7_1139300,True,True,True,True,True
34365503,PRCDC_1137700,True,True,True,True,True
34400833,PocGH01_12020200,True,True,True,True,True
34400833,PRCDC_1341900,True,True,True,True,True
34400833,PKNH_1258500,True,True,True,True,True
34400833,PF3D7_1342900,True,True,True,True,True
34400833,PmUG01_12022000,True,True,True,True,True
34400833,PVP01_1211900,True,True,True,True,True
34400833,PY17X_1361700,True,True,True,True,True
34400833,PGAL8A_00254000,True,True,True,True,True
34400833,PCHAS_1360600,True,True,True,True,True
34400833,PRELSG_1255000,True,True,True,True,True
34400833,PBANKA_1356000,True,True,True,True,True
34403450,PocGH01_01025700,True,True,True,True,True
34403450,PmUG01_01029800,True,True,True,True,True
34403450,PVP01_0118100,True,True,True,True,True
34403450,PBANKA_1228100,True,True,True,True,True
34403450,PRCDC_0801700,True,True,True,True,True
34403450,PY17X_1231600,True,True,True,True,True
34403450,PKNH_0116800,True,True,True,True,True
34403450,PCHAS_1228800,True,True,True,True,True
34403450,PGAL8A_00078300,True,True,True,True,True
34403450,PF3D7_0802100,True,True,True,True,True
34403450,PRELSG_0115800,True,True,True,True,True
34607461,TGME49_282070,True,True,True,True,True
34607461,TGME49_266080,True,True,True,True,True
34607461,TGME49_212770,True,True,True,True,True
34673764,PocGH01_09010600,True,True,True,True,True
34673764,PCHAS_0901200,True,True,True,True,True
34673764,PocGH01_13042600,True,True,True,True,True
34673764,PBANKA_1025500,True,True,True,True,True
34673764,PY17X_1027900,True,True,True,True,True
34673764,PKNH_0901400,True,True,True,True,True
34673764,PBANKA_0943100,True,True,True,True,True
34673764,PF3D7_1417200,True,True,True,True,True
34673764,PGAL8A_00288800,True,True,True,True,True
34673764,PKNH_1340900,True,True,True,True,True
34673764,PGAL8A_00331100,True,True,True,True,True
34673764,PRELSG_1333900,True,True,True,True,True
34673764,PmUG01_09013500,True,True,True,True,True
34673764,PY17X_0945600,True,True,True,True,True
34673764,PRELSG_0901000,True,True,True,True,True
34673764,PVP01_1331700,True,True,True,True,True
34673764,PVP01_0904600,True,True,True,True,True
34673764,PRCDC_1102300,True,True,True,True,True
34673764,PRCDC_1416500,True,True,True,True,True
34673764,PmUG01_13041200,True,True,True,True,True
34673764,PF3D7_1103800,True,True,True,True,True
34673764,PCHAS_1026300,True,True,True,True,True
34749525,TGME49_217530,True,True,True,True,True
34749525,TGME49_269950,True,True,True,True,True
34749525,TGME49_215360,True,True,True,True,True
34750454,PocGH01_10014500,True,True,True,True,True
34750454,PGAL8A_00074400,True,True,True,True,True
34750454,PKNH_1005600,True,True,True,True,True
34750454,PVP01_1006700,True,True,True,True,True
34750454,PRELSG_1004700,True,True,True,True,True
34750454,PRCDC_0526200,True,True,True,True,True
34750454,PF3D7_0527100,True,True,True,True,True
34750454,PmUG01_10017400,True,True,True,True,True
34750454,PBANKA_1241900,True,True,True,True,True
34750454,PCHAS_1242300,True,True,True,True,True
34750454,PY17X_1245100,True,True,True,True,True
34756057,PBANKA_0815700,True,True,True,True,True
34756057,PocGH01_07022100,True,True,True,True,True
34756057,PocGH01_08035900,True,True,True,True,True
34756057,PGAL8A_00100800,True,True,True,True,True
34756057,PY17X_0209700,True,True,True,True,True
34756057,PKNH_0829700,True,True,True,True,True
34756057,PGAL8A_00356800,True,True,True,True,True
34756057,PmUG01_08043700,True,True,True,True,True
34756057,PmUG01_07026200,True,True,True,True,True
34756057,PY17X_0209800,True,True,True,True,True
34756057,PRCDC_0311800,True,True,True,True,True
34756057,PRELSG_0927100,True,True,True,True,True
34756057,PRCDC_1128300,True,True,True,True,True
34756057,PF3D7_0914700,True,True,True,True,True
34756057,PRELSG_0712200,True,True,True,True,True
34756057,PF3D7_1129900,True,True,True,True,True
34756057,PGAL8A_00011700,True,True,True,True,True
34756057,PKNH_0927800,True,True,True,True,True
34756057,PRCDC_0912700,True,True,True,True,True
34756057,PKNH_0208700,True,True,True,True,True
34756057,PmUG01_09039000,True,True,True,True,True
34756057,PF3D7_0104800,True,True,True,True,True
34756057,PRELSG_0212300,True,True,True,True,True
34756057,PVP01_0713100,True,True,True,True,True
34756057,PRELSG_0823200,True,True,True,True,True
34756057,PKNH_0712600,True,True,True,True,True
34756057,PVP01_0209900,True,True,True,True,True
34756057,PKNH_0208800,True,True,True,True,True
34756057,PY17X_0819000,True,True,True,True,True
34756057,PGAL8A_00100900,True,True,True,True,True
34756057,PVP01_0210000,True,True,True,True,True
34756057,PocGH01_02017200,True,True,True,True,True
34756057,PCHAS_0411400,True,True,True,True,True
34756057,PF3D7_0312500,True,True,True,True,True
34756057,PCHAS_0927800,True,True,True,True,True
34756057,PGAL8A_00427600,True,True,True,True,True
34756057,PRELSG_0212400,True,True,True,True,True
34756057,PmUG01_02018900,True,True,True,True,True
34756057,PRCDC_0102700,True,True,True,True,True
34756057,PBANKA_0410500,True,True,True,True,True
34756057,PCHAS_0816000,True,True,True,True,True
34756057,PCHAS_1146800,True,True,True,True,True
34756057,PY17X_0413000,True,True,True,True,True
34756057,PCHAS_0206700,True,True,True,True,True
34756057,PVP01_0827700,True,True,True,True,True
34756057,PBANKA_0918300,True,True,True,True,True
34756057,PF3D7_0104700,True,True,True,True,True
34756057,PVP01_0930500,True,True,True,True,True
34756057,PBANKA_0208300,True,True,True,True,True
34756057,PocGH01_02017100,True,True,True,True,True
34756057,PCHAS_0206800,True,True,True,True,True
34756057,PY17X_0920000,True,True,True,True,True
34756057,PocGH01_09036200,True,True,True,True,True
34756057,PmUG01_02018800,True,True,True,True,True
34756057,PRCDC_0102600,True,True,True,True,True
34756057,PBANKA_0208400,True,True,True,True,True
34780541,PF3D7_0415000,True,True,True,True,True
34780541,PCHAS_0314400,True,True,True,True,True
34780541,PRCDC_1437900,True,True,True,True,True
34780541,PmUG01_05028700,True,True,True,True,True
34780541,PCHAS_0726100,True,True,True,True,True
34780541,PBANKA_0717000,True,True,True,True,True
34780541,PRCDC_0214500,True,True,True,True,True
34780541,PVP01_0521500,True,True,True,True,True
34780541,PRELSG_0404500,True,True,True,True,True
34780541,PRELSG_1242400,True,True,True,True,True
34780541,PRELSG_0510200,True,True,True,True,True
34780541,PBANKA_1302500,True,True,True,True,True
34780541,PKNH_1243800,True,True,True,True,True
34780541,PocGH01_12076200,True,True,True,True,True
34780541,PBANKA_0312300,True,True,True,True,True
34780541,PY17X_0717200,True,True,True,True,True
34780541,PGAL8A_00088400,True,True,True,True,True
34780541,PRCDC_0412500,True,True,True,True,True
34780541,PY17X_0312800,True,True,True,True,True
34780541,PKNH_0405300,True,True,True,True,True
34780541,PY17X_1306300,True,True,True,True,True
34780541,PVP01_0409400,True,True,True,True,True
34780541,PmUG01_04016800,True,True,True,True,True
34780541,PocGH01_05027100,True,True,True,True,True
34780541,PGAL8A_00197800,True,True,True,True,True
34780541,PocGH01_04014600,True,True,True,True,True
34780541,PF3D7_1438600,True,True,True,True,True
34780541,PmUG01_12078400,True,True,True,True,True
34780541,PKNH_0506600,True,True,True,True,True
34780541,PVP01_1268400,True,True,True,True,True
34780541,PF3D7_0215600,True,True,True,True,True
34780541,PGAL8A_00406200,True,True,True,True,True
34780541,PCHAS_1305700,True,True,True,True,True
34793583,TGME49_300650,True,True,True,True,True
34793583,TGME49_237560,True,True,True,True,True
34793583,TGME49_216170,True,True,True,True,True
34832620,PF3D7_1409300,True,True,True,True,True
34832620,PBANKA_1033200,True,True,True,True,True
34832620,PocGH01_13050600,True,True,True,True,True
34832620,PCHAS_1034000,True,True,True,True,True
34832620,PKNH_1349100,True,True,True,True,True
34832620,PRCDC_1408600,True,True,True,True,True
34832620,PmUG01_13049200,True,True,True,True,True
34832620,PRELSG_1341800,True,True,True,True,True
34832620,PVP01_1339700,True,True,True,True,True
34832620,PY17X_1035600,True,True,True,True,True
34879056,PVP01_0922500,True,True,True,True,True
34879056,PCHAS_0917900,True,True,True,True,True
34879056,PBANKA_0926400,True,True,True,True,True
34879056,PGAL8A_00348500,True,True,True,True,True
34879056,PKNH_0919600,True,True,True,True,True
34879056,PRCDC_1120300,True,True,True,True,True
34879056,PRELSG_0918700,True,True,True,True,True
34879056,PmUG01_09031100,True,True,True,True,True
34879056,PY17X_0928400,True,True,True,True,True
34879056,PocGH01_09028100,True,True,True,True,True
34879056,PF3D7_1121900,True,True,True,True,True
34946106,PBANKA_1125300,True,True,True,True,True
34946106,PF3D7_1347800,True,True,True,True,True
34946106,PVP01_1207000,True,True,True,True,True
34946106,PmUG01_11037100,True,True,True,True,True
34946106,PVP01_1123000,True,True,True,True,True
34946106,PCHAS_1124800,True,True,True,True,True
34946106,PF3D7_0626500,True,True,True,True,True
34946106,TGME49_226610,True,True,True,True,True
34946106,PocGH01_11030800,True,True,True,True,True
34946106,PY17X_1366300,True,True,True,True,True
34946106,PY17X_1126700,True,True,True,True,True
34946106,PF3D7_1307800,True,True,True,True,True
34946106,PVP01_1408700,True,True,True,True,True
34946106,PmUG01_14024500,True,True,True,True,True
34946106,PCHAS_1408200,True,True,True,True,True
34946106,PRCDC_1306800,True,True,True,True,True
34946106,PKNH_1123300,True,True,True,True,True
34946106,TGME49_211430,True,True,True,True,True
34946106,PCHAS_1365200,True,True,True,True,True
34946106,PKNH_1408100,True,True,True,True,True
34946106,PBANKA_1406300,True,True,True,True,True
34946106,PRCDC_0624900,True,True,True,True,True
34946106,PRELSG_1121800,True,True,True,True,True
34946106,PKNH_1253100,True,True,True,True,True
34946106,PBANKA_1360600,True,True,True,True,True
34946106,PF3D7_1032800,True,True,True,True,True
34946106,PocGH01_14015900,True,True,True,True,True
34946106,TGME49_233940,True,True,True,True,True
34946106,PY17X_1408000,True,True,True,True,True
34946106,PRELSG_1405600,True,True,True,True,True
34946106,TGME49_205590,True,True,True,True,True
34946106,PGAL8A_00155000,True,True,True,True,True
34946106,TGME49_285210,True,True,True,True,True
34946106,PRCDC_1346800,True,True,True,True,True
34946106,PGAL8A_00503900,True,True,True,True,True
34946106,TGME49_201790,True,True,True,True,True
34973333,PCHAS_0501800,True,True,True,True,True
34973333,PBANKA_0501700,True,True,True,True,True
34973333,PF3D7_1017400,True,True,True,True,True
34973333,PKNH_0601600,True,True,True,True,True
34973333,PY17X_0502700,True,True,True,True,True
34973333,PVP01_0602600,True,True,True,True,True
34973333,PRCDC_1016800,True,True,True,True,True
34987497,PocGH01_10012600,True,True,True,True,True
34987497,PmUG01_10015500,True,True,True,True,True
34987497,PCHAS_1244000,True,True,True,True,True
34987497,PY17X_1247000,True,True,True,True,True
34987497,PBANKA_1243600,True,True,True,True,True
34987497,PRELSG_1002800,True,True,True,True,True
34987497,PF3D7_0529000,True,True,True,True,True
34987497,PKNH_1003700,True,True,True,True,True
34987497,PVP01_1004800,True,True,True,True,True
34987497,PGAL8A_00076300,True,True,True,True,True
34987497,PRCDC_0528100,True,True,True,True,True
34998927,PRELSG_0103700,True,True,True,True,True
34998927,PRCDC_0704000,True,True,True,True,True
34998927,PVP01_0106000,True,True,True,True,True
34998927,PGAL8A_00045900,True,True,True,True,True
34998927,PocGH01_01013600,True,True,True,True,True
34998927,PF3D7_0705800,True,True,True,True,True
34998927,PKNH_0104300,True,True,True,True,True
34998927,PmUG01_01017300,True,True,True,True,True
35039477,TGME49_257050,True,True,True,True,True
35039477,TGME49_242880,True,True,True,True,True
35039477,TGME49_500121,True,True,True,True,True
35039477,TGME49_307770,True,True,True,True,True
35039477,TGME49_235478,True,True,True,True,True
35083211,TGME49_318660,True,True,True,True,True
35083211,TGME49_208500,True,True,True,True,True
35083211,TGME49_220610,True,True,True,True,True
35083211,TGME49_278510,True,True,True,True,True
35083211,TGME49_251850,True,True,True,True,True
35083211,TGME49_207590,True,True,True,True,True
35083211,TGME49_272280,True,True,True,True,True
35083211,TGME49_218590,True,True,True,True,True
35083211,TGME49_293450,True,True,True,True,True
35083211,TGME49_270190,True,True,True,True,True
35083211,TGME49_312200,True,True,True,True,True
35083211,TGME49_269460,True,True,True,True,True
35083215,PRELSG_1137100,True,True,True,True,True
35083215,PocGH01_11045700,True,True,True,True,True
35083215,PCHAS_0110100,True,True,True,True,True
35083215,PBANKA_0109500,True,True,True,True,True
35083215,PF3D7_0611200,True,True,True,True,True
35083215,PVP01_1138000,True,True,True,True,True
35083215,PmUG01_11051900,True,True,True,True,True
35083215,PRCDC_0609900,True,True,True,True,True
35083215,PKNH_1139200,True,True,True,True,True
35083215,PY17X_0111100,True,True,True,True,True
35083215,PGAL8A_00139700,True,True,True,True,True
35164549,PRCDC_0620600,True,True,True,True,True
35164549,PF3D7_0622200,True,True,True,True,True
35164549,PmUG01_11041400,True,True,True,True,True
35164549,PRELSG_1126100,True,True,True,True,True
35164549,PCHAS_1120600,True,True,True,True,True
35164549,PY17X_1122500,True,True,True,True,True
35164549,PF3D7_1022800,True,True,True,True,True
35164549,PGAL8A_00150700,True,True,True,True,True
35164549,PocGH01_11035100,True,True,True,True,True
35164549,PVP01_1127300,True,True,True,True,True
35164549,PKNH_1128000,True,True,True,True,True
35164549,PBANKA_1121100,True,True,True,True,True
35210361,PF3D7_1230600,True,True,True,True,True
35210361,PF3D7_1111000,True,True,True,True,True
35210361,PVP01_0930100,True,True,True,True,True
35210361,PocGH01_09035700,True,True,True,True,True
35210361,PKNH_0908700,True,True,True,True,True
35210361,PVP01_1448800,True,True,True,True,True
35210361,PRCDC_1127800,True,True,True,True,True
35210361,PKNH_0102400,True,True,True,True,True
35210361,PBANKA_0918800,True,True,True,True,True
35210361,PVP01_0104400,True,True,True,True,True
35210361,PRELSG_0908000,True,True,True,True,True
35210361,PCHAS_0907700,True,True,True,True,True
35210361,PGAL8A_00452300,True,True,True,True,True
35210361,PocGH01_14056300,True,True,True,True,True
35210361,PocGH01_09017300,True,True,True,True,True
35210361,PY17X_0920500,True,True,True,True,True
35210361,PKNH_0927400,True,True,True,True,True
35210361,PBANKA_0936600,True,True,True,True,True
35210361,PCHAS_1447500,True,True,True,True,True
35210361,PCHAS_0802200,True,True,True,True,True
35210361,PY17X_0938600,True,True,True,True,True
35210361,PKNH_1450000,True,True,True,True,True
35210361,PBANKA_0801900,True,True,True,True,True
35210361,PRELSG_0101700,True,True,True,True,True
35210361,PY17X_0804600,True,True,True,True,True
35210361,PocGH01_01012000,True,True,True,True,True
35210361,PmUG01_01015700,True,True,True,True,True
35210361,PRCDC_0702400,True,True,True,True,True
35210361,PGAL8A_00337900,True,True,True,True,True
35210361,PRCDC_1109500,True,True,True,True,True
35210361,PRELSG_0926500,True,True,True,True,True
35210361,PGAL8A_00044300,True,True,True,True,True
35210361,PGAL8A_00356200,True,True,True,True,True
35210361,PmUG01_14064900,True,True,True,True,True
35210361,PmUG01_09038600,True,True,True,True,True
35210361,PF3D7_0704200,True,True,True,True,True
35210361,PY17X_1447800,True,True,True,True,True
35210361,PCHAS_0927300,True,True,True,True,True
35210361,PVP01_0911800,True,True,True,True,True
35210361,PF3D7_1129400,True,True,True,True,True
35210361,PRCDC_1229900,True,True,True,True,True
35210361,PRELSG_1446700,True,True,True,True,True
35210361,PBANKA_1445300,True,True,True,True,True
35210361,PmUG01_09020500,True,True,True,True,True
35288749,PF3D7_1449500,True,True,True,True,True
35288749,PF3D7_0516800,True,True,True,True,True
35288749,PF3D7_1408200,True,True,True,True,True
35288749,PF3D7_1466400,True,True,True,True,True
35288749,PF3D7_1239200,True,True,True,True,True
35288749,PF3D7_1139300,True,True,True,True,True
35288749,PF3D7_1456000,True,True,True,True,True
35288749,PF3D7_1107800,True,True,True,True,True
35404116,PmUG01_10020800,True,True,True,True,True
35404116,PVP01_0936100,True,True,True,True,True
35404116,PF3D7_0523800,True,True,True,True,True
35404116,PmUG01_09044500,True,True,True,True,True
35404116,PKNH_1009100,True,True,True,True,True
35404116,PGAL8A_00071000,True,True,True,True,True
35404116,PRCDC_1133700,True,True,True,True,True
35404116,PY17X_1241800,True,True,True,True,True
35404116,PRCDC_0522900,True,True,True,True,True
35404116,PY17X_0914700,True,True,True,True,True
35404116,PRELSG_0932900,True,True,True,True,True
35404116,PCHAS_1239000,True,True,True,True,True
35404116,PRELSG_1008000,True,True,True,True,True
35404116,PGAL8A_00362900,True,True,True,True,True
35404116,PF3D7_1135300,True,True,True,True,True
35404116,PCHAS_0932800,True,True,True,True,True
35404116,PBANKA_1238600,True,True,True,True,True
35404116,PocGH01_10017900,True,True,True,True,True
35404116,PKNH_0933400,True,True,True,True,True
35404116,PVP01_1010100,True,True,True,True,True
35404116,PBANKA_0913200,True,True,True,True,True
35404116,PocGH01_09041700,True,True,True,True,True
35550346,PCHAS_1325500,True,True,True,True,True
35550346,PKNH_1223300,True,True,True,True,True
35550346,PocGH01_12056300,True,True,True,True,True
35550346,PF3D7_1458500,True,True,True,True,True
35550346,PRELSG_1222400,True,True,True,True,True
35550346,PVP01_1248400,True,True,True,True,True
35550346,PBANKA_1322200,True,True,True,True,True
35550346,PY17X_1326000,True,True,True,True,True
35550346,PRCDC_1457800,True,True,True,True,True
35550346,PmUG01_12058400,True,True,True,True,True
35550346,PGAL8A_00217800,True,True,True,True,True
35862778,PCHAS_0513500,True,True,True,True,True
35862778,PGAL8A_00360800,True,True,True,True,True
35862778,PF3D7_1029400,True,True,True,True,True
35862778,PmUG01_09042500,True,True,True,True,True
35862778,PVP01_0315200,True,True,True,True,True
35862778,PF3D7_1133300,True,True,True,True,True
35862778,PBANKA_0915100,True,True,True,True,True
35862778,PCHAS_0930900,True,True,True,True,True
35862778,PF3D7_0719500,True,True,True,True,True
35862778,PRCDC_0716700,True,True,True,True,True
35862778,PRELSG_0203900,True,True,True,True,True
35862778,PY17X_0514500,True,True,True,True,True
35862778,PKNH_0931400,True,True,True,True,True
35862778,PGAL8A_00488700,True,True,True,True,True
35862778,PBANKA_0617000,True,True,True,True,True
35862778,PRELSG_0613100,True,True,True,True,True
35862778,PCHAS_0618700,True,True,True,True,True
35862778,PKNH_0314900,True,True,True,True,True
35862778,PRELSG_0930800,True,True,True,True,True
35862778,PY17X_0916600,True,True,True,True,True
35862778,PmUG01_03025900,True,True,True,True,True
35862778,PmUG01_10040600,True,True,True,True,True
35862778,PocGH01_09039700,True,True,True,True,True
35862778,PRCDC_1028700,True,True,True,True,True
35862778,PocGH01_06022400,True,True,True,True,True
35862778,PVP01_0934100,True,True,True,True,True
35862778,PKNH_0614100,True,True,True,True,True
35862778,PRCDC_1131700,True,True,True,True,True
35862778,PY17X_0619700,True,True,True,True,True
35862778,PBANKA_0513400,True,True,True,True,True
35862778,PocGH01_03023300,True,True,True,True,True
35862778,PVP01_0614500,True,True,True,True,True
35862778,PGAL8A_00082700,True,True,True,True,True
35920043,PBANKA_0516600,True,True,True,True,True
35920043,PCHAS_0516700,True,True,True,True,True
35920043,PRCDC_1032100,True,True,True,True,True
35920043,PY17X_0517700,True,True,True,True,True
35920043,PKNH_0617600,True,True,True,True,True
35941170,TGME49_202550,True,True,True,True,True
35941170,TGME49_229260,True,True,True,True,True
35941170,TGME49_294860,True,True,True,True,True
35941170,TGME49_311770,True,True,True,True,True
35941170,TGME49_310220,True,True,True,True,True
35941170,TGME49_232780,True,True,True,True,True
35977499,TGME49_290970,True,True,True,True,True
35977499,TGME49_316450,True,True,True,True,True
35977499,TGME49_283710,True,True,True,True,True
35977499,TGME49_237200,True,True,True,True,True
35977499,TGME49_290980,True,True,True,True,True
35994509,TGME49_231840,True,True,True,True,True
35994509,TGME49_257370,True,True,True,True,True
35994509,TGME49_274160,True,True,True,True,True
36006241,PmUG01_12070300,True,True,True,True,True
36006241,PGAL8A_00449400,True,True,True,True,True
36006241,PRCDC_0909300,True,True,True,True,True
36006241,PBANKA_1310500,True,True,True,True,True
36006241,PGAL8A_00061400,True,True,True,True,True
36006241,PGAL8A_00205900,True,True,True,True,True
36006241,PF3D7_1446700,True,True,True,True,True
36006241,PVP01_1263900,True,True,True,True,True
36006241,PocGH01_03027300,True,True,True,True,True
36006241,PmUG01_12015300,True,True,True,True,True
36006241,PF3D7_0420600,True,True,True,True,True
36006241,PF3D7_0723800,True,True,True,True,True
36006241,PF3D7_0706300,True,True,True,True,True
36006241,PF3D7_1349600,True,True,True,True,True
36006241,PVP01_0106500,True,True,True,True,True
36006241,PCHAS_1313800,True,True,True,True,True
36006241,PF3D7_0410800,True,True,True,True,True
36006241,TGME49_264960,True,True,True,True,True
36006241,PGAL8A_00380700,True,True,True,True,True
36006241,PKNH_1239200,True,True,True,True,True
36006241,TGME49_232430,True,True,True,True,True
36006241,PY17X_1310800,True,True,True,True,True
36006241,TGME49_310730,True,True,True,True,True
36006241,PGAL8A_00095800,True,True,True,True,True
36006241,PocGH01_08040600,True,True,True,True,True
36006241,PBANKA_1337500,True,True,True,True,True
36006241,PBANKA_0803900,True,True,True,True,True
36006241,PRCDC_0408200,True,True,True,True,True
36006241,PocGH01_01014100,True,True,True,True,True
36006241,PocGH01_07018700,True,True,True,True,True
36006241,PKNH_0319200,True,True,True,True,True
36006241,PVP01_0832500,True,True,True,True,True
36006241,PCHAS_0406900,True,True,True,True,True
36006241,PocGH01_08012400,True,True,True,True,True
36006241,PocGH01_02022000,True,True,True,True,True
36006241,PCHAS_1203500,True,True,True,True,True
36006241,TGME49_289700,True,True,True,True,True
36006241,PVP01_1260300,True,True,True,True,True
36006241,PY17X_0806600,True,True,True,True,True
36006241,PVP01_1232400,True,True,True,True,True
36006241,PY17X_1342200,True,True,True,True,True
36006241,PY17X_0523400,True,True,True,True,True
36006241,PmUG01_08020300,True,True,True,True,True
36006241,PCHAS_1367000,True,True,True,True,True
36006241,PRELSG_0516000,True,True,True,True,True
36006241,PCHAS_0613900,True,True,True,True,True
36006241,PBANKA_0612300,True,True,True,True,True
36006241,PRCDC_1348600,True,True,True,True,True
36006241,PBANKA_1307000,True,True,True,True,True
36006241,PKNH_0104800,True,True,True,True,True
36006241,PVP01_0804200,True,True,True,True,True
36006241,PocGH01_12068100,True,True,True,True,True
36006241,PKNH_1251300,True,True,True,True,True
36006241,PY17X_0815600,True,True,True,True,True
36006241,PmUG01_03020800,True,True,True,True,True
36006241,TGME49_280390,True,True,True,True,True
36006241,PmUG01_02023700,True,True,True,True,True
36006241,PVP01_0709700,True,True,True,True,True
36006241,TGME49_212800,True,True,True,True,True
36006241,PRELSG_0708600,True,True,True,True,True
36006241,PVP01_0214800,True,True,True,True,True
36006241,PocGH01_05031900,True,True,True,True,True
36006241,PGAL8A_00061500,True,True,True,True,True
36006241,PGAL8A_00424000,True,True,True,True,True
36006241,PocGH01_03018300,True,True,True,True,True
36006241,PKNH_0309000,True,True,True,True,True
36006241,PRELSG_1248300,True,True,True,True,True
36006241,PGAL8A_00234200,True,True,True,True,True
36006241,PRCDC_0704500,True,True,True,True,True
36006241,PRCDC_0307000,True,True,True,True,True
36006241,PCHAS_1310200,True,True,True,True,True
36006241,PY17X_1314300,True,True,True,True,True
36006241,PmUG01_01017800,True,True,True,True,True
36006241,TGME49_258450,True,True,True,True,True
36006241,PVP01_0319500,True,True,True,True,True
36006241,PKNH_0709200,True,True,True,True,True
36006241,PBANKA_0812300,True,True,True,True,True
36006241,PF3D7_1443100,True,True,True,True,True
36006241,PRELSG_0802300,True,True,True,True,True
36006241,PCHAS_0623000,True,True,True,True,True
36006241,PGAL8A_00260600,True,True,True,True,True
36006241,PRELSG_0308000,True,True,True,True,True
36006241,PRCDC_0721000,True,True,True,True,True
36006241,PY17X_0214600,True,True,True,True,True
36006241,PGAL8A_00007100,True,True,True,True,True
36006241,PY17X_1368100,True,True,True,True,True
36006241,PRELSG_1234300,True,True,True,True,True
36006241,PVP01_0530100,True,True,True,True,True
36006241,PKNH_0513400,True,True,True,True,True
36006241,PRELSG_0217500,True,True,True,True,True
36006241,PF3D7_1322200,True,True,True,True,True
36006241,PRCDC_1442400,True,True,True,True,True
36006241,PKNH_1235500,True,True,True,True,True
36006241,PCHAS_0211600,True,True,True,True,True
36006241,PBANKA_1202800,True,True,True,True,True
36006241,PY17X_0408300,True,True,True,True,True
36006241,PKNH_1206600,True,True,True,True,True
36006241,TGME49_316530,True,True,True,True,True
36006241,PF3D7_0911200,True,True,True,True,True
36006241,PKNH_0803200,True,True,True,True,True
36006241,PY17X_0624000,True,True,True,True,True
36006241,PCHAS_0522200,True,True,True,True,True
36006241,PBANKA_0522000,True,True,True,True,True
36006241,PKNH_0308900,True,True,True,True,True
36006241,PF3D7_0729100,True,True,True,True,True
36006241,PY17X_1205900,True,True,True,True,True
36006241,PBANKA_0621300,True,True,True,True,True
36006241,PRCDC_0725900,True,True,True,True,True
36006241,PGAL8A_00202300,True,True,True,True,True
36006241,PKNH_0213700,True,True,True,True,True
36006241,PmUG01_03020900,True,True,True,True,True
36006241,PmUG01_05038200,True,True,True,True,True
36006241,PGAL8A_00182900,True,True,True,True,True
36006241,PmUG01_07022800,True,True,True,True,True
36006241,PCHAS_0804200,True,True,True,True,True
36006241,PF3D7_1004500,True,True,True,True,True
36006241,PRCDC_0408300,True,True,True,True,True
36006241,PmUG01_12042500,True,True,True,True,True
36006241,TGME49_309380,True,True,True,True,True
36006241,PRCDC_1321200,True,True,True,True,True
36006241,PBANKA_0406000,True,True,True,True,True
36006241,PY17X_0614800,True,True,True,True,True
36006241,PocGH01_03018200,True,True,True,True,True
36006241,TGME49_259520,True,True,True,True,True
36006241,PRELSG_0312400,True,True,True,True,True
36006241,PRCDC_1003900,True,True,True,True,True
36006241,PRELSG_1237900,True,True,True,True,True
36006241,PRELSG_0308100,True,True,True,True,True
36006241,PRELSG_0104200,True,True,True,True,True
36006241,PRCDC_0418100,True,True,True,True,True
36006241,TGME49_277940,True,True,True,True,True
36006241,PmUG01_12073900,True,True,True,True,True
36006241,PF3D7_0307700,True,True,True,True,True
36006241,PRELSG_1206100,True,True,True,True,True
36006241,PocGH01_12071700,True,True,True,True,True
36006241,PmUG01_03030200,True,True,True,True,True
36006241,PBANKA_1362400,True,True,True,True,True
36006241,PVP01_1205200,True,True,True,True,True
36006241,PBANKA_0612200,True,True,True,True,True
36006241,PGAL8A_00046400,True,True,True,True,True
36006241,PRELSG_0827900,True,True,True,True,True
36006241,PY17X_0614700,True,True,True,True,True
36006241,TGME49_289790,True,True,True,True,True
36006241,PCHAS_0614000,True,True,True,True,True
36006241,TGME49_500364,True,True,True,True,True
36006241,PF3D7_0410900,True,True,True,True,True
36006241,PBANKA_0213200,True,True,True,True,True
36006241,PocGH01_12040400,True,True,True,True,True
36006241,PCHAS_0812600,True,True,True,True,True
36006241,PVP01_0310200,True,True,True,True,True
36006241,PmUG01_08048500,True,True,True,True,True
36006241,PocGH01_12013600,True,True,True,True,True
36006241,PCHAS_1342100,True,True,True,True,True
36006241,PKNH_0835000,True,True,True,True,True
36006241,PRCDC_1446000,True,True,True,True,True
36006241,PVP01_0310100,True,True,True,True,True
36030238,PRELSG_0828400,True,True,True,True,True
36030238,PGAL8A_00006600,True,True,True,True,True
36030238,PocGH01_08041000,True,True,True,True,True
36030238,PRCDC_0306600,True,True,True,True,True
36030238,PKNH_0835400,True,True,True,True,True
36030238,PY17X_0407900,True,True,True,True,True
36030238,PF3D7_0616200,True,True,True,True,True
36030238,PCHAS_0406500,True,True,True,True,True
36030238,PmUG01_08048900,True,True,True,True,True
36030238,PF3D7_0307300,True,True,True,True,True
36030238,PVP01_0832900,True,True,True,True,True
36040030,PVP01_0822800,True,True,True,True,True
36040030,PKNH_1460300,True,True,True,True,True
36040030,PKNH_1248600,True,True,True,True,True
36040030,PVP01_0412400,True,True,True,True,True
36040030,PocGH01_08031200,True,True,True,True,True
36040030,PmUG01_04019900,True,True,True,True,True
36040030,PBANKA_1365100,True,True,True,True,True
36040030,PBANKA_0309200,True,True,True,True,True
36040030,PocGH01_12010800,True,True,True,True,True
36040030,PVP01_0412500,True,True,True,True,True
36040030,PmUG01_14074400,True,True,True,True,True
36040030,PY17X_0309800,True,True,True,True,True
36040030,PCHAS_1456900,True,True,True,True,True
36040030,PF3D7_0317300,True,True,True,True,True
36040030,PVP01_1202400,True,True,True,True,True
36040030,PBANKA_0807900,True,True,True,True,True
36040030,PY17X_0811100,True,True,True,True,True
36040030,PCHAS_0311500,True,True,True,True,True
36040030,PY17X_0309900,True,True,True,True,True
36040030,PCHAS_1369700,True,True,True,True,True
36040030,PF3D7_1352400,True,True,True,True,True
36040030,PKNH_0408800,True,True,True,True,True
36040030,PF3D7_1241200,True,True,True,True,True
36040030,PKNH_0824500,True,True,True,True,True
36040030,PRELSG_0820800,True,True,True,True,True
36040030,PRELSG_1245400,True,True,True,True,True
36040030,PY17X_1457100,True,True,True,True,True
36040030,PRELSG_1456300,True,True,True,True,True
36040030,PRCDC_0316600,True,True,True,True,True
36040030,PocGH01_04017700,True,True,True,True,True
36040030,PmUG01_08038800,True,True,True,True,True
36040030,PRCDC_1351400,True,True,True,True,True
36040030,PBANKA_0309400,True,True,True,True,True
36040030,PGAL8A_00403100,True,True,True,True,True
36040030,PBANKA_1454600,True,True,True,True,True
36040030,PocGH01_14065800,True,True,True,True,True
36040030,PVP01_1458300,True,True,True,True,True
36040030,PRCDC_0211400,True,True,True,True,True
36040030,PGAL8A_00461900,True,True,True,True,True
36040030,PRCDC_1240600,True,True,True,True,True
36040030,PGAL8A_00263500,True,True,True,True,True
36040030,PmUG01_12012500,True,True,True,True,True
36040030,PRELSG_0407500,True,True,True,True,True
36040030,PF3D7_0212500,True,True,True,True,True
36040030,PCHAS_0808200,True,True,True,True,True
36040030,PKNH_0408700,True,True,True,True,True
36040030,PmUG01_04019800,True,True,True,True,True
36040030,PGAL8A_00403200,True,True,True,True,True
36040030,PY17X_1370900,True,True,True,True,True
36040030,PocGH01_04017600,True,True,True,True,True
36040030,PCHAS_0311400,True,True,True,True,True
36040030,PGAL8A_00399000,True,True,True,True,True
36046743,TGME49_294380,True,True,True,True,True
36046743,TGME49_309110,True,True,True,True,True
36046743,TGME49_309020,True,True,True,True,True
36201550,PCHAS_0511400,True,True,True,True,True
36201550,PBANKA_0511300,True,True,True,True,True
36201550,PmUG01_10038400,True,True,True,True,True
36201550,PF3D7_1027200,True,True,True,True,True
36201550,PY17X_0512400,True,True,True,True,True
36201550,PVP01_0612300,True,True,True,True,True
36201550,PRELSG_0610800,True,True,True,True,True
36201550,PKNH_0611600,True,True,True,True,True
36201550,PRCDC_1026500,True,True,True,True,True
36201550,PocGH01_06020200,True,True,True,True,True
36201550,PGAL8A_00486400,True,True,True,True,True
36241929,PF3D7_0816300,True,True,True,True,True
36241929,PKNH_0504100,True,True,True,True,True
36241929,PRCDC_0815600,True,True,True,True,True
36241929,PmUG01_05031200,True,True,True,True,True
36241929,PCHAS_0723600,True,True,True,True,True
36241929,PGAL8A_00085900,True,True,True,True,True
36241929,PF3D7_1014200,True,True,True,True,True
36241929,PocGH01_05024600,True,True,True,True,True
36241929,PRELSG_0507700,True,True,True,True,True
36241929,PVP01_0519000,True,True,True,True,True
36241929,PY17X_0714700,True,True,True,True,True
36241929,PBANKA_0714500,True,True,True,True,True
36306288,PBANKA_1425300,True,True,True,True,True
36306288,PCHAS_1427100,True,True,True,True,True
36306288,PKNH_1428400,True,True,True,True,True
36306288,PmUG01_14044000,True,True,True,True,True
36306288,PRELSG_1425300,True,True,True,True,True
36306288,PGAL8A_00523800,True,True,True,True,True
36306288,PF3D7_0812200,True,True,True,True,True
36306288,PVP01_1428000,True,True,True,True,True
36306288,PocGH01_14035300,True,True,True,True,True
36306288,PRCDC_0811600,True,True,True,True,True
36306288,PY17X_1427300,True,True,True,True,True
36318587,PY17X_0707900,True,True,True,True,True
36318587,PF3D7_0823000,True,True,True,True,True
36318587,PVP01_0511300,True,True,True,True,True
36318587,PRCDC_0822300,True,True,True,True,True
36318587,PmUG01_05023000,True,True,True,True,True
36318587,TGME49_310190,True,True,True,True,True
36318587,PocGH01_05017800,True,True,True,True,True
36318587,PBANKA_0707600,True,True,True,True,True
36318587,PGAL8A_00116200,True,True,True,True,True
36318587,PCHAS_0716900,True,True,True,True,True
36318587,PRELSG_0500800,True,True,True,True,True
36318587,PKNH_1317000,True,True,True,True,True
36463257,PocGH01_12043200,True,True,True,True,True
36463257,PmUG01_12045300,True,True,True,True,True
36463257,PRCDC_1470800,True,True,True,True,True
36463257,PBANKA_1334800,True,True,True,True,True
36463257,PCHAS_1339400,True,True,True,True,True
36463257,PKNH_1209400,True,True,True,True,True
36463257,PVP01_1235200,True,True,True,True,True
36463257,PRELSG_1209100,True,True,True,True,True
36463257,PF3D7_1471600,True,True,True,True,True
36463257,PY17X_1339500,True,True,True,True,True
36463257,PGAL8A_00231100,True,True,True,True,True
36622147,TGME49_240630,True,True,True,True,True
36622147,TGME49_238170,True,True,True,True,True
36622147,TGME49_255450,True,True,True,True,True
36622147,TGME49_294610,True,True,True,True,True
36622147,TGME49_293360,True,True,True,True,True
36622147,TGME49_249440,True,True,True,True,True
36622147,TGME49_269960,True,True,True,True,True
36622147,TGME49_312100,True,True,True,True,True
36622147,TGME49_235690,True,True,True,True,True
36622147,TGME49_255420,True,True,True,True,True
36622147,TGME49_297870,True,True,True,True,True
36622147,TGME49_310450,True,True,True,True,True
36622147,TGME49_224000,True,True,True,True,True
36622147,TGME49_220900,True,True,True,True,True
36622147,TGME49_225560,True,True,True,True,True
36622147,TGME49_221630,True,True,True,True,True
36625655,PF3D7_1327300,True,True,True,True,True
36625655,PmUG01_12037200,True,True,True,True,True
36625655,PBANKA_1342500,True,True,True,True,True
36625655,PKNH_1201300,True,True,True,True,True
36625655,PGAL8A_00239500,True,True,True,True,True
36625655,PRCDC_1326300,True,True,True,True,True
36625655,PY17X_1347200,True,True,True,True,True
36625655,PCHAS_1347100,True,True,True,True,True
36625655,PocGH01_12035100,True,True,True,True,True
36625655,PVP01_1227100,True,True,True,True,True
36625655,PRELSG_1200700,True,True,True,True,True
36634679,PBANKA_0413400,True,True,True,True,True
36634679,PBANKA_0828000,True,True,True,True,True
36634679,PBANKA_1302700,True,True,True,True,True
36634679,PBANKA_0902300,True,True,True,True,True
36634679,PBANKA_0102400,True,True,True,True,True
36634679,PBANKA_1435200,True,True,True,True,True
36634679,PBANKA_1454800,True,True,True,True,True
36634679,PBANKA_0716500,True,True,True,True,True
36634679,PBANKA_1447900,True,True,True,True,True
36634679,PBANKA_1418100,True,True,True,True,True
36898988,PRCDC_0318400,True,True,True,True,True
36898988,PmUG01_14045300,True,True,True,True,True
36898988,PBANKA_0806200,True,True,True,True,True
36898988,PGAL8A_00525100,True,True,True,True,True
36898988,PVP01_1105000,True,True,True,True,True
36898988,PmUG01_11019200,True,True,True,True,True
36898988,PKNH_0822400,True,True,True,True,True
36898988,PKNH_1429700,True,True,True,True,True
36898988,PRCDC_1365900,True,True,True,True,True
36898988,PRELSG_1103500,True,True,True,True,True
36898988,PBANKA_1142900,True,True,True,True,True
36898988,PocGH01_11013600,True,True,True,True,True
36898988,PGAL8A_00397200,True,True,True,True,True
36898988,PCHAS_1428300,True,True,True,True,True
36898988,PY17X_0809400,True,True,True,True,True
36898988,PRELSG_0819000,True,True,True,True,True
36898988,PmUG01_08037000,True,True,True,True,True
36898988,PBANKA_1426500,True,True,True,True,True
36898988,PocGH01_08029400,True,True,True,True,True
36898988,PCHAS_0806500,True,True,True,True,True
36898988,PVP01_0821100,True,True,True,True,True
36898988,PCHAS_1142400,True,True,True,True,True
36898988,PVP01_1429300,True,True,True,True,True
36898988,PRCDC_0810300,True,True,True,True,True
36898988,PY17X_1144200,True,True,True,True,True
36898988,PRELSG_1426600,True,True,True,True,True
36898988,PY17X_1428600,True,True,True,True,True
36898988,PocGH01_14036600,True,True,True,True,True
36898988,PKNH_1104200,True,True,True,True,True
36916910,TGME49_272460,True,True,True,True,True
36916910,TGME49_309600,True,True,True,True,True
36916910,TGME49_249990,True,True,True,True,True
36958824,TGME49_271070,True,True,True,True,True
36958824,TGME49_277990,True,True,True,True,True
36958824,TGME49_243510,True,True,True,True,True
36958824,TGME49_260510,True,True,True,True,True
37061511,TGME49_297520,True,True,True,True,True
37061511,TGME49_277895,True,True,True,True,True
37061511,TGME49_227800,True,True,True,True,True
37061511,TGME49_272600,True,True,True,True,True
37061511,TGME49_257070,True,True,True,True,True
37093045,TGME49_306920,True,True,True,True,True
37093045,TGME49_264050,True,True,True,True,True
37093045,TGME49_289100,True,True,True,True,True
37192974,PRELSG_0207500,True,True,True,True,True
37192974,PmUG01_02014400,True,True,True,True,True
37192974,PVP01_0205500,True,True,True,True,True
37192974,PKNH_0204200,True,True,True,True,True
37192974,PRCDC_0107400,True,True,True,True,True
37192974,PCHAS_0202400,True,True,True,True,True
37192974,PY17X_0205400,True,True,True,True,True
37192974,PGAL8A_00105500,True,True,True,True,True
37192974,PF3D7_0109600,True,True,True,True,True
37192974,PocGH01_02012700,True,True,True,True,True
37192974,PBANKA_0204000,True,True,True,True,True
37249423,PocGH01_10025800,True,True,True,True,True
37249423,PF3D7_0515700,True,True,True,True,True
37249423,PVP01_1018200,True,True,True,True,True
37249423,PKNH_1017500,True,True,True,True,True
37249423,PY17X_1116500,True,True,True,True,True
37249423,PCHAS_1114900,True,True,True,True,True
37249423,PRCDC_0514800,True,True,True,True,True
37249423,PGAL8A_00037200,True,True,True,True,True
37249423,PmUG01_10028900,True,True,True,True,True
37249423,PBANKA_1115300,True,True,True,True,True
37249423,PRELSG_1016200,True,True,True,True,True
37592911,PCHAS_0928500,True,True,True,True,True
37592911,PRELSG_0928100,True,True,True,True,True
37592911,PY17X_0919100,True,True,True,True,True
37592911,PVP01_0931500,True,True,True,True,True
37592911,PGAL8A_00358100,True,True,True,True,True
37592911,PKNH_0928800,True,True,True,True,True
37592911,PF3D7_1440100,True,True,True,True,True
37592911,PmUG01_09039900,True,True,True,True,True
37592911,PRCDC_1129100,True,True,True,True,True
37592911,PF3D7_1130700,True,True,True,True,True
37592911,PBANKA_0917500,True,True,True,True,True
37708854,PBANKA_1353800,True,True,True,True,True
37708854,PBANKA_1338100,True,True,True,True,True
37708854,PBANKA_0413500,True,True,True,True,True
37708854,PBANKA_0720900,True,True,True,True,True
37815466,TGME49_255270,True,True,True,True,True
37815466,TGME49_207120,True,True,True,True,True
37815466,TGME49_250010,True,True,True,True,True
37873335,TGME49_312560,True,True,True,True,True
37873335,TGME49_315150,True,True,True,True,True
37873335,TGME49_223410,True,True,True,True,True
37884813,PGAL8A_00335100,True,True,True,True,True
37884813,PKNH_0905400,True,True,True,True,True
37884813,PRCDC_1106300,True,True,True,True,True
37884813,PmUG01_09017400,True,True,True,True,True
37884813,PRELSG_0905000,True,True,True,True,True
37884813,PY17X_0941600,True,True,True,True,True
37884813,PCHAS_0905200,True,True,True,True,True
37884813,PBANKA_0939100,True,True,True,True,True
37884813,PocGH01_09014500,True,True,True,True,True
37884813,PVP01_0908600,True,True,True,True,True
37884813,PF3D7_1107800,True,True,True,True,True
37966241,TGME49_306410,True,True,True,True,True
37966241,TGME49_289120,True,True,True,True,True
37966241,TGME49_242030,True,True,True,True,True
37966241,TGME49_290310,True,True,True,True,True
37966241,TGME49_251730,True,True,True,True,True
37966241,TGME49_224150,True,True,True,True,True
37966241,TGME49_273580,True,True,True,True,True
37966241,TGME49_212150,True,True,True,True,True
38079448,TGME49_252630,True,True,True,True,True
38079448,TGME49_215280,True,True,True,True,True
38079448,TGME49_215430,True,True,True,True,True
38079448,TGME49_306650,True,True,True,True,True
38079448,TGME49_227920,True,True,True,True,True
38079448,TGME49_206480,True,True,True,True,True
38079448,TGME49_315930,True,True,True,True,True
38079448,TGME49_226500,True,True,True,True,True
38079448,TGME49_215590,True,True,True,True,True
38091362,TGME49_301010,True,True,True,True,True
38091362,TGME49_216680,True,True,True,True,True
38091362,TGME49_319930,True,True,True,True,True
38093015,TGME49_243940,True,True,True,True,True
38093015,TGME49_277230,True,True,True,True,True
38093015,TGME49_273980,True,True,True,True,True
38270431,TGME49_306640,True,True,True,True,True
38270431,TGME49_222200,True,True,True,True,True
38270431,TGME49_253360,True,True,True,True,True
38270431,TGME49_310140,True,True,True,True,True
