pmid,gene_ID,host_db
10562315,PF3D7_0324500,PlasmoDB
11706051,TGME49_255190,ToxoDB
11733572,PF3D7_0402300,PlasmoDB
12021311,PCHAS_0702500,PlasmoDB
12021311,PBANKA_0901300,PlasmoDB
12057017,PF3D7_1414400,PlasmoDB
12057017,PKNH_1343700,PlasmoDB
12057017,PocGH01_13045400,PlasmoDB
12057017,PRCDC_1413700,PlasmoDB
12057017,PmUG01_13044000,PlasmoDB
12057017,PRELSG_1336700,PlasmoDB
12057017,PVP01_1334500,PlasmoDB
14737184,PF3D7_1342500,PlasmoDB
14737184,PBANKA_1355600,PlasmoDB
15230980,PCHAS_1020900,PlasmoDB
15230980,PF3D7_0802800,PlasmoDB
15230980,PF3D7_1423300,PlasmoDB
15230980,PKNH_1334700,PlasmoDB
15230980,PRCDC_1422600,PlasmoDB
15230980,PY17X_1022000,PlasmoDB
15722485,PF3D7_1314200,PlasmoDB
15722485,PRCDC_1313200,PlasmoDB
15774027,PF3D7_0212000,PlasmoDB
15774027,PF3D7_1208400,PlasmoDB
15774027,PF3D7_1469400,PlasmoDB
15939796,PF3D7_0800700,PlasmoDB
15939796,PF3D7_0424400,PlasmoDB
16027235,PBANKA_0304700,PlasmoDB
16039160,PF3D7_1132900,PlasmoDB
16042788,PCHAS_0615800,PlasmoDB
16042788,PCHAS_0705600,PlasmoDB
16042788,PCHAS_0830100,PlasmoDB
16042788,PCHAS_1237400,PlasmoDB
16042788,PCHAS_1465900,PlasmoDB
16042788,PF3D7_0110800,PlasmoDB
16042788,PF3D7_0522200,PlasmoDB
16042788,PF3D7_0716400,PlasmoDB
16042788,PF3D7_0929000,PlasmoDB
16042788,PF3D7_1144600,PlasmoDB
16042788,PF3D7_1250700,PlasmoDB
16042788,PBANKA_0614100,PlasmoDB
16042788,PBANKA_0829800,PlasmoDB
16042788,PBANKA_0904400,PlasmoDB
16042788,PBANKA_1236900,PlasmoDB
16042788,PBANKA_1463600,PlasmoDB
16042788,PKNH_0727300,PlasmoDB
16042788,PKNH_0942500,PlasmoDB
16042788,PKNH_1010700,PlasmoDB
16042788,PKNH_1012500,PlasmoDB
16042788,PGAL8A_00069400,PlasmoDB
16042788,PGAL8A_00372100,PlasmoDB
16042788,PGAL8A_00441800,PlasmoDB
16042788,PocGH01_09050700,PlasmoDB
16042788,PRCDC_0521300,PlasmoDB
16042788,PRCDC_0927000,PlasmoDB
16042788,PRCDC_1143000,PlasmoDB
16042788,PRELSG_0726600,PlasmoDB
16042788,PRELSG_0942000,PlasmoDB
16042788,PRELSG_1009600,PlasmoDB
16042788,PVP01_0727500,PlasmoDB
16042788,PVP01_0945300,PlasmoDB
16042788,PVP01_1011700,PlasmoDB
16042788,PY17X_0833100,PlasmoDB
16042788,PY17X_0905800,PlasmoDB
16042788,PY17X_1240200,PlasmoDB
16337017,PF3D7_1108300,PlasmoDB
16337017,PRCDC_1106800,PlasmoDB
16337017,PRELSG_0905500,PlasmoDB
16337017,PVP01_0909100,PlasmoDB
16343347,PCHAS_0210700,PlasmoDB
16343347,PCHAS_0812100,PlasmoDB
16343347,PCHAS_0901000,PlasmoDB
16343347,PCHAS_0907400,PlasmoDB
16343347,PCHAS_1008400,PlasmoDB
16343347,PCHAS_1104500,PlasmoDB
16343347,PF3D7_0409900,PlasmoDB
16343347,PF3D7_0505200,PlasmoDB
16343347,PF3D7_0728200,PlasmoDB
16343347,PF3D7_0910700,PlasmoDB
16343347,PF3D7_1103600,PlasmoDB
16343347,PF3D7_1110700,PlasmoDB
16343347,PBANKA_0212300,PlasmoDB
16343347,PBANKA_0811800,PlasmoDB
16343347,PBANKA_0936900,PlasmoDB
16343347,PBANKA_0943300,PlasmoDB
16343347,PBANKA_1007500,PlasmoDB
16343347,PBANKA_1104800,PlasmoDB
16343347,PKNH_0212800,PlasmoDB
16343347,PKNH_0308000,PlasmoDB
16343347,PKNH_0708700,PlasmoDB
16343347,PKNH_0901200,PlasmoDB
16343347,PKNH_0908400,PlasmoDB
16343347,PKNH_1028400,PlasmoDB
16343347,PGAL8A_00060500,PlasmoDB
16343347,PGAL8A_00423500,PlasmoDB
16343347,PocGH01_03017300,PlasmoDB
16343347,PRCDC_0407300,PlasmoDB
16343347,PRCDC_0504400,PlasmoDB
16343347,PRCDC_0725000,PlasmoDB
16343347,PRCDC_0908800,PlasmoDB
16343347,PRCDC_1102100,PlasmoDB
16343347,PRCDC_1109200,PlasmoDB
16343347,PRELSG_0307100,PlasmoDB
16343347,PRELSG_0708100,PlasmoDB
16343347,PRELSG_0900700,PlasmoDB
16343347,PVP01_0309200,PlasmoDB
16343347,PVP01_0709200,PlasmoDB
16343347,PVP01_0904400,PlasmoDB
16343347,PY17X_0815100,PlasmoDB
16343347,PY17X_0945800,PlasmoDB
16343347,PY17X_1008900,PlasmoDB
16428245,PCHAS_0408700,PlasmoDB
16428245,PCHAS_1039200,PlasmoDB
16428245,PF3D7_0309700,PlasmoDB
16428245,PF3D7_1403600,PlasmoDB
16428245,PBANKA_0407800,PlasmoDB
16428245,PBANKA_1038400,PlasmoDB
16428245,PKNH_0833000,PlasmoDB
16428245,PKNH_1354500,PlasmoDB
16428245,PGAL8A_00009000,PlasmoDB
16428245,PocGH01_08038700,PlasmoDB
16428245,PocGH01_13056000,PlasmoDB
16428245,PRCDC_0309000,PlasmoDB
16428245,PRCDC_1402900,PlasmoDB
16428245,PmUG01_08046500,PlasmoDB
16428245,PmUG01_13054700,PlasmoDB
16428245,PRELSG_0826000,PlasmoDB
16428245,PRELSG_1347400,PlasmoDB
16428245,PVP01_0830500,PlasmoDB
16428245,PVP01_1345200,PlasmoDB
16428245,PY17X_0410300,PlasmoDB
16428245,PY17X_1040800,PlasmoDB
16489263,PF3D7_1320400,PlasmoDB
16507167,PF3D7_0202100,PlasmoDB
16507167,PF3D7_0202300,PlasmoDB
16507167,PF3D7_0219700,PlasmoDB
16507167,PF3D7_0219900,PlasmoDB
16507167,PF3D7_0301500,PlasmoDB
16507167,PF3D7_0301800,PlasmoDB
16507167,PF3D7_0532200,PlasmoDB
16507167,PF3D7_0935700,PlasmoDB
16507167,PF3D7_0936200,PlasmoDB
16507167,PF3D7_1001900,PlasmoDB
16507167,PF3D7_1148800,PlasmoDB
16796674,PBANKA_0408200,PlasmoDB
16879648,PF3D7_1215000,PlasmoDB
16998185,PCHAS_1120000,PlasmoDB
16998185,PCHAS_1220800,PlasmoDB
16998185,PCHAS_1347000,PlasmoDB
16998185,PF3D7_0621500,PlasmoDB
16998185,PF3D7_0709600,PlasmoDB
16998185,PF3D7_1327200,PlasmoDB
16998185,PBANKA_1120500,PlasmoDB
16998185,PBANKA_1220100,PlasmoDB
16998185,PBANKA_1342400,PlasmoDB
16998185,PKNH_0108200,PlasmoDB
16998185,PKNH_1128700,PlasmoDB
16998185,PKNH_1201400,PlasmoDB
16998185,PGAL8A_00049800,PlasmoDB
16998185,PGAL8A_00150000,PlasmoDB
16998185,PGAL8A_00239400,PlasmoDB
16998185,PocGH01_12035200,PlasmoDB
16998185,PRCDC_0619900,PlasmoDB
16998185,PRCDC_0707800,PlasmoDB
16998185,PRCDC_1326200,PlasmoDB
16998185,PmUG01_12037300,PlasmoDB
16998185,PRELSG_0107700,PlasmoDB
16998185,PRELSG_1126800,PlasmoDB
16998185,PRELSG_1200800,PlasmoDB
16998185,PVP01_0109900,PlasmoDB
16998185,PY17X_1121800,PlasmoDB
16998185,PY17X_1223300,PlasmoDB
16998185,PY17X_1347100,PlasmoDB
17000879,PF3D7_1114100,PlasmoDB
17040128,PF3D7_0506900,PlasmoDB
17040128,PF3D7_0515100,PlasmoDB
17040128,PF3D7_0618600,PlasmoDB
17040128,PF3D7_0828000,PlasmoDB
17040128,PF3D7_1114100,PlasmoDB
17040128,PF3D7_1411200,PlasmoDB
17040128,PY17X_1107600,PlasmoDB
17083274,PF3D7_0911900,PlasmoDB
17112316,CNG02270,FungiDB
17112316,CNAG_07724,FungiDB
17121456,CNJ02920,FungiDB
17335349,PBANKA_1319500,PlasmoDB
17367780,PBANKA_0711600,PlasmoDB
17367780,PF3D7_0819200,PlasmoDB
17432932,Afu1g14660,FungiDB
17581118,PCHAS_0207200,PlasmoDB
17581118,PF3D7_0104300,PlasmoDB
17581118,PBANKA_0208800,PlasmoDB
17581118,PKNH_0209200,PlasmoDB
17581118,PGAL8A_00100400,PlasmoDB
17581118,PocGH01_02017600,PlasmoDB
17581118,PRCDC_0102200,PlasmoDB
17581118,PmUG01_02019300,PlasmoDB
17581118,PRELSG_0212800,PlasmoDB
17581118,PVP01_0210400,PlasmoDB
17612404,PCHAS_0516000,PlasmoDB
17612404,PCHAS_0920500,PlasmoDB
17612404,PCHAS_0924800,PlasmoDB
17612404,PCHAS_1205000,PlasmoDB
17612404,PCHAS_1310600,PlasmoDB
17612404,PCHAS_1409300,PlasmoDB
17612404,PCHAS_1452200,PlasmoDB
17612404,PF3D7_1006100,PlasmoDB
17612404,PF3D7_1032100,PlasmoDB
17612404,PF3D7_1124400,PlasmoDB
17612404,PF3D7_1128600,PlasmoDB
17612404,PF3D7_1235300,PlasmoDB
17612404,PF3D7_1308900,PlasmoDB
17612404,PF3D7_1443500,PlasmoDB
17612404,PBANKA_0515900,PlasmoDB
17612404,PBANKA_0919600,PlasmoDB
17612404,PBANKA_0923900,PlasmoDB
17612404,PBANKA_1204300,PlasmoDB
17612404,PBANKA_1307400,PlasmoDB
17612404,PBANKA_1407400,PlasmoDB
17612404,PBANKA_1449900,PlasmoDB
17612404,PKNH_0616900,PlasmoDB
17612404,PKNH_0804900,PlasmoDB
17612404,PKNH_0922200,PlasmoDB
17612404,PKNH_0926700,PlasmoDB
17612404,PKNH_1238800,PlasmoDB
17612404,PKNH_1409300,PlasmoDB
17612404,PKNH_1455000,PlasmoDB
17612404,PGAL8A_00202700,PlasmoDB
17612404,PGAL8A_00355500,PlasmoDB
17612404,PGAL8A_00382300,PlasmoDB
17612404,PGAL8A_00491500,PlasmoDB
17612404,PGAL8A_00505000,PlasmoDB
17612404,PocGH01_08014000,PlasmoDB
17612404,PocGH01_09035000,PlasmoDB
17612404,PocGH01_12071300,PlasmoDB
17612404,PRCDC_1005500,PlasmoDB
17612404,PRCDC_1031400,PlasmoDB
17612404,PRCDC_1122800,PlasmoDB
17612404,PRCDC_1127100,PlasmoDB
17612404,PRCDC_1307900,PlasmoDB
17612404,PRCDC_1442800,PlasmoDB
17612404,PmUG01_08021900,PlasmoDB
17612404,PmUG01_09037900,PlasmoDB
17612404,PmUG01_12073500,PlasmoDB
17612404,PRELSG_0615800,PlasmoDB
17612404,PRELSG_0803900,PlasmoDB
17612404,PRELSG_0921200,PlasmoDB
17612404,PRELSG_0925800,PlasmoDB
17612404,PRELSG_1237500,PlasmoDB
17612404,PRELSG_1406700,PlasmoDB
17612404,PVP01_0617200,PlasmoDB
17612404,PVP01_0805800,PlasmoDB
17612404,PVP01_0925000,PlasmoDB
17612404,PVP01_0929400,PlasmoDB
17612404,PVP01_1263500,PlasmoDB
17612404,PVP01_1409900,PlasmoDB
17612404,PY17X_0517000,PlasmoDB
17612404,PY17X_0921700,PlasmoDB
17612404,PY17X_0925900,PlasmoDB
17612404,PY17X_1207500,PlasmoDB
17612404,PY17X_1311200,PlasmoDB
17612404,PY17X_1409100,PlasmoDB
17784785,TGME49_266760,ToxoDB
17784785,TGME49_316310,ToxoDB
17889948,PCHAS_0417000,PlasmoDB
17889948,PCHAS_0620900,PlasmoDB
17889948,PBANKA_0416100,PlasmoDB
17889948,PBANKA_0619200,PlasmoDB
18093090,PF3D7_0628000,PlasmoDB
18174226,PCHAS_0207800,PlasmoDB
18174226,PCHAS_0605600,PlasmoDB
18174226,PF3D7_0103700,PlasmoDB
18174226,PF3D7_1205100,PlasmoDB
18174226,PBANKA_0209400,PlasmoDB
18174226,PBANKA_0603800,PlasmoDB
18174226,PKNH_0209800,PlasmoDB
18174226,PKNH_1304800,PlasmoDB
18174226,PGAL8A_00099700,PlasmoDB
18174226,PRCDC_0101600,PlasmoDB
18174226,PRCDC_1204400,PlasmoDB
18174226,PRELSG_0213500,PlasmoDB
18174226,PVP01_0211000,PlasmoDB
18174226,PY17X_0210800,PlasmoDB
18197962,PF3D7_0600800,PlasmoDB
18218136,PF3D7_1465500,PlasmoDB
18218136,PF3D7_1227200,PlasmoDB
18248092,PF3D7_1223100,PlasmoDB
18282105,CNAG_06242,FungiDB
18320051,PRCDC_0420600,PlasmoDB
18320051,PF3D7_0423400,PlasmoDB
18365025,PF3D7_1131100,PlasmoDB
18437218,PCHAS_1313900,PlasmoDB
18437218,PF3D7_1446800,PlasmoDB
18437218,PBANKA_1310600,PlasmoDB
18437218,PKNH_1235400,PlasmoDB
18437218,PY17X_1314400,PlasmoDB
18452513,PBANKA_1035200,PlasmoDB
18452584,PCHAS_1338300,PlasmoDB
18452584,PF3D7_1470500,PlasmoDB
18452584,PKNH_1210500,PlasmoDB
18452584,PGAL8A_00230000,PlasmoDB
18452584,PocGH01_12044300,PlasmoDB
18452584,PRCDC_1469700,PlasmoDB
18452584,PmUG01_12046400,PlasmoDB
18452584,PRELSG_1210200,PlasmoDB
18452584,PVP01_1236300,PlasmoDB
18452584,PY17X_1338400,PlasmoDB
18466298,PY17X_0903500,PlasmoDB
18515835,PCHAS_0614200,PlasmoDB
18515835,PCHAS_0805100,PlasmoDB
18515835,PCHAS_1105200,PlasmoDB
18515835,PCHAS_1235600,PlasmoDB
18515835,PCHAS_1304400,PlasmoDB
18515835,PCHAS_1329900,PlasmoDB
18515835,PCHAS_1333200,PlasmoDB
18515835,PCHAS_1337500,PlasmoDB
18515835,PCHAS_1337600,PlasmoDB
18515835,PCHAS_1425900,PlasmoDB
18515835,PCHAS_1430900,PlasmoDB
18515835,PF3D7_0411100,PlasmoDB
18515835,PF3D7_0505900,PlasmoDB
18515835,PF3D7_0520200,PlasmoDB
18515835,PF3D7_0707600,PlasmoDB
18515835,PF3D7_1126400,PlasmoDB
18515835,PF3D7_1213200,PlasmoDB
18515835,PF3D7_1463000,PlasmoDB
18515835,PF3D7_1465200,PlasmoDB
18515835,PF3D7_1469700,PlasmoDB
18515835,PF3D7_1469800,PlasmoDB
18515835,PF3D7_1475000,PlasmoDB
18515835,PBANKA_0612500,PlasmoDB
18515835,PBANKA_0804800,PlasmoDB
18515835,PBANKA_1105500,PlasmoDB
18515835,PBANKA_1235000,PlasmoDB
18515835,PBANKA_1301200,PlasmoDB
18515835,PBANKA_1326600,PlasmoDB
18515835,PBANKA_1328600,PlasmoDB
18515835,PBANKA_1332900,PlasmoDB
18515835,PBANKA_1333000,PlasmoDB
18515835,PBANKA_1424100,PlasmoDB
18515835,PBANKA_1429000,PlasmoDB
18515835,PKNH_0106100,PlasmoDB
18515835,PKNH_0309200,PlasmoDB
18515835,PKNH_0924300,PlasmoDB
18515835,PKNH_1012900,PlasmoDB
18515835,PKNH_1027700,PlasmoDB
18515835,PKNH_1211200,PlasmoDB
18515835,PKNH_1211300,PlasmoDB
18515835,PKNH_1216300,PlasmoDB
18515835,PKNH_1218500,PlasmoDB
18515835,PKNH_1245300,PlasmoDB
18515835,PKNH_1432500,PlasmoDB
18515835,PGAL8A_00027000,PlasmoDB
18515835,PGAL8A_00047700,PlasmoDB
18515835,PGAL8A_00061700,PlasmoDB
18515835,PGAL8A_00067600,PlasmoDB
18515835,PGAL8A_00196300,PlasmoDB
18515835,PGAL8A_00222400,PlasmoDB
18515835,PGAL8A_00224600,PlasmoDB
18515835,PGAL8A_00229200,PlasmoDB
18515835,PGAL8A_00229300,PlasmoDB
18515835,PGAL8A_00353100,PlasmoDB
18515835,PGAL8A_00527800,PlasmoDB
18515835,PocGH01_01015400,PlasmoDB
18515835,PocGH01_03018500,PlasmoDB
18515835,PocGH01_09032700,PlasmoDB
18515835,PocGH01_10021500,PlasmoDB
18515835,PocGH01_10035600,PlasmoDB
18515835,PocGH01_12045000,PlasmoDB
18515835,PocGH01_12045100,PlasmoDB
18515835,PocGH01_12049600,PlasmoDB
18515835,PocGH01_12051800,PlasmoDB
18515835,PocGH01_12077700,PlasmoDB
18515835,PocGH01_14039300,PlasmoDB
18515835,PRCDC_0408500,PlasmoDB
18515835,PRCDC_0505100,PlasmoDB
18515835,PRCDC_0519300,PlasmoDB
18515835,PRCDC_0705800,PlasmoDB
18515835,PRCDC_1124900,PlasmoDB
18515835,PRCDC_1212500,PlasmoDB
18515835,PRCDC_1462300,PlasmoDB
18515835,PRCDC_1464400,PlasmoDB
18515835,PRCDC_1468900,PlasmoDB
18515835,PRCDC_1469000,PlasmoDB
18515835,PRCDC_1474100,PlasmoDB
18515835,PmUG01_01019100,PlasmoDB
18515835,PmUG01_03021100,PlasmoDB
18515835,PmUG01_06019000,PlasmoDB
18515835,PmUG01_09035600,PlasmoDB
18515835,PmUG01_10024400,PlasmoDB
18515835,PmUG01_12047100,PlasmoDB
18515835,PmUG01_12051700,PlasmoDB
18515835,PmUG01_12053900,PlasmoDB
18515835,PmUG01_14048000,PlasmoDB
18515835,PRELSG_0105500,PlasmoDB
18515835,PRELSG_0308300,PlasmoDB
18515835,PRELSG_0923400,PlasmoDB
18515835,PRELSG_1011600,PlasmoDB
18515835,PRELSG_1026600,PlasmoDB
18515835,PRELSG_1210900,PlasmoDB
18515835,PRELSG_1211000,PlasmoDB
18515835,PRELSG_1215600,PlasmoDB
18515835,PRELSG_1217800,PlasmoDB
18515835,PRELSG_1243900,PlasmoDB
18515835,PRELSG_1429300,PlasmoDB
18515835,PVP01_0107800,PlasmoDB
18515835,PVP01_0310400,PlasmoDB
18515835,PVP01_0927100,PlasmoDB
18515835,PVP01_1013700,PlasmoDB
18515835,PVP01_1028100,PlasmoDB
18515835,PVP01_1237000,PlasmoDB
18515835,PVP01_1237100,PlasmoDB
18515835,PVP01_1241600,PlasmoDB
18515835,PVP01_1243800,PlasmoDB
18515835,PVP01_1269900,PlasmoDB
18515835,PVP01_1432000,PlasmoDB
18515835,PY17X_0615000,PlasmoDB
18515835,PY17X_0807900,PlasmoDB
18515835,PY17X_1106600,PlasmoDB
18515835,PY17X_1238400,PlasmoDB
18515835,PY17X_1304800,PlasmoDB
18515835,PY17X_1330400,PlasmoDB
18515835,PY17X_1333300,PlasmoDB
18515835,PY17X_1337600,PlasmoDB
18515835,PY17X_1337700,PlasmoDB
18515835,PY17X_1426100,PlasmoDB
18515835,PY17X_1431200,PlasmoDB
18545708,PCHAS_0711900,PlasmoDB
18545708,PCHAS_0722900,PlasmoDB
18545708,PCHAS_1454700,PlasmoDB
18545708,PCHAS_1460800,PlasmoDB
18545708,PF3D7_0817000,PlasmoDB
18545708,PF3D7_1138100,PlasmoDB
18545708,PF3D7_1237800,PlasmoDB
18545708,PF3D7_1245300,PlasmoDB
18545708,PBANKA_0713800,PlasmoDB
18545708,PBANKA_0910600,PlasmoDB
18545708,PBANKA_1452400,PlasmoDB
18545708,PBANKA_1458500,PlasmoDB
18545708,PKNH_0503400,PlasmoDB
18545708,PKNH_0936300,PlasmoDB
18545708,PKNH_1457600,PlasmoDB
18545708,PKNH_1465000,PlasmoDB
18545708,PGAL8A_00109900,PlasmoDB
18545708,PGAL8A_00365800,PlasmoDB
18545708,PGAL8A_00459500,PlasmoDB
18545708,PGAL8A_00466000,PlasmoDB
18545708,PocGH01_05023900,PlasmoDB
18545708,PocGH01_14063400,PlasmoDB
18545708,PRCDC_0816300,PlasmoDB
18545708,PRCDC_1136500,PlasmoDB
18545708,PRCDC_1237000,PlasmoDB
18545708,PRCDC_1244700,PlasmoDB
18545708,PmUG01_05031900,PlasmoDB
18545708,PmUG01_14072000,PlasmoDB
18545708,PmUG01_14078500,PlasmoDB
18545708,PRELSG_0507000,PlasmoDB
18545708,PRELSG_0935800,PlasmoDB
18545708,PRELSG_1453900,PlasmoDB
18545708,PRELSG_1460400,PlasmoDB
18545708,PVP01_0518300,PlasmoDB
18545708,PVP01_0939100,PlasmoDB
18545708,PVP01_1455900,PlasmoDB
18545708,PVP01_1462400,PlasmoDB
18545708,PY17X_0714000,PlasmoDB
18545708,PY17X_0912000,PlasmoDB
18545708,PY17X_1454900,PlasmoDB
18545708,PY17X_1461100,PlasmoDB
18547337,PY17X_1106500,PlasmoDB
18547337,PF3D7_0505800,PlasmoDB
18551171,PBANKA_0902100,PlasmoDB
18551176,PF3D7_0310400,PlasmoDB
18554328,PCHAS_0314600,PlasmoDB
18554328,PF3D7_0215800,PlasmoDB
18554328,PBANKA_0312500,PlasmoDB
18554328,PKNH_0405100,PlasmoDB
18554328,PVP01_0409200,PlasmoDB
18575607,PBANKA_0402200,PlasmoDB
18593471,PF3D7_0402200,PlasmoDB
18614010,PF3D7_0424600,PlasmoDB
18614010,PF3D7_0730900,PlasmoDB
18614010,PF3D7_1002100,PlasmoDB
18614010,PF3D7_1302000,PlasmoDB
18650444,PCHAS_0708300,PlasmoDB
18650444,PF3D7_1141900,PlasmoDB
18650444,PBANKA_0907100,PlasmoDB
18650444,PKNH_0939700,PlasmoDB
18650444,PGAL8A_00369400,PlasmoDB
18650444,PRCDC_1140300,PlasmoDB
18650444,PRELSG_0939300,PlasmoDB
18650444,PVP01_0942600,PlasmoDB
18650444,PY17X_0908500,PlasmoDB
18663012,PF3D7_0904700,PlasmoDB
18663012,PBANKA_0416700,PlasmoDB
18663012,PRCDC_0902800,PlasmoDB
18663012,PmUG01_07016200,PlasmoDB
18663012,PRELSG_0701900,PlasmoDB
18663012,PVP01_0703100,PlasmoDB
18663012,PY17X_0419500,PlasmoDB
18688278,PCHAS_1008500,PlasmoDB
18688278,PF3D7_0410000,PlasmoDB
18688278,PBANKA_1007600,PlasmoDB
18688278,PKNH_0308100,PlasmoDB
18688278,PGAL8A_00060600,PlasmoDB
18688278,PocGH01_03017400,PlasmoDB
18688278,PRCDC_0407400,PlasmoDB
18688278,PmUG01_03020000,PlasmoDB
18688278,PRELSG_0307200,PlasmoDB
18688278,PVP01_0309300,PlasmoDB
18688278,PY17X_1009000,PlasmoDB
18688281,PF3D7_0202100,PlasmoDB
18688281,PF3D7_0408600,PlasmoDB
18688281,PF3D7_0830300,PlasmoDB
18688281,PF3D7_1201300,PlasmoDB
18688281,PKNH_1301200,PlasmoDB
18688281,PKNH_1324100,PlasmoDB
18688281,PocGH01_00122400,PlasmoDB
18688281,PRCDC_0201200,PlasmoDB
18688281,PRCDC_1200700,PlasmoDB
18688281,PmUG01_05016100,PlasmoDB
18688281,PVP01_0307900,PlasmoDB
18688281,PVP01_1300600,PlasmoDB
18721228,Afu5g11260,FungiDB
18761621,PCHAS_1318600,PlasmoDB
18761621,PCHAS_1423500,PlasmoDB
18761621,PF3D7_0715400,PlasmoDB
18761621,PF3D7_1340000,PlasmoDB
18761621,PBANKA_1315300,PlasmoDB
18761621,PBANKA_1421700,PlasmoDB
18761621,PKNH_1230500,PlasmoDB
18761621,PKNH_1424400,PlasmoDB
18761621,PGAL8A_00210800,PlasmoDB
18761621,PocGH01_12063300,PlasmoDB
18761621,PRCDC_0712700,PlasmoDB
18761621,PRCDC_1450900,PlasmoDB
18761621,PmUG01_12065400,PlasmoDB
18761621,PRELSG_1229400,PlasmoDB
18761621,PRELSG_1421600,PlasmoDB
18761621,PVP01_1255400,PlasmoDB
18761621,PVP01_1424500,PlasmoDB
18761621,PY17X_1319100,PlasmoDB
18761621,PY17X_1423700,PlasmoDB
18803869,NCU09520,FungiDB
18827878,PF3D7_0424100,PlasmoDB
18827878,PRCDC_0421300,PlasmoDB
18854164,CNI02950,FungiDB
18854164,CNA07360,FungiDB
18854164,CNB03820,FungiDB
18854164,CNC06330,FungiDB
18854164,CND02990,FungiDB
18854164,CNE04500,FungiDB
18854164,CNG04260,FungiDB
18854164,CNH01880,FungiDB
18854164,CNH02110,FungiDB
18854164,CNI01780,FungiDB
18854164,CNI01980,FungiDB
18854164,CNN01850,FungiDB
18854164,CNAG_01173,FungiDB
18854164,CNAG_01551,FungiDB
18854164,CNAG_01697,FungiDB
18854164,CNAG_02085,FungiDB
18854164,CNAG_02115,FungiDB
18854164,CNAG_03138,FungiDB
18854164,CNAG_03894,FungiDB
18854164,CNAG_04158,FungiDB
18854164,CNAG_04352,FungiDB
18854164,CNAG_04371,FungiDB
18854164,CNAG_04837,FungiDB
18854164,CNAG_05105,FungiDB
18854164,CNAG_05538,FungiDB
18854164,CNAG_06322,FungiDB
18854164,CNAG_06464,FungiDB
18854164,CNAG_06591,FungiDB
18854164,CNAG_06606,FungiDB
18958160,PF3D7_0404500,PlasmoDB
18958160,PKNH_0302500,PlasmoDB
18958160,PGAL8A_00055100,PlasmoDB
18958160,PocGH01_03011900,PlasmoDB
18958160,PRCDC_0402100,PlasmoDB
18958160,PmUG01_03014500,PlasmoDB
18958160,PRELSG_0301700,PlasmoDB
18958160,PVP01_0303800,PlasmoDB
19040641,PF3D7_1351600,PlasmoDB
19064257,PBANKA_1229800,PlasmoDB
19064257,PCHAS_1230500,PlasmoDB
19068099,PCHAS_1342800,PlasmoDB
19068099,PBANKA_1338200,PlasmoDB
19068099,PY17X_1342900,PlasmoDB
19073187,PCHAS_0313800,PlasmoDB
19073187,PF3D7_0214900,PlasmoDB
19073187,PBANKA_0311700,PlasmoDB
19073187,PKNH_0405900,PlasmoDB
19073187,PGAL8A_00405600,PlasmoDB
19073187,PocGH01_04015200,PlasmoDB
19073187,PRCDC_0213800,PlasmoDB
19073187,PmUG01_04017400,PlasmoDB
19073187,PRELSG_0405100,PlasmoDB
19073187,PVP01_0410000,PlasmoDB
19073187,PY17X_0312200,PlasmoDB
19148267,PCHAS_0910800,PlasmoDB
19148267,PBANKA_0933500,PlasmoDB
19148267,PY17X_0935500,PlasmoDB
19165333,PF3D7_1246400,PlasmoDB
19165333,PF3D7_1320600,PlasmoDB
19165333,PKNH_1421200,PlasmoDB
19165333,PocGH01_14028600,PlasmoDB
19165333,PRCDC_1319600,PlasmoDB
19165333,PmUG01_14037300,PlasmoDB
19165333,PRELSG_1418400,PlasmoDB
19165333,PVP01_1421400,PlasmoDB
19165333,TGME49_289680,ToxoDB
19199437,AN1029,FungiDB
19200392,PCHAS_0906500,PlasmoDB
19200392,PF3D7_1109400,PlasmoDB
19200392,PBANKA_0937800,PlasmoDB
19200392,PKNH_0906900,PlasmoDB
19200392,PGAL8A_00336700,PlasmoDB
19200392,PRCDC_1107900,PlasmoDB
19200392,PRELSG_0906500,PlasmoDB
19200392,PVP01_0910200,PlasmoDB
19200392,PY17X_0939900,PlasmoDB
19220748,Afu3g11250,FungiDB
19266084,PGAL8A_00282000,PlasmoDB
19266084,PocGH01_13049400,PlasmoDB
19266084,PmUG01_13048000,PlasmoDB
19266084,PRELSG_1340700,PlasmoDB
19270070,PF3D7_1220900,PlasmoDB
19270070,PGAL8A_00535000,PlasmoDB
19270070,PocGH01_14046600,PlasmoDB
19270070,PRCDC_1220200,PlasmoDB
19270070,PmUG01_14055200,PlasmoDB
19270070,PRELSG_1436500,PlasmoDB
19344311,PCHAS_1427800,PlasmoDB
19344311,PF3D7_0811500,PlasmoDB
19344311,PBANKA_1426000,PlasmoDB
19344311,PKNH_1429200,PlasmoDB
19344311,PRCDC_0810800,PlasmoDB
19344311,PVP01_1428800,PlasmoDB
19344311,PY17X_1428100,PlasmoDB
19344311,PCHAS_1019200,PlasmoDB
19344311,PF3D7_1426200,PlasmoDB
19344311,PBANKA_1018400,PlasmoDB
19344311,PKNH_1332500,PlasmoDB
19344311,PGAL8A_00297600,PlasmoDB
19344311,PRCDC_1425500,PlasmoDB
19344311,PRELSG_1325000,PlasmoDB
19344311,PY17X_1019900,PlasmoDB
19404387,PF3D7_1035400,PlasmoDB
19427918,PVP01_0102800,PlasmoDB
19427918,PKNH_0100800,PlasmoDB
19428658,PKNH_1472300,PlasmoDB
19428658,PKNH_0700200,PlasmoDB
19434237,PBANKA_1413100,PlasmoDB
19435497,PF3D7_1444500,PlasmoDB
19435497,PBANKA_1308400,PlasmoDB
19438514,PCHAS_1025400,PlasmoDB
19438514,PF3D7_1418100,PlasmoDB
19438514,PBANKA_1024600,PlasmoDB
19438514,PKNH_1339900,PlasmoDB
19438514,PGAL8A_00289700,PlasmoDB
19438514,PocGH01_13041700,PlasmoDB
19438514,PRCDC_1417400,PlasmoDB
19438514,PmUG01_13040300,PlasmoDB
19438514,PRELSG_1333000,PlasmoDB
19438514,PVP01_1330800,PlasmoDB
19438514,PY17X_1027000,PlasmoDB
19448638,AN9399,FungiDB
19491095,PBANKA_1240700,PlasmoDB
19491095,PF3D7_0525900,PlasmoDB
19536257,PF3D7_1116800,PlasmoDB
19536257,PF3D7_1436300,PlasmoDB
19536257,PBANKA_1008500,PlasmoDB
19536257,PKNH_0422900,PlasmoDB
19536257,PocGH01_13024000,PlasmoDB
19536257,PmUG01_13024000,PlasmoDB
19536257,PY17X_1010100,PlasmoDB
19555771,NCU07253,FungiDB
19561073,PCHAS_0524100,PlasmoDB
19561073,PCHAS_1036200,PlasmoDB
19561073,PF3D7_0423500,PlasmoDB
19561073,PF3D7_1323700,PlasmoDB
19561073,PF3D7_1406800,PlasmoDB
19561073,PBANKA_0523900,PlasmoDB
19561073,PBANKA_1035400,PlasmoDB
19561073,PBANKA_1338900,PlasmoDB
19561073,PKNH_0515400,PlasmoDB
19561073,PKNH_1351300,PlasmoDB
19561073,PGAL8A_00278700,PlasmoDB
19561073,PRCDC_1322700,PlasmoDB
19561073,PRCDC_1406100,PlasmoDB
19561073,PRELSG_1344000,PlasmoDB
19561073,PVP01_1341900,PlasmoDB
19561073,PY17X_1037800,PlasmoDB
19662167,PCHAS_1039000,PlasmoDB
19662167,PF3D7_1403800,PlasmoDB
19662167,PBANKA_1038200,PlasmoDB
19662167,PKNH_1354300,PlasmoDB
19662167,PGAL8A_00275600,PlasmoDB
19662167,PocGH01_13055800,PlasmoDB
19662167,PRCDC_1403100,PlasmoDB
19662167,PmUG01_13054500,PlasmoDB
19662167,PRELSG_1347200,PlasmoDB
19662167,PVP01_1345000,PlasmoDB
19662167,PY17X_1040600,PlasmoDB
19682250,PF3D7_0517600,PlasmoDB
19682250,PBANKA_1232400,PlasmoDB
19682250,PY17X_1235800,PlasmoDB
19707292,PCHAS_1110400,PlasmoDB
19707292,PF3D7_0511200,PlasmoDB
19707292,PKNH_1022400,PlasmoDB
19707292,PGAL8A_00032400,PlasmoDB
19707292,PocGH01_10030400,PlasmoDB
19707292,PRCDC_0510400,PlasmoDB
19707292,PmUG01_06013700,PlasmoDB
19707292,PRELSG_1021100,PlasmoDB
19707292,PVP01_1022800,PlasmoDB
19707292,PY17X_1111900,PlasmoDB
19779564,PBANKA_1008200,PlasmoDB
19823689,TGME49_239300,ToxoDB
19879901,TGME49_297520,ToxoDB
19932717,PBANKA_1300700,PlasmoDB
20007323,PCHAS_0905600,PlasmoDB
20007323,PF3D7_1108200,PlasmoDB
20007323,PBANKA_0938700,PlasmoDB
20007323,PKNH_0905800,PlasmoDB
20007323,PRCDC_1106700,PlasmoDB
20007323,PVP01_0909000,PlasmoDB
20018214,PF3D7_1467300,PlasmoDB
20169188,PCHAS_0818000,PlasmoDB
20169188,PCHAS_1218400,PlasmoDB
20169188,PCHAS_1304500,PlasmoDB
20169188,PF3D7_0916700,PlasmoDB
20169188,PF3D7_1474900,PlasmoDB
20169188,PBANKA_0408400,PlasmoDB
20169188,PBANKA_0817700,PlasmoDB
20169188,PBANKA_1217700,PlasmoDB
20169188,PBANKA_1301300,PlasmoDB
20169188,PKNH_1245200,PlasmoDB
20169188,PGAL8A_00196400,PlasmoDB
20169188,PGAL8A_00429600,PlasmoDB
20169188,PocGH01_07024100,PlasmoDB
20169188,PocGH01_12077600,PlasmoDB
20169188,PRCDC_0914700,PlasmoDB
20169188,PRCDC_1474000,PlasmoDB
20169188,PmUG01_07028200,PlasmoDB
20169188,PmUG01_12079800,PlasmoDB
20169188,PRELSG_0714200,PlasmoDB
20169188,PRELSG_1243800,PlasmoDB
20169188,PVP01_0715100,PlasmoDB
20169188,PVP01_1269800,PlasmoDB
20169188,PY17X_0821000,PlasmoDB
20169188,PY17X_1220900,PlasmoDB
20169188,PY17X_1304900,PlasmoDB
20174553,CNG00250,FungiDB
20174553,CNH00970,FungiDB
20174553,CNAG_03582,FungiDB
20174553,CNAG_05431,FungiDB
20195509,PCHAS_0103600,PlasmoDB
20195509,PF3D7_0604100,PlasmoDB
20195509,PBANKA_0102900,PlasmoDB
20195509,PKNH_1146400,PlasmoDB
20195509,PGAL8A_00132600,PlasmoDB
20195509,PocGH01_11052500,PlasmoDB
20195509,PRCDC_0602700,PlasmoDB
20195509,PmUG01_11058700,PlasmoDB
20195509,PRELSG_1144200,PlasmoDB
20195509,PVP01_1144800,PlasmoDB
20195509,PY17X_0104500,PlasmoDB
20227415,PCHAS_0410300,PlasmoDB
20227415,PF3D7_0311400,PlasmoDB
20227415,PBANKA_0409400,PlasmoDB
20227415,PKNH_0831000,PlasmoDB
20227415,PGAL8A_00010700,PlasmoDB
20227415,PocGH01_08037000,PlasmoDB
20227415,PRCDC_0310700,PlasmoDB
20227415,PmUG01_08044800,PlasmoDB
20227415,PRELSG_0824300,PlasmoDB
20227415,PVP01_0828800,PlasmoDB
20227415,PY17X_0411900,PlasmoDB
20345666,CNAG_07718,FungiDB
20345666,CNG03630,FungiDB
20361051,PBANKA_0813000,PlasmoDB
20386715,PBANKA_0306000,PlasmoDB
20386715,PBANKA_0306100,PlasmoDB
20470832,TGME49_500160,ToxoDB
20485569,CNAG_02229,FungiDB
20485569,CNAG_06203,FungiDB
20485569,CNM02020,FungiDB
20493843,PF3D7_1232300,PlasmoDB
20522492,NCU01789,FungiDB
20522492,NCU06842,FungiDB
20545865,Afu3g05650,FungiDB
20571080,PCHAS_1108100,PlasmoDB
20571080,PF3D7_0508800,PlasmoDB
20571080,PBANKA_1108400,PlasmoDB
20571080,PKNH_1024800,PlasmoDB
20571080,PGAL8A_00029900,PlasmoDB
20571080,PocGH01_10032700,PlasmoDB
20571080,PRCDC_0508000,PlasmoDB
20571080,PmUG01_06016100,PlasmoDB
20571080,PRELSG_1023700,PlasmoDB
20571080,PVP01_1025200,PlasmoDB
20571080,PY17X_1109500,PlasmoDB
20582613,PF3D7_0211700,PlasmoDB
20582613,PF3D7_1349300,PlasmoDB
20584882,PF3D7_0107600,PlasmoDB
20584882,PBANKA_0205800,PlasmoDB
20658557,TGME49_243545,ToxoDB
20686666,TGME49_320480,ToxoDB
20689743,CNAG_05662,FungiDB
20689743,CNH02990,FungiDB
20709297,TGME49_209985,ToxoDB
20807207,PCHAS_0914800,PlasmoDB
20807207,PF3D7_1118600,PlasmoDB
20807207,PBANKA_0929500,PlasmoDB
20807207,PKNH_0916300,PlasmoDB
20807207,PGAL8A_00345200,PlasmoDB
20807207,PocGH01_09024800,PlasmoDB
20807207,PRCDC_1117000,PlasmoDB
20807207,PmUG01_09027900,PlasmoDB
20807207,PRELSG_0915400,PlasmoDB
20807207,PVP01_0919200,PlasmoDB
20807207,PY17X_0931500,PlasmoDB
20833209,PCHAS_0913000,PlasmoDB
20833209,PF3D7_1116700,PlasmoDB
20833209,PBANKA_0931300,PlasmoDB
20833209,PKNH_0914400,PlasmoDB
20833209,PRCDC_1115100,PlasmoDB
20833209,PY17X_0933300,PlasmoDB
20886115,PCHAS_0928600,PlasmoDB
20886115,PBANKA_0917400,PlasmoDB
20886115,PY17X_0919000,PlasmoDB
20942952,PVP01_1436800,PlasmoDB
20951971,PBANKA_0310300,PlasmoDB
20951971,PBANKA_1351500,PlasmoDB
21060817,PF3D7_0420300,PlasmoDB
21060817,PF3D7_0604100,PlasmoDB
21060817,PF3D7_1222400,PlasmoDB
21062375,Afu2g12330,FungiDB
21067947,CNC03670,FungiDB
21067947,CNC03680,FungiDB
21067947,CNAG_02742,FungiDB
21067947,CNAG_02745,FungiDB
21081763,NCU03905,FungiDB
21084289,PVP01_0929200,PlasmoDB
21098480,PCHAS_1438600,PlasmoDB
21098480,PF3D7_1221400,PlasmoDB
21098480,PBANKA_1436600,PlasmoDB
21098480,PKNH_1440500,PlasmoDB
21098480,PGAL8A_00535500,PlasmoDB
21098480,PRCDC_1220700,PlasmoDB
21098480,PRELSG_1437000,PlasmoDB
21098480,PVP01_1439700,PlasmoDB
21098480,PY17X_1439000,PlasmoDB
21124817,CND03600,FungiDB
21124817,CNE03260,FungiDB
21124817,CNF00900,FungiDB
21124817,CNAG_01242,FungiDB
21124817,CNAG_02215,FungiDB
21124817,CNAG_06818,FungiDB
21124817,CNAG_07680,FungiDB
21129192,PF3D7_1456100,PlasmoDB
21129192,PBANKA_1319800,PlasmoDB
21129192,PKNH_1225700,PlasmoDB
21129192,PGAL8A_00215400,PlasmoDB
21129192,PocGH01_12058700,PlasmoDB
21129192,PRCDC_1455400,PlasmoDB
21129192,PmUG01_12060800,PlasmoDB
21129192,PRELSG_1224800,PlasmoDB
21129192,PVP01_1250800,PlasmoDB
21166904,PCHAS_0104700,PlasmoDB
21166904,PF3D7_0605300,PlasmoDB
21166904,PF3D7_1356800,PlasmoDB
21166904,PBANKA_0104100,PlasmoDB
21166904,PKNH_1145200,PlasmoDB
21166904,PocGH01_11051300,PlasmoDB
21166904,PRCDC_0603900,PlasmoDB
21166904,PRELSG_1143000,PlasmoDB
21166904,PVP01_1143600,PlasmoDB
21166904,PY17X_0105600,PlasmoDB
21187892,PCHAS_1218300,PlasmoDB
21187892,PF3D7_0320900,PlasmoDB
21187892,PBANKA_1217600,PlasmoDB
21187892,PKNH_0819900,PlasmoDB
21187892,PocGH01_08027600,PlasmoDB
21187892,PRCDC_0320200,PlasmoDB
21187892,PmUG01_08035200,PlasmoDB
21187892,PRELSG_0817200,PlasmoDB
21187892,PVP01_0819300,PlasmoDB
21187892,PY17X_1220800,PlasmoDB
21203490,PCHAS_0817400,PlasmoDB
21203490,PCHAS_0826600,PlasmoDB
21203490,PF3D7_0304500,PlasmoDB
21203490,PF3D7_0916100,PlasmoDB
21203490,PF3D7_0923800,PlasmoDB
21203490,PF3D7_0925500,PlasmoDB
21203490,PF3D7_1419800,PlasmoDB
21203490,PBANKA_0817100,PlasmoDB
21203490,PBANKA_0826300,PlasmoDB
21203490,PKNH_0714100,PlasmoDB
21203490,PKNH_0723400,PlasmoDB
21203490,PGAL8A_00438300,PlasmoDB
21203490,PocGH01_07023500,PlasmoDB
21203490,PocGH01_07032900,PlasmoDB
21203490,PRCDC_0914100,PlasmoDB
21203490,PRCDC_0923500,PlasmoDB
21203490,PmUG01_07027600,PlasmoDB
21203490,PmUG01_07037000,PlasmoDB
21203490,PRELSG_0713600,PlasmoDB
21203490,PRELSG_0723100,PlasmoDB
21203490,PVP01_0714500,PlasmoDB
21203490,PVP01_0724000,PlasmoDB
21203490,PY17X_0820400,PlasmoDB
21203490,PY17X_0829600,PlasmoDB
21245033,PCHAS_0109200,PlasmoDB
21245033,PCHAS_0317300,PlasmoDB
21245033,PCHAS_0317500,PlasmoDB
21245033,PCHAS_0407700,PlasmoDB
21245033,PCHAS_0408000,PlasmoDB
21245033,PCHAS_0502800,PlasmoDB
21245033,PCHAS_0517500,PlasmoDB
21245033,PCHAS_0609400,PlasmoDB
21245033,PCHAS_0621700,PlasmoDB
21245033,PCHAS_0717100,PlasmoDB
21245033,PCHAS_0717600,PlasmoDB
21245033,PCHAS_0720000,PlasmoDB
21245033,PCHAS_0721900,PlasmoDB
21245033,PCHAS_0811300,PlasmoDB
21245033,PCHAS_0825900,PlasmoDB
21245033,PCHAS_0904400,PlasmoDB
21245033,PCHAS_0906900,PlasmoDB
21245033,PCHAS_0920000,PlasmoDB
21245033,PCHAS_0921600,PlasmoDB
21245033,PCHAS_1002300,PlasmoDB
21245033,PCHAS_1004000,PlasmoDB
21245033,PCHAS_1007600,PlasmoDB
21245033,PCHAS_1024000,PlasmoDB
21245033,PCHAS_1028700,PlasmoDB
21245033,PCHAS_1118600,PlasmoDB
21245033,PCHAS_1131600,PlasmoDB
21245033,PCHAS_1142500,PlasmoDB
21245033,PCHAS_1201500,PlasmoDB
21245033,PCHAS_1202900,PlasmoDB
21245033,PCHAS_1215500,PlasmoDB
21245033,PCHAS_1235700,PlasmoDB
21245033,PCHAS_1238000,PlasmoDB
21245033,PCHAS_1304900,PlasmoDB
21245033,PCHAS_1310400,PlasmoDB
21245033,PCHAS_1328600,PlasmoDB
21245033,PCHAS_1339800,PlasmoDB
21245033,PCHAS_1344800,PlasmoDB
21245033,PCHAS_1347500,PlasmoDB
21245033,PCHAS_1361500,PlasmoDB
21245033,PCHAS_1367600,PlasmoDB
21245033,PCHAS_1369900,PlasmoDB
21245033,PCHAS_1409700,PlasmoDB
21245033,PCHAS_1417300,PlasmoDB
21245033,PCHAS_1426600,PlasmoDB
21245033,PCHAS_1451700,PlasmoDB
21245033,PCHAS_1452800,PlasmoDB
21245033,PF3D7_0218500,PlasmoDB
21245033,PF3D7_0218700,PlasmoDB
21245033,PF3D7_0308600,PlasmoDB
21245033,PF3D7_0308900,PlasmoDB
21245033,PF3D7_0323700,PlasmoDB
21245033,PF3D7_0403700,PlasmoDB
21245033,PF3D7_0405400,PlasmoDB
21245033,PF3D7_0409100,PlasmoDB
21245033,PF3D7_0518500,PlasmoDB
21245033,PF3D7_0520300,PlasmoDB
21245033,PF3D7_0522800,PlasmoDB
21245033,PF3D7_0610100,PlasmoDB
21245033,PF3D7_0619900,PlasmoDB
21245033,PF3D7_0722500,PlasmoDB
21245033,PF3D7_0812700,PlasmoDB
21245033,PF3D7_0818000,PlasmoDB
21245033,PF3D7_0819900,PlasmoDB
21245033,PF3D7_0822300,PlasmoDB
21245033,PF3D7_0822800,PlasmoDB
21245033,PF3D7_0909800,PlasmoDB
21245033,PF3D7_0924700,PlasmoDB
21245033,PF3D7_1002400,PlasmoDB
21245033,PF3D7_1003800,PlasmoDB
21245033,PF3D7_1018500,PlasmoDB
21245033,PF3D7_1033600,PlasmoDB
21245033,PF3D7_1107000,PlasmoDB
21245033,PF3D7_1110200,PlasmoDB
21245033,PF3D7_1123900,PlasmoDB
21245033,PF3D7_1125500,PlasmoDB
21245033,PF3D7_1209200,PlasmoDB
21245033,PF3D7_1234800,PlasmoDB
21245033,PF3D7_1235900,PlasmoDB
21245033,PF3D7_1309300,PlasmoDB
21245033,PF3D7_1317000,PlasmoDB
21245033,PF3D7_1325000,PlasmoDB
21245033,PF3D7_1327700,PlasmoDB
21245033,PF3D7_1343900,PlasmoDB
21245033,PF3D7_1350200,PlasmoDB
21245033,PF3D7_1352700,PlasmoDB
21245033,PF3D7_1355800,PlasmoDB
21245033,PF3D7_1367100,PlasmoDB
21245033,PF3D7_1414800,PlasmoDB
21245033,PF3D7_1420000,PlasmoDB
21245033,PF3D7_1443300,PlasmoDB
21245033,PF3D7_1461600,PlasmoDB
21245033,PF3D7_1472000,PlasmoDB
21245033,PF3D7_1474500,PlasmoDB
21245033,PBANKA_0108600,PlasmoDB
21245033,PBANKA_0315200,PlasmoDB
21245033,PBANKA_0315400,PlasmoDB
21245033,PBANKA_0406800,PlasmoDB
21245033,PBANKA_0407100,PlasmoDB
21245033,PBANKA_0502700,PlasmoDB
21245033,PBANKA_0517400,PlasmoDB
21245033,PBANKA_0607600,PlasmoDB
21245033,PBANKA_0620000,PlasmoDB
21245033,PBANKA_0707800,PlasmoDB
21245033,PBANKA_0708400,PlasmoDB
21245033,PBANKA_0710900,PlasmoDB
21245033,PBANKA_0712800,PlasmoDB
21245033,PBANKA_0811000,PlasmoDB
21245033,PBANKA_0825600,PlasmoDB
21245033,PBANKA_0922800,PlasmoDB
21245033,PBANKA_0924400,PlasmoDB
21245033,PBANKA_0937400,PlasmoDB
21245033,PBANKA_0939900,PlasmoDB
21245033,PBANKA_1001400,PlasmoDB
21245033,PBANKA_1003100,PlasmoDB
21245033,PBANKA_1006700,PlasmoDB
21245033,PBANKA_1023200,PlasmoDB
21245033,PBANKA_1027900,PlasmoDB
21245033,PBANKA_1119100,PlasmoDB
21245033,PBANKA_1132100,PlasmoDB
21245033,PBANKA_1143000,PlasmoDB
21245033,PBANKA_1200800,PlasmoDB
21245033,PBANKA_1202200,PlasmoDB
21245033,PBANKA_1214800,PlasmoDB
21245033,PBANKA_1235100,PlasmoDB
21245033,PBANKA_1237500,PlasmoDB
21245033,PBANKA_1301700,PlasmoDB
21245033,PBANKA_1307200,PlasmoDB
21245033,PBANKA_1325300,PlasmoDB
21245033,PBANKA_1335200,PlasmoDB
21245033,PBANKA_1340200,PlasmoDB
21245033,PBANKA_1342900,PlasmoDB
21245033,PBANKA_1356900,PlasmoDB
21245033,PBANKA_1363000,PlasmoDB
21245033,PBANKA_1365300,PlasmoDB
21245033,PBANKA_1407800,PlasmoDB
21245033,PBANKA_1415500,PlasmoDB
21245033,PBANKA_1424800,PlasmoDB
21245033,PBANKA_1449400,PlasmoDB
21245033,PBANKA_1450500,PlasmoDB
21245033,PKNH_0301700,PlasmoDB
21245033,PKNH_0303500,PlasmoDB
21245033,PKNH_0307100,PlasmoDB
21245033,PKNH_0317900,PlasmoDB
21245033,PKNH_0402200,PlasmoDB
21245033,PKNH_0402400,PlasmoDB
21245033,PKNH_0502000,PlasmoDB
21245033,PKNH_0602800,PlasmoDB
21245033,PKNH_0618400,PlasmoDB
21245033,PKNH_0707800,PlasmoDB
21245033,PKNH_0722700,PlasmoDB
21245033,PKNH_0801200,PlasmoDB
21245033,PKNH_0802600,PlasmoDB
21245033,PKNH_0816700,PlasmoDB
21245033,PKNH_0833800,PlasmoDB
21245033,PKNH_0834100,PlasmoDB
21245033,PKNH_0904600,PlasmoDB
21245033,PKNH_0907900,PlasmoDB
21245033,PKNH_0921700,PlasmoDB
21245033,PKNH_0923400,PlasmoDB
21245033,PKNH_1010100,PlasmoDB
21245033,PKNH_1012800,PlasmoDB
21245033,PKNH_1104100,PlasmoDB
21245033,PKNH_1115700,PlasmoDB
21245033,PKNH_1130400,PlasmoDB
21245033,PKNH_1140100,PlasmoDB
21245033,PKNH_1200900,PlasmoDB
21245033,PKNH_1203800,PlasmoDB
21245033,PKNH_1209000,PlasmoDB
21245033,PKNH_1220100,PlasmoDB
21245033,PKNH_1239000,PlasmoDB
21245033,PKNH_1244800,PlasmoDB
21245033,PKNH_1248300,PlasmoDB
21245033,PKNH_1250700,PlasmoDB
21245033,PKNH_1257500,PlasmoDB
21245033,PKNH_1309100,PlasmoDB
21245033,PKNH_1313700,PlasmoDB
21245033,PKNH_1316300,PlasmoDB
21245033,PKNH_1316800,PlasmoDB
21245033,PKNH_1338000,PlasmoDB
21245033,PKNH_1343300,PlasmoDB
21245033,PKNH_1409700,PlasmoDB
21245033,PKNH_1417700,PlasmoDB
21245033,PKNH_1427900,PlasmoDB
21245033,PKNH_1454200,PlasmoDB
21245033,PKNH_1455600,PlasmoDB
21245033,PGAL8A_00008000,PlasmoDB
21245033,PGAL8A_00008300,PlasmoDB
21245033,PGAL8A_00054300,PlasmoDB
21245033,PGAL8A_00059700,PlasmoDB
21245033,PGAL8A_00070000,PlasmoDB
21245033,PGAL8A_00111000,PlasmoDB
21245033,PGAL8A_00112900,PlasmoDB
21245033,PGAL8A_00115500,PlasmoDB
21245033,PGAL8A_00116000,PlasmoDB
21245033,PGAL8A_00173600,PlasmoDB
21245033,PGAL8A_00184200,PlasmoDB
21245033,PGAL8A_00196800,PlasmoDB
21245033,PGAL8A_00202500,PlasmoDB
21245033,PGAL8A_00221000,PlasmoDB
21245033,PGAL8A_00231500,PlasmoDB
21245033,PGAL8A_00236900,PlasmoDB
21245033,PGAL8A_00239900,PlasmoDB
21245033,PGAL8A_00255000,PlasmoDB
21245033,PGAL8A_00261200,PlasmoDB
21245033,PGAL8A_00263800,PlasmoDB
21245033,PGAL8A_00286400,PlasmoDB
21245033,PGAL8A_00312900,PlasmoDB
21245033,PGAL8A_00334300,PlasmoDB
21245033,PGAL8A_00350500,PlasmoDB
21245033,PGAL8A_00378600,PlasmoDB
21245033,PGAL8A_00380000,PlasmoDB
21245033,PGAL8A_00392600,PlasmoDB
21245033,PGAL8A_00409400,PlasmoDB
21245033,PGAL8A_00422600,PlasmoDB
21245033,PGAL8A_00437600,PlasmoDB
21245033,PGAL8A_00456500,PlasmoDB
21245033,PGAL8A_00457600,PlasmoDB
21245033,PGAL8A_00477600,PlasmoDB
21245033,PGAL8A_00493100,PlasmoDB
21245033,PGAL8A_00523300,PlasmoDB
21245033,PocGH01_03011100,PlasmoDB
21245033,PocGH01_03016500,PlasmoDB
21245033,PocGH01_04011500,PlasmoDB
21245033,PocGH01_04011700,PlasmoDB
21245033,PocGH01_05018000,PlasmoDB
21245033,PocGH01_05018500,PlasmoDB
21245033,PocGH01_05022900,PlasmoDB
21245033,PocGH01_06011600,PlasmoDB
21245033,PocGH01_06026600,PlasmoDB
21245033,PocGH01_08010400,PlasmoDB
21245033,PocGH01_08011800,PlasmoDB
21245033,PocGH01_08039400,PlasmoDB
21245033,PocGH01_09030100,PlasmoDB
21245033,PocGH01_09031800,PlasmoDB
21245033,PocGH01_11013500,PlasmoDB
21245033,PocGH01_11023800,PlasmoDB
21245033,PocGH01_12010500,PlasmoDB
21245033,PocGH01_12013000,PlasmoDB
21245033,PocGH01_12034700,PlasmoDB
21245033,PocGH01_12037600,PlasmoDB
21245033,PocGH01_12042800,PlasmoDB
21245033,PocGH01_12071500,PlasmoDB
21245033,PocGH01_12077200,PlasmoDB
21245033,PocGH01_14017400,PlasmoDB
21245033,PocGH01_14025100,PlasmoDB
21245033,PocGH01_14034800,PlasmoDB
21245033,PocGH01_14060400,PlasmoDB
21245033,PRCDC_0217400,PlasmoDB
21245033,PRCDC_0217600,PlasmoDB
21245033,PRCDC_0307900,PlasmoDB
21245033,PRCDC_0308200,PlasmoDB
21245033,PRCDC_0323000,PlasmoDB
21245033,PRCDC_0401300,PlasmoDB
21245033,PRCDC_0406500,PlasmoDB
21245033,PRCDC_0519400,PlasmoDB
21245033,PRCDC_0521900,PlasmoDB
21245033,PRCDC_0608800,PlasmoDB
21245033,PRCDC_0618300,PlasmoDB
21245033,PRCDC_0719700,PlasmoDB
21245033,PRCDC_0812100,PlasmoDB
21245033,PRCDC_0817300,PlasmoDB
21245033,PRCDC_0819200,PlasmoDB
21245033,PRCDC_0821600,PlasmoDB
21245033,PRCDC_0822100,PlasmoDB
21245033,PRCDC_0907900,PlasmoDB
21245033,PRCDC_0922700,PlasmoDB
21245033,PRCDC_1001800,PlasmoDB
21245033,PRCDC_1003200,PlasmoDB
21245033,PRCDC_1017900,PlasmoDB
21245033,PRCDC_1032900,PlasmoDB
21245033,PRCDC_1105500,PlasmoDB
21245033,PRCDC_1108700,PlasmoDB
21245033,PRCDC_1122300,PlasmoDB
21245033,PRCDC_1124000,PlasmoDB
21245033,PRCDC_1208500,PlasmoDB
21245033,PRCDC_1234000,PlasmoDB
21245033,PRCDC_1235100,PlasmoDB
21245033,PRCDC_1308300,PlasmoDB
21245033,PRCDC_1316000,PlasmoDB
21245033,PRCDC_1324000,PlasmoDB
21245033,PRCDC_1326700,PlasmoDB
21245033,PRCDC_1342900,PlasmoDB
21245033,PRCDC_1349200,PlasmoDB
21245033,PRCDC_1351700,PlasmoDB
21245033,PRCDC_1354700,PlasmoDB
21245033,PRCDC_1366000,PlasmoDB
21245033,PRCDC_1414100,PlasmoDB
21245033,PRCDC_1419300,PlasmoDB
21245033,PRCDC_1442600,PlasmoDB
21245033,PRCDC_1460900,PlasmoDB
21245033,PRCDC_1471200,PlasmoDB
21245033,PRCDC_1473600,PlasmoDB
21245033,PmUG01_00049700,PlasmoDB
21245033,PmUG01_03019100,PlasmoDB
21245033,PmUG01_04013700,PlasmoDB
21245033,PmUG01_05023200,PlasmoDB
21245033,PmUG01_05023700,PlasmoDB
21245033,PmUG01_05032800,PlasmoDB
21245033,PmUG01_08018300,PlasmoDB
21245033,PmUG01_08019700,PlasmoDB
21245033,PmUG01_08047300,PlasmoDB
21245033,PmUG01_09033100,PlasmoDB
21245033,PmUG01_09034800,PlasmoDB
21245033,PmUG01_10044800,PlasmoDB
21245033,PmUG01_11019100,PlasmoDB
21245033,PmUG01_11030200,PlasmoDB
21245033,PmUG01_12012200,PlasmoDB
21245033,PmUG01_12036800,PlasmoDB
21245033,PmUG01_12039700,PlasmoDB
21245033,PmUG01_12044900,PlasmoDB
21245033,PmUG01_12073700,PlasmoDB
21245033,PmUG01_12079400,PlasmoDB
21245033,PmUG01_14033700,PlasmoDB
21245033,PmUG01_14043500,PlasmoDB
21245033,PmUG01_14069000,PlasmoDB
21245033,PRELSG_0200900,PlasmoDB
21245033,PRELSG_0300900,PlasmoDB
21245033,PRELSG_0306300,PlasmoDB
21245033,PRELSG_0401300,PlasmoDB
21245033,PRELSG_0401500,PlasmoDB
21245033,PRELSG_0501000,PlasmoDB
21245033,PRELSG_0501500,PlasmoDB
21245033,PRELSG_0504100,PlasmoDB
21245033,PRELSG_0506000,PlasmoDB
21245033,PRELSG_0602000,PlasmoDB
21245033,PRELSG_0617400,PlasmoDB
21245033,PRELSG_0707200,PlasmoDB
21245033,PRELSG_0722300,PlasmoDB
21245033,PRELSG_0800200,PlasmoDB
21245033,PRELSG_0801600,PlasmoDB
21245033,PRELSG_0814300,PlasmoDB
21245033,PRELSG_0826700,PlasmoDB
21245033,PRELSG_0827000,PlasmoDB
21245033,PRELSG_0904200,PlasmoDB
21245033,PRELSG_0907200,PlasmoDB
21245033,PRELSG_0920700,PlasmoDB
21245033,PRELSG_0922500,PlasmoDB
21245033,PRELSG_1009000,PlasmoDB
21245033,PRELSG_1011500,PlasmoDB
21245033,PRELSG_1101600,PlasmoDB
21245033,PRELSG_1103400,PlasmoDB
21245033,PRELSG_1114700,PlasmoDB
21245033,PRELSG_1128500,PlasmoDB
21245033,PRELSG_1138100,PlasmoDB
21245033,PRELSG_1200300,PlasmoDB
21245033,PRELSG_1203300,PlasmoDB
21245033,PRELSG_1208700,PlasmoDB
21245033,PRELSG_1219200,PlasmoDB
21245033,PRELSG_1237700,PlasmoDB
21245033,PRELSG_1243400,PlasmoDB
21245033,PRELSG_1245100,PlasmoDB
21245033,PRELSG_1247700,PlasmoDB
21245033,PRELSG_1254000,PlasmoDB
21245033,PRELSG_1331000,PlasmoDB
21245033,PRELSG_1336300,PlasmoDB
21245033,PRELSG_1407100,PlasmoDB
21245033,PRELSG_1424800,PlasmoDB
21245033,PRELSG_1450900,PlasmoDB
21245033,PRELSG_1452000,PlasmoDB
21245033,PVP01_0303000,PlasmoDB
21245033,PVP01_0308400,PlasmoDB
21245033,PVP01_0318200,PlasmoDB
21245033,PVP01_0406300,PlasmoDB
21245033,PVP01_0406500,PlasmoDB
21245033,PVP01_0511500,PlasmoDB
21245033,PVP01_0512000,PlasmoDB
21245033,PVP01_0514400,PlasmoDB
21245033,PVP01_0517300,PlasmoDB
21245033,PVP01_0603700,PlasmoDB
21245033,PVP01_0618700,PlasmoDB
21245033,PVP01_0708300,PlasmoDB
21245033,PVP01_0723200,PlasmoDB
21245033,PVP01_0802200,PlasmoDB
21245033,PVP01_0803600,PlasmoDB
21245033,PVP01_0816500,PlasmoDB
21245033,PVP01_0831300,PlasmoDB
21245033,PVP01_0831600,PlasmoDB
21245033,PVP01_0911000,PlasmoDB
21245033,PVP01_0924500,PlasmoDB
21245033,PVP01_0926200,PlasmoDB
21245033,PVP01_1011100,PlasmoDB
21245033,PVP01_1104900,PlasmoDB
21245033,PVP01_1116100,PlasmoDB
21245033,PVP01_1129600,PlasmoDB
21245033,PVP01_1138900,PlasmoDB
21245033,PVP01_1202100,PlasmoDB
21245033,PVP01_1204600,PlasmoDB
21245033,PVP01_1210900,PlasmoDB
21245033,PVP01_1226700,PlasmoDB
21245033,PVP01_1229600,PlasmoDB
21245033,PVP01_1234800,PlasmoDB
21245033,PVP01_1263700,PlasmoDB
21245033,PVP01_1269400,PlasmoDB
21245033,PVP01_1334100,PlasmoDB
21245033,PVP01_1410300,PlasmoDB
21245033,PVP01_1427500,PlasmoDB
21245033,PVP01_1452900,PlasmoDB
21245033,PVP01_1454000,PlasmoDB
21245033,PY17X_0110200,PlasmoDB
21245033,PY17X_0315700,PlasmoDB
21245033,PY17X_0315900,PlasmoDB
21245033,PY17X_0409200,PlasmoDB
21245033,PY17X_0409500,PlasmoDB
21245033,PY17X_0503800,PlasmoDB
21245033,PY17X_0518500,PlasmoDB
21245033,PY17X_0610100,PlasmoDB
21245033,PY17X_0622700,PlasmoDB
21245033,PY17X_0708100,PlasmoDB
21245033,PY17X_0708600,PlasmoDB
21245033,PY17X_0711100,PlasmoDB
21245033,PY17X_0713000,PlasmoDB
21245033,PY17X_0814300,PlasmoDB
21245033,PY17X_0828900,PlasmoDB
21245033,PY17X_0924800,PlasmoDB
21245033,PY17X_0926400,PlasmoDB
21245033,PY17X_0939400,PlasmoDB
21245033,PY17X_0942400,PlasmoDB
21245033,PY17X_1002800,PlasmoDB
21245033,PY17X_1008100,PlasmoDB
21245033,PY17X_1025100,PlasmoDB
21245033,PY17X_1030300,PlasmoDB
21245033,PY17X_1120200,PlasmoDB
21245033,PY17X_1133600,PlasmoDB
21245033,PY17X_1144300,PlasmoDB
21245033,PY17X_1203900,PlasmoDB
21245033,PY17X_1205300,PlasmoDB
21245033,PY17X_1218000,PlasmoDB
21245033,PY17X_1238500,PlasmoDB
21245033,PY17X_1240800,PlasmoDB
21245033,PY17X_1305300,PlasmoDB
21245033,PY17X_1311000,PlasmoDB
21245033,PY17X_1329100,PlasmoDB
21245033,PY17X_1339900,PlasmoDB
21245033,PY17X_1344900,PlasmoDB
21245033,PY17X_1347600,PlasmoDB
21245033,PY17X_1362600,PlasmoDB
21245033,PY17X_1368700,PlasmoDB
21245033,PY17X_1371100,PlasmoDB
21245033,PY17X_1409600,PlasmoDB
21245033,PY17X_1426800,PlasmoDB
21245033,PY17X_1451900,PlasmoDB
21245033,PY17X_1453000,PlasmoDB
21282103,PCHAS_0511500,PlasmoDB
21282103,PF3D7_1027300,PlasmoDB
21282103,PBANKA_0511400,PlasmoDB
21282103,PKNH_0611700,PlasmoDB
21383978,MGG_10422,FungiDB
21401956,PVP01_1255000,PlasmoDB
21401956,PKNH_1230100,PlasmoDB
21402362,CNAG_06346,FungiDB
21439063,PCHAS_0619600,PlasmoDB
21439063,PF3D7_0720400,PlasmoDB
21439063,PBANKA_0617900,PlasmoDB
21439063,PKNH_0315800,PlasmoDB
21439063,PGAL8A_00083600,PlasmoDB
21439063,PocGH01_03024200,PlasmoDB
21439063,PRCDC_0717600,PlasmoDB
21439063,PmUG01_03026800,PlasmoDB
21439063,PRELSG_0203000,PlasmoDB
21439063,PVP01_0316100,PlasmoDB
21439063,PY17X_0620600,PlasmoDB
21453402,CNG04130,FungiDB
21453402,CNAG_03153,FungiDB
21453484,PBANKA_1300800,PlasmoDB
21453511,PCHAS_0822100,PlasmoDB
21453511,PCHAS_0904700,PlasmoDB
21453511,PCHAS_1037500,PlasmoDB
21453511,PCHAS_1358600,PlasmoDB
21453511,PCHAS_1437600,PlasmoDB
21453511,PF3D7_0310200,PlasmoDB
21453511,PF3D7_0418600,PlasmoDB
21453511,PF3D7_0616700,PlasmoDB
21453511,PF3D7_0623300,PlasmoDB
21453511,PF3D7_0716000,PlasmoDB
21453511,PF3D7_0724000,PlasmoDB
21453511,PF3D7_0804000,PlasmoDB
21453511,PF3D7_0910500,PlasmoDB
21453511,PF3D7_0920900,PlasmoDB
21453511,PF3D7_0932100,PlasmoDB
21453511,PF3D7_1107300,PlasmoDB
21453511,PF3D7_1126600,PlasmoDB
21453511,PF3D7_1220400,PlasmoDB
21453511,PF3D7_1220500,PlasmoDB
21453511,PF3D7_1221700,PlasmoDB
21453511,PF3D7_1230200,PlasmoDB
21453511,PF3D7_1307900,PlasmoDB
21453511,PF3D7_1315400,PlasmoDB
21453511,PF3D7_1326300,PlasmoDB
21453511,PF3D7_1334200,PlasmoDB
21453511,PF3D7_1340600,PlasmoDB
21453511,PF3D7_1348800,PlasmoDB
21453511,PF3D7_1405500,PlasmoDB
21453511,PF3D7_1467900,PlasmoDB
21453511,PBANKA_0821800,PlasmoDB
21453511,PBANKA_0939600,PlasmoDB
21453511,PBANKA_1036700,PlasmoDB
21453511,PBANKA_1354000,PlasmoDB
21453511,PBANKA_1435600,PlasmoDB
21453511,PKNH_0718900,PlasmoDB
21453511,PKNH_0904900,PlasmoDB
21453511,PKNH_1260800,PlasmoDB
21453511,PKNH_1352600,PlasmoDB
21453511,PKNH_1439600,PlasmoDB
21453511,PGAL8A_00251600,PlasmoDB
21453511,PGAL8A_00277300,PlasmoDB
21453511,PGAL8A_00334600,PlasmoDB
21453511,PocGH01_12022500,PlasmoDB
21453511,PocGH01_13054100,PlasmoDB
21453511,PRCDC_1105800,PlasmoDB
21453511,PRCDC_1339600,PlasmoDB
21453511,PRCDC_1404800,PlasmoDB
21453511,PmUG01_12024300,PlasmoDB
21453511,PmUG01_13052800,PlasmoDB
21453511,PRELSG_0904500,PlasmoDB
21453511,PRELSG_1257300,PlasmoDB
21453511,PVP01_0908100,PlasmoDB
21453511,PVP01_1214200,PlasmoDB
21453511,PVP01_1343300,PlasmoDB
21453511,PY17X_0942100,PlasmoDB
21453511,PY17X_1039100,PlasmoDB
21453511,PY17X_1359400,PlasmoDB
21483790,PCHAS_0927000,PlasmoDB
21483790,PF3D7_1129100,PlasmoDB
21483790,PKNH_0927100,PlasmoDB
21483790,PocGH01_09035400,PlasmoDB
21483790,PRCDC_1127500,PlasmoDB
21483790,PmUG01_09038300,PlasmoDB
21483790,PRELSG_0926200,PlasmoDB
21483790,PVP01_0929800,PlasmoDB
21483790,PY17X_0920800,PlasmoDB
21569184,PF3D7_1036400,PlasmoDB
21625527,PCHAS_0728200,PlasmoDB
21625527,PCHAS_1234100,PlasmoDB
21625527,PBANKA_0719200,PlasmoDB
21625527,PBANKA_1233500,PlasmoDB
21625527,PKNH_0509500,PlasmoDB
21652778,CNI03590,FungiDB
21652778,CNAG_04217,FungiDB
21669237,TGME49_251410,ToxoDB
21695207,PCHAS_0101900,PlasmoDB
21695207,PCHAS_1450000,PlasmoDB
21695207,PF3D7_0602400,PlasmoDB
21695207,PF3D7_1233000,PlasmoDB
21695207,PBANKA_0101200,PlasmoDB
21695207,PBANKA_1447700,PlasmoDB
21695207,PKNH_1148300,PlasmoDB
21695207,PKNH_1452500,PlasmoDB
21700207,PCHAS_1450800,PlasmoDB
21700207,PF3D7_0801700,PlasmoDB
21700207,PF3D7_1233900,PlasmoDB
21700207,PBANKA_1448500,PlasmoDB
21700207,PKNH_1453300,PlasmoDB
21819456,CNF00210,FungiDB
21819456,CNK02120,FungiDB
21819456,CNAG_01872,FungiDB
21848587,PCHAS_0101800,PlasmoDB
21848587,PF3D7_0602300,PlasmoDB
21848587,PBANKA_0101100,PlasmoDB
21848587,PKNH_1148400,PlasmoDB
21848587,PGAL8A_00130800,PlasmoDB
21848587,PocGH01_11054300,PlasmoDB
21848587,PRCDC_0600900,PlasmoDB
21848587,PmUG01_11060500,PlasmoDB
21848587,PRELSG_1146000,PlasmoDB
21848587,PVP01_1146600,PlasmoDB
21848587,PY17X_0102700,PlasmoDB
21899698,PCHAS_1232800,PlasmoDB
21899698,PCHAS_1308500,PlasmoDB
21899698,PF3D7_0517400,PlasmoDB
21899698,PF3D7_1441400,PlasmoDB
21899698,PBANKA_1232200,PlasmoDB
21899698,PBANKA_1305300,PlasmoDB
21899698,PKNH_1015900,PlasmoDB
21899698,PKNH_1240900,PlasmoDB
21899698,PocGH01_10024200,PlasmoDB
21899698,PRCDC_0516500,PlasmoDB
21899698,PRCDC_1440700,PlasmoDB
21899698,PRELSG_1014500,PlasmoDB
21899698,PRELSG_1239600,PlasmoDB
21899698,PVP01_1016600,PlasmoDB
21899698,PVP01_1265600,PlasmoDB
21899698,PY17X_1235600,PlasmoDB
21899698,PY17X_1309100,PlasmoDB
21909261,PF3D7_0323400,PlasmoDB
21909263,PF3D7_1115200,PlasmoDB
21943402,PCHAS_1122900,PlasmoDB
21943402,PCHAS_1435200,PlasmoDB
21943402,PF3D7_0624500,PlasmoDB
21943402,PF3D7_1217600,PlasmoDB
21943402,PBANKA_1123400,PlasmoDB
21943402,PBANKA_1433200,PlasmoDB
21943402,PKNH_1125700,PlasmoDB
21943402,PKNH_1437200,PlasmoDB
21943402,PGAL8A_00153000,PlasmoDB
21943402,PGAL8A_00532200,PlasmoDB
21943402,PocGH01_14043700,PlasmoDB
21943402,PRCDC_0622900,PlasmoDB
21943402,PRCDC_1216900,PlasmoDB
21943402,PmUG01_14052400,PlasmoDB
21943402,PRELSG_1123800,PlasmoDB
21943402,PRELSG_1433700,PlasmoDB
21943402,PVP01_1125000,PlasmoDB
21943402,PVP01_1436400,PlasmoDB
21943402,PY17X_1124800,PlasmoDB
21943402,PY17X_1435600,PlasmoDB
21998306,PCHAS_0935900,PlasmoDB
21998306,PF3D7_0828600,PlasmoDB
21998306,PF3D7_1116500,PlasmoDB
21998306,PBANKA_0702100,PlasmoDB
21998306,PKNH_1322700,PlasmoDB
21998306,PRCDC_0827900,PlasmoDB
21998306,PVP01_0505800,PlasmoDB
21998306,PY17X_0702400,PlasmoDB
22005844,PCHAS_1011400,PlasmoDB
22005844,PF3D7_1434300,PlasmoDB
22005844,PBANKA_1010500,PlasmoDB
22005844,PKNH_0420900,PlasmoDB
22005844,PGAL8A_00305800,PlasmoDB
22005844,PocGH01_13026000,PlasmoDB
22005844,PRCDC_1433600,PlasmoDB
22005844,PmUG01_13026000,PlasmoDB
22005844,PRELSG_1316800,PlasmoDB
22005844,PVP01_1315200,PlasmoDB
22005844,PY17X_1012100,PlasmoDB
22024312,PKNH_0304000,PlasmoDB
22024312,PVP01_0305300,PlasmoDB
22046314,Afu2g04210,FungiDB
22113196,PCHAS_0809200,PlasmoDB
22113196,PF3D7_0907400,PlasmoDB
22113196,PBANKA_0808900,PlasmoDB
22113196,PKNH_0705200,PlasmoDB
22113196,PGAL8A_00420100,PlasmoDB
22113196,PocGH01_07014900,PlasmoDB
22113196,PmUG01_07019000,PlasmoDB
22113196,PRELSG_0704800,PlasmoDB
22113196,PVP01_0705900,PlasmoDB
22144892,PCHAS_0612300,PlasmoDB
22144892,PCHAS_1244100,PlasmoDB
22144892,PF3D7_0529100,PlasmoDB
22144892,PF3D7_1212100,PlasmoDB
22144892,PBANKA_0610600,PlasmoDB
22144892,PBANKA_1243700,PlasmoDB
22144892,PKNH_1003600,PlasmoDB
22144892,PKNH_1312200,PlasmoDB
22144892,PGAL8A_00076400,PlasmoDB
22144892,PocGH01_10012500,PlasmoDB
22144892,PRCDC_0528200,PlasmoDB
22144892,PRCDC_1211400,PlasmoDB
22144892,PmUG01_10015400,PlasmoDB
22144892,PRELSG_1002700,PlasmoDB
22144892,PVP01_1004700,PlasmoDB
22144892,PVP01_1311300,PlasmoDB
22144892,PY17X_0613100,PlasmoDB
22144892,PY17X_1247100,PlasmoDB
22144892,TGME49_287270,ToxoDB
22167473,PF3D7_0814200,PlasmoDB
22167473,PF3D7_1346300,PlasmoDB
22167473,PF3D7_1347500,PlasmoDB
22174677,CNC01390,FungiDB
22174677,CNAG_01626,FungiDB
22184632,PCHAS_0101300,PlasmoDB
22184632,PBANKA_0100600,PlasmoDB
22184632,PY17X_0102200,PlasmoDB
22246776,PCHAS_1459500,PlasmoDB
22246776,PF3D7_1243900,PlasmoDB
22246776,PBANKA_1457200,PlasmoDB
22246776,PKNH_1463200,PlasmoDB
22293287,PF3D7_1103700,PlasmoDB
22329759,AN11205,FungiDB
22329759,AN11206,FungiDB
22329759,AN11214,FungiDB
22329759,AN8379,FungiDB
22329759,AN8381,FungiDB
22329759,AN8383,FungiDB
22329759,AN8384,FungiDB
22329759,AN9246,FungiDB
22329759,AN9247,FungiDB
22329759,AN9249,FungiDB
22329759,AN9257,FungiDB
22329759,AN9259,FungiDB
22329949,PCHAS_1370100,PlasmoDB
22329949,PBANKA_1365500,PlasmoDB
22329949,PY17X_1371300,PlasmoDB
22383885,PCHAS_0510700,PlasmoDB
22383885,PF3D7_1026400,PlasmoDB
22383885,PBANKA_0510600,PlasmoDB
22383885,PKNH_0610900,PlasmoDB
22383885,PGAL8A_00485700,PlasmoDB
22383885,PRCDC_1025800,PlasmoDB
22383885,PRELSG_0610100,PlasmoDB
22383885,PVP01_0611600,PlasmoDB
22383885,PY17X_0511700,PlasmoDB
22383885,TGME49_316620,ToxoDB
22387554,TGME49_210810,ToxoDB
22412978,CNL04960,FungiDB
22412978,CNAG_04984,FungiDB
22412978,CNAG_05124,FungiDB
22412978,CNAG_05247,FungiDB
22443220,PF3D7_1138200,PlasmoDB
22628558,PCHAS_1338200,PlasmoDB
22628558,PCHAS_1358800,PlasmoDB
22628558,PF3D7_1340800,PlasmoDB
22628558,PF3D7_1470400,PlasmoDB
22628558,PBANKA_1333600,PlasmoDB
22628558,PBANKA_1354200,PlasmoDB
22628558,PKNH_1210600,PlasmoDB
22628558,PKNH_1260600,PlasmoDB
22628558,PGAL8A_00251800,PlasmoDB
22628558,PocGH01_12022300,PlasmoDB
22628558,PRCDC_1339800,PlasmoDB
22628558,PRCDC_1469600,PlasmoDB
22628558,PmUG01_12024100,PlasmoDB
22628558,PRELSG_1257100,PlasmoDB
22628558,PVP01_1214000,PlasmoDB
22670848,PCHAS_0208300,PlasmoDB
22670848,PF3D7_0103200,PlasmoDB
22670848,PBANKA_0209900,PlasmoDB
22670848,PKNH_0210300,PlasmoDB
22670848,PRCDC_0101100,PlasmoDB
22670848,PY17X_0211300,PlasmoDB
22701726,NCU03770,FungiDB
22719877,CNAG_01614,FungiDB
22731401,CNF03700,FungiDB
22731401,CNAG_06646,FungiDB
22737071,CNAG_00795,FungiDB
22761677,PF3D7_MIT00200,PlasmoDB
22761677,PF3D7_MIT00300,PlasmoDB
22761677,PF3D7_MIT00500,PlasmoDB
22761677,PF3D7_MIT00600,PlasmoDB
22761677,PF3D7_MIT00700,PlasmoDB
22761677,PF3D7_MIT00800,PlasmoDB
22761677,PF3D7_MIT00900,PlasmoDB
22761677,PF3D7_MIT01000,PlasmoDB
22761677,PF3D7_MIT01100,PlasmoDB
22761677,PF3D7_MIT01200,PlasmoDB
22761677,PF3D7_MIT01300,PlasmoDB
22761677,PF3D7_MIT01800,PlasmoDB
22761677,PF3D7_MIT02000,PlasmoDB
22761677,PF3D7_MIT02400,PlasmoDB
22761677,PF3D7_MIT03100,PlasmoDB
22761677,PF3D7_MIT03600,PlasmoDB
22761677,PF3D7_MIT04000,PlasmoDB
22761677,PBANKA_MIT00900,PlasmoDB
22848665,PCHAS_1003500,PlasmoDB
22848665,PF3D7_0404900,PlasmoDB
22848665,PBANKA_1002600,PlasmoDB
22848665,PGAL8A_00055600,PlasmoDB
22848665,PocGH01_03012400,PlasmoDB
22848665,PRCDC_0402500,PlasmoDB
22848665,PmUG01_03015000,PlasmoDB
22848665,PRELSG_0302200,PlasmoDB
22848665,PY17X_1004000,PlasmoDB
22860032,TGME49_272900,ToxoDB
22879952,NCU00881,FungiDB
22879952,NCU06910,FungiDB
22879952,NCU06981,FungiDB
22900071,PCHAS_0416600,PlasmoDB
22900071,PCHAS_0922200,PlasmoDB
22900071,PCHAS_1026200,PlasmoDB
22900071,PCHAS_1337800,PlasmoDB
22900071,PF3D7_0905700,PlasmoDB
22900071,PF3D7_1019900,PlasmoDB
22900071,PF3D7_1126100,PlasmoDB
22900071,PF3D7_1417300,PlasmoDB
22900071,PF3D7_1470000,PlasmoDB
22900071,PBANKA_0415700,PlasmoDB
22900071,PBANKA_0922200,PlasmoDB
22900071,PBANKA_1025400,PlasmoDB
22900071,PBANKA_1333200,PlasmoDB
22900071,PKNH_0604100,PlasmoDB
22900071,PKNH_0703400,PlasmoDB
22900071,PKNH_0924000,PlasmoDB
22900071,PRCDC_1124600,PlasmoDB
22900071,PRELSG_0603500,PlasmoDB
22900071,PRELSG_1333800,PlasmoDB
22900071,PVP01_0605100,PlasmoDB
22900071,PVP01_0926800,PlasmoDB
22900071,PVP01_1331600,PlasmoDB
22900071,PY17X_1027800,PlasmoDB
22900071,PGAL8A_00288900,PlasmoDB
22900071,PGAL8A_00479100,PlasmoDB
22900071,PKNH_1340700,PlasmoDB
22900071,PmUG01_09035400,PlasmoDB
22900071,PmUG01_06011300,PlasmoDB
22900071,PocGH01_06013000,PlasmoDB
22900071,PRCDC_1469200,PlasmoDB
22900071,PocGH01_09032400,PlasmoDB
22900071,PKNH_1211000,PlasmoDB
22900071,PRCDC_0903800,PlasmoDB
22900071,PRCDC_1019300,PlasmoDB
22900071,PRCDC_1416600,PlasmoDB
22912579,PF3D7_0309600,PlasmoDB
22912882,PCHAS_1021700,PlasmoDB
22912882,PF3D7_1203900,PlasmoDB
22912882,PF3D7_1225800,PlasmoDB
22912882,PF3D7_1422500,PlasmoDB
22912882,PBANKA_0602800,PlasmoDB
22912882,PKNH_1335500,PlasmoDB
22912882,PRCDC_1421800,PlasmoDB
22916306,CNAG_05392,FungiDB
22957089,PCHAS_1334100,PlasmoDB
22957089,PBANKA_1329500,PlasmoDB
22957089,PKNH_1215400,PlasmoDB
22957089,PRCDC_1465300,PlasmoDB
22970262,PF3D7_0201800,PlasmoDB
22970262,PRCDC_0200900,PlasmoDB
22984267,PF3D7_0207500,PlasmoDB
23027733,TGME49_202390,ToxoDB
23027733,TGME49_216650,ToxoDB
23027733,TGME49_310030,ToxoDB
23027733,TGME49_313380,ToxoDB
23049965,PF3D7_0613300,PlasmoDB
23055925,CNAG_05794,FungiDB
23056243,PCHAS_0102900,PlasmoDB
23056243,PF3D7_0603400,PlasmoDB
23056243,PBANKA_0102200,PlasmoDB
23056243,PKNH_1147300,PlasmoDB
23056243,PGAL8A_00131900,PlasmoDB
23056243,PocGH01_11053200,PlasmoDB
23056243,PRCDC_0602000,PlasmoDB
23056243,PmUG01_11059400,PlasmoDB
23056243,PRELSG_1144900,PlasmoDB
23056243,PVP01_1145500,PlasmoDB
23056243,PY17X_0103800,PlasmoDB
23056326,PCHAS_1409200,PlasmoDB
23056326,PF3D7_1308800,PlasmoDB
23056326,PBANKA_1407300,PlasmoDB
23056326,PKNH_1409200,PlasmoDB
23056326,PGAL8A_00504900,PlasmoDB
23056326,PRCDC_1307800,PlasmoDB
23056326,PRELSG_1406600,PlasmoDB
23056326,PVP01_1409800,PlasmoDB
23056326,PY17X_1409000,PlasmoDB
23093935,PF3D7_0935400,PlasmoDB
23093935,PKNH_0734100,PlasmoDB
23093935,PGAL8A_00448600,PlasmoDB
23093935,PocGH01_07043100,PlasmoDB
23093935,PRCDC_0933400,PlasmoDB
23093935,PmUG01_07047200,PlasmoDB
23093935,PRELSG_0733400,PlasmoDB
23093935,PVP01_0734100,PlasmoDB
23106124,AN5525,FungiDB
23137753,PBANKA_1427100,PlasmoDB
23144823,PCHAS_0212800,PlasmoDB
23144823,PBANKA_0214400,PlasmoDB
23144823,PY17X_0215800,PlasmoDB
23159057,TGME49_280700,ToxoDB
23185236,PF3D7_1149000,PlasmoDB
23185322,PCHAS_1113400,PlasmoDB
23185322,PF3D7_0514100,PlasmoDB
23185322,PBANKA_1113800,PlasmoDB
23185322,PKNH_1019000,PlasmoDB
23185322,PRCDC_0513200,PlasmoDB
23190769,PCHAS_0509900,PlasmoDB
23190769,PCHAS_0602700,PlasmoDB
23190769,PCHAS_1220100,PlasmoDB
23190769,PCHAS_1304100,PlasmoDB
23190769,PCHAS_1306100,PlasmoDB
23190769,PF3D7_0708900,PlasmoDB
23190769,PF3D7_0927800,PlasmoDB
23190769,PF3D7_0928000,PlasmoDB
23190769,PF3D7_1025600,PlasmoDB
23190769,PF3D7_1201800,PlasmoDB
23190769,PF3D7_1439000,PlasmoDB
23190769,PF3D7_1475300,PlasmoDB
23190769,PBANKA_0509800,PlasmoDB
23190769,PBANKA_0600800,PlasmoDB
23190769,PBANKA_1219400,PlasmoDB
23190769,PBANKA_1300900,PlasmoDB
23190769,PBANKA_1302900,PlasmoDB
23190769,PKNH_0107500,PlasmoDB
23190769,PKNH_0610100,PlasmoDB
23190769,PKNH_1243300,PlasmoDB
23190769,PKNH_1245600,PlasmoDB
23190769,PKNH_1301700,PlasmoDB
23190769,PGAL8A_00049100,PlasmoDB
23190769,PGAL8A_00484900,PlasmoDB
23190769,PocGH01_01016800,PlasmoDB
23190769,PRCDC_0707100,PlasmoDB
23190769,PRCDC_1025000,PlasmoDB
23190769,PRCDC_1201200,PlasmoDB
23190769,PRCDC_1438300,PlasmoDB
23190769,PRCDC_1474400,PlasmoDB
23190769,PmUG01_01020600,PlasmoDB
23190769,PRELSG_0107000,PlasmoDB
23190769,PRELSG_0609300,PlasmoDB
23190769,PVP01_0109200,PlasmoDB
23190769,PVP01_0610800,PlasmoDB
23190769,PVP01_1268000,PlasmoDB
23190769,PY17X_0510900,PlasmoDB
23190769,PY17X_1222600,PlasmoDB
23197789,PCHAS_0500900,PlasmoDB
23197789,PCHAS_1145600,PlasmoDB
23197789,PBANKA_0316800,PlasmoDB
23197789,PBANKA_0836800,PlasmoDB
23197789,PBANKA_1200600,PlasmoDB
23197789,PY17X_0317500,PlasmoDB
23197789,PY17X_0840300,PlasmoDB
23224610,PRELSG_0945100,PlasmoDB
23224610,PGAL8A_00375200,PlasmoDB
23239939,TGME49_205670,ToxoDB
23239939,TGME49_218880,ToxoDB
23246819,TGME49_246490,ToxoDB
23250440,PCHAS_1361800,PlasmoDB
23250440,PF3D7_0708800,PlasmoDB
23250440,PF3D7_1344200,PlasmoDB
23250440,PBANKA_1357200,PlasmoDB
23250440,PKNH_1257200,PlasmoDB
23250440,PGAL8A_00255300,PlasmoDB
23250440,PocGH01_12018900,PlasmoDB
23250440,PRCDC_1343200,PlasmoDB
23250440,PmUG01_12020700,PlasmoDB
23250440,PRELSG_1253700,PlasmoDB
23250440,PVP01_1210600,PlasmoDB
23250440,PY17X_1362900,PlasmoDB
23251520,CNA01450,FungiDB
23251520,CNAG_00156,FungiDB
23251596,PKNH_0912800,PlasmoDB
23251596,PKNH_0912900,PlasmoDB
23251596,PKNH_0913000,PlasmoDB
23251596,PKNH_1223800,PlasmoDB
23285059,PCHAS_0723100,PlasmoDB
23285059,PF3D7_0816800,PlasmoDB
23285059,PBANKA_0714000,PlasmoDB
23285059,PKNH_0503600,PlasmoDB
23285059,PRCDC_0816100,PlasmoDB
23285059,PRELSG_0507200,PlasmoDB
23285059,PVP01_0518500,PlasmoDB
23285059,PY17X_0714200,PlasmoDB
23308157,PCHAS_0721700,PlasmoDB
23308157,PCHAS_1137600,PlasmoDB
23308157,PF3D7_0818200,PlasmoDB
23308157,PF3D7_1362100,PlasmoDB
23308157,PBANKA_1138100,PlasmoDB
23308157,PKNH_0501800,PlasmoDB
23308157,PKNH_1109200,PlasmoDB
23308157,PocGH01_05022700,PlasmoDB
23308157,PRCDC_0817500,PlasmoDB
23308157,PRCDC_1361000,PlasmoDB
23308157,PmUG01_05033000,PlasmoDB
23308157,PVP01_0517100,PlasmoDB
23308157,PY17X_0712800,PlasmoDB
23320541,PCHAS_1422400,PlasmoDB
23320541,PF3D7_0714000,PlasmoDB
23320541,PBANKA_1420600,PlasmoDB
23320541,PKNH_1422900,PlasmoDB
23320541,PRCDC_0711300,PlasmoDB
23320541,PRELSG_1420100,PlasmoDB
23320541,PVP01_1423100,PlasmoDB
23320541,PY17X_1422300,PlasmoDB
23336032,PCHAS_0611500,PlasmoDB
23336032,PCHAS_0611900,PlasmoDB
23336032,PCHAS_0727400,PlasmoDB
23336032,PCHAS_1242200,PlasmoDB
23336032,PF3D7_0416300,PlasmoDB
23336032,PF3D7_0527000,PlasmoDB
23336032,PF3D7_1211300,PlasmoDB
23336032,PF3D7_1211700,PlasmoDB
23336032,PBANKA_0609800,PlasmoDB
23336032,PBANKA_0610200,PlasmoDB
23336032,PBANKA_0718300,PlasmoDB
23336032,PBANKA_1241800,PlasmoDB
23336032,PKNH_0508700,PlasmoDB
23336032,PKNH_1005700,PlasmoDB
23336032,PKNH_1311400,PlasmoDB
23336032,PKNH_1311800,PlasmoDB
23336032,PGAL8A_00074300,PlasmoDB
23336032,PGAL8A_00089800,PlasmoDB
23336032,PocGH01_13021700,PlasmoDB
23336032,PRCDC_0413800,PlasmoDB
23336032,PRCDC_0526100,PlasmoDB
23336032,PRCDC_1210600,PlasmoDB
23336032,PRCDC_1211000,PlasmoDB
23336032,PmUG01_13021700,PlasmoDB
23336032,PRELSG_0511600,PlasmoDB
23336032,PRELSG_1004800,PlasmoDB
23336032,PRELSG_1312400,PlasmoDB
23336032,PVP01_0525700,PlasmoDB
23336032,PVP01_1006800,PlasmoDB
23336032,PVP01_1310500,PlasmoDB
23336032,PVP01_1310900,PlasmoDB
23336032,PY17X_0612300,PlasmoDB
23336032,PY17X_0612700,PlasmoDB
23336032,PY17X_0718500,PlasmoDB
23336032,PY17X_1245000,PlasmoDB
23339486,AN0494,FungiDB
23339486,AN2828,FungiDB
23339486,AN3418,FungiDB
23339486,AN7230,FungiDB
23356236,TGME49_200010,ToxoDB
23356236,TGME49_241610,ToxoDB
23356236,TGME49_245432,ToxoDB
23356439,PY17X_0719200,PlasmoDB
23360537,Afu3g12890,FungiDB
23360537,Afu3g12920,FungiDB
23360537,Afu3g12930,FungiDB
23360537,Afu3g12940,FungiDB
23368997,Afu7g00170,FungiDB
23368997,Afu7g00130,FungiDB
23421981,PY17X_0816300,PlasmoDB
23434509,PCHAS_1337000,PlasmoDB
23434509,PF3D7_1469200,PlasmoDB
23434509,PBANKA_1332400,PlasmoDB
23434509,PKNH_1211800,PlasmoDB
23434509,PGAL8A_00228600,PlasmoDB
23434509,PocGH01_12045600,PlasmoDB
23434509,PRCDC_1468400,PlasmoDB
23434509,PmUG01_12047700,PlasmoDB
23434509,PRELSG_1211600,PlasmoDB
23434509,PVP01_1237600,PlasmoDB
23434509,PY17X_1337100,PlasmoDB
23437009,PF3D7_1360100,PlasmoDB
23443656,TGME49_290040,ToxoDB
23468629,PCHAS_0103000,PlasmoDB
23468629,PBANKA_0102300,PlasmoDB
23468629,PKNH_1147200,PlasmoDB
23468629,TGME49_207910,ToxoDB
23488861,Afu8g00370,FungiDB
23488861,Afu8g00380,FungiDB
23488861,Afu8g00520,FungiDB
23498952,CNAG_05449,FungiDB
23498952,CNAG_00306,FungiDB
23505371,TGME49_207460,ToxoDB
23505371,TGME49_214770,ToxoDB
23505371,TGME49_219720,ToxoDB
23505371,TGME49_248880,ToxoDB
23505371,TGME49_257340,ToxoDB
23505371,TGME49_258130,ToxoDB
23505371,TGME49_267810,ToxoDB
23505371,TGME49_310460,ToxoDB
23505371,TGME49_312050,ToxoDB
23505371,TGME49_313190,ToxoDB
23505486,PVP01_1403500,PlasmoDB
23544094,PBANKA_1013300,PlasmoDB
23550133,CNAG_02579,FungiDB
23587146,PY17X_1357700,PlasmoDB
23617571,AN3495,FungiDB
23617571,AN3496,FungiDB
23631919,PCHAS_1227400,PlasmoDB
23631919,PF3D7_0803400,PlasmoDB
23631919,PBANKA_1226800,PlasmoDB
23631919,PKNH_0115500,PlasmoDB
23631919,PGAL8A_00079600,PlasmoDB
23631919,PRCDC_0803000,PlasmoDB
23631919,PRELSG_0114500,PlasmoDB
23631919,PVP01_0116800,PlasmoDB
23631919,PY17X_1230300,PlasmoDB
23638681,PF3D7_0528400,PlasmoDB
23638681,PF3D7_0714300,PlasmoDB
23638681,PBANKA_0312600,PlasmoDB
23638681,PBANKA_0833300,PlasmoDB
23638681,PBANKA_0927300,PlasmoDB
23638681,PBANKA_0932100,PlasmoDB
23638681,PBANKA_1243000,PlasmoDB
23638681,PBANKA_1337800,PlasmoDB
23638681,PBANKA_1419700,PlasmoDB
23638681,PBANKA_1420900,PlasmoDB
23638681,TGME49_252200,ToxoDB
23653445,CNA06560,FungiDB
23653445,CNAG_02057,FungiDB
23658519,TGME49_267380,ToxoDB
23658610,PBANKA_0700600,PlasmoDB
23687115,TGME49_301420,ToxoDB
23688042,PVP01_0531900,PlasmoDB
23691177,CNAG_06290,FungiDB
23734702,PVP01_0412300,PlasmoDB
23734702,PKNH_0408600,PlasmoDB
23734739,PCHAS_0924600,PlasmoDB
23734739,PF3D7_1128400,PlasmoDB
23734739,PBANKA_0919800,PlasmoDB
23734739,PKNH_0926500,PlasmoDB
23734739,PGAL8A_00355300,PlasmoDB
23734739,PocGH01_09034800,PlasmoDB
23734739,PRCDC_1126900,PlasmoDB
23734739,PmUG01_09037700,PlasmoDB
23734739,PRELSG_0925600,PlasmoDB
23734739,PY17X_0921900,PlasmoDB
23742205,TGME49_296000,ToxoDB
23742205,TGME49_281675,ToxoDB
23762321,AN3621,FungiDB
23773015,PBANKA_0830400,PlasmoDB
23785288,PF3D7_0312100,PlasmoDB
23805304,PCHAS_0822600,PlasmoDB
23805304,PBANKA_0822300,PlasmoDB
23805304,PKNH_0719400,PlasmoDB
23805304,PGAL8A_00434300,PlasmoDB
23805304,PocGH01_07028800,PlasmoDB
23805304,PRCDC_0919400,PlasmoDB
23805304,PmUG01_07032900,PlasmoDB
23805304,PRELSG_0719000,PlasmoDB
23805304,PVP01_0719900,PlasmoDB
23805304,PY17X_0825600,PlasmoDB
23831369,PKNH_1466100,PlasmoDB
23837822,PF3D7_0320000,PlasmoDB
23844980,Afu1g06210,FungiDB
23935500,PBANKA_1459200,PlasmoDB
23935534,NCU01833,FungiDB
23937520,PCHAS_0501500,PlasmoDB
23937520,PF3D7_1017100,PlasmoDB
23937520,PKNH_0601300,PlasmoDB
23937520,PGAL8A_00476100,PlasmoDB
23937520,PocGH01_06010200,PlasmoDB
23937520,PRCDC_1016500,PlasmoDB
23937520,PmUG01_00051000,PlasmoDB
23937520,PRELSG_0600500,PlasmoDB
23937520,PVP01_0602300,PlasmoDB
23940612,TGME49_315730,ToxoDB
23950716,PF3D7_0702500,PlasmoDB
23950716,PF3D7_1148900,PlasmoDB
23950716,PF3D7_1334500,PlasmoDB
23950716,PF3D7_1334700,PlasmoDB
23950716,PRCDC_1333500,PlasmoDB
23950716,PRCDC_1333700,PlasmoDB
23962112,PCHAS_1319500,PlasmoDB
23962112,PF3D7_1452500,PlasmoDB
23962112,PBANKA_1316200,PlasmoDB
23962112,PKNH_1229600,PlasmoDB
23962112,PGAL8A_00211700,PlasmoDB
23962112,PocGH01_12062400,PlasmoDB
23962112,PRCDC_1451800,PlasmoDB
23962112,PmUG01_12064500,PlasmoDB
23962112,PRELSG_1228500,PlasmoDB
23962112,PVP01_1254500,PlasmoDB
23962112,PY17X_1320000,PlasmoDB
23962112,TGME49_300240,ToxoDB
23966871,CND02770,FungiDB
23966871,CNG02160,FungiDB
23966871,CNH01330,FungiDB
23966871,CNK01880,FungiDB
23966871,CNAG_02700,FungiDB
23966871,CNAG_03366,FungiDB
23966871,CNAG_05472,FungiDB
23966871,CNAG_05734,FungiDB
23990787,Afu3g07910,FungiDB
23990790,FGRAMPH1_01G25093,FungiDB
23996062,Afu4g02970,FungiDB
24015880,PCHAS_0415200,PlasmoDB
24015880,PF3D7_0316500,PlasmoDB
24015880,PBANKA_0414300,PlasmoDB
24015880,PKNH_0825300,PlasmoDB
24015880,PGAL8A_00399800,PlasmoDB
24015880,PocGH01_08032000,PlasmoDB
24015880,PRCDC_0315800,PlasmoDB
24015880,PmUG01_08039600,PlasmoDB
24015880,PRELSG_0410900,PlasmoDB
24015880,PVP01_0823600,PlasmoDB
24015880,PY17X_0417100,PlasmoDB
24015880,TGME49_260420,ToxoDB
24037406,AN0756,FungiDB
24037406,AN0980,FungiDB
24040327,PCHAS_1210900,PlasmoDB
24040327,PF3D7_1011800,PlasmoDB
24040327,PBANKA_1210200,PlasmoDB
24040327,PKNH_0811600,PlasmoDB
24040327,PGAL8A_00388000,PlasmoDB
24040327,PocGH01_08020200,PlasmoDB
24040327,PRCDC_1011200,PlasmoDB
24040327,PmUG01_08027800,PlasmoDB
24040327,PRELSG_0809700,PlasmoDB
24040327,PVP01_0811900,PlasmoDB
24040327,PY17X_1213400,PlasmoDB
24043620,PCHAS_0207300,PlasmoDB
24043620,PF3D7_0104200,PlasmoDB
24043620,PKNH_0209300,PlasmoDB
24043761,TGME49_230180,ToxoDB
24058559,PCHAS_1456400,PlasmoDB
24058559,PF3D7_1119600,PlasmoDB
24058559,PF3D7_1239700,PlasmoDB
24058559,PF3D7_1464900,PlasmoDB
24058559,PBANKA_1454100,PlasmoDB
24058559,PKNH_1459800,PlasmoDB
24058559,PGAL8A_00461400,PlasmoDB
24058559,PocGH01_14065300,PlasmoDB
24058559,PRCDC_1238900,PlasmoDB
24058559,PmUG01_14073900,PlasmoDB
24058559,PRELSG_1455800,PlasmoDB
24058559,PVP01_1457800,PlasmoDB
24058559,PY17X_1456600,PlasmoDB
24058628,PCHAS_0414700,PlasmoDB
24058628,PF3D7_0316000,PlasmoDB
24058628,PBANKA_0413800,PlasmoDB
24058628,PocGH01_08032500,PlasmoDB
24058628,PRCDC_0315300,PlasmoDB
24058628,PmUG01_08040100,PlasmoDB
24058628,PVP01_0824100,PlasmoDB
24058628,PY17X_0416600,PlasmoDB
24070999,TGME49_218270,ToxoDB
24070999,TGME49_261740,ToxoDB
24070999,TGME49_232020,ToxoDB
24086138,PCHAS_0306800,PlasmoDB
24086138,PCHAS_1411400,PlasmoDB
24086138,PF3D7_0207200,PlasmoDB
24086138,PF3D7_0322500,PlasmoDB
24086138,PF3D7_0716600,PlasmoDB
24086138,PF3D7_1311000,PlasmoDB
24086138,PBANKA_0304600,PlasmoDB
24086138,PBANKA_1409500,PlasmoDB
24086138,PKNH_0311200,PlasmoDB
24086138,PKNH_0413900,PlasmoDB
24086138,PKNH_1411400,PlasmoDB
24086138,PGAL8A_00017200,PlasmoDB
24086138,PGAL8A_00393800,PlasmoDB
24086138,PocGH01_04022800,PlasmoDB
24086138,PocGH01_08026000,PlasmoDB
24086138,PocGH01_14019100,PlasmoDB
24086138,PRCDC_0206200,PlasmoDB
24086138,PRCDC_0713900,PlasmoDB
24086138,PRCDC_1310000,PlasmoDB
24086138,PmUG01_04025400,PlasmoDB
24086138,PmUG01_08033600,PlasmoDB
24086138,PmUG01_14027700,PlasmoDB
24086138,PRELSG_0414800,PlasmoDB
24086138,PRELSG_0815500,PlasmoDB
24086138,PRELSG_1408900,PlasmoDB
24086138,PVP01_0418100,PlasmoDB
24086138,PVP01_0817700,PlasmoDB
24086138,PVP01_1412000,PlasmoDB
24086138,PY17X_0305200,PlasmoDB
24086138,PY17X_1411300,PlasmoDB
24086721,PCHAS_0208400,PlasmoDB
24086721,PCHAS_0409600,PlasmoDB
24086721,PCHAS_0723200,PlasmoDB
24086721,PCHAS_0729600,PlasmoDB
24086721,PCHAS_0836300,PlasmoDB
24086721,PCHAS_0928300,PlasmoDB
24086721,PCHAS_1020400,PlasmoDB
24086721,PCHAS_1037800,PlasmoDB
24086721,PCHAS_1101500,PlasmoDB
24086721,PCHAS_1104400,PlasmoDB
24086721,PCHAS_1231200,PlasmoDB
24086721,PCHAS_1343600,PlasmoDB
24086721,PCHAS_1351700,PlasmoDB
24086721,PCHAS_1410100,PlasmoDB
24086721,PCHAS_1456600,PlasmoDB
24086721,PF3D7_0103100,PlasmoDB
24086721,PF3D7_0310700,PlasmoDB
24086721,PF3D7_0418500,PlasmoDB
24086721,PF3D7_0502000,PlasmoDB
24086721,PF3D7_0505100,PlasmoDB
24086721,PF3D7_0615800,PlasmoDB
24086721,PF3D7_0816700,PlasmoDB
24086721,PF3D7_0935200,PlasmoDB
24086721,PF3D7_1130500,PlasmoDB
24086721,PF3D7_1239900,PlasmoDB
24086721,PF3D7_1309700,PlasmoDB
24086721,PF3D7_1323800,PlasmoDB
24086721,PF3D7_1332300,PlasmoDB
24086721,PF3D7_1405200,PlasmoDB
24086721,PF3D7_1423800,PlasmoDB
24086721,PF3D7_1437800,PlasmoDB
24086721,PBANKA_0210000,PlasmoDB
24086721,PBANKA_0408700,PlasmoDB
24086721,PBANKA_0714100,PlasmoDB
24086721,PBANKA_0720600,PlasmoDB
24086721,PBANKA_0836000,PlasmoDB
24086721,PBANKA_0917800,PlasmoDB
24086721,PBANKA_1019600,PlasmoDB
24086721,PBANKA_1037000,PlasmoDB
24086721,PBANKA_1101800,PlasmoDB
24086721,PBANKA_1104700,PlasmoDB
24086721,PBANKA_1230600,PlasmoDB
24086721,PBANKA_1339000,PlasmoDB
24086721,PBANKA_1347100,PlasmoDB
24086721,PBANKA_1408200,PlasmoDB
24086721,PBANKA_1454300,PlasmoDB
24086721,PKNH_0210500,PlasmoDB
24086721,PKNH_0503700,PlasmoDB
24086721,PKNH_0510900,PlasmoDB
24086721,PKNH_0733900,PlasmoDB
24086721,PKNH_0832000,PlasmoDB
24086721,PKNH_0928600,PlasmoDB
24086721,PKNH_1028500,PlasmoDB
24086721,PKNH_1031900,PlasmoDB
24086721,PKNH_1134200,PlasmoDB
24086721,PKNH_1205000,PlasmoDB
24086721,PKNH_1268300,PlasmoDB
24086721,PKNH_1334200,PlasmoDB
24086721,PKNH_1352900,PlasmoDB
24086721,PKNH_1410100,PlasmoDB
24086721,PKNH_1460000,PlasmoDB
24086721,PGAL8A_00085500,PlasmoDB
24086721,PGAL8A_00092000,PlasmoDB
24086721,PGAL8A_00099000,PlasmoDB
24086721,PGAL8A_00144500,PlasmoDB
24086721,PGAL8A_00235700,PlasmoDB
24086721,PGAL8A_00277000,PlasmoDB
24086721,PGAL8A_00357900,PlasmoDB
24086721,PocGH01_09036900,PlasmoDB
24086721,PocGH01_11041100,PlasmoDB
24086721,PocGH01_12038800,PlasmoDB
24086721,PRCDC_0101000,PlasmoDB
24086721,PRCDC_0310000,PlasmoDB
24086721,PRCDC_0416000,PlasmoDB
24086721,PRCDC_0501300,PlasmoDB
24086721,PRCDC_0504300,PlasmoDB
24086721,PRCDC_0614500,PlasmoDB
24086721,PRCDC_0816000,PlasmoDB
24086721,PRCDC_0933200,PlasmoDB
24086721,PRCDC_1128900,PlasmoDB
24086721,PRCDC_1239100,PlasmoDB
24086721,PRCDC_1308700,PlasmoDB
24086721,PRCDC_1322800,PlasmoDB
24086721,PRCDC_1331300,PlasmoDB
24086721,PRCDC_1404500,PlasmoDB
24086721,PRCDC_1423100,PlasmoDB
24086721,PmUG01_09039700,PlasmoDB
24086721,PmUG01_11047400,PlasmoDB
24086721,PmUG01_12040900,PlasmoDB
24086721,PRELSG_0214200,PlasmoDB
24086721,PRELSG_0507300,PlasmoDB
24086721,PRELSG_0513800,PlasmoDB
24086721,PRELSG_0927900,PlasmoDB
24086721,PRELSG_1132300,PlasmoDB
24086721,PRELSG_1204500,PlasmoDB
24086721,PRELSG_1345700,PlasmoDB
24086721,PVP01_0211600,PlasmoDB
24086721,PVP01_0518600,PlasmoDB
24086721,PVP01_0527900,PlasmoDB
24086721,PVP01_0931300,PlasmoDB
24086721,PVP01_1033000,PlasmoDB
24086721,PVP01_1133300,PlasmoDB
24086721,PVP01_1230800,PlasmoDB
24086721,PVP01_1343600,PlasmoDB
24086721,PY17X_0211400,PlasmoDB
24086721,PY17X_0411200,PlasmoDB
24086721,PY17X_0714300,PlasmoDB
24086721,PY17X_0720600,PlasmoDB
24086721,PY17X_0839400,PlasmoDB
24086721,PY17X_0919300,PlasmoDB
24086721,PY17X_1021500,PlasmoDB
24086721,PY17X_1039400,PlasmoDB
24086721,PY17X_1102900,PlasmoDB
24086721,PY17X_1105800,PlasmoDB
24086721,PY17X_1234000,PlasmoDB
24086721,PY17X_1343700,PlasmoDB
24086721,PY17X_1352100,PlasmoDB
24086721,PY17X_1410000,PlasmoDB
24086721,PY17X_1456800,PlasmoDB
24093777,PVP01_0916600,PlasmoDB
24093777,PKNH_0913700,PlasmoDB
24116213,Afu8g00420,FungiDB
24118544,AN8677,FungiDB
24147036,TGME49_290950,ToxoDB
24237419,PBANKA_0416500,PlasmoDB
24244852,PCHAS_1210100,PlasmoDB
24244852,PCHAS_1327600,PlasmoDB
24244852,PBANKA_1209400,PlasmoDB
24244852,PBANKA_1324300,PlasmoDB
24244852,PKNH_1221100,PlasmoDB
24244852,PGAL8A_00220000,PlasmoDB
24244852,PocGH01_12054200,PlasmoDB
24244852,PRCDC_1459900,PlasmoDB
24244852,PmUG01_12056300,PlasmoDB
24244852,PRELSG_1220200,PlasmoDB
24244852,PVP01_1246200,PlasmoDB
24265753,PBANKA_0314200,PlasmoDB
24330260,PCHAS_0911400,PlasmoDB
24330260,PCHAS_1311400,PlasmoDB
24330260,PF3D7_1114800,PlasmoDB
24330260,PF3D7_1444300,PlasmoDB
24330260,PBANKA_0932900,PlasmoDB
24330260,PBANKA_1308200,PlasmoDB
24330260,PKNH_0912300,PlasmoDB
24330260,PKNH_1238000,PlasmoDB
24330260,PRCDC_1113300,PlasmoDB
24330260,PRCDC_1443600,PlasmoDB
24330260,PVP01_1262700,PlasmoDB
24330260,PY17X_0934900,PlasmoDB
24330260,PY17X_1312000,PlasmoDB
24330260,PY17X_1418400,PlasmoDB
24331467,PCHAS_0209800,PlasmoDB
24331467,PF3D7_0727300,PlasmoDB
24331467,PBANKA_0211400,PlasmoDB
24331467,PKNH_0211900,PlasmoDB
24331467,PRCDC_0724100,PlasmoDB
24331467,PVP01_0213000,PlasmoDB
24331467,PY17X_0212800,PlasmoDB
24340114,PVP01_0102300,PlasmoDB
24348254,PBANKA_1107100,PlasmoDB
24352242,PF3D7_1343700,PlasmoDB
24391497,PCHAS_1036800,PlasmoDB
24391497,PF3D7_1406200,PlasmoDB
24391497,PBANKA_1036000,PlasmoDB
24391497,PKNH_1351900,PlasmoDB
24391497,PGAL8A_00278100,PlasmoDB
24391497,PocGH01_13053400,PlasmoDB
24391497,PRCDC_1405500,PlasmoDB
24391497,PmUG01_13052000,PlasmoDB
24391497,PRELSG_1344600,PlasmoDB
24391497,PVP01_1342500,PlasmoDB
24391497,PY17X_1038400,PlasmoDB
24391504,PF3D7_1322100,PlasmoDB
24391504,PKNH_1206700,PlasmoDB
24391504,PRCDC_1321100,PlasmoDB
24391504,PVP01_1232500,PlasmoDB
24403012,PY17X_0834400,PlasmoDB
24434517,PCHAS_0211500,PlasmoDB
24434517,PCHAS_0713500,PlasmoDB
24434517,PCHAS_1120300,PlasmoDB
24434517,PCHAS_1317100,PlasmoDB
24434517,PCHAS_1434000,PlasmoDB
24434517,PF3D7_0621900,PlasmoDB
24434517,PF3D7_0729000,PlasmoDB
24434517,PF3D7_1136400,PlasmoDB
24434517,PF3D7_1216300,PlasmoDB
24434517,PF3D7_1450100,PlasmoDB
24434517,PBANKA_0213100,PlasmoDB
24434517,PBANKA_0912200,PlasmoDB
24434517,PBANKA_1120800,PlasmoDB
24434517,PBANKA_1313800,PlasmoDB
24434517,PBANKA_1432000,PlasmoDB
24434517,PKNH_0213600,PlasmoDB
24434517,PKNH_0934600,PlasmoDB
24434517,PKNH_1128300,PlasmoDB
24434517,PKNH_1232000,PlasmoDB
24434517,PKNH_1435900,PlasmoDB
24434517,PocGH01_09042900,PlasmoDB
24434517,PocGH01_11035400,PlasmoDB
24434517,PocGH01_14042400,PlasmoDB
24434517,PRCDC_0620300,PlasmoDB
24434517,PRCDC_0725800,PlasmoDB
24434517,PRCDC_1134800,PlasmoDB
24434517,PRCDC_1215600,PlasmoDB
24434517,PRCDC_1449400,PlasmoDB
24434517,PmUG01_09045700,PlasmoDB
24434517,PmUG01_11041700,PlasmoDB
24434517,PmUG01_14051100,PlasmoDB
24434517,PRELSG_1126400,PlasmoDB
24434517,PRELSG_1432400,PlasmoDB
24434517,PVP01_0214700,PlasmoDB
24434517,PVP01_0937300,PlasmoDB
24434517,PVP01_1127600,PlasmoDB
24434517,PVP01_1435100,PlasmoDB
24434517,PY17X_0214500,PlasmoDB
24434517,PY17X_0913700,PlasmoDB
24434517,PY17X_1122200,PlasmoDB
24434517,PY17X_1317600,PlasmoDB
24434517,PY17X_1434300,PlasmoDB
24453970,PF3D7_1426700,PlasmoDB
24489949,PCHAS_1359300,PlasmoDB
24489949,PF3D7_1341600,PlasmoDB
24489949,PBANKA_1354700,PlasmoDB
24489949,PKNH_1259800,PlasmoDB
24489949,PRCDC_1340600,PlasmoDB
24489949,PY17X_1360400,PlasmoDB
24498355,PCHAS_1411000,PlasmoDB
24498355,PF3D7_1310600,PlasmoDB
24498355,PBANKA_1409100,PlasmoDB
24498355,PKNH_1411000,PlasmoDB
24498355,PGAL8A_00506800,PlasmoDB
24498355,PocGH01_14018700,PlasmoDB
24498355,PRCDC_1309600,PlasmoDB
24498355,PmUG01_14027300,PlasmoDB
24498355,PRELSG_1408500,PlasmoDB
24498355,PVP01_1411600,PlasmoDB
24498355,PY17X_1410900,PlasmoDB
24505500,PF3D7_1235000,PlasmoDB
24505500,PBANKA_1449600,PlasmoDB
24521882,PCHAS_1015400,PlasmoDB
24521882,PF3D7_1430100,PlasmoDB
24521882,PBANKA_1014600,PlasmoDB
24521882,PKNH_1328600,PlasmoDB
24521882,PRCDC_1429400,PlasmoDB
24521882,PY17X_1016100,PlasmoDB
24568283,Afu8g00390,FungiDB
24568283,Afu8g00470,FungiDB
24568283,Afu8g00480,FungiDB
24568283,Afu8g00490,FungiDB
24568283,Afu8g00510,FungiDB
24572359,PCHAS_1439500,PlasmoDB
24572359,PBANKA_1437500,PlasmoDB
24581151,NCU05064,FungiDB
24586983,PCHAS_0306000,PlasmoDB
24586983,PCHAS_0616000,PlasmoDB
24586983,PCHAS_0900800,PlasmoDB
24586983,PCHAS_1030000,PlasmoDB
24586983,PCHAS_1237900,PlasmoDB
24586983,PBANKA_0303800,PlasmoDB
24586983,PBANKA_0614300,PlasmoDB
24586983,PBANKA_0943500,PlasmoDB
24586983,PBANKA_1029200,PlasmoDB
24586983,PBANKA_1237400,PlasmoDB
24586983,PKNH_0901000,PlasmoDB
24586983,PGAL8A_00069900,PlasmoDB
24586983,PGAL8A_00330700,PlasmoDB
24586983,PocGH01_09010200,PlasmoDB
24586983,PocGH01_10019000,PlasmoDB
24586983,PRCDC_0521800,PlasmoDB
24586983,PRCDC_1101900,PlasmoDB
24586983,PRCDC_1412800,PlasmoDB
24586983,PmUG01_09013100,PlasmoDB
24586983,PmUG01_10021900,PlasmoDB
24586983,PRELSG_0900500,PlasmoDB
24586983,PRELSG_1009100,PlasmoDB
24586983,PVP01_0904200,PlasmoDB
24586983,PY17X_0304400,PlasmoDB
24586983,PY17X_0617000,PlasmoDB
24586983,PY17X_1031600,PlasmoDB
24586983,PY17X_1240700,PlasmoDB
24587025,PCHAS_0419100,PlasmoDB
24587025,PCHAS_0907200,PlasmoDB
24587025,PCHAS_1318800,PlasmoDB
24587025,PCHAS_1465500,PlasmoDB
24587025,PF3D7_0903200,PlasmoDB
24587025,PF3D7_1110500,PlasmoDB
24587025,PF3D7_1250300,PlasmoDB
24587025,PF3D7_1451800,PlasmoDB
24587025,PBANKA_0418200,PlasmoDB
24587025,PBANKA_0937100,PlasmoDB
24587025,PBANKA_1315500,PlasmoDB
24587025,PBANKA_1463200,PlasmoDB
24587025,PKNH_0700900,PlasmoDB
24587025,PKNH_0908200,PlasmoDB
24587025,PKNH_1230300,PlasmoDB
24587025,PKNH_1470300,PlasmoDB
24587025,PGAL8A_00211000,PlasmoDB
24587025,PGAL8A_00337500,PlasmoDB
24587025,PGAL8A_00471200,PlasmoDB
24587025,PocGH01_07010600,PlasmoDB
24587025,PocGH01_09016800,PlasmoDB
24587025,PocGH01_12063100,PlasmoDB
24587025,PocGH01_14074800,PlasmoDB
24587025,PRCDC_0901300,PlasmoDB
24587025,PRCDC_1109000,PlasmoDB
24587025,PRCDC_1249700,PlasmoDB
24587025,PRCDC_1451100,PlasmoDB
24587025,PmUG01_07014700,PlasmoDB
24587025,PmUG01_09020000,PlasmoDB
24587025,PmUG01_12065200,PlasmoDB
24587025,PmUG01_14083500,PlasmoDB
24587025,PRELSG_0700300,PlasmoDB
24587025,PRELSG_0907500,PlasmoDB
24587025,PRELSG_1229200,PlasmoDB
24587025,PRELSG_1465600,PlasmoDB
24587025,PVP01_0701600,PlasmoDB
24587025,PVP01_0911300,PlasmoDB
24587025,PVP01_1255200,PlasmoDB
24587025,PVP01_1467400,PlasmoDB
24587025,PY17X_0421000,PlasmoDB
24587025,PY17X_0939100,PlasmoDB
24587025,PY17X_1319300,PlasmoDB
24587025,PY17X_1465800,PlasmoDB
24637327,AN5126,FungiDB
24674379,PCHAS_0916900,PlasmoDB
24674379,PF3D7_1120900,PlasmoDB
24674379,PBANKA_0927400,PlasmoDB
24674379,PKNH_0918600,PlasmoDB
24674379,PRCDC_1119300,PlasmoDB
24674379,PY17X_0929400,PlasmoDB
24685055,TGME49_260600,ToxoDB
24705170,PCHAS_API00800,PlasmoDB
24705170,PF3D7_API04000,PlasmoDB
24705170,PBANKA_API00190,PlasmoDB
24705170,PKNH_API04900,PlasmoDB
24705170,PGAL8A_API03800,PlasmoDB
24705170,PocGH01_API003900,PlasmoDB
24705170,PRCDC_API04100,PlasmoDB
24705170,PmUG01_API003900,PlasmoDB
24705170,PRELSG_API04800,PlasmoDB
24705170,PVP01_API03900,PlasmoDB
24705170,PY17X_API00800,PlasmoDB
24722578,FGRAMPH1_01G00855,FungiDB
24742318,PCHAS_1028500,PlasmoDB
24742318,PF3D7_1415000,PlasmoDB
24742318,PBANKA_1027700,PlasmoDB
24742318,PKNH_1343100,PlasmoDB
24742318,PRCDC_1414300,PlasmoDB
24742318,PY17X_1030100,PlasmoDB
24743167,PCHAS_1144400,PlasmoDB
24743167,PF3D7_1369000,PlasmoDB
24743167,PBANKA_1144900,PlasmoDB
24743167,PKNH_1102200,PlasmoDB
24743167,PGAL8A_00175500,PlasmoDB
24743167,PRCDC_1367900,PlasmoDB
24743167,PRELSG_0009300,PlasmoDB
24743167,PY17X_1146200,PlasmoDB
24743791,TGME49_244470,ToxoDB
24745605,PCHAS_1440900,PlasmoDB
24745605,PF3D7_1224000,PlasmoDB
24745605,PBANKA_1438900,PlasmoDB
24745605,PKNH_1443200,PlasmoDB
24745605,PGAL8A_00125100,PlasmoDB
24745605,PocGH01_14049700,PlasmoDB
24745605,PRCDC_1223300,PlasmoDB
24745605,PmUG01_14058300,PlasmoDB
24745605,PRELSG_1439600,PlasmoDB
24745605,PVP01_1442200,PlasmoDB
24745605,PY17X_1441400,PlasmoDB
24747974,PF3D7_1327600,PlasmoDB
24751997,AN8737,FungiDB
24779420,Afu1g06200,FungiDB
24830312,PF3D7_0704600,PlasmoDB
24841368,PF3D7_1459900,PlasmoDB
24841368,TGME49_241000,ToxoDB
24841368,TGME49_264990,ToxoDB
24841368,TGME49_289100,ToxoDB
24841368,TGME49_294790,ToxoDB
24850912,PCHAS_1009000,PlasmoDB
24850912,PCHAS_1009900,PlasmoDB
24850912,PCHAS_API01200,PlasmoDB
24850912,PF3D7_0410700,PlasmoDB
24850912,PF3D7_1435800,PlasmoDB
24850912,PF3D7_API03500,PlasmoDB
24850912,PBANKA_1008100,PlasmoDB
24850912,PBANKA_1009000,PlasmoDB
24850912,PBANKA_API00220,PlasmoDB
24850912,PKNH_0308800,PlasmoDB
24850912,PKNH_0422400,PlasmoDB
24850912,PKNH_API04400,PlasmoDB
24850912,PGAL8A_00061300,PlasmoDB
24850912,PGAL8A_API03400,PlasmoDB
24850912,PocGH01_03018100,PlasmoDB
24850912,PocGH01_API003700,PlasmoDB
24850912,PRCDC_0408100,PlasmoDB
24850912,PRCDC_1435100,PlasmoDB
24850912,PRCDC_API03600,PlasmoDB
24850912,PmUG01_03020700,PlasmoDB
24850912,PmUG01_API003400,PlasmoDB
24850912,PRELSG_0307900,PlasmoDB
24850912,PRELSG_API04500,PlasmoDB
24850912,PVP01_0310000,PlasmoDB
24850912,PVP01_API03400,PlasmoDB
24850912,PY17X_1009700,PlasmoDB
24850912,PY17X_1010600,PlasmoDB
24850912,PY17X_API01100,PlasmoDB
24877144,PF3D7_1329700,PlasmoDB
24885521,TGME49_201180,ToxoDB
24913268,PF3D7_0217800,PlasmoDB
24913268,PF3D7_0422400,PlasmoDB
24913268,PF3D7_0503800,PlasmoDB
24913268,PF3D7_0507100,PlasmoDB
24913268,PF3D7_0516900,PlasmoDB
24913268,PF3D7_0519400,PlasmoDB
24913268,PF3D7_0611700,PlasmoDB
24913268,PF3D7_0614500,PlasmoDB
24913268,PF3D7_0706400,PlasmoDB
24913268,PF3D7_0710600,PlasmoDB
24913268,PF3D7_0903900,PlasmoDB
24913268,PF3D7_1027800,PlasmoDB
24913268,PF3D7_1130100,PlasmoDB
24913268,PF3D7_1144300,PlasmoDB
24913268,PF3D7_1317800,PlasmoDB
24913268,PF3D7_1323400,PlasmoDB
24913268,PF3D7_1342000,PlasmoDB
24913268,PF3D7_1358800,PlasmoDB
24913268,PF3D7_1365900,PlasmoDB
24913268,PF3D7_1421200,PlasmoDB
24913268,PF3D7_1426000,PlasmoDB
24913268,PF3D7_1447000,PlasmoDB
24913268,PF3D7_1460300,PlasmoDB
24913268,PF3D7_1460700,PlasmoDB
24913268,PF3D7_1142500,PlasmoDB
24913268,PF3D7_1109900,PlasmoDB
24913268,PF3D7_1144000,PlasmoDB
24913268,PF3D7_1308300,PlasmoDB
24913268,PF3D7_1465900,PlasmoDB
24939566,Afu8g00440,FungiDB
24943514,PRELSG_1467600,PlasmoDB
24943514,PRELSG_0100100,PlasmoDB
24983468,PF3D7_0936800,PlasmoDB
25011111,PCHAS_0711500,PlasmoDB
25011111,PCHAS_0932600,PlasmoDB
25011111,PCHAS_1008600,PlasmoDB
25011111,PCHAS_1115100,PlasmoDB
25011111,PCHAS_1131500,PlasmoDB
25011111,PCHAS_1211800,PlasmoDB
25011111,PCHAS_1224500,PlasmoDB
25011111,PCHAS_1235500,PlasmoDB
25011111,PCHAS_1405200,PlasmoDB
25011111,PCHAS_1409600,PlasmoDB
25011111,PCHAS_1429000,PlasmoDB
25011111,PCHAS_1464500,PlasmoDB
25011111,PF3D7_0410300,PlasmoDB
25011111,PF3D7_0515900,PlasmoDB
25011111,PF3D7_0520100,PlasmoDB
25011111,PF3D7_0810300,PlasmoDB
25011111,PF3D7_1012700,PlasmoDB
25011111,PF3D7_1135100,PlasmoDB
25011111,PF3D7_1138500,PlasmoDB
25011111,PF3D7_1249300,PlasmoDB
25011111,PF3D7_1309200,PlasmoDB
25011111,PF3D7_1355700,PlasmoDB
25011111,PF3D7_1455100,PlasmoDB
25011111,PBANKA_0407200,PlasmoDB
25011111,PBANKA_0910200,PlasmoDB
25011111,PBANKA_0913400,PlasmoDB
25011111,PBANKA_1007700,PlasmoDB
25011111,PBANKA_1020100,PlasmoDB
25011111,PBANKA_1115500,PlasmoDB
25011111,PBANKA_1132000,PlasmoDB
25011111,PBANKA_1211100,PlasmoDB
25011111,PBANKA_1223900,PlasmoDB
25011111,PBANKA_1234900,PlasmoDB
25011111,PBANKA_1318800,PlasmoDB
25011111,PBANKA_1403300,PlasmoDB
25011111,PBANKA_1407700,PlasmoDB
25011111,PBANKA_1427200,PlasmoDB
25011111,PBANKA_1462200,PlasmoDB
25011111,PKNH_0112100,PlasmoDB
25011111,PKNH_0308400,PlasmoDB
25011111,PKNH_0812500,PlasmoDB
25011111,PKNH_0933200,PlasmoDB
25011111,PKNH_0936700,PlasmoDB
25011111,PKNH_1013000,PlasmoDB
25011111,PKNH_1017300,PlasmoDB
25011111,PKNH_1115800,PlasmoDB
25011111,PKNH_1226900,PlasmoDB
25011111,PKNH_1405000,PlasmoDB
25011111,PKNH_1409600,PlasmoDB
25011111,PKNH_1430400,PlasmoDB
25011111,PKNH_1469000,PlasmoDB
25011111,PGAL8A_00037400,PlasmoDB
25011111,PGAL8A_00060900,PlasmoDB
25011111,PGAL8A_00067500,PlasmoDB
25011111,PGAL8A_00109300,PlasmoDB
25011111,PGAL8A_00162100,PlasmoDB
25011111,PGAL8A_00214400,PlasmoDB
25011111,PGAL8A_00362700,PlasmoDB
25011111,PGAL8A_00366200,PlasmoDB
25011111,PGAL8A_00388900,PlasmoDB
25011111,PGAL8A_00470200,PlasmoDB
25011111,PGAL8A_00500900,PlasmoDB
25011111,PGAL8A_00505300,PlasmoDB
25011111,PGAL8A_00525800,PlasmoDB
25011111,PocGH01_03017700,PlasmoDB
25011111,PocGH01_09041500,PlasmoDB
25011111,PocGH01_10025600,PlasmoDB
25011111,PRCDC_0407700,PlasmoDB
25011111,PRCDC_0515000,PlasmoDB
25011111,PRCDC_0519200,PlasmoDB
25011111,PRCDC_0809600,PlasmoDB
25011111,PRCDC_1012100,PlasmoDB
25011111,PRCDC_1133500,PlasmoDB
25011111,PRCDC_1136900,PlasmoDB
25011111,PRCDC_1248700,PlasmoDB
25011111,PRCDC_1308200,PlasmoDB
25011111,PRCDC_1354600,PlasmoDB
25011111,PRCDC_1454400,PlasmoDB
25011111,PmUG01_09044300,PlasmoDB
25011111,PRELSG_0111300,PlasmoDB
25011111,PRELSG_0307500,PlasmoDB
25011111,PRELSG_0810600,PlasmoDB
25011111,PRELSG_0932700,PlasmoDB
25011111,PRELSG_0936200,PlasmoDB
25011111,PRELSG_1011700,PlasmoDB
25011111,PRELSG_1016000,PlasmoDB
25011111,PRELSG_1114800,PlasmoDB
25011111,PRELSG_1225800,PlasmoDB
25011111,PRELSG_1402600,PlasmoDB
25011111,PRELSG_1407000,PlasmoDB
25011111,PRELSG_1427300,PlasmoDB
25011111,PRELSG_1464600,PlasmoDB
25011111,PVP01_0309600,PlasmoDB
25011111,PVP01_0935900,PlasmoDB
25011111,PVP01_1018000,PlasmoDB
25011111,PVP01_1251800,PlasmoDB
25011111,PVP01_1405700,PlasmoDB
25011111,PVP01_1430000,PlasmoDB
25011111,PY17X_0911600,PlasmoDB
25011111,PY17X_0914900,PlasmoDB
25011111,PY17X_1009300,PlasmoDB
25011111,PY17X_1116700,PlasmoDB
25011111,PY17X_1133500,PlasmoDB
25011111,PY17X_1214300,PlasmoDB
25011111,PY17X_1227100,PlasmoDB
25011111,PY17X_1238300,PlasmoDB
25011111,PY17X_1322600,PlasmoDB
25011111,PY17X_1405000,PlasmoDB
25011111,PY17X_1409500,PlasmoDB
25011111,PY17X_1429300,PlasmoDB
25011111,PY17X_1464800,PlasmoDB
25012929,PY17X_0304500,PlasmoDB
25032958,PF3D7_1312600,PlasmoDB
25032958,PBANKA_1411100,PlasmoDB
25032958,TGME49_239490,ToxoDB
25058848,PF3D7_1033400,PlasmoDB
25062022,PF3D7_0702400,PlasmoDB
25062022,PKNH_0100600,PlasmoDB
25062022,PocGH01_01010100,PlasmoDB
25062022,PRCDC_0700600,PlasmoDB
25062022,PmUG01_01013900,PlasmoDB
25062022,PVP01_0102600,PlasmoDB
25088010,PCHAS_1109600,PlasmoDB
25088010,PF3D7_0510300,PlasmoDB
25088010,PBANKA_1109900,PlasmoDB
25088010,PKNH_1023300,PlasmoDB
25088010,PGAL8A_00031400,PlasmoDB
25088010,PocGH01_10031200,PlasmoDB
25088010,PRCDC_0509500,PlasmoDB
25088010,PmUG01_06014600,PlasmoDB
25088010,PRELSG_1022100,PlasmoDB
25088010,PVP01_1023700,PlasmoDB
25088010,PY17X_1111000,PlasmoDB
25088010,TGME49_267500,ToxoDB
25106850,PF3D7_0401800,PlasmoDB
25106850,PF3D7_0832200,PlasmoDB
25106850,PF3D7_1001300,PlasmoDB
25106850,PF3D7_1016600,PlasmoDB
25106850,PF3D7_1102500,PlasmoDB
25106850,PF3D7_1252700,PlasmoDB
25106850,PF3D7_1476200,PlasmoDB
25106850,PRCDC_1101000,PlasmoDB
25121747,PCHAS_1206900,PlasmoDB
25121747,PF3D7_1008000,PlasmoDB
25121747,PBANKA_1206200,PlasmoDB
25121747,PKNH_0807000,PlasmoDB
25121747,PGAL8A_00384100,PlasmoDB
25121747,PRCDC_1007400,PlasmoDB
25121747,PRELSG_0805700,PlasmoDB
25121747,PY17X_1209400,PlasmoDB
25154861,PCHAS_0106800,PlasmoDB
25154861,PF3D7_0607600,PlasmoDB
25154861,PBANKA_0106200,PlasmoDB
25154861,PKNH_1142700,PlasmoDB
25154861,PGAL8A_00136100,PlasmoDB
25154861,PRCDC_0606200,PlasmoDB
25154861,PRELSG_1140700,PlasmoDB
25154861,PVP01_1141400,PlasmoDB
25154861,PY17X_0107700,PlasmoDB
25185663,PCHAS_0403600,PlasmoDB
25185663,PCHAS_1202700,PlasmoDB
25185663,PBANKA_0402700,PlasmoDB
25185663,PBANKA_1202000,PlasmoDB
25185663,PKNH_0802400,PlasmoDB
25185663,PKNH_0839000,PlasmoDB
25185663,PGAL8A_00379800,PlasmoDB
25185663,PocGH01_08011600,PlasmoDB
25185663,PocGH01_08043800,PlasmoDB
25185663,PRCDC_0303400,PlasmoDB
25185663,PRCDC_1003000,PlasmoDB
25185663,PmUG01_08019500,PlasmoDB
25185663,PmUG01_08052100,PlasmoDB
25185663,PRELSG_0801400,PlasmoDB
25185663,PRELSG_0831600,PlasmoDB
25185663,PVP01_0803400,PlasmoDB
25185663,PVP01_0836100,PlasmoDB
25185663,PY17X_0404900,PlasmoDB
25185663,PY17X_1205100,PlasmoDB
25225164,PCHAS_0605700,PlasmoDB
25225164,PCHAS_1226000,PlasmoDB
25225164,PF3D7_0805200,PlasmoDB
25225164,PF3D7_1205200,PlasmoDB
25225164,PBANKA_0603900,PlasmoDB
25225164,PBANKA_1225400,PlasmoDB
25225164,PKNH_0114000,PlasmoDB
25225164,PKNH_1304900,PlasmoDB
25225164,PGAL8A_00316800,PlasmoDB
25225164,PRCDC_0804800,PlasmoDB
25225164,PRCDC_1204500,PlasmoDB
25225164,PRELSG_1304000,PlasmoDB
25225164,PVP01_0115300,PlasmoDB
25225164,PVP01_1304300,PlasmoDB
25225164,PY17X_0606500,PlasmoDB
25225164,PY17X_1228600,PlasmoDB
25257508,PCHAS_0506600,PlasmoDB
25257508,PF3D7_1022300,PlasmoDB
25257508,PBANKA_0506500,PlasmoDB
25257508,PKNH_0606600,PlasmoDB
25257508,PGAL8A_00481600,PlasmoDB
25257508,PocGH01_06015400,PlasmoDB
25257508,PRCDC_1021700,PlasmoDB
25257508,PmUG01_10033500,PlasmoDB
25257508,PRELSG_0606000,PlasmoDB
25257508,PVP01_0607500,PlasmoDB
25257508,PY17X_0507600,PlasmoDB
25275500,PCHAS_1414500,PlasmoDB
25275500,PF3D7_0918500,PlasmoDB
25275500,PBANKA_0819450,PlasmoDB
25275500,PBANKA_1412600,PlasmoDB
25275500,PKNH_1414800,PlasmoDB
25275500,PGAL8A_00510500,PlasmoDB
25275500,PRELSG_1412100,PlasmoDB
25275500,PY17X_1414400,PlasmoDB
25279949,NCU02833,FungiDB
25279949,NCU10518,FungiDB
25299517,MGG_00021,FungiDB
25299517,MGG_00096,FungiDB
25299517,MGG_00320,FungiDB
25299517,MGG_00329,FungiDB
25299517,MGG_00417,FungiDB
25299517,MGG_01486,FungiDB
25299517,MGG_01624,FungiDB
25299517,MGG_01734,FungiDB
25299517,MGG_01779,FungiDB
25299517,MGG_01833,FungiDB
25299517,MGG_01887,FungiDB
25299517,MGG_02089,FungiDB
25299517,MGG_02289,FungiDB
25299517,MGG_02377,FungiDB
25299517,MGG_02595,FungiDB
25299517,MGG_02866,FungiDB
25299517,MGG_02879,FungiDB
25299517,MGG_02880,FungiDB
25299517,MGG_02962,FungiDB
25299517,MGG_03183,FungiDB
25299517,MGG_03463,FungiDB
25299517,MGG_03669,FungiDB
25299517,MGG_03711,FungiDB
25299517,MGG_04141,FungiDB
25299517,MGG_04326,FungiDB
25299517,MGG_04360,FungiDB
25299517,MGG_04387,FungiDB
25299517,MGG_04674,FungiDB
25299517,MGG_04843,FungiDB
25299517,MGG_04933,FungiDB
25299517,MGG_05033,FungiDB
25299517,MGG_05153,FungiDB
25299517,MGG_05724,FungiDB
25299517,MGG_05829,FungiDB
25299517,MGG_05845,FungiDB
25299517,MGG_05891,FungiDB
25299517,MGG_06243,FungiDB
25299517,MGG_06279,FungiDB
25299517,MGG_06312,FungiDB
25299517,MGG_06355,FungiDB
25299517,MGG_06416,FungiDB
25299517,MGG_06455,FungiDB
25299517,MGG_06626,FungiDB
25299517,MGG_06778,FungiDB
25299517,MGG_06832,FungiDB
25299517,MGG_06954,FungiDB
25299517,MGG_07063,FungiDB
25299517,MGG_07149,FungiDB
25299517,MGG_07458,FungiDB
25299517,MGG_07534,FungiDB
25299517,MGG_07549,FungiDB
25299517,MGG_07636,FungiDB
25299517,MGG_07681,FungiDB
25299517,MGG_07777,FungiDB
25299517,MGG_07800,FungiDB
25299517,MGG_07845,FungiDB
25299517,MGG_08094,FungiDB
25299517,MGG_08130,FungiDB
25299517,MGG_08185,FungiDB
25299517,MGG_08314,FungiDB
25299517,MGG_08361,FungiDB
25299517,MGG_08777,FungiDB
25299517,MGG_08784,FungiDB
25299517,MGG_08974,FungiDB
25299517,MGG_09027,FungiDB
25299517,MGG_09273,FungiDB
25299517,MGG_09312,FungiDB
25299517,MGG_09676,FungiDB
25299517,MGG_09829,FungiDB
25299517,MGG_09950,FungiDB
25299517,MGG_10197,FungiDB
25299517,MGG_11116,FungiDB
25299517,MGG_11764,FungiDB
25299517,MGG_12037,FungiDB
25299517,MGG_12339,FungiDB
25299517,MGG_12349,FungiDB
25299517,MGG_12424,FungiDB
25299517,MGG_12776,FungiDB
25299517,MGG_13350,FungiDB
25299517,MGG_13360,FungiDB
25299517,MGG_13385,FungiDB
25299517,MGG_13629,FungiDB
25299517,MGG_13927,FungiDB
25299517,MGG_14175,FungiDB
25299517,MGG_14728,FungiDB
25299517,MGG_14816,FungiDB
25299517,MGG_14852,FungiDB
25299517,MGG_15023,FungiDB
25299517,MGG_15139,FungiDB
25299517,MGG_16444,FungiDB
25299517,MGG_16756,FungiDB
25299517,MGG_17012,FungiDB
25299517,MGG_17060,FungiDB
25299517,MGG_17623,FungiDB
25299517,MGG_17669,FungiDB
25299517,MGG_17821,FungiDB
25299517,MGG_17841,FungiDB
25329540,TGME49_244040,ToxoDB
25329540,TGME49_500179,ToxoDB
25373614,PCHAS_0807300,PlasmoDB
25373614,PF3D7_0318200,PlasmoDB
25373614,PBANKA_0807000,PlasmoDB
25373614,PKNH_0823500,PlasmoDB
25373614,PRCDC_0317500,PlasmoDB
25373614,PVP01_0821900,PlasmoDB
25373614,PY17X_0810200,PlasmoDB
25375670,Afu4g03460,FungiDB
25393004,TGME49_283510,ToxoDB
25393004,TGME49_246940,ToxoDB
25403493,FGRAMPH1_01G00223,FungiDB
25411845,NCU08008,FungiDB
25411845,NCU06265,FungiDB
25425018,PF3D7_1403900,PlasmoDB
25425018,PKNH_1354200,PlasmoDB
25425018,PGAL8A_00275700,PlasmoDB
25425018,PRCDC_1403200,PlasmoDB
25425018,PRELSG_1347100,PlasmoDB
25426852,PCHAS_0315500,PlasmoDB
25426852,PCHAS_1015100,PlasmoDB
25426852,PF3D7_0216700,PlasmoDB
25426852,PF3D7_1430400,PlasmoDB
25426852,PBANKA_0313400,PlasmoDB
25426852,PBANKA_1014300,PlasmoDB
25426852,PKNH_0404200,PlasmoDB
25426852,PKNH_1328300,PlasmoDB
25426852,PGAL8A_00302000,PlasmoDB
25426852,PGAL8A_00407400,PlasmoDB
25426852,PRCDC_0215600,PlasmoDB
25426852,PRCDC_1429700,PlasmoDB
25426852,PRELSG_0403300,PlasmoDB
25426852,PRELSG_1320700,PlasmoDB
25426852,PVP01_0408300,PlasmoDB
25426852,PY17X_0313900,PlasmoDB
25426852,PY17X_1015800,PlasmoDB
25475193,PCHAS_0513100,PlasmoDB
25475193,PCHAS_1119900,PlasmoDB
25475193,PCHAS_1219800,PlasmoDB
25475193,PCHAS_1359500,PlasmoDB
25475193,PF3D7_0621400,PlasmoDB
25475193,PF3D7_0708600,PlasmoDB
25475193,PF3D7_1028900,PlasmoDB
25475193,PF3D7_1341800,PlasmoDB
25475193,PBANKA_0513000,PlasmoDB
25475193,PBANKA_1120400,PlasmoDB
25475193,PBANKA_1219100,PlasmoDB
25475193,PBANKA_1354900,PlasmoDB
25475193,PKNH_0107200,PlasmoDB
25475193,PKNH_0613600,PlasmoDB
25475193,PKNH_1128800,PlasmoDB
25475193,PKNH_1259600,PlasmoDB
25475193,PGAL8A_00048800,PlasmoDB
25475193,PGAL8A_00149900,PlasmoDB
25475193,PGAL8A_00252900,PlasmoDB
25475193,PGAL8A_00488100,PlasmoDB
25475193,PocGH01_06021900,PlasmoDB
25475193,PocGH01_12021300,PlasmoDB
25475193,PRCDC_0619800,PlasmoDB
25475193,PRCDC_0706800,PlasmoDB
25475193,PRCDC_1028200,PlasmoDB
25475193,PRCDC_1340800,PlasmoDB
25475193,PmUG01_10040100,PlasmoDB
25475193,PmUG01_12023100,PlasmoDB
25475193,PRELSG_0106700,PlasmoDB
25475193,PRELSG_0612500,PlasmoDB
25475193,PRELSG_1126900,PlasmoDB
25475193,PRELSG_1256100,PlasmoDB
25475193,PVP01_0108900,PlasmoDB
25475193,PVP01_0614000,PlasmoDB
25475193,PVP01_1213000,PlasmoDB
25475193,PY17X_0514100,PlasmoDB
25475193,PY17X_1121700,PlasmoDB
25475193,PY17X_1222300,PlasmoDB
25475193,PY17X_1360600,PlasmoDB
25514925,MGG_06881,FungiDB
25522250,PCHAS_1026100,PlasmoDB
25522250,PF3D7_1417400,PlasmoDB
25522250,PBANKA_1025300,PlasmoDB
25522250,PKNH_1340600,PlasmoDB
25522250,PRCDC_1416700,PlasmoDB
25522250,PRELSG_1333700,PlasmoDB
25522250,PY17X_1027700,PlasmoDB
25582336,Afu6g03430,FungiDB
25582336,Afu6g03440,FungiDB
25582336,Afu6g03450,FungiDB
25582336,Afu6g03460,FungiDB
25582336,Afu6g03470,FungiDB
25582336,Afu6g03480,FungiDB
25582336,Afu6g03490,FungiDB
25644834,CNAG_00440,FungiDB
25644834,CNAG_01438,FungiDB
25644834,CNAG_01523,FungiDB
25644834,CNAG_02566,FungiDB
25644834,CNAG_03378,FungiDB
25644834,CNAG_05420,FungiDB
25644834,CNAG_05535,FungiDB
25644834,CNAG_05861,FungiDB
25644834,CNAG_06276,FungiDB
25644834,CNAG_07506,FungiDB
25644834,CNAG_07924,FungiDB
25691595,PCHAS_1013800,PlasmoDB
25691595,PCHAS_1359200,PlasmoDB
25691595,PF3D7_1341500,PlasmoDB
25691595,PF3D7_1431900,PlasmoDB
25691595,PF3D7_1447500,PlasmoDB
25691595,PBANKA_1013000,PlasmoDB
25691595,PBANKA_1354600,PlasmoDB
25691595,PKNH_1259900,PlasmoDB
25691595,PKNH_1326900,PlasmoDB
25691595,PGAL8A_00252600,PlasmoDB
25691595,PGAL8A_00303500,PlasmoDB
25691595,PocGH01_12067300,PlasmoDB
25691595,PRCDC_1340500,PlasmoDB
25691595,PRCDC_1431200,PlasmoDB
25691595,PmUG01_12069500,PlasmoDB
25691595,PRELSG_1256400,PlasmoDB
25691595,PRELSG_1319200,PlasmoDB
25691595,PVP01_1213300,PlasmoDB
25691595,PVP01_1317600,PlasmoDB
25691595,PY17X_1014500,PlasmoDB
25691595,PY17X_1360300,PlasmoDB
25691595,TGME49_214880,ToxoDB
25691595,TGME49_217510,ToxoDB
25691595,TGME49_219170,ToxoDB
25691595,TGME49_225690,ToxoDB
25691595,TGME49_235340,ToxoDB
25691595,TGME49_235380,ToxoDB
25691595,TGME49_250820,ToxoDB
25691595,TGME49_258470,ToxoDB
25691595,TGME49_271930,ToxoDB
25691595,TGME49_286580,ToxoDB
25691595,TGME49_295360,ToxoDB
25691595,TGME49_304670,ToxoDB
25691595,TGME49_305930,ToxoDB
25691595,TGME49_308860,ToxoDB
25691595,TGME49_311480,ToxoDB
25691595,TGME49_316340,ToxoDB
25703704,PF3D7_0936500,PlasmoDB
25712266,AN1060,FungiDB
25734885,PCHAS_0103300,PlasmoDB
25734885,PCHAS_1104000,PlasmoDB
25734885,PF3D7_0504700,PlasmoDB
25734885,PF3D7_0603800,PlasmoDB
25734885,PBANKA_0102600,PlasmoDB
25734885,PBANKA_1104300,PlasmoDB
25734885,PKNH_1028900,PlasmoDB
25734885,PKNH_1146900,PlasmoDB
25734885,PGAL8A_00025900,PlasmoDB
25734885,PGAL8A_00132300,PlasmoDB
25734885,PocGH01_10036800,PlasmoDB
25734885,PocGH01_11052800,PlasmoDB
25734885,PRCDC_0503900,PlasmoDB
25734885,PRCDC_0602400,PlasmoDB
25734885,PmUG01_06020200,PlasmoDB
25734885,PmUG01_11059000,PlasmoDB
25734885,PRELSG_1027800,PlasmoDB
25734885,PRELSG_1144500,PlasmoDB
25734885,PVP01_1029300,PlasmoDB
25734885,PVP01_1145100,PlasmoDB
25734885,PY17X_0104200,PlasmoDB
25734885,PY17X_1105400,PlasmoDB
25734885,TGME49_274000,ToxoDB
25734885,TGME49_306430,ToxoDB
25761669,PKNH_1258400,PlasmoDB
25761669,PVP01_1211800,PlasmoDB
25765081,TGME49_316890,ToxoDB
25802338,PCHAS_0914900,PlasmoDB
25802338,PCHAS_1103000,PlasmoDB
25802338,PF3D7_0503600,PlasmoDB
25802338,PF3D7_1118700,PlasmoDB
25802338,PBANKA_1103300,PlasmoDB
25802338,PKNH_0916400,PlasmoDB
25802338,PKNH_1029900,PlasmoDB
25802338,PGAL8A_00024900,PlasmoDB
25802338,PGAL8A_00345300,PlasmoDB
25802338,PRCDC_0502900,PlasmoDB
25802338,PRCDC_1117100,PlasmoDB
25802338,PRELSG_0915500,PlasmoDB
25802338,PRELSG_1028800,PlasmoDB
25802338,PVP01_0919300,PlasmoDB
25802338,PY17X_0931400,PlasmoDB
25802338,PY17X_1104400,PlasmoDB
25827419,CNAG_04247,FungiDB
25827419,CNAG_07884,FungiDB
25859664,CNAG_03488,FungiDB
25859664,CNAG_05601,FungiDB
25888962,PVP01_0517600,PlasmoDB
25893156,PCHAS_0623500,PlasmoDB
25893156,PF3D7_0724300,PlasmoDB
25893156,PBANKA_0621800,PlasmoDB
25893156,PKNH_0319700,PlasmoDB
25893156,PGAL8A_00182400,PlasmoDB
25893156,PocGH01_03027800,PlasmoDB
25893156,PRCDC_0721500,PlasmoDB
25893156,PmUG01_03030700,PlasmoDB
25893156,PRELSG_0312900,PlasmoDB
25893156,PVP01_0320000,PlasmoDB
25893156,PY17X_0624500,PlasmoDB
25900212,PCHAS_0202900,PlasmoDB
25900212,PBANKA_0204500,PlasmoDB
25900212,PKNH_0204700,PlasmoDB
25900212,PGAL8A_00105000,PlasmoDB
25900212,PocGH01_02013200,PlasmoDB
25900212,PRCDC_0106900,PlasmoDB
25900212,PmUG01_02014900,PlasmoDB
25900212,PRELSG_0208000,PlasmoDB
25900212,PVP01_0206000,PlasmoDB
25900212,PY17X_0205900,PlasmoDB
25925592,PVP01_0317900,PlasmoDB
25938776,PCHAS_0204000,PlasmoDB
25938776,PF3D7_0107800,PlasmoDB
25938776,PKNH_0205800,PlasmoDB
25938776,PGAL8A_00104000,PlasmoDB
25938776,PRCDC_0105700,PlasmoDB
25938776,PRELSG_0209100,PlasmoDB
25938776,PVP01_0207100,PlasmoDB
25938776,PY17X_0207000,PlasmoDB
25970403,CNAG_01172,FungiDB
25970403,CNAG_01640,FungiDB
25970403,CNAG_02797,FungiDB
25970403,CNAG_03018,FungiDB
25970403,CNAG_03981,FungiDB
25974303,TGME49_222170,ToxoDB
25995223,PBANKA_1429600,PlasmoDB
26011536,PVP01_0422600,PlasmoDB
26018192,PCHAS_0716400,PlasmoDB
26018192,PCHAS_1226000,PlasmoDB
26018192,PCHAS_1412850,PlasmoDB
26018192,PF3D7_0620000,PlasmoDB
26018192,PF3D7_0805200,PlasmoDB
26018192,PF3D7_0823500,PlasmoDB
26018192,PF3D7_1312450,PlasmoDB
26018192,PBANKA_0707100,PlasmoDB
26018192,PBANKA_1119200,PlasmoDB
26018192,PBANKA_1225400,PlasmoDB
26018192,PBANKA_1410950,PlasmoDB
26018192,PKNH_0114000,PlasmoDB
26018192,PKNH_1317500,PlasmoDB
26018192,PKNH_1413150,PlasmoDB
26018192,PGAL8A_00081300,PlasmoDB
26018192,PGAL8A_00116700,PlasmoDB
26018192,PGAL8A_00508650,PlasmoDB
26018192,PocGH01_14020600,PlasmoDB
26018192,PRCDC_0804800,PlasmoDB
26018192,PRCDC_0822800,PlasmoDB
26018192,PRCDC_1311450,PlasmoDB
26018192,PmUG01_14029200,PlasmoDB
26018192,PRELSG_0112900,PlasmoDB
26018192,PRELSG_0500300,PlasmoDB
26018192,PRELSG_1410350,PlasmoDB
26018192,PVP01_0115300,PlasmoDB
26018192,PVP01_0510800,PlasmoDB
26018192,PVP01_1413450,PlasmoDB
26018192,PY17X_0707400,PlasmoDB
26018192,PY17X_1228600,PlasmoDB
26018192,PY17X_1412750,PlasmoDB
26037119,CNAG_02161,FungiDB
26043001,PCHAS_0107200,PlasmoDB
26043001,PCHAS_0401900,PlasmoDB
26043001,PCHAS_0621800,PlasmoDB
26043001,PCHAS_0704300,PlasmoDB
26043001,PCHAS_0723900,PlasmoDB
26043001,PCHAS_0902600,PlasmoDB
26043001,PCHAS_1007700,PlasmoDB
26043001,PCHAS_1128800,PlasmoDB
26043001,PCHAS_1133500,PlasmoDB
26043001,PCHAS_1212200,PlasmoDB
26043001,PCHAS_1228600,PlasmoDB
26043001,PCHAS_1229400,PlasmoDB
26043001,PCHAS_1315100,PlasmoDB
26043001,PCHAS_1352900,PlasmoDB
26043001,PCHAS_1369500,PlasmoDB
26043001,PCHAS_1437300,PlasmoDB
26043001,PCHAS_1443500,PlasmoDB
26043001,PCHAS_1454500,PlasmoDB
26043001,PCHAS_1456800,PlasmoDB
26043001,PF3D7_0302000,PlasmoDB
26043001,PF3D7_0409200,PlasmoDB
26043001,PF3D7_0608000,PlasmoDB
26043001,PF3D7_0630500,PlasmoDB
26043001,PF3D7_0722600,PlasmoDB
26043001,PF3D7_0801500,PlasmoDB
26043001,PF3D7_0802300,PlasmoDB
26043001,PF3D7_0816000,PlasmoDB
26043001,PF3D7_1013100,PlasmoDB
26043001,PF3D7_1105200,PlasmoDB
26043001,PF3D7_1146000,PlasmoDB
26043001,PF3D7_1220100,PlasmoDB
26043001,PF3D7_1226700,PlasmoDB
26043001,PF3D7_1237600,PlasmoDB
26043001,PF3D7_1241100,PlasmoDB
26043001,PF3D7_1333600,PlasmoDB
26043001,PF3D7_1352200,PlasmoDB
26043001,PF3D7_1357700,PlasmoDB
26043001,PF3D7_1428400,PlasmoDB
26043001,PF3D7_1448000,PlasmoDB
26043001,PBANKA_0106600,PlasmoDB
26043001,PBANKA_0401000,PlasmoDB
26043001,PBANKA_0620100,PlasmoDB
26043001,PBANKA_0714800,PlasmoDB
26043001,PBANKA_0903000,PlasmoDB
26043001,PBANKA_0941700,PlasmoDB
26043001,PBANKA_1006800,PlasmoDB
26043001,PBANKA_1129300,PlasmoDB
26043001,PBANKA_1134000,PlasmoDB
26043001,PBANKA_1211500,PlasmoDB
26043001,PBANKA_1227900,PlasmoDB
26043001,PBANKA_1228700,PlasmoDB
26043001,PBANKA_1311800,PlasmoDB
26043001,PBANKA_1348300,PlasmoDB
26043001,PBANKA_1364900,PlasmoDB
26043001,PBANKA_1435300,PlasmoDB
26043001,PBANKA_1441500,PlasmoDB
26043001,PBANKA_1452200,PlasmoDB
26043001,PBANKA_1454500,PlasmoDB
26043001,PKNH_0116600,PlasmoDB
26043001,PKNH_0117400,PlasmoDB
26043001,PKNH_0307200,PlasmoDB
26043001,PKNH_0318000,PlasmoDB
26043001,PKNH_0504400,PlasmoDB
26043001,PKNH_0812900,PlasmoDB
26043001,PKNH_0840700,PlasmoDB
26043001,PKNH_0902800,PlasmoDB
26043001,PKNH_0943900,PlasmoDB
26043001,PKNH_1113800,PlasmoDB
26043001,PKNH_1119000,PlasmoDB
26043001,PKNH_1142300,PlasmoDB
26043001,PKNH_1234100,PlasmoDB
26043001,PKNH_1248800,PlasmoDB
26043001,PKNH_1267000,PlasmoDB
26043001,PKNH_1439300,PlasmoDB
26043001,PKNH_1446100,PlasmoDB
26043001,PKNH_1457300,PlasmoDB
26043001,PKNH_1460200,PlasmoDB
26043001,PGAL8A_00001600,PlasmoDB
26043001,PGAL8A_00059800,PlasmoDB
26043001,PGAL8A_00077700,PlasmoDB
26043001,PGAL8A_00078500,PlasmoDB
26043001,PGAL8A_00086200,PlasmoDB
26043001,PGAL8A_00127800,PlasmoDB
26043001,PGAL8A_00136500,PlasmoDB
26043001,PGAL8A_00159000,PlasmoDB
26043001,PGAL8A_00164100,PlasmoDB
26043001,PGAL8A_00184100,PlasmoDB
26043001,PGAL8A_00207200,PlasmoDB
26043001,PGAL8A_00245800,PlasmoDB
26043001,PGAL8A_00263300,PlasmoDB
26043001,PGAL8A_00299900,PlasmoDB
26043001,PGAL8A_00332500,PlasmoDB
26043001,PGAL8A_00373500,PlasmoDB
26043001,PGAL8A_00459300,PlasmoDB
26043001,PGAL8A_00461800,PlasmoDB
26043001,PGAL8A_00534300,PlasmoDB
26043001,PocGH01_05024900,PlasmoDB
26043001,PocGH01_09052100,PlasmoDB
26043001,PocGH01_12066800,PlasmoDB
26043001,PRCDC_0301100,PlasmoDB
26043001,PRCDC_0406600,PlasmoDB
26043001,PRCDC_0606600,PlasmoDB
26043001,PRCDC_0628900,PlasmoDB
26043001,PRCDC_0719800,PlasmoDB
26043001,PRCDC_0801100,PlasmoDB
26043001,PRCDC_0801900,PlasmoDB
26043001,PRCDC_0815300,PlasmoDB
26043001,PRCDC_1012500,PlasmoDB
26043001,PRCDC_1103700,PlasmoDB
26043001,PRCDC_1144400,PlasmoDB
26043001,PRCDC_1219400,PlasmoDB
26043001,PRCDC_1226000,PlasmoDB
26043001,PRCDC_1236800,PlasmoDB
26043001,PRCDC_1240500,PlasmoDB
26043001,PRCDC_1332600,PlasmoDB
26043001,PRCDC_1351200,PlasmoDB
26043001,PRCDC_1356600,PlasmoDB
26043001,PRCDC_1427700,PlasmoDB
26043001,PRCDC_1447300,PlasmoDB
26043001,PmUG01_05030900,PlasmoDB
26043001,PmUG01_09055000,PlasmoDB
26043001,PmUG01_12069000,PlasmoDB
26043001,PRELSG_0115600,PlasmoDB
26043001,PRELSG_0116400,PlasmoDB
26043001,PRELSG_0200800,PlasmoDB
26043001,PRELSG_0306400,PlasmoDB
26043001,PRELSG_0508000,PlasmoDB
26043001,PRELSG_0811000,PlasmoDB
26043001,PRELSG_0833400,PlasmoDB
26043001,PRELSG_0902400,PlasmoDB
26043001,PRELSG_0943400,PlasmoDB
26043001,PRELSG_1113000,PlasmoDB
26043001,PRELSG_1117800,PlasmoDB
26043001,PRELSG_1140300,PlasmoDB
26043001,PRELSG_1233000,PlasmoDB
26043001,PRELSG_1245600,PlasmoDB
26043001,PRELSG_1263300,PlasmoDB
26043001,PRELSG_1322700,PlasmoDB
26043001,PRELSG_1435800,PlasmoDB
26043001,PRELSG_1442300,PlasmoDB
26043001,PRELSG_1453700,PlasmoDB
26043001,PRELSG_1456200,PlasmoDB
26043001,PVP01_0117900,PlasmoDB
26043001,PVP01_0118700,PlasmoDB
26043001,PVP01_0308500,PlasmoDB
26043001,PVP01_0318300,PlasmoDB
26043001,PVP01_0519300,PlasmoDB
26043001,PVP01_0813200,PlasmoDB
26043001,PVP01_0837800,PlasmoDB
26043001,PVP01_0906000,PlasmoDB
26043001,PVP01_1114200,PlasmoDB
26043001,PVP01_1119000,PlasmoDB
26043001,PVP01_1141000,PlasmoDB
26043001,PVP01_1202600,PlasmoDB
26043001,PVP01_1221100,PlasmoDB
26043001,PVP01_1259000,PlasmoDB
26043001,PVP01_1438500,PlasmoDB
26043001,PVP01_1444900,PlasmoDB
26043001,PVP01_1455700,PlasmoDB
26043001,PVP01_1458200,PlasmoDB
26043001,PY17X_0062300,PlasmoDB
26043001,PY17X_0108100,PlasmoDB
26043001,PY17X_0403200,PlasmoDB
26043001,PY17X_0622800,PlasmoDB
26043001,PY17X_0715000,PlasmoDB
26043001,PY17X_0944200,PlasmoDB
26043001,PY17X_1008200,PlasmoDB
26043001,PY17X_1135500,PlasmoDB
26043001,PY17X_1214700,PlasmoDB
26043001,PY17X_1231400,PlasmoDB
26043001,PY17X_1232200,PlasmoDB
26043001,PY17X_1315600,PlasmoDB
26043001,PY17X_1353300,PlasmoDB
26043001,PY17X_1370700,PlasmoDB
26043001,PY17X_1437700,PlasmoDB
26043001,PY17X_1444000,PlasmoDB
26043001,PY17X_1454700,PlasmoDB
26043001,PY17X_1457000,PlasmoDB
26112692,CNAG_02676,FungiDB
26112892,PF3D7_0805700,PlasmoDB
26118994,PBANKA_1227400,PlasmoDB
26118996,PCHAS_1318700,PlasmoDB
26118996,PF3D7_1451700,PlasmoDB
26118996,PBANKA_1315400,PlasmoDB
26118996,PKNH_1230400,PlasmoDB
26118996,PGAL8A_00210900,PlasmoDB
26118996,PRCDC_1451000,PlasmoDB
26118996,PRELSG_1229300,PlasmoDB
26118996,PVP01_1255300,PlasmoDB
26118996,PY17X_1319200,PlasmoDB
26118996,TGME49_311310,ToxoDB
26175406,PCHAS_1308900,PlasmoDB
26175406,PF3D7_1441800,PlasmoDB
26175406,PBANKA_1305700,PlasmoDB
26175406,PKNH_1240500,PlasmoDB
26175406,PGAL8A_00201000,PlasmoDB
26175406,PocGH01_12073000,PlasmoDB
26175406,PRCDC_1441100,PlasmoDB
26175406,PmUG01_12075200,PlasmoDB
26175406,PRELSG_1239200,PlasmoDB
26175406,PVP01_1265200,PlasmoDB
26175406,PY17X_1309500,PlasmoDB
26175406,TGME49_256910,ToxoDB
26242966,Afu4g14460,FungiDB
26242966,Afu4g14470,FungiDB
26242966,Afu4g14480,FungiDB
26242966,Afu4g14510,FungiDB
26242966,Afu4g14520,FungiDB
26242966,Afu4g14540,FungiDB
26242966,Afu4g14550,FungiDB
26242966,Afu4g14560,FungiDB
26242966,Afu4g14570,FungiDB
26242966,Afu4g14580,FungiDB
26313153,CNA04360,FungiDB
26313153,CNB02490,FungiDB
26313153,CNB04980,FungiDB
26313153,CND00650,FungiDB
26313153,CND04560,FungiDB
26313153,CNE01730,FungiDB
26313153,CNK01510,FungiDB
26313153,CNAG_00456,FungiDB
26313153,CNAG_00925,FungiDB
26313153,CNAG_01341,FungiDB
26313153,CNAG_02376,FungiDB
26313153,CNAG_02661,FungiDB
26313153,CNAG_03754,FungiDB
26313153,CNAG_04016,FungiDB
26315106,PF3D7_0936600,PlasmoDB
26315106,PRCDC_0934700,PlasmoDB
26332724,PF3D7_1229100,PlasmoDB
26353949,AN3522,FungiDB
26353949,AN1006,FungiDB
26374117,TGME49_269442,ToxoDB
26374117,TGME49_305050,ToxoDB
26375591,PCHAS_1420100,PlasmoDB
26375591,PF3D7_1320000,PlasmoDB
26375591,PBANKA_1418300,PlasmoDB
26375591,PKNH_1420600,PlasmoDB
26375591,PRCDC_1319000,PlasmoDB
26375591,PVP01_1420800,PlasmoDB
26375591,PY17X_1420000,PlasmoDB
26378255,AN10076,FungiDB
26466679,TGME49_227650,ToxoDB
26512320,PCHAS_0710400,PlasmoDB
26512320,PCHAS_1033300,PlasmoDB
26512320,PCHAS_1135900,PlasmoDB
26512320,PCHAS_1410900,PlasmoDB
26512320,PCHAS_1428100,PlasmoDB
26512320,PF3D7_0811200,PlasmoDB
26512320,PF3D7_1139900,PlasmoDB
26512320,PF3D7_1310500,PlasmoDB
26512320,PF3D7_1360200,PlasmoDB
26512320,PF3D7_1410000,PlasmoDB
26512320,PBANKA_0909100,PlasmoDB
26512320,PBANKA_1032500,PlasmoDB
26512320,PBANKA_1136400,PlasmoDB
26512320,PBANKA_1409000,PlasmoDB
26512320,PBANKA_1426300,PlasmoDB
26512320,PKNH_0937800,PlasmoDB
26512320,PKNH_1111100,PlasmoDB
26512320,PKNH_1348300,PlasmoDB
26512320,PKNH_1410900,PlasmoDB
26512320,PKNH_1429500,PlasmoDB
26512320,PGAL8A_00166700,PlasmoDB
26512320,PGAL8A_00281600,PlasmoDB
26512320,PGAL8A_00367400,PlasmoDB
26512320,PGAL8A_00506700,PlasmoDB
26512320,PGAL8A_00524900,PlasmoDB
26512320,PocGH01_09046100,PlasmoDB
26512320,PocGH01_11020300,PlasmoDB
26512320,PocGH01_13049800,PlasmoDB
26512320,PocGH01_14018600,PlasmoDB
26512320,PocGH01_14036400,PlasmoDB
26512320,PRCDC_0810500,PlasmoDB
26512320,PRCDC_1138300,PlasmoDB
26512320,PRCDC_1309500,PlasmoDB
26512320,PRCDC_1359100,PlasmoDB
26512320,PRCDC_1409300,PlasmoDB
26512320,PmUG01_09049000,PlasmoDB
26512320,PmUG01_11025800,PlasmoDB
26512320,PmUG01_13048400,PlasmoDB
26512320,PmUG01_14027200,PlasmoDB
26512320,PmUG01_14045100,PlasmoDB
26512320,PRELSG_0937300,PlasmoDB
26512320,PRELSG_1110400,PlasmoDB
26512320,PRELSG_1341100,PlasmoDB
26512320,PRELSG_1408400,PlasmoDB
26512320,PRELSG_1426400,PlasmoDB
26512320,PVP01_0940600,PlasmoDB
26512320,PVP01_1111700,PlasmoDB
26512320,PVP01_1338900,PlasmoDB
26512320,PVP01_1411500,PlasmoDB
26512320,PVP01_1429100,PlasmoDB
26512320,PY17X_0910500,PlasmoDB
26512320,PY17X_1034900,PlasmoDB
26512320,PY17X_1137900,PlasmoDB
26512320,PY17X_1410800,PlasmoDB
26512320,PY17X_1428400,PlasmoDB
26512320,TGME49_205740,ToxoDB
26512320,TGME49_230100,ToxoDB
26512320,TGME49_243390,ToxoDB
26512320,TGME49_249310,ToxoDB
26512320,TGME49_267840,ToxoDB
26525978,PCHAS_0307500,PlasmoDB
26525978,PCHAS_0317200,PlasmoDB
26525978,PCHAS_0903700,PlasmoDB
26525978,PCHAS_0934300,PlasmoDB
26525978,PCHAS_1006800,PlasmoDB
26525978,PCHAS_1103500,PlasmoDB
26525978,PCHAS_1114200,PlasmoDB
26525978,PCHAS_1122100,PlasmoDB
26525978,PCHAS_1236900,PlasmoDB
26525978,PCHAS_1334700,PlasmoDB
26525978,PF3D7_0208200,PlasmoDB
26525978,PF3D7_0218400,PlasmoDB
26525978,PF3D7_0408300,PlasmoDB
26525978,PF3D7_0504200,PlasmoDB
26525978,PF3D7_0515000,PlasmoDB
26525978,PF3D7_0521700,PlasmoDB
26525978,PF3D7_0623700,PlasmoDB
26525978,PF3D7_0827000,PlasmoDB
26525978,PF3D7_1106300,PlasmoDB
26525978,PF3D7_1466700,PlasmoDB
26525978,PBANKA_0305300,PlasmoDB
26525978,PBANKA_0315100,PlasmoDB
26525978,PBANKA_0703700,PlasmoDB
26525978,PBANKA_0940600,PlasmoDB
26525978,PBANKA_1005900,PlasmoDB
26525978,PBANKA_1103800,PlasmoDB
26525978,PBANKA_1114600,PlasmoDB
26525978,PBANKA_1122600,PlasmoDB
26525978,PBANKA_1236300,PlasmoDB
26525978,PBANKA_1330100,PlasmoDB
26525978,PKNH_0306300,PlasmoDB
26525978,PKNH_0402500,PlasmoDB
26525978,PKNH_0412900,PlasmoDB
26525978,PKNH_0903900,PlasmoDB
26525978,PKNH_1011200,PlasmoDB
26525978,PKNH_1018100,PlasmoDB
26525978,PKNH_1029400,PlasmoDB
26525978,PKNH_1126500,PlasmoDB
26525978,PKNH_1214800,PlasmoDB
26525978,PKNH_1321100,PlasmoDB
26525978,PGAL8A_00016800,PlasmoDB
26525978,PGAL8A_00025400,PlasmoDB
26525978,PGAL8A_00036500,PlasmoDB
26525978,PGAL8A_00058900,PlasmoDB
26525978,PGAL8A_00069000,PlasmoDB
26525978,PGAL8A_00152200,PlasmoDB
26525978,PGAL8A_00226100,PlasmoDB
26525978,PGAL8A_00333600,PlasmoDB
26525978,PGAL8A_00409100,PlasmoDB
26525978,PocGH01_03015700,PlasmoDB
26525978,PocGH01_04021800,PlasmoDB
26525978,PocGH01_09013000,PlasmoDB
26525978,PocGH01_10020000,PlasmoDB
26525978,PocGH01_10026500,PlasmoDB
26525978,PocGH01_11033600,PlasmoDB
26525978,PRCDC_0207100,PlasmoDB
26525978,PRCDC_0217300,PlasmoDB
26525978,PRCDC_0405700,PlasmoDB
26525978,PRCDC_0503400,PlasmoDB
26525978,PRCDC_0514100,PlasmoDB
26525978,PRCDC_0520800,PlasmoDB
26525978,PRCDC_0622100,PlasmoDB
26525978,PRCDC_0826300,PlasmoDB
26525978,PRCDC_1104800,PlasmoDB
26525978,PRCDC_1465900,PlasmoDB
26525978,PmUG01_03018300,PlasmoDB
26525978,PmUG01_04023900,PlasmoDB
26525978,PmUG01_09015900,PlasmoDB
26525978,PmUG01_10022900,PlasmoDB
26525978,PmUG01_10029600,PlasmoDB
26525978,PmUG01_11039900,PlasmoDB
26525978,PmUG01_12050200,PlasmoDB
26525978,PRELSG_0305500,PlasmoDB
26525978,PRELSG_0401600,PlasmoDB
26525978,PRELSG_0414400,PlasmoDB
26525978,PRELSG_0903500,PlasmoDB
26525978,PRELSG_1010100,PlasmoDB
26525978,PRELSG_1016900,PlasmoDB
26525978,PRELSG_1028300,PlasmoDB
26525978,PRELSG_1124600,PlasmoDB
26525978,PRELSG_1214100,PlasmoDB
26525978,PRELSG_1309300,PlasmoDB
26525978,PVP01_0307600,PlasmoDB
26525978,PVP01_0406600,PlasmoDB
26525978,PVP01_0416600,PlasmoDB
26525978,PVP01_0507400,PlasmoDB
26525978,PVP01_0907100,PlasmoDB
26525978,PVP01_1012200,PlasmoDB
26525978,PVP01_1018900,PlasmoDB
26525978,PVP01_1029800,PlasmoDB
26525978,PVP01_1125800,PlasmoDB
26525978,PVP01_1240100,PlasmoDB
26525978,PY17X_0305900,PlasmoDB
26525978,PY17X_0315600,PlasmoDB
26525978,PY17X_0704000,PlasmoDB
26525978,PY17X_0943100,PlasmoDB
26525978,PY17X_1007300,PlasmoDB
26525978,PY17X_1104900,PlasmoDB
26525978,PY17X_1115800,PlasmoDB
26525978,PY17X_1124000,PlasmoDB
26525978,PY17X_1239700,PlasmoDB
26525978,PY17X_1334800,PlasmoDB
26526684,PCHAS_0108900,PlasmoDB
26526684,PF3D7_0609800,PlasmoDB
26526684,PBANKA_0108300,PlasmoDB
26526684,PKNH_1140400,PlasmoDB
26526684,PGAL8A_00138400,PlasmoDB
26526684,PocGH01_11046900,PlasmoDB
26526684,PRCDC_0608500,PlasmoDB
26526684,PmUG01_11053100,PlasmoDB
26526684,PRELSG_1138400,PlasmoDB
26526684,PVP01_1139200,PlasmoDB
26529322,Afu2g12910,FungiDB
26529322,Afu7g02260,FungiDB
26531182,PCHAS_0408500,PlasmoDB
26531182,PF3D7_0309500,PlasmoDB
26531182,PBANKA_0407600,PlasmoDB
26531182,PKNH_0833200,PlasmoDB
26531182,PGAL8A_00008800,PlasmoDB
26531182,PRCDC_0308800,PlasmoDB
26531182,PRELSG_0826200,PlasmoDB
26531182,PVP01_0830700,PlasmoDB
26531182,PY17X_0410100,PlasmoDB
26540393,PF3D7_0313500,PlasmoDB
26565797,PCHAS_1233800,PlasmoDB
26565797,PF3D7_0518400,PlasmoDB
26565797,PBANKA_1233200,PlasmoDB
26565797,PKNH_1014800,PlasmoDB
26565797,PGAL8A_00040000,PlasmoDB
26565797,PRCDC_0517500,PlasmoDB
26565797,PRELSG_1013400,PlasmoDB
26565797,PVP01_1015500,PlasmoDB
26565797,PY17X_1236600,PlasmoDB
26573820,PBANKA_1346000,PlasmoDB
26577093,NCU01991,FungiDB
26577093,NCU02182,FungiDB
26577093,NCU07735,FungiDB
26612952,PF3D7_0404400,PlasmoDB
26635770,TGME49_258400,ToxoDB
26639022,PCHAS_1242400,PlasmoDB
26639022,PF3D7_0527200,PlasmoDB
26639022,PF3D7_1011700,PlasmoDB
26639022,PF3D7_1113400,PlasmoDB
26639022,PF3D7_1414000,PlasmoDB
26639022,PBANKA_1242000,PlasmoDB
26639022,PKNH_1005500,PlasmoDB
26639022,PGAL8A_00074500,PlasmoDB
26639022,PRCDC_0526300,PlasmoDB
26639022,PRELSG_1004600,PlasmoDB
26639022,PVP01_1006600,PlasmoDB
26639022,PY17X_1245200,PlasmoDB
26680740,TGME49_201760,ToxoDB
26680740,TGME49_232130,ToxoDB
26701311,Afu6g12110,FungiDB
26701311,Afu6g12580,FungiDB
26735921,PCHAS_1332600,PlasmoDB
26735921,PF3D7_1464600,PlasmoDB
26735921,PBANKA_1328000,PlasmoDB
26735921,PKNH_1216900,PlasmoDB
26735921,PGAL8A_00224000,PlasmoDB
26735921,PRCDC_1463800,PlasmoDB
26735921,PRELSG_1216200,PlasmoDB
26735921,PVP01_1242200,PlasmoDB
26735921,PY17X_1332700,PlasmoDB
26760042,TGME49_250840,ToxoDB
26763910,PCHAS_0110500,PlasmoDB
26763910,PF3D7_0611600,PlasmoDB
26763910,PBANKA_0109900,PlasmoDB
26763910,PKNH_1138500,PlasmoDB
26763910,PGAL8A_00140100,PlasmoDB
26763910,PocGH01_11045300,PlasmoDB
26763910,PRCDC_0610300,PlasmoDB
26763910,PmUG01_11051500,PlasmoDB
26763910,PRELSG_1136700,PlasmoDB
26763910,PVP01_1137600,PlasmoDB
26763910,PY17X_0111500,PlasmoDB
26786069,PCHAS_1440600,PlasmoDB
26786069,PF3D7_1223700,PlasmoDB
26786069,PBANKA_1438600,PlasmoDB
26786069,PKNH_1442900,PlasmoDB
26786069,PGAL8A_00124800,PlasmoDB
26786069,PocGH01_14049400,PlasmoDB
26786069,PRCDC_1223000,PlasmoDB
26786069,PmUG01_14058000,PlasmoDB
26786069,PRELSG_1439300,PlasmoDB
26786069,PVP01_1441900,PlasmoDB
26786069,PY17X_1441100,PlasmoDB
26791088,PCHAS_1233600,PlasmoDB
26791088,PCHAS_1403800,PlasmoDB
26791088,PF3D7_0518200,PlasmoDB
26791088,PF3D7_1303400,PlasmoDB
26791088,PBANKA_1233000,PlasmoDB
26791088,PBANKA_1401900,PlasmoDB
26791088,PKNH_1015000,PlasmoDB
26791088,PKNH_1403600,PlasmoDB
26791088,PGAL8A_00039800,PlasmoDB
26791088,PGAL8A_00499400,PlasmoDB
26791088,PRCDC_0517300,PlasmoDB
26791088,PRCDC_1302400,PlasmoDB
26791088,PRELSG_1013600,PlasmoDB
26791088,PRELSG_1401100,PlasmoDB
26791088,PVP01_1015700,PlasmoDB
26791088,PVP01_1404300,PlasmoDB
26791088,PY17X_1236400,PlasmoDB
26791088,PY17X_1403500,PlasmoDB
26796412,PCHAS_0108300,PlasmoDB
26796412,PCHAS_0206800,PlasmoDB
26796412,PCHAS_0816000,PlasmoDB
26796412,PCHAS_0905300,PlasmoDB
26796412,PCHAS_0916400,PlasmoDB
26796412,PCHAS_0927800,PlasmoDB
26796412,PCHAS_1022300,PlasmoDB
26796412,PCHAS_1307900,PlasmoDB
26796412,PCHAS_1404600,PlasmoDB
26796412,PCHAS_1424000,PlasmoDB
26796412,PF3D7_0104700,PlasmoDB
26796412,PF3D7_0715900,PlasmoDB
26796412,PF3D7_0914700,PlasmoDB
26796412,PF3D7_1107900,PlasmoDB
26796412,PF3D7_1120300,PlasmoDB
26796412,PF3D7_1129900,PlasmoDB
26796412,PF3D7_1304200,PlasmoDB
26796412,PF3D7_1421900,PlasmoDB
26796412,PF3D7_1440800,PlasmoDB
26796412,PBANKA_0107700,PlasmoDB
26796412,PBANKA_0208400,PlasmoDB
26796412,PBANKA_0815700,PlasmoDB
26796412,PBANKA_0918300,PlasmoDB
26796412,PBANKA_0927900,PlasmoDB
26796412,PBANKA_0939000,PlasmoDB
26796412,PBANKA_1021500,PlasmoDB
26796412,PBANKA_1304700,PlasmoDB
26796412,PBANKA_1402700,PlasmoDB
26796412,PBANKA_1422200,PlasmoDB
26796412,PKNH_0208800,PlasmoDB
26796412,PKNH_0712600,PlasmoDB
26796412,PKNH_0905500,PlasmoDB
26796412,PKNH_0918000,PlasmoDB
26796412,PKNH_0927800,PlasmoDB
26796412,PKNH_1141100,PlasmoDB
26796412,PKNH_1241500,PlasmoDB
26796412,PKNH_1336100,PlasmoDB
26796412,PKNH_1404400,PlasmoDB
26796412,PKNH_1424900,PlasmoDB
26796412,PGAL8A_00137700,PlasmoDB
26796412,PGAL8A_00200000,PlasmoDB
26796412,PGAL8A_00293700,PlasmoDB
26796412,PGAL8A_00335200,PlasmoDB
26796412,PGAL8A_00346900,PlasmoDB
26796412,PGAL8A_00500200,PlasmoDB
26796412,PocGH01_11047500,PlasmoDB
26796412,PocGH01_12074000,PlasmoDB
26796412,PRCDC_0102600,PlasmoDB
26796412,PRCDC_0607800,PlasmoDB
26796412,PRCDC_0713200,PlasmoDB
26796412,PRCDC_0912700,PlasmoDB
26796412,PRCDC_1106400,PlasmoDB
26796412,PRCDC_1118700,PlasmoDB
26796412,PRCDC_1128300,PlasmoDB
26796412,PRCDC_1303200,PlasmoDB
26796412,PRCDC_1421200,PlasmoDB
26796412,PRCDC_1440100,PlasmoDB
26796412,PmUG01_12076200,PlasmoDB
26796412,PRELSG_0905100,PlasmoDB
26796412,PRELSG_0917100,PlasmoDB
26796412,PRELSG_1139100,PlasmoDB
26796412,PRELSG_1240200,PlasmoDB
26796412,PRELSG_1329100,PlasmoDB
26796412,PRELSG_1401900,PlasmoDB
26796412,PVP01_0210000,PlasmoDB
26796412,PVP01_0713100,PlasmoDB
26796412,PVP01_0908700,PlasmoDB
26796412,PVP01_0920900,PlasmoDB
26796412,PVP01_0930500,PlasmoDB
26796412,PVP01_1139800,PlasmoDB
26796412,PVP01_1266200,PlasmoDB
26796412,PVP01_1327100,PlasmoDB
26796412,PVP01_1405100,PlasmoDB
26796412,PVP01_1425000,PlasmoDB
26796412,PY17X_0109300,PlasmoDB
26796412,PY17X_0209800,PlasmoDB
26796412,PY17X_0819000,PlasmoDB
26796412,PY17X_0920000,PlasmoDB
26796412,PY17X_0929900,PlasmoDB
26796412,PY17X_0941500,PlasmoDB
26796412,PY17X_1023400,PlasmoDB
26796412,PY17X_1308500,PlasmoDB
26796412,PY17X_1404300,PlasmoDB
26796412,PY17X_1424200,PlasmoDB
26811422,AN1156,FungiDB
26833682,TGME49_203010,ToxoDB
26833682,TGME49_210280,ToxoDB
26833682,TGME49_318770,ToxoDB
26838719,TGME49_307840,ToxoDB
26838724,TGME49_254470,ToxoDB
26840427,PF3D7_1205200,PlasmoDB
26840427,TGME49_223870,ToxoDB
26840427,TGME49_246110,ToxoDB
26840427,TGME49_271960,ToxoDB
26840427,TGME49_289910,ToxoDB
26845441,PF3D7_0113700,PlasmoDB
26847346,PKNH_1347900,PlasmoDB
26862473,PKNH_1253700,PlasmoDB
26862473,PVP01_1207600,PlasmoDB
26902486,PCHAS_0911800,PlasmoDB
26902486,PF3D7_1115200,PlasmoDB
26902486,PBANKA_0932500,PlasmoDB
26902486,PKNH_0912700,PlasmoDB
26902486,PGAL8A_00342000,PlasmoDB
26902486,PocGH01_09021400,PlasmoDB
26902486,PRCDC_1113700,PlasmoDB
26902486,PmUG01_09024500,PlasmoDB
26902486,PRELSG_0912200,PlasmoDB
26902486,PVP01_0915900,PlasmoDB
26902486,PY17X_0934500,PlasmoDB
26920761,TGME49_279100,ToxoDB
26950937,TGME49_218240,ToxoDB
26950937,TGME49_230350,ToxoDB
26950937,TGME49_283540,ToxoDB
27015086,PCHAS_1223800,PlasmoDB
27015086,PF3D7_0807400,PlasmoDB
27015086,PBANKA_1223200,PlasmoDB
27015086,PKNH_0111400,PlasmoDB
27015086,PGAL8A_00052700,PlasmoDB
27015086,PocGH01_01020700,PlasmoDB
27015086,PRCDC_0807000,PlasmoDB
27015086,PmUG01_01024500,PlasmoDB
27015086,PRELSG_0110600,PlasmoDB
27015086,PVP01_0113000,PlasmoDB
27015086,PY17X_1226400,PlasmoDB
27022937,PF3D7_0532300,PlasmoDB
27022937,PBANKA_1145400,PlasmoDB
27022937,PBANKA_1229000,PlasmoDB
27038925,PCHAS_0418100,PlasmoDB
27038925,PF3D7_0904200,PlasmoDB
27038925,PBANKA_0417200,PlasmoDB
27038925,PKNH_0701900,PlasmoDB
27038925,PGAL8A_00416700,PlasmoDB
27038925,PocGH01_07011600,PlasmoDB
27038925,PRCDC_0902300,PlasmoDB
27038925,PmUG01_07015700,PlasmoDB
27038925,PRELSG_0701400,PlasmoDB
27038925,PVP01_0702600,PlasmoDB
27038925,PY17X_0420000,PlasmoDB
27048799,Afu3g07860,FungiDB
27048799,Afu3g07870,FungiDB
27048799,Afu3g07890,FungiDB
27048799,Afu3g07900,FungiDB
27053680,PCHAS_1222850,PlasmoDB
27053680,PF3D7_0808450,PlasmoDB
27053680,PBANKA_1222200,PlasmoDB
27053680,PKNH_0110250,PlasmoDB
27053680,PRCDC_0808050,PlasmoDB
27053680,PVP01_0111950,PlasmoDB
27053680,PY17X_1225400,PlasmoDB
27077707,NCU07191,FungiDB
27077707,NCU07192,FungiDB
27121004,PCHAS_0818300,PlasmoDB
27121004,PF3D7_0917000,PlasmoDB
27121004,PBANKA_0818000,PlasmoDB
27121004,PKNH_0715000,PlasmoDB
27121004,PRCDC_0915000,PlasmoDB
27121004,PVP01_0715400,PlasmoDB
27121004,PY17X_0821300,PlasmoDB
27129434,PF3D7_0512900,PlasmoDB
27151551,PCHAS_0200200,PlasmoDB
27151551,PF3D7_0112000,PlasmoDB
27151551,PBANKA_0201800,PlasmoDB
27151551,PKNH_0201600,PlasmoDB
27151551,PGAL8A_00107700,PlasmoDB
27151551,PocGH01_02010400,PlasmoDB
27151551,PRCDC_0109700,PlasmoDB
27151551,PmUG01_02012100,PlasmoDB
27151551,PRELSG_0205300,PlasmoDB
27151551,PVP01_0203200,PlasmoDB
27151551,PY17X_0203200,PlasmoDB
27165800,CNAG_06465,FungiDB
27199954,PCHAS_0904100,PlasmoDB
27199954,PF3D7_1106700,PlasmoDB
27199954,PBANKA_0940200,PlasmoDB
27199954,PKNH_0904300,PlasmoDB
27199954,PGAL8A_00334000,PlasmoDB
27199954,PocGH01_09013400,PlasmoDB
27199954,PRCDC_1105200,PlasmoDB
27199954,PmUG01_09016300,PlasmoDB
27199954,PRELSG_0903900,PlasmoDB
27199954,PVP01_0907500,PlasmoDB
27199954,PY17X_0942700,PlasmoDB
27199954,TGME49_257180,ToxoDB
27199954,TGME49_261610,ToxoDB
27225796,PCHAS_1101000,PlasmoDB
27225796,PCHAS_1145300,PlasmoDB
27225796,PCHAS_1145400,PlasmoDB
27225796,PBANKA_1101300,PlasmoDB
27225796,PBANKA_1145800,PlasmoDB
27225796,PBANKA_1145900,PlasmoDB
27225796,PY17X_1102400,PlasmoDB
27225796,PY17X_1147600,PlasmoDB
27225796,PY17X_1147700,PlasmoDB
27244695,PVP01_0701200,PlasmoDB
27247232,TGME49_286470,ToxoDB
27247232,TGME49_226030,ToxoDB
27253881,PCHAS_1023700,PlasmoDB
27253881,PF3D7_1420300,PlasmoDB
27253881,PBANKA_1022900,PlasmoDB
27253881,PKNH_1337700,PlasmoDB
27253881,PGAL8A_00292100,PlasmoDB
27253881,PocGH01_13039500,PlasmoDB
27253881,PRCDC_1419600,PlasmoDB
27253881,PmUG01_13038600,PlasmoDB
27253881,PRELSG_1330700,PlasmoDB
27253881,PVP01_1328600,PlasmoDB
27253881,PY17X_1024800,PlasmoDB
27277538,PCHAS_1355300,PlasmoDB
27277538,PCHAS_1466900,PlasmoDB
27277538,PF3D7_1251700,PlasmoDB
27277538,PF3D7_1336900,PlasmoDB
27277538,PBANKA_1350700,PlasmoDB
27277538,PBANKA_1464700,PlasmoDB
27277538,PKNH_1264400,PlasmoDB
27277538,PKNH_1471700,PlasmoDB
27277538,PocGH01_12026100,PlasmoDB
27277538,PocGH01_14076200,PlasmoDB
27277538,PRCDC_1251100,PlasmoDB
27277538,PRCDC_1335900,PlasmoDB
27277538,PmUG01_12027900,PlasmoDB
27277538,PmUG01_14084900,PlasmoDB
27277538,PVP01_1217800,PlasmoDB
27277538,PVP01_1468800,PlasmoDB
27277538,PY17X_1355800,PlasmoDB
27277538,PY17X_1467200,PlasmoDB
27303693,CNAG_06327,FungiDB
27303694,TGME49_243930,ToxoDB
27303695,PF3D7_0924900,PlasmoDB
27303695,PKNH_0722800,PlasmoDB
27303695,PGAL8A_00437700,PlasmoDB
27303695,PocGH01_07032300,PlasmoDB
27303695,PRCDC_0922900,PlasmoDB
27303695,PmUG01_07036400,PlasmoDB
27303695,PRELSG_0722500,PlasmoDB
27303695,PVP01_0723400,PlasmoDB
27303712,PCHAS_1434700,PlasmoDB
27303712,PF3D7_1217100,PlasmoDB
27303712,PBANKA_1432700,PlasmoDB
27303712,PKNH_1436700,PlasmoDB
27303712,PRCDC_1216400,PlasmoDB
27303712,PVP01_1435900,PlasmoDB
27303712,PY17X_1435100,PlasmoDB
27303719,TGME49_210370,ToxoDB
27303728,CNAG_01978,FungiDB
27324377,PCHAS_1141400,PlasmoDB
27324377,PF3D7_1366100,PlasmoDB
27324377,PBANKA_1141900,PlasmoDB
27324377,PKNH_1105200,PlasmoDB
27324377,PGAL8A_00172600,PlasmoDB
27324377,PocGH01_11014500,PlasmoDB
27324377,PRCDC_1365000,PlasmoDB
27324377,PmUG01_11020100,PlasmoDB
27324377,PRELSG_1104400,PlasmoDB
27324377,PVP01_1105900,PlasmoDB
27324377,PY17X_1143300,PlasmoDB
27324377,TGME49_295450,ToxoDB
27324409,PCHAS_1418500,PlasmoDB
27324409,PF3D7_1318200,PlasmoDB
27324409,PBANKA_1416700,PlasmoDB
27324409,PKNH_1418900,PlasmoDB
27324409,PocGH01_14026300,PlasmoDB
27324409,PRCDC_1317200,PlasmoDB
27324409,PmUG01_14034900,PlasmoDB
27324409,PRELSG_1416100,PlasmoDB
27324409,PVP01_1419100,PlasmoDB
27339728,PCHAS_1416700,PlasmoDB
27339728,PF3D7_1316400,PlasmoDB
27339728,PBANKA_1414900,PlasmoDB
27339728,PKNH_1417100,PlasmoDB
27339728,PGAL8A_00512700,PlasmoDB
27339728,PocGH01_14024500,PlasmoDB
27339728,PRCDC_1315400,PlasmoDB
27339728,PmUG01_14033100,PlasmoDB
27339728,PRELSG_1414300,PlasmoDB
27339728,PVP01_1417300,PlasmoDB
27339728,PY17X_1416600,PlasmoDB
27348424,PCHAS_1113100,PlasmoDB
27348424,PF3D7_0513800,PlasmoDB
27348424,PBANKA_1113500,PlasmoDB
27348424,PKNH_1019300,PlasmoDB
27348424,PGAL8A_00035300,PlasmoDB
27348424,PocGH01_10027700,PlasmoDB
27348424,PRCDC_0001200,PlasmoDB
27348424,PmUG01_10030800,PlasmoDB
27348424,PRELSG_1018200,PlasmoDB
27348424,PVP01_1020100,PlasmoDB
27348424,PY17X_1114600,PlasmoDB
27381444,NCU07523,FungiDB
27383149,PF3D7_1012200,PlasmoDB
27387533,PCHAS_0517000,PlasmoDB
27387533,PBANKA_0516900,PlasmoDB
27387533,PY17X_0518000,PlasmoDB
27427910,PCHAS_0306100,PlasmoDB
27427910,PBANKA_0303900,PlasmoDB
27484902,PCHAS_1027400,PlasmoDB
27484902,PF3D7_1416100,PlasmoDB
27484902,PBANKA_1026600,PlasmoDB
27484902,PKNH_1342000,PlasmoDB
27484902,PocGH01_13043700,PlasmoDB
27484902,PRCDC_1415400,PlasmoDB
27484902,PmUG01_13042300,PlasmoDB
27484902,PRELSG_1335000,PlasmoDB
27484902,PVP01_1332800,PlasmoDB
27484902,PY17X_1029000,PlasmoDB
27486190,TGME49_203290,ToxoDB
27486190,TGME49_212300,ToxoDB
27486190,TGME49_213067,ToxoDB
27486190,TGME49_219810,ToxoDB
27486190,TGME49_220240,ToxoDB
27486190,TGME49_226380,ToxoDB
27486190,TGME49_232000,ToxoDB
27486190,TGME49_236890,ToxoDB
27486190,TGME49_237880,ToxoDB
27486190,TGME49_247440,ToxoDB
27486190,TGME49_269690,ToxoDB
27486190,TGME49_289380,ToxoDB
27486190,TGME49_290700,ToxoDB
27486190,TGME49_312420,ToxoDB
27490259,TGME49_270910,ToxoDB
27492357,PCHAS_1224900,PlasmoDB
27492357,PF3D7_0311600,PlasmoDB
27492357,PF3D7_0806400,PlasmoDB
27492357,PF3D7_0919600,PlasmoDB
27492357,PBANKA_1224300,PlasmoDB
27492357,PKNH_0112500,PlasmoDB
27492357,PGAL8A_00108900,PlasmoDB
27492357,PocGH01_01021800,PlasmoDB
27492357,PRCDC_0806000,PlasmoDB
27492357,PmUG01_01025600,PlasmoDB
27492357,PRELSG_0111700,PlasmoDB
27492357,PVP01_0114100,PlasmoDB
27492357,PY17X_1227500,PlasmoDB
27516964,PCHAS_0605000,PlasmoDB
27516964,PBANKA_0603200,PlasmoDB
27516964,PBANKA_1030000,PlasmoDB
27516964,PY17X_0605700,PlasmoDB
27551151,PBANKA_1326400,PlasmoDB
27555062,PCHAS_1116600,PlasmoDB
27555062,PF3D7_0617900,PlasmoDB
27555062,PKNH_1132500,PlasmoDB
27555062,PGAL8A_00146300,PlasmoDB
27555062,PRCDC_0616300,PlasmoDB
27555062,PmUG01_11045700,PlasmoDB
27555062,PRELSG_1130500,PlasmoDB
27555062,PVP01_1131600,PlasmoDB
27555062,PY17X_1118200,PlasmoDB
27555313,PVP01_0102300,PlasmoDB
27577684,CNC02960,FungiDB
27577684,CNF01510,FungiDB
27577684,CNG03015,FungiDB
27577684,CNAG_03276,FungiDB
27577684,CNAG_05829,FungiDB
27594426,PCHAS_0514300,PlasmoDB
27594426,PF3D7_1030200,PlasmoDB
27594426,PKNH_0614900,PlasmoDB
27594426,PGAL8A_00489500,PlasmoDB
27594426,PocGH01_06023200,PlasmoDB
27594426,PRCDC_1029500,PlasmoDB
27594426,PmUG01_10041400,PlasmoDB
27594426,PRELSG_0613900,PlasmoDB
27594426,PVP01_0615300,PlasmoDB
27594426,PY17X_0515300,PlasmoDB
27594426,TGME49_265790,ToxoDB
27604988,PCHAS_0524000,PlasmoDB
27604988,PBANKA_0523800,PlasmoDB
27604988,PGAL8A_00193600,PlasmoDB
27604988,PocGH01_05033700,PlasmoDB
27604988,PmUG01_05040000,PlasmoDB
27604988,PRELSG_0517900,PlasmoDB
27604988,PY17X_0525200,PlasmoDB
27644319,PCHAS_0613100,PlasmoDB
27644319,PCHAS_1023400,PlasmoDB
27644319,PBANKA_0611400,PlasmoDB
27644319,PBANKA_1022600,PlasmoDB
27644319,PKNH_0424100,PlasmoDB
27644319,PGAL8A_00309000,PlasmoDB
27644319,PocGH01_13022900,PlasmoDB
27644319,PRCDC_1436700,PlasmoDB
27644319,PmUG01_13022900,PlasmoDB
27644319,PRELSG_1313600,PlasmoDB
27644319,PVP01_1312100,PlasmoDB
27644319,PY17X_0613900,PlasmoDB
27644319,PY17X_1024500,PlasmoDB
27649508,Afu1g04950,FungiDB
27649508,Afu1g12960,FungiDB
27649508,Afu2g06140,FungiDB
27649508,Afu3g09670,FungiDB
27649508,Afu3g14150,FungiDB
27649508,Afu4g04720,FungiDB
27649508,Afu4g06530,FungiDB
27649508,Afu6g05150,FungiDB
27649508,Afu6g07980,FungiDB
27653778,PF3D7_0113900,PlasmoDB
27653778,PF3D7_1301700,PlasmoDB
27653778,PRCDC_0112100,PlasmoDB
27653778,PRCDC_1300600,PlasmoDB
27658588,PVP01_1107900,PlasmoDB
27677328,CNAG_02511,FungiDB
27678060,TGME49_297970,ToxoDB
27696623,PF3D7_0510300,PlasmoDB
27696623,TGME49_202930,ToxoDB
27696623,TGME49_229640,ToxoDB
27696623,TGME49_230850,ToxoDB
27696623,TGME49_239400,ToxoDB
27696623,TGME49_239800,ToxoDB
27696623,TGME49_243200,ToxoDB
27696623,TGME49_259630,ToxoDB
27696623,TGME49_267620,ToxoDB
27696623,TGME49_272520,ToxoDB
27696623,TGME49_294340,ToxoDB
27696623,TGME49_315750,ToxoDB
27725738,PVP01_1229700,PlasmoDB
27732628,PKNH_0623600,PlasmoDB
27732628,PKNH_1032400,PlasmoDB
27732628,PVP01_1033600,PlasmoDB
27759017,TGME49_270330,ToxoDB
27759110,PVP01_0505600,PlasmoDB
27759110,PKNH_1322900,PlasmoDB
27777305,PRCDC_1146600,PlasmoDB
27777305,PF3D7_1148700,PlasmoDB
27783209,CNAG_06447,FungiDB
27809775,PCHAS_1034900,PlasmoDB
27809775,PF3D7_1408400,PlasmoDB
27809775,PBANKA_1034100,PlasmoDB
27809775,PKNH_1350000,PlasmoDB
27809775,PGAL8A_00279900,PlasmoDB
27809775,PocGH01_13051500,PlasmoDB
27809775,PRCDC_1407700,PlasmoDB
27809775,PmUG01_13050100,PlasmoDB
27809775,PRELSG_1342800,PlasmoDB
27809775,PVP01_1340600,PlasmoDB
27809775,PY17X_1036500,PlasmoDB
27832590,PBANKA_0512800,PlasmoDB
27841851,Afu3g09690,FungiDB
27888074,PCHAS_0212900,PlasmoDB
27888074,PCHAS_1204900,PlasmoDB
27888074,PF3D7_0730400,PlasmoDB
27888074,PF3D7_1006000,PlasmoDB
27888074,PBANKA_0214500,PlasmoDB
27888074,PBANKA_1204200,PlasmoDB
27888074,PKNH_0215300,PlasmoDB
27888074,PKNH_0804800,PlasmoDB
27888074,PGAL8A_00094500,PlasmoDB
27888074,PGAL8A_00382200,PlasmoDB
27888074,PocGH01_02023300,PlasmoDB
27888074,PocGH01_08013900,PlasmoDB
27888074,PRCDC_0727200,PlasmoDB
27888074,PRCDC_1005400,PlasmoDB
27888074,PmUG01_02025000,PlasmoDB
27888074,PmUG01_08021800,PlasmoDB
27888074,PRELSG_0218800,PlasmoDB
27888074,PRELSG_0803800,PlasmoDB
27888074,PVP01_0216100,PlasmoDB
27888074,PVP01_0805700,PlasmoDB
27888074,PY17X_0215900,PlasmoDB
27888074,PY17X_1207400,PlasmoDB
27888074,TGME49_293470,ToxoDB
27932494,TGME49_256030,ToxoDB
27966671,TGME49_230140,ToxoDB
27982038,PCHAS_0703800,PlasmoDB
27982038,PCHAS_1306600,PlasmoDB
27982038,PF3D7_1146600,PlasmoDB
27982038,PF3D7_1439500,PlasmoDB
27982038,PBANKA_0902500,PlasmoDB
27982038,PBANKA_1303400,PlasmoDB
27982038,PKNH_0944400,PlasmoDB
27982038,PKNH_1242800,PlasmoDB
27982038,PGAL8A_00198700,PlasmoDB
27982038,PGAL8A_00374000,PlasmoDB
27982038,PocGH01_09052600,PlasmoDB
27982038,PocGH01_12075300,PlasmoDB
27982038,PRCDC_1144900,PlasmoDB
27982038,PRCDC_1438800,PlasmoDB
27982038,PmUG01_09055500,PlasmoDB
27982038,PmUG01_12077500,PlasmoDB
27982038,PRELSG_0943900,PlasmoDB
27982038,PRELSG_1241500,PlasmoDB
27982038,PVP01_0947200,PlasmoDB
27982038,PVP01_1267500,PlasmoDB
27982038,PY17X_0903900,PlasmoDB
27982038,PY17X_1307200,PlasmoDB
28049516,PKNH_1030500,PlasmoDB
28057055,PCHAS_1118700,PlasmoDB
28057055,PF3D7_0620000,PlasmoDB
28057055,PBANKA_1119200,PlasmoDB
28057055,PKNH_1130300,PlasmoDB
28057055,PKNH_1130900,PlasmoDB
28057055,PGAL8A_00148400,PlasmoDB
28057055,PocGH01_11037300,PlasmoDB
28057055,PRCDC_0618400,PlasmoDB
28057055,PmUG01_11043600,PlasmoDB
28057055,PRELSG_1128400,PlasmoDB
28057055,PVP01_1129500,PlasmoDB
28057055,PY17X_1120300,PlasmoDB
28061020,CNAG_06465,FungiDB
28067322,PCHAS_0712200,PlasmoDB
28067322,PF3D7_1137800,PlasmoDB
28067322,PBANKA_0910900,PlasmoDB
28067322,PKNH_0936000,PlasmoDB
28067322,PGAL8A_00365500,PlasmoDB
28067322,PocGH01_09044300,PlasmoDB
28067322,PRCDC_1136200,PlasmoDB
28067322,PmUG01_09047200,PlasmoDB
28067322,PRELSG_0935500,PlasmoDB
28067322,PVP01_0938800,PlasmoDB
28067322,PY17X_0912300,PlasmoDB
28081440,PCHAS_1002700,PlasmoDB
28081440,PCHAS_1016300,PlasmoDB
28081440,PCHAS_1121300,PlasmoDB
28081440,PCHAS_1232200,PlasmoDB
28081440,PCHAS_1368300,PlasmoDB
28081440,PF3D7_0404100,PlasmoDB
28081440,PF3D7_0516800,PlasmoDB
28081440,PF3D7_1350900,PlasmoDB
28081440,PF3D7_1429200,PlasmoDB
28081440,PBANKA_1001800,PlasmoDB
28081440,PBANKA_1015500,PlasmoDB
28081440,PBANKA_1121800,PlasmoDB
28081440,PBANKA_1231600,PlasmoDB
28081440,PBANKA_1363700,PlasmoDB
28081440,PKNH_0302100,PlasmoDB
28081440,PKNH_1016500,PlasmoDB
28081440,PKNH_1234300,PlasmoDB
28081440,PKNH_1329500,PlasmoDB
28081440,PKNH_1469600,PlasmoDB
28081440,PGAL8A_00038300,PlasmoDB
28081440,PGAL8A_00054700,PlasmoDB
28081440,PGAL8A_00262000,PlasmoDB
28081440,PGAL8A_00300800,PlasmoDB
28081440,PocGH01_03011500,PlasmoDB
28081440,PocGH01_10024800,PlasmoDB
28081440,PocGH01_12012300,PlasmoDB
28081440,PocGH01_13031000,PlasmoDB
28081440,PRCDC_0401700,PlasmoDB
28081440,PRCDC_0515900,PlasmoDB
28081440,PRCDC_1349900,PlasmoDB
28081440,PRCDC_1428500,PlasmoDB
28081440,PmUG01_03014100,PlasmoDB
28081440,PmUG01_10027900,PlasmoDB
28081440,PmUG01_12014000,PlasmoDB
28081440,PmUG01_13030900,PlasmoDB
28081440,PRELSG_0301300,PlasmoDB
28081440,PRELSG_1015100,PlasmoDB
28081440,PRELSG_1246900,PlasmoDB
28081440,PRELSG_1321900,PlasmoDB
28081440,PVP01_0303400,PlasmoDB
28081440,PVP01_1017200,PlasmoDB
28081440,PVP01_1203900,PlasmoDB
28081440,PVP01_1320200,PlasmoDB
28107409,PCHAS_1406000,PlasmoDB
28107409,PF3D7_1305600,PlasmoDB
28107409,PBANKA_1404100,PlasmoDB
28107409,PKNH_1405800,PlasmoDB
28107409,PGAL8A_00501700,PlasmoDB
28107409,PocGH01_14013700,PlasmoDB
28107409,PRCDC_1304600,PlasmoDB
28107409,PmUG01_14022300,PlasmoDB
28107409,PRELSG_1403400,PlasmoDB
28107409,PVP01_1406500,PlasmoDB
28107409,PY17X_1405800,PlasmoDB
28115054,PCHAS_0717200,PlasmoDB
28115054,PF3D7_0822700,PlasmoDB
28115054,PBANKA_0707900,PlasmoDB
28115054,PKNH_1316700,PlasmoDB
28115054,PGAL8A_00115900,PlasmoDB
28115054,PocGH01_05018100,PlasmoDB
28115054,PRCDC_0822000,PlasmoDB
28115054,PmUG01_05023300,PlasmoDB
28115054,PRELSG_0501100,PlasmoDB
28115054,PVP01_0511600,PlasmoDB
28115054,PY17X_0708200,PlasmoDB
28115989,NCU04866,FungiDB
28118506,PCHAS_1451600,PlasmoDB
28118506,PF3D7_1234700,PlasmoDB
28118506,PBANKA_1449300,PlasmoDB
28118506,PKNH_1454100,PlasmoDB
28118506,PRCDC_1233900,PlasmoDB
28118506,PVP01_1452800,PlasmoDB
28118506,PY17X_1451800,PlasmoDB
28148555,TGME49_285200,ToxoDB
28168222,PCHAS_1344200,PlasmoDB
28168222,PF3D7_1324400,PlasmoDB
28168222,PBANKA_1339600,PlasmoDB
28168222,PKNH_1204400,PlasmoDB
28168222,PGAL8A_00236300,PlasmoDB
28168222,PocGH01_12038200,PlasmoDB
28168222,PRCDC_1323400,PlasmoDB
28168222,PmUG01_12040300,PlasmoDB
28168222,PRELSG_1203900,PlasmoDB
28168222,PVP01_1230200,PlasmoDB
28168222,PY17X_1344300,PlasmoDB
28168222,TGME49_254250,ToxoDB
28205520,TGME49_215490,ToxoDB
28211852,PCHAS_0808300,PlasmoDB
28211852,PF3D7_0317200,PlasmoDB
28211852,PBANKA_0808000,PlasmoDB
28211852,PKNH_0824600,PlasmoDB
28211852,PGAL8A_00399100,PlasmoDB
28211852,PocGH01_08031300,PlasmoDB
28211852,PRCDC_0316500,PlasmoDB
28211852,PmUG01_08038900,PlasmoDB
28211852,PRELSG_0411600,PlasmoDB
28211852,PVP01_0822900,PlasmoDB
28211852,PY17X_0811200,PlasmoDB
28232818,PCHAS_0208800,PlasmoDB
28232818,PCHAS_0804600,PlasmoDB
28232818,PCHAS_1017900,PlasmoDB
28232818,PCHAS_1104800,PlasmoDB
28232818,PF3D7_0505500,PlasmoDB
28232818,PF3D7_0706700,PlasmoDB
28232818,PF3D7_0726300,PlasmoDB
28232818,PF3D7_1427500,PlasmoDB
28232818,PBANKA_0210400,PlasmoDB
28232818,PBANKA_1017100,PlasmoDB
28232818,PBANKA_1105100,PlasmoDB
28232818,PKNH_0105200,PlasmoDB
28232818,PKNH_0210900,PlasmoDB
28232818,PKNH_1028100,PlasmoDB
28232818,PKNH_1331200,PlasmoDB
28232818,PGAL8A_00026700,PlasmoDB
28232818,PGAL8A_00046800,PlasmoDB
28232818,PGAL8A_00098600,PlasmoDB
28232818,PGAL8A_00299000,PlasmoDB
28232818,PocGH01_01014500,PlasmoDB
28232818,PocGH01_10036000,PlasmoDB
28232818,PocGH01_13032600,PlasmoDB
28232818,PRCDC_0504700,PlasmoDB
28232818,PRCDC_0704900,PlasmoDB
28232818,PRCDC_0723100,PlasmoDB
28232818,PRCDC_1426800,PlasmoDB
28232818,PmUG01_01018200,PlasmoDB
28232818,PmUG01_02020900,PlasmoDB
28232818,PmUG01_06019400,PlasmoDB
28232818,PmUG01_13032600,PlasmoDB
28232818,PRELSG_0104600,PlasmoDB
28232818,PRELSG_0214600,PlasmoDB
28232818,PRELSG_1027000,PlasmoDB
28232818,PRELSG_1323600,PlasmoDB
28232818,PVP01_0106900,PlasmoDB
28232818,PVP01_0212000,PlasmoDB
28232818,PVP01_1028500,PlasmoDB
28232818,PVP01_1321800,PlasmoDB
28232818,PY17X_0807000,PlasmoDB
28232818,PY17X_1018600,PlasmoDB
28232818,PY17X_1106200,PlasmoDB
28252383,PBANKA_0830200,PlasmoDB
28252384,PCHAS_0416900,PlasmoDB
28252384,PF3D7_0905400,PlasmoDB
28252384,PBANKA_0416000,PlasmoDB
28252384,PKNH_0703100,PlasmoDB
28252384,PRCDC_0903500,PlasmoDB
28252384,PmUG01_07016900,PlasmoDB
28252384,PRELSG_0702600,PlasmoDB
28252384,PVP01_0703800,PlasmoDB
28252384,PY17X_0418800,PlasmoDB
28252384,PocGH01_07012800,PlasmoDB
28256794,PKNH_1015400,PlasmoDB
28256794,PGAL8A_00039400,PlasmoDB
28256794,PmUG01_10026800,PlasmoDB
28256794,PRELSG_1014000,PlasmoDB
28256794,PVP01_1016100,PlasmoDB
28285007,NCU07253,FungiDB
28285440,PF3D7_1431800,PlasmoDB
28331073,TGME49_315510,ToxoDB
28351409,PCHAS_1213200,PlasmoDB
28351409,PBANKA_1212500,PlasmoDB
28351409,PKNH_0814000,PlasmoDB
28351409,PGAL8A_00390300,PlasmoDB
28351409,PocGH01_08022500,PlasmoDB
28351409,PRCDC_1013500,PlasmoDB
28351409,PmUG01_08030100,PlasmoDB
28351409,PRELSG_0812000,PlasmoDB
28351409,PVP01_0814200,PlasmoDB
28351409,PY17X_1215700,PlasmoDB
28351924,PCHAS_0727600,PlasmoDB
28351924,PF3D7_0416500,PlasmoDB
28351924,PBANKA_0718500,PlasmoDB
28351924,PKNH_0508900,PlasmoDB
28351924,PGAL8A_00090000,PlasmoDB
28351924,PRCDC_0414000,PlasmoDB
28351924,PmUG01_05034000,PlasmoDB
28351924,PRELSG_0511800,PlasmoDB
28351924,PVP01_0525900,PlasmoDB
28351924,PY17X_0718700,PlasmoDB
28403234,NCU01362,FungiDB
28420736,NCU00568,FungiDB
28420736,NCU01871,FungiDB
28420736,NCU01928,FungiDB
28420736,NCU02624,FungiDB
28420736,NCU02676,FungiDB
28420736,NCU03459,FungiDB
28420736,NCU03675,FungiDB
28420736,NCU03740,FungiDB
28420736,NCU04731,FungiDB
28420736,NCU05278,FungiDB
28420736,NCU06207,FungiDB
28420736,NCU06402,FungiDB
28420736,NCU08280,FungiDB
28420736,NCU08762,FungiDB
28420736,NCU11245,FungiDB
28423062,Afu2g11780,FungiDB
28430827,PCHAS_1461200,PlasmoDB
28430827,PF3D7_1245800,PlasmoDB
28430827,PBANKA_1458900,PlasmoDB
28430827,PKNH_1465400,PlasmoDB
28430827,PGAL8A_00466400,PlasmoDB
28430827,PocGH01_14070300,PlasmoDB
28430827,PRCDC_1245200,PlasmoDB
28430827,PmUG01_14078900,PlasmoDB
28430827,PRELSG_1460800,PlasmoDB
28430827,PVP01_1462800,PlasmoDB
28430827,PY17X_1461500,PlasmoDB
28430827,TGME49_214180,ToxoDB
28436089,TGME49_500312,ToxoDB
28454557,PCHAS_0506900,PlasmoDB
28454557,PF3D7_1022600,PlasmoDB
28454557,PBANKA_0506800,PlasmoDB
28454557,PKNH_0606900,PlasmoDB
28454557,PGAL8A_00481900,PlasmoDB
28454557,PocGH01_06015700,PlasmoDB
28454557,PRCDC_1022000,PlasmoDB
28454557,PmUG01_10033800,PlasmoDB
28454557,PRELSG_0606300,PlasmoDB
28454557,PVP01_0607800,PlasmoDB
28454557,PY17X_0507900,PlasmoDB
28467421,NCU07788,FungiDB
28472331,PCHAS_0406700,PlasmoDB
28472331,PF3D7_0307500,PlasmoDB
28472331,PBANKA_0405800,PlasmoDB
28472331,PKNH_0835200,PlasmoDB
28472331,PGAL8A_00006900,PlasmoDB
28472331,PocGH01_08040800,PlasmoDB
28472331,PRCDC_0306800,PlasmoDB
28472331,PmUG01_08048700,PlasmoDB
28472331,PRELSG_0828100,PlasmoDB
28472331,PVP01_0832700,PlasmoDB
28472331,PY17X_0408100,PlasmoDB
28475612,TGME49_226040,ToxoDB
28481199,PCHAS_0729200,PlasmoDB
28481199,PCHAS_1102600,PlasmoDB
28481199,PCHAS_1307700,PlasmoDB
28481199,PCHAS_1444300,PlasmoDB
28481199,PF3D7_0418100,PlasmoDB
28481199,PF3D7_0503200,PlasmoDB
28481199,PF3D7_1227500,PlasmoDB
28481199,PF3D7_1440600,PlasmoDB
28481199,PBANKA_0720200,PlasmoDB
28481199,PBANKA_1102900,PlasmoDB
28481199,PBANKA_1304500,PlasmoDB
28481199,PBANKA_1442200,PlasmoDB
28481199,PKNH_0510500,PlasmoDB
28481199,PKNH_1030700,PlasmoDB
28481199,PKNH_1241700,PlasmoDB
28481199,PKNH_1446900,PlasmoDB
28481199,PGAL8A_00024400,PlasmoDB
28481199,PGAL8A_00091600,PlasmoDB
28481199,PGAL8A_00128600,PlasmoDB
28481199,PGAL8A_00199800,PlasmoDB
28481199,PocGH01_05029300,PlasmoDB
28481199,PocGH01_10039300,PlasmoDB
28481199,PocGH01_12074200,PlasmoDB
28481199,PocGH01_14053200,PlasmoDB
28481199,PRCDC_0415600,PlasmoDB
28481199,PRCDC_0502500,PlasmoDB
28481199,PRCDC_1226800,PlasmoDB
28481199,PRCDC_1439900,PlasmoDB
28481199,PmUG01_05035600,PlasmoDB
28481199,PmUG01_06023100,PlasmoDB
28481199,PmUG01_12076400,PlasmoDB
28481199,PmUG01_14061800,PlasmoDB
28481199,PRELSG_0513400,PlasmoDB
28481199,PRELSG_1029300,PlasmoDB
28481199,PRELSG_1240400,PlasmoDB
28481199,PRELSG_1443100,PlasmoDB
28481199,PVP01_0527500,PlasmoDB
28481199,PVP01_1031800,PlasmoDB
28481199,PVP01_1266400,PlasmoDB
28481199,PVP01_1445700,PlasmoDB
28481199,PY17X_0720200,PlasmoDB
28481199,PY17X_1104000,PlasmoDB
28481199,PY17X_1308300,PlasmoDB
28481199,PY17X_1444700,PlasmoDB
28525314,PCHAS_0607600,PlasmoDB
28525314,PF3D7_1207300,PlasmoDB
28525314,PBANKA_0605800,PlasmoDB
28525314,PKNH_1307200,PlasmoDB
28525314,PGAL8A_00314700,PlasmoDB
28525314,PocGH01_13017200,PlasmoDB
28525314,PRCDC_1206600,PlasmoDB
28525314,PmUG01_13017200,PlasmoDB
28525314,PRELSG_0020600,PlasmoDB
28525314,PVP01_1306400,PlasmoDB
28525314,PY17X_0608300,PlasmoDB
28529974,TGME49_297070,ToxoDB
28552953,PCHAS_0833300,PlasmoDB
28552953,PBANKA_0833000,PlasmoDB
28552953,PY17X_0836400,PlasmoDB
28559405,PCHAS_1106600,PlasmoDB
28559405,PF3D7_0507300,PlasmoDB
28559405,PBANKA_1106900,PlasmoDB
28559405,PKNH_1026300,PlasmoDB
28559405,PGAL8A_00028400,PlasmoDB
28559405,PocGH01_10034200,PlasmoDB
28559405,PRCDC_0506500,PlasmoDB
28559405,PmUG01_06017600,PlasmoDB
28559405,PRELSG_1025200,PlasmoDB
28559405,PVP01_1026700,PlasmoDB
28559405,PY17X_1108000,PlasmoDB
28578314,PCHAS_1027800,PlasmoDB
28578314,PF3D7_1415700,PlasmoDB
28578314,PBANKA_1027000,PlasmoDB
28578314,PKNH_1342400,PlasmoDB
28578314,PGAL8A_00287300,PlasmoDB
28578314,PocGH01_13044100,PlasmoDB
28578314,PRCDC_1415000,PlasmoDB
28578314,PmUG01_13042700,PlasmoDB
28578314,PRELSG_1335400,PlasmoDB
28578314,PVP01_1333200,PlasmoDB
28578314,PY17X_1029400,PlasmoDB
28593938,PCHAS_1023800,PlasmoDB
28593938,PF3D7_1420200,PlasmoDB
28593938,PBANKA_1023000,PlasmoDB
28593938,PKNH_1337800,PlasmoDB
28593938,PGAL8A_00292000,PlasmoDB
28593938,PocGH01_13039600,PlasmoDB
28593938,PRCDC_1419500,PlasmoDB
28593938,PmUG01_13038700,PlasmoDB
28593938,PRELSG_1330800,PlasmoDB
28593938,PVP01_1328700,PlasmoDB
28593938,PY17X_1024900,PlasmoDB
28593938,TGME49_249480,ToxoDB
28604779,PCHAS_0612000,PlasmoDB
28611159,CNAG_03346,FungiDB
28616073,NCU09033,FungiDB
28618269,PCHAS_1206600,PlasmoDB
28618269,PF3D7_1007700,PlasmoDB
28618269,PBANKA_1205900,PlasmoDB
28618269,PKNH_0806500,PlasmoDB
28618269,PGAL8A_00383800,PlasmoDB
28618269,PocGH01_08015600,PlasmoDB
28618269,PRCDC_1007100,PlasmoDB
28618269,PmUG01_08023500,PlasmoDB
28618269,PRELSG_0805400,PlasmoDB
28618269,PVP01_0807400,PlasmoDB
28618269,PY17X_1209100,PlasmoDB
28655332,PBANKA_0824500,PlasmoDB
28655825,TGME49_223125,ToxoDB
28671988,TGME49_270330,ToxoDB
28671988,TGME49_256070,ToxoDB
28676844,PCHAS_0615300,PlasmoDB
28676844,PCHAS_0723800,PlasmoDB
28676844,PCHAS_0802700,PlasmoDB
28676844,PF3D7_0704700,PlasmoDB
28676844,PF3D7_0816100,PlasmoDB
28676844,PF3D7_1102400,PlasmoDB
28676844,PBANKA_0613600,PlasmoDB
28676844,PBANKA_0714700,PlasmoDB
28676844,PBANKA_0802400,PlasmoDB
28676844,PKNH_0103200,PlasmoDB
28676844,PKNH_0310500,PlasmoDB
28676844,PKNH_0504300,PlasmoDB
28676844,PGAL8A_00063000,PlasmoDB
28676844,PGAL8A_00086100,PlasmoDB
28676844,PocGH01_01012500,PlasmoDB
28676844,PocGH01_03019800,PlasmoDB
28676844,PocGH01_05024800,PlasmoDB
28676844,PRCDC_0702900,PlasmoDB
28676844,PRCDC_0815400,PlasmoDB
28676844,PRCDC_1100900,PlasmoDB
28676844,PmUG01_01016200,PlasmoDB
28676844,PmUG01_03022400,PlasmoDB
28676844,PmUG01_05031000,PlasmoDB
28676844,PRELSG_0102600,PlasmoDB
28676844,PRELSG_0309600,PlasmoDB
28676844,PRELSG_0507900,PlasmoDB
28676844,PVP01_0104900,PlasmoDB
28676844,PVP01_0311700,PlasmoDB
28676844,PVP01_0519200,PlasmoDB
28676844,PY17X_0616300,PlasmoDB
28676844,PY17X_0714900,PlasmoDB
28676844,PY17X_0805100,PlasmoDB
28676844,PY17X_1311400,PlasmoDB
28678779,PCHAS_1321300,PlasmoDB
28678779,PBANKA_1318000,PlasmoDB
28678779,PKNH_1227800,PlasmoDB
28678779,PGAL8A_00213500,PlasmoDB
28678779,PocGH01_12060600,PlasmoDB
28678779,PRCDC_1453600,PlasmoDB
28678779,PmUG01_12062700,PlasmoDB
28678779,PRELSG_1226700,PlasmoDB
28678779,PVP01_1252700,PlasmoDB
28678779,PY17X_1321800,PlasmoDB
28691708,PCHAS_0509100,PlasmoDB
28691708,PCHAS_1443700,PlasmoDB
28691708,PF3D7_1024800,PlasmoDB
28691708,PF3D7_1226900,PlasmoDB
28691708,PBANKA_0509000,PlasmoDB
28691708,PBANKA_0919100,PlasmoDB
28691708,PKNH_0609300,PlasmoDB
28691708,PKNH_1446300,PlasmoDB
28691708,PGAL8A_00128000,PlasmoDB
28691708,PGAL8A_00484100,PlasmoDB
28691708,PocGH01_06017900,PlasmoDB
28691708,PocGH01_14052600,PlasmoDB
28691708,PRCDC_1024200,PlasmoDB
28691708,PRCDC_1226200,PlasmoDB
28691708,PmUG01_10036100,PlasmoDB
28691708,PmUG01_14061200,PlasmoDB
28691708,PRELSG_0608500,PlasmoDB
28691708,PRELSG_1442500,PlasmoDB
28691708,PVP01_0610000,PlasmoDB
28691708,PVP01_1445100,PlasmoDB
28691708,PY17X_0510100,PlasmoDB
28691708,PY17X_1444200,PlasmoDB
28701714,PCHAS_0415000,PlasmoDB
28701714,PF3D7_0316300,PlasmoDB
28701714,PBANKA_0414100,PlasmoDB
28701714,PKNH_0825800,PlasmoDB
28701714,PGAL8A_00400000,PlasmoDB
28701714,PocGH01_08032200,PlasmoDB
28701714,PRCDC_0315600,PlasmoDB
28701714,PmUG01_08039800,PlasmoDB
28701714,PRELSG_0410700,PlasmoDB
28701714,PVP01_0823800,PlasmoDB
28701714,PY17X_0416900,PlasmoDB
28729672,PCHAS_1364300,PlasmoDB
28729672,PBANKA_1359700,PlasmoDB
28729672,PY17X_1365400,PlasmoDB
28747316,AN5485,FungiDB
28787542,PY17X_1366000,PlasmoDB
28790316,PCHAS_0933500,PlasmoDB
28790316,PF3D7_0826100,PlasmoDB
28790316,PBANKA_0704500,PlasmoDB
28790316,PKNH_1320300,PlasmoDB
28790316,PGAL8A_00119300,PlasmoDB
28790316,PocGH01_05014800,PlasmoDB
28790316,PRCDC_0825400,PlasmoDB
28790316,PmUG01_05019900,PlasmoDB
28790316,PRELSG_1308400,PlasmoDB
28790316,PVP01_0508200,PlasmoDB
28790316,PY17X_0704800,PlasmoDB
28830940,TGME49_214970,ToxoDB
28830940,TGME49_219860,ToxoDB
28830940,TGME49_258790,ToxoDB
28842684,PCHAS_1421800,PlasmoDB
28842684,PF3D7_0713400,PlasmoDB
28842684,PBANKA_1420000,PlasmoDB
28842684,PKNH_1422300,PlasmoDB
28842684,PGAL8A_00518000,PlasmoDB
28842684,PocGH01_14029700,PlasmoDB
28842684,PRCDC_0710700,PlasmoDB
28842684,PmUG01_14038400,PlasmoDB
28842684,PRELSG_1419500,PlasmoDB
28842684,PVP01_1422500,PlasmoDB
28842684,PY17X_1421700,PlasmoDB
28851850,TGME49_310670,ToxoDB
28851851,PCHAS_0609500,PlasmoDB
28851851,PF3D7_1209300,PlasmoDB
28851851,PBANKA_0607700,PlasmoDB
28851851,PKNH_1309200,PlasmoDB
28851851,PGAL8A_00312800,PlasmoDB
28851851,PocGH01_13019200,PlasmoDB
28851851,PRCDC_1208600,PlasmoDB
28851851,PmUG01_13019200,PlasmoDB
28851851,PRELSG_1101700,PlasmoDB
28851851,PVP01_1308400,PlasmoDB
28851851,PY17X_0610200,PlasmoDB
28851956,PBANKA_0809400,PlasmoDB
28864420,PCHAS_1333500,PlasmoDB
28864420,PBANKA_1328900,PlasmoDB
28864420,PY17X_1333600,PlasmoDB
28874473,AN9517,FungiDB
28883073,Afu1g14070,FungiDB
28893907,PCHAS_0501900,PlasmoDB
28893907,PF3D7_1017500,PlasmoDB
28893907,PBANKA_0501800,PlasmoDB
28893907,PKNH_0601700,PlasmoDB
28893907,PRCDC_1016900,PlasmoDB
28893907,PVP01_0602700,PlasmoDB
28893907,PY17X_0502800,PlasmoDB
28916755,PCHAS_0810700,PlasmoDB
28916755,PF3D7_0909200,PlasmoDB
28916755,PKNH_0707200,PlasmoDB
28916755,PGAL8A_00422000,PlasmoDB
28916755,PocGH01_07016700,PlasmoDB
28916755,PRCDC_0907300,PlasmoDB
28916755,PmUG01_07020800,PlasmoDB
28916755,PRELSG_0706600,PlasmoDB
28916755,PVP01_0707700,PlasmoDB
28916755,PY17X_0813700,PlasmoDB
28922424,PBANKA_1321700,PlasmoDB
28978649,PCHAS_0501900,PlasmoDB
28978649,PF3D7_1017500,PlasmoDB
28978649,PBANKA_0501800,PlasmoDB
28978649,PKNH_0601700,PlasmoDB
28978649,PGAL8A_00476500,PlasmoDB
28978649,PocGH01_06010600,PlasmoDB
28978649,PRCDC_1016900,PlasmoDB
28978649,PmUG01_00050600,PlasmoDB
28978649,PRELSG_0600900,PlasmoDB
28978649,PVP01_0602700,PlasmoDB
28978649,PY17X_0502800,PlasmoDB
28983103,PCHAS_1130300,PlasmoDB
28983103,PF3D7_1354200,PlasmoDB
28983103,PBANKA_1130800,PlasmoDB
28983103,PKNH_1117600,PlasmoDB
28983103,PGAL8A_00160600,PlasmoDB
28983103,PocGH01_11025300,PlasmoDB
28983103,PRCDC_1353200,PlasmoDB
28983103,PmUG01_11031600,PlasmoDB
28983103,PRELSG_1116200,PlasmoDB
28983103,PVP01_1117600,PlasmoDB
28983103,PY17X_1132200,PlasmoDB
28985225,PCHAS_0203000,PlasmoDB
28985225,PCHAS_1014400,PlasmoDB
28985225,PCHAS_1014700,PlasmoDB
28985225,PF3D7_0109000,PlasmoDB
28985225,PF3D7_1355600,PlasmoDB
28985225,PF3D7_1430800,PlasmoDB
28985225,PF3D7_1431100,PlasmoDB
28985225,PBANKA_1013600,PlasmoDB
28985225,PBANKA_1013900,PlasmoDB
28985225,PKNH_0204800,PlasmoDB
28985225,PKNH_1115900,PlasmoDB
28985225,PKNH_1327600,PlasmoDB
28985225,PKNH_1327900,PlasmoDB
28985225,PGAL8A_00104900,PlasmoDB
28985225,PGAL8A_00162000,PlasmoDB
28985225,PGAL8A_00302400,PlasmoDB
28985225,PGAL8A_00302700,PlasmoDB
28985225,PocGH01_02013300,PlasmoDB
28985225,PocGH01_11024000,PlasmoDB
28985225,PocGH01_13029100,PlasmoDB
28985225,PocGH01_13029400,PlasmoDB
28985225,PRCDC_0106800,PlasmoDB
28985225,PRCDC_1354500,PlasmoDB
28985225,PRCDC_1430100,PlasmoDB
28985225,PRCDC_1430400,PlasmoDB
28985225,PmUG01_02015000,PlasmoDB
28985225,PmUG01_11030400,PlasmoDB
28985225,PmUG01_13029000,PlasmoDB
28985225,PmUG01_13029300,PlasmoDB
28985225,PRELSG_0208100,PlasmoDB
28985225,PRELSG_1114900,PlasmoDB
28985225,PRELSG_1320000,PlasmoDB
28985225,PRELSG_1320300,PlasmoDB
28985225,PVP01_0206100,PlasmoDB
28985225,PVP01_1116300,PlasmoDB
28985225,PVP01_1318300,PlasmoDB
28985225,PVP01_1318600,PlasmoDB
28985225,PY17X_0206000,PlasmoDB
28985225,PY17X_1015100,PlasmoDB
28985225,PY17X_1015400,PlasmoDB
29030567,PCHAS_1224100,PlasmoDB
29030567,PF3D7_0807100,PlasmoDB
29030567,PBANKA_1223500,PlasmoDB
29030567,PKNH_0111700,PlasmoDB
29030567,PGAL8A_00109700,PlasmoDB
29030567,PocGH01_01021000,PlasmoDB
29030567,PRCDC_0806700,PlasmoDB
29030567,PmUG01_01024800,PlasmoDB
29030567,PRELSG_0110900,PlasmoDB
29030567,PVP01_0113300,PlasmoDB
29030567,PY17X_1226700,PlasmoDB
29070841,PF3D7_1466400,PlasmoDB
29070841,PKNH_1215100,PlasmoDB
29070841,PGAL8A_00225800,PlasmoDB
29070841,PocGH01_12048400,PlasmoDB
29070841,PRCDC_1465600,PlasmoDB
29070841,PmUG01_12050500,PlasmoDB
29070841,PRELSG_1214400,PlasmoDB
29070841,PVP01_1240400,PlasmoDB
29074774,PCHAS_1015300,PlasmoDB
29074774,PCHAS_1223100,PlasmoDB
29074774,PF3D7_0808200,PlasmoDB
29074774,PF3D7_1430200,PlasmoDB
29074774,PBANKA_1014500,PlasmoDB
29074774,PBANKA_1222500,PlasmoDB
29074774,PKNH_0110500,PlasmoDB
29074774,PKNH_1328500,PlasmoDB
29074774,PGAL8A_00051900,PlasmoDB
29074774,PGAL8A_00301800,PlasmoDB
29074774,PocGH01_01019900,PlasmoDB
29074774,PocGH01_13030000,PlasmoDB
29074774,PRCDC_0807800,PlasmoDB
29074774,PRCDC_1429500,PlasmoDB
29074774,PmUG01_01023700,PlasmoDB
29074774,PmUG01_13029900,PlasmoDB
29074774,PRELSG_0109800,PlasmoDB
29074774,PRELSG_1320900,PlasmoDB
29074774,PVP01_0112200,PlasmoDB
29074774,PVP01_1319200,PlasmoDB
29074774,PY17X_1016000,PlasmoDB
29074774,PY17X_1225700,PlasmoDB
29089429,PCHAS_1212000,PlasmoDB
29089429,PF3D7_1012900,PlasmoDB
29089429,PBANKA_1211300,PlasmoDB
29089429,PKNH_0812700,PlasmoDB
29089429,PGAL8A_00389100,PlasmoDB
29089429,PocGH01_08021300,PlasmoDB
29089429,PRCDC_1012300,PlasmoDB
29089429,PmUG01_08028900,PlasmoDB
29089429,PVP01_0813000,PlasmoDB
29089429,PY17X_1214500,PlasmoDB
29094698,PCHAS_1229000,PlasmoDB
29094698,PF3D7_0801900,PlasmoDB
29094698,PBANKA_1228300,PlasmoDB
29094698,PKNH_0117000,PlasmoDB
29094698,PGAL8A_00078100,PlasmoDB
29094698,PocGH01_01025900,PlasmoDB
29094698,PRCDC_0801500,PlasmoDB
29094698,PmUG01_01030000,PlasmoDB
29094698,PRELSG_0116000,PlasmoDB
29094698,PVP01_0118300,PlasmoDB
29094698,PY17X_1231800,PlasmoDB
29109477,PCHAS_1402700,PlasmoDB
29109477,PF3D7_1302200,PlasmoDB
29109477,PBANKA_1400800,PlasmoDB
29109477,PKNH_1402400,PlasmoDB
29109477,PRCDC_1301200,PlasmoDB
29109477,PVP01_1403100,PlasmoDB
29126146,PCHAS_0105600,PlasmoDB
29126146,PCHAS_0702400,PlasmoDB
29126146,PF3D7_0606200,PlasmoDB
29126146,PF3D7_1147900,PlasmoDB
29126146,PBANKA_0105000,PlasmoDB
29126146,PBANKA_0901200,PlasmoDB
29126146,PKNH_0945800,PlasmoDB
29126146,PKNH_1144000,PlasmoDB
29126146,PGAL8A_00134700,PlasmoDB
29126146,PGAL8A_00375300,PlasmoDB
29126146,PocGH01_09053900,PlasmoDB
29126146,PocGH01_11050400,PlasmoDB
29126146,PRCDC_0604800,PlasmoDB
29126146,PRCDC_1146200,PlasmoDB
29126146,PmUG01_09056800,PlasmoDB
29126146,PmUG01_11056600,PlasmoDB
29126146,PRELSG_1142100,PlasmoDB
29126146,PVP01_0948500,PlasmoDB
29126146,PVP01_1142700,PlasmoDB
29126146,PY17X_0106500,PlasmoDB
29126146,PY17X_0902600,PlasmoDB
29126146,TGME49_248170,ToxoDB
29126146,TGME49_266810,ToxoDB
29126146,TGME49_309100,ToxoDB
29126146,TGME49_318180,ToxoDB
29138437,PBANKA_0204600,PlasmoDB
29141210,PCHAS_1036400,PlasmoDB
29141210,PF3D7_1406600,PlasmoDB
29141210,PBANKA_1035600,PlasmoDB
29141210,PKNH_1351500,PlasmoDB
29141210,PGAL8A_00278500,PlasmoDB
29141210,PocGH01_13053000,PlasmoDB
29141210,PRCDC_1405900,PlasmoDB
29141210,PmUG01_13051600,PlasmoDB
29141210,PRELSG_1344200,PlasmoDB
29141210,PVP01_1342100,PlasmoDB
29141210,PY17X_1038000,PlasmoDB
29150592,Afu4g04760,FungiDB
29156781,TGME49_210730,ToxoDB
29156781,TGME49_257990,ToxoDB
29156781,TGME49_268650,ToxoDB
29180989,TGME49_216140,ToxoDB
29202046,TGME49_285980,ToxoDB
29202046,TGME49_318580,ToxoDB
29202176,PCHAS_1101700,PlasmoDB
29202176,PF3D7_0502200,PlasmoDB
29202176,PF3D7_0606200,PlasmoDB
29202176,PF3D7_1147900,PlasmoDB
29202176,PBANKA_1102000,PlasmoDB
29202176,PKNH_1031700,PlasmoDB
29202176,PGAL8A_00023400,PlasmoDB
29202176,PocGH01_10040300,PlasmoDB
29202176,PRCDC_0501500,PlasmoDB
29202176,PmUG01_06024100,PlasmoDB
29202176,PRELSG_1030300,PlasmoDB
29202176,PVP01_1032800,PlasmoDB
29202176,PY17X_1103100,PlasmoDB
29212709,AN11188,FungiDB
29212709,AN11189,FungiDB
29212709,AN11196,FungiDB
29212709,AN11197,FungiDB
29212709,AN9177,FungiDB
29212709,AN9178,FungiDB
29233900,PCHAS_1316500,PlasmoDB
29233900,PCHAS_1417500,PlasmoDB
29233900,PF3D7_1317200,PlasmoDB
29233900,PF3D7_1449500,PlasmoDB
29233900,PBANKA_1313200,PlasmoDB
29233900,PBANKA_1415700,PlasmoDB
29233900,PKNH_1232600,PlasmoDB
29233900,PKNH_1417900,PlasmoDB
29233900,PGAL8A_00208700,PlasmoDB
29233900,PGAL8A_00513500,PlasmoDB
29233900,PocGH01_12065400,PlasmoDB
29233900,PocGH01_14025300,PlasmoDB
29233900,PRCDC_1316200,PlasmoDB
29233900,PRCDC_1448800,PlasmoDB
29233900,PmUG01_12067500,PlasmoDB
29233900,PmUG01_14033900,PlasmoDB
29233900,PRELSG_1231500,PlasmoDB
29233900,PRELSG_1415100,PlasmoDB
29233900,PVP01_1257500,PlasmoDB
29233900,PVP01_1418100,PlasmoDB
29233900,PY17X_0907300,PlasmoDB
29233900,PY17X_1003200,PlasmoDB
29233900,PY17X_1017000,PlasmoDB
29233900,PY17X_1123200,PlasmoDB
29233900,PY17X_1235000,PlasmoDB
29233900,PY17X_1317000,PlasmoDB
29233900,PY17X_1369400,PlasmoDB
29233900,PY17X_1417400,PlasmoDB
29233900,PY17X_1440000,PlasmoDB
29244879,TGME49_262920,ToxoDB
29263399,TGME49_253370,ToxoDB
29269729,PCHAS_0622300,PlasmoDB
29269729,PF3D7_0723100,PlasmoDB
29269729,PBANKA_0620600,PlasmoDB
29269729,PKNH_0318500,PlasmoDB
29269729,PGAL8A_00183600,PlasmoDB
29269729,PocGH01_03026600,PlasmoDB
29269729,PRCDC_0720300,PlasmoDB
29269729,PmUG01_03029500,PlasmoDB
29269729,PRELSG_0200300,PlasmoDB
29269729,PVP01_0318800,PlasmoDB
29269729,PY17X_0623300,PlasmoDB
29269729,TGME49_225020,ToxoDB
29269729,TGME49_234250,ToxoDB
29269729,TGME49_266630,ToxoDB
29316140,PCHAS_1451300,PlasmoDB
29316140,PF3D7_1234400,PlasmoDB
29316140,PBANKA_1449000,PlasmoDB
29316140,PKNH_1453800,PlasmoDB
29316140,PGAL8A_00456000,PlasmoDB
29316140,PocGH01_14060000,PlasmoDB
29316140,PRCDC_1233600,PlasmoDB
29316140,PmUG01_14068600,PlasmoDB
29316140,PRELSG_1450400,PlasmoDB
29316140,PVP01_1452500,PlasmoDB
29316140,PY17X_1451500,PlasmoDB
29325573,PmUG01_12018200,PlasmoDB
29325573,PmUG01_09042600,PlasmoDB
29338542,CNAG_01319,FungiDB
29338542,CNAG_06352,FungiDB
29357375,TGME49_237230,ToxoDB
29357375,TGME49_270700,ToxoDB
29359180,PCHAS_0825100,PlasmoDB
29359180,PCHAS_1441200,PlasmoDB
29359180,PF3D7_0923900,PlasmoDB
29359180,PF3D7_1224300,PlasmoDB
29359180,PBANKA_0824800,PlasmoDB
29359180,PBANKA_1439200,PlasmoDB
29359180,PKNH_0721900,PlasmoDB
29359180,PKNH_1443600,PlasmoDB
29359180,PGAL8A_00125400,PlasmoDB
29359180,PGAL8A_00436800,PlasmoDB
29359180,PocGH01_07031300,PlasmoDB
29359180,PocGH01_14050000,PlasmoDB
29359180,PRCDC_0921900,PlasmoDB
29359180,PRCDC_1223600,PlasmoDB
29359180,PmUG01_07035400,PlasmoDB
29359180,PmUG01_14058600,PlasmoDB
29359180,PRELSG_0721500,PlasmoDB
29359180,PRELSG_1439900,PlasmoDB
29359180,PVP01_0722400,PlasmoDB
29359180,PVP01_1442500,PlasmoDB
29359180,PY17X_0828100,PlasmoDB
29359180,PY17X_1441700,PlasmoDB
29410428,PCHAS_1127800,PlasmoDB
29410428,PF3D7_0629500,PlasmoDB
29410428,PBANKA_1128300,PlasmoDB
29410428,PKNH_1120000,PlasmoDB
29410428,PGAL8A_00158000,PlasmoDB
29410428,PocGH01_11027800,PlasmoDB
29410428,PRCDC_0627900,PlasmoDB
29410428,PmUG01_11034100,PlasmoDB
29410428,PRELSG_1118800,PlasmoDB
29410428,PVP01_1120000,PlasmoDB
29410428,PY17X_1129800,PlasmoDB
29420579,NCU02193,FungiDB
29435408,PVP01_1306600,PlasmoDB
29470517,PCHAS_1024800,PlasmoDB
29470517,PF3D7_1419200,PlasmoDB
29470517,PBANKA_1024000,PlasmoDB
29470517,PKNH_1338800,PlasmoDB
29470517,PGAL8A_00291000,PlasmoDB
29470517,PocGH01_13040600,PlasmoDB
29470517,PRCDC_1418500,PlasmoDB
29470517,PmUG01_13039700,PlasmoDB
29470517,PRELSG_1331800,PlasmoDB
29470517,PVP01_1329700,PlasmoDB
29470517,PY17X_1025900,PlasmoDB
29470517,TGME49_310770,ToxoDB
29483266,PCHAS_0511100,PlasmoDB
29483266,PCHAS_1326900,PlasmoDB
29483266,PF3D7_1026900,PlasmoDB
29483266,PF3D7_1460000,PlasmoDB
29483266,PBANKA_0511000,PlasmoDB
29483266,PBANKA_1323600,PlasmoDB
29483266,PBANKA_1332800,PlasmoDB
29483266,PKNH_0611300,PlasmoDB
29483266,PGAL8A_00219300,PlasmoDB
29483266,PGAL8A_00486100,PlasmoDB
29483266,PocGH01_06019900,PlasmoDB
29483266,PRCDC_1026200,PlasmoDB
29483266,PRCDC_1459300,PlasmoDB
29483266,PmUG01_10038100,PlasmoDB
29483266,PRELSG_0610500,PlasmoDB
29483266,PRELSG_1220900,PlasmoDB
29483266,PVP01_0612000,PlasmoDB
29483266,PY17X_0512100,PlasmoDB
29483266,PY17X_1327400,PlasmoDB
29503181,PCHAS_1438100,PlasmoDB
29503181,PBANKA_1436100,PlasmoDB
29503181,PKNH_1440000,PlasmoDB
29503181,PVP01_1439200,PlasmoDB
29503181,PY17X_1438500,PlasmoDB
29507322,PCHAS_1127100,PlasmoDB
29507322,PF3D7_0629000,PlasmoDB
29507322,PBANKA_1127600,PlasmoDB
29507322,PKNH_1120800,PlasmoDB
29507322,PGAL8A_00157500,PlasmoDB
29507322,PocGH01_11028300,PlasmoDB
29507322,PRCDC_0627400,PlasmoDB
29507322,PmUG01_11034600,PlasmoDB
29507322,PRELSG_1119300,PlasmoDB
29507322,PVP01_1120500,PlasmoDB
29507322,PY17X_1129100,PlasmoDB
29509772,PCHAS_1003300,PlasmoDB
29509772,PF3D7_0404700,PlasmoDB
29509772,PBANKA_1002400,PlasmoDB
29509772,PKNH_0302800,PlasmoDB
29509772,PGAL8A_00055400,PlasmoDB
29509772,PocGH01_03012200,PlasmoDB
29509772,PRCDC_0402300,PlasmoDB
29509772,PmUG01_03014800,PlasmoDB
29509772,PRELSG_0302000,PlasmoDB
29509772,PVP01_0304100,PlasmoDB
29509772,PY17X_1003800,PlasmoDB
29540177,PKNH_0728800,PlasmoDB
29609625,PF3D7_0320400,PlasmoDB
29618731,PCHAS_1101200,PlasmoDB
29618731,PF3D7_0501700,PlasmoDB
29618731,PBANKA_1101500,PlasmoDB
29618731,PKNH_1032200,PlasmoDB
29618731,PGAL8A_00022900,PlasmoDB
29618731,PocGH01_10040800,PlasmoDB
29618731,PRCDC_0501000,PlasmoDB
29618731,PmUG01_06024600,PlasmoDB
29618731,PRELSG_1030800,PlasmoDB
29618731,PVP01_1033300,PlasmoDB
29618731,PY17X_1102600,PlasmoDB
29636493,PVP01_0531900,PlasmoDB
29636493,PKNH_0515300,PlasmoDB
29664138,PCHAS_0619200,PlasmoDB
29664138,PCHAS_1008700,PlasmoDB
29664138,PCHAS_1017600,PlasmoDB
29664138,PCHAS_1139900,PlasmoDB
29664138,PCHAS_1358100,PlasmoDB
29664138,PCHAS_1407400,PlasmoDB
29664138,PF3D7_0410400,PlasmoDB
29664138,PF3D7_0720000,PlasmoDB
29664138,PF3D7_1307000,PlasmoDB
29664138,PF3D7_1340100,PlasmoDB
29664138,PF3D7_1364500,PlasmoDB
29664138,PF3D7_1427800,PlasmoDB
29664138,PBANKA_0617500,PlasmoDB
29664138,PBANKA_1007800,PlasmoDB
29664138,PBANKA_1016800,PlasmoDB
29664138,PBANKA_1140400,PlasmoDB
29664138,PBANKA_1353500,PlasmoDB
29664138,PBANKA_1405500,PlasmoDB
29664138,PKNH_0308500,PlasmoDB
29664138,PKNH_0315400,PlasmoDB
29664138,PKNH_1106800,PlasmoDB
29664138,PKNH_1261300,PlasmoDB
29664138,PKNH_1330900,PlasmoDB
29664138,PKNH_1407300,PlasmoDB
29664138,PGAL8A_00061000,PlasmoDB
29664138,PGAL8A_00083200,PlasmoDB
29664138,PGAL8A_00171000,PlasmoDB
29664138,PGAL8A_00251100,PlasmoDB
29664138,PGAL8A_00299300,PlasmoDB
29664138,PGAL8A_00503100,PlasmoDB
29664138,PocGH01_03017800,PlasmoDB
29664138,PocGH01_03023800,PlasmoDB
29664138,PocGH01_11016100,PlasmoDB
29664138,PocGH01_12023000,PlasmoDB
29664138,PocGH01_13032300,PlasmoDB
29664138,PocGH01_14015100,PlasmoDB
29664138,PRCDC_0407800,PlasmoDB
29664138,PRCDC_0717200,PlasmoDB
29664138,PRCDC_1306000,PlasmoDB
29664138,PRCDC_1339100,PlasmoDB
29664138,PRCDC_1363400,PlasmoDB
29664138,PRCDC_1427100,PlasmoDB
29664138,PmUG01_03020400,PlasmoDB
29664138,PmUG01_03026400,PlasmoDB
29664138,PmUG01_11021700,PlasmoDB
29664138,PmUG01_12024800,PlasmoDB
29664138,PmUG01_13032300,PlasmoDB
29664138,PmUG01_14023700,PlasmoDB
29664138,PRELSG_0203400,PlasmoDB
29664138,PRELSG_0307600,PlasmoDB
29664138,PRELSG_1106000,PlasmoDB
29664138,PRELSG_1257800,PlasmoDB
29664138,PRELSG_1323300,PlasmoDB
29664138,PRELSG_1404800,PlasmoDB
29664138,PVP01_0309700,PlasmoDB
29664138,PVP01_0315700,PlasmoDB
29664138,PVP01_1107500,PlasmoDB
29664138,PVP01_1214700,PlasmoDB
29664138,PVP01_1321500,PlasmoDB
29664138,PVP01_1407900,PlasmoDB
29664138,PY17X_0620200,PlasmoDB
29664138,PY17X_1009400,PlasmoDB
29664138,PY17X_1018300,PlasmoDB
29664138,PY17X_1141800,PlasmoDB
29664138,PY17X_1358900,PlasmoDB
29664138,PY17X_1407200,PlasmoDB
29844112,Afu4g01370,FungiDB
29844112,Afu4g01420,FungiDB
29844112,Afu5g02620,FungiDB
29844112,Afu5g02640,FungiDB
29844112,Afu5g02655,FungiDB
29844112,Afu5g02660,FungiDB
29844112,Afu5g02670,FungiDB
29864141,CNAG_06695,FungiDB
29976642,CNAG_03781,FungiDB
29985421,PCHAS_0819200,PlasmoDB
29985421,PF3D7_0917900,PlasmoDB
29985421,PBANKA_0818900,PlasmoDB
29985421,PKNH_0715900,PlasmoDB
29985421,PGAL8A_00053400,PlasmoDB
29985421,PocGH01_07025300,PlasmoDB
29985421,PRCDC_0915900,PlasmoDB
29985421,PmUG01_07029400,PlasmoDB
29985421,PRELSG_0715400,PlasmoDB
29985421,PVP01_0716300,PlasmoDB
29985421,PY17X_0822200,PlasmoDB
30005062,TGME49_284540,ToxoDB
30023525,PVP01_0114800,PlasmoDB
30026605,PF3D7_1362200,PlasmoDB
30036991,TGME49_312930,ToxoDB
30044771,Afu6g11110,FungiDB
30044771,AN0585,FungiDB
30050042,PCHAS_0108200,PlasmoDB
30050042,PCHAS_0417200,PlasmoDB
30050042,PCHAS_0418800,PlasmoDB
30050042,PCHAS_0916000,PlasmoDB
30050042,PCHAS_1139600,PlasmoDB
30050042,PCHAS_1313600,PlasmoDB
30050042,PCHAS_1447600,PlasmoDB
30050042,PF3D7_0609000,PlasmoDB
30050042,PF3D7_0903500,PlasmoDB
30050042,PF3D7_0905100,PlasmoDB
30050042,PF3D7_1119900,PlasmoDB
30050042,PF3D7_1364200,PlasmoDB
30050042,PF3D7_1446500,PlasmoDB
30050042,PBANKA_0107600,PlasmoDB
30050042,PBANKA_0416300,PlasmoDB
30050042,PBANKA_0417900,PlasmoDB
30050042,PBANKA_0928300,PlasmoDB
30050042,PBANKA_1140100,PlasmoDB
30050042,PBANKA_1310200,PlasmoDB
30050042,PBANKA_1445400,PlasmoDB
30050042,PKNH_0701200,PlasmoDB
30050042,PKNH_0702800,PlasmoDB
30050042,PKNH_0917600,PlasmoDB
30050042,PKNH_1107100,PlasmoDB
30050042,PKNH_1141200,PlasmoDB
30050042,PKNH_1235700,PlasmoDB
30050042,PGAL8A_00137600,PlasmoDB
30050042,PGAL8A_00170700,PlasmoDB
30050042,PGAL8A_00205700,PlasmoDB
30050042,PGAL8A_00346500,PlasmoDB
30050042,PGAL8A_00416000,PlasmoDB
30050042,PGAL8A_00417600,PlasmoDB
30050042,PocGH01_07010900,PlasmoDB
30050042,PocGH01_07012500,PlasmoDB
30050042,PocGH01_09026100,PlasmoDB
30050042,PocGH01_11016400,PlasmoDB
30050042,PocGH01_11047600,PlasmoDB
30050042,PocGH01_12068300,PlasmoDB
30050042,PRCDC_0607700,PlasmoDB
30050042,PRCDC_0901600,PlasmoDB
30050042,PRCDC_0903200,PlasmoDB
30050042,PRCDC_1118300,PlasmoDB
30050042,PRCDC_1363100,PlasmoDB
30050042,PRCDC_1445800,PlasmoDB
30050042,PmUG01_07015000,PlasmoDB
30050042,PmUG01_07016600,PlasmoDB
30050042,PmUG01_09029100,PlasmoDB
30050042,PmUG01_11022000,PlasmoDB
30050042,PmUG01_11053800,PlasmoDB
30050042,PmUG01_12070500,PlasmoDB
30050042,PRELSG_0700700,PlasmoDB
30050042,PRELSG_0702300,PlasmoDB
30050042,PRELSG_0916700,PlasmoDB
30050042,PRELSG_1106300,PlasmoDB
30050042,PRELSG_1139200,PlasmoDB
30050042,PRELSG_1234500,PlasmoDB
30050042,PVP01_0701900,PlasmoDB
30050042,PVP01_0703500,PlasmoDB
30050042,PVP01_0920500,PlasmoDB
30050042,PVP01_1107800,PlasmoDB
30050042,PVP01_1139900,PlasmoDB
30050042,PVP01_1260500,PlasmoDB
30050042,PY17X_0109200,PlasmoDB
30050042,PY17X_0419100,PlasmoDB
30050042,PY17X_0420700,PlasmoDB
30050042,PY17X_0930300,PlasmoDB
30050042,PY17X_1141500,PlasmoDB
30050042,PY17X_1314100,PlasmoDB
30050042,PY17X_1447900,PlasmoDB
30051161,TGME49_232500,ToxoDB
30102371,PCHAS_0516900,PlasmoDB
30102371,PF3D7_1033000,PlasmoDB
30102371,PF3D7_MIT01500,PlasmoDB
30102371,PF3D7_MIT02200,PlasmoDB
30102371,PF3D7_MIT02900,PlasmoDB
30102371,PBANKA_0208100,PlasmoDB
30102371,PBANKA_0513800,PlasmoDB
30102371,PBANKA_0516800,PlasmoDB
30102371,PBANKA_0816300,PlasmoDB
30102371,PBANKA_1436700,PlasmoDB
30102371,PBANKA_MIT01200,PlasmoDB
30102371,PKNH_0617800,PlasmoDB
30102371,PGAL8A_00492400,PlasmoDB
30102371,PocGH01_06026100,PlasmoDB
30102371,PRCDC_1032300,PlasmoDB
30102371,PmUG01_10044200,PlasmoDB
30102371,PRELSG_0616700,PlasmoDB
30102371,PVP01_0618100,PlasmoDB
30102371,PY17X_0517900,PlasmoDB
30102727,PCHAS_0720500,PlasmoDB
30102727,PBANKA_0711400,PlasmoDB
30158461,TGME49_231870,ToxoDB
30161237,PCHAS_1124000,PlasmoDB
30161237,PCHAS_1305600,PlasmoDB
30161237,PF3D7_0109200,PlasmoDB
30161237,PF3D7_0625600,PlasmoDB
30161237,PF3D7_1438500,PlasmoDB
30161237,PBANKA_1124500,PlasmoDB
30161237,PBANKA_1302400,PlasmoDB
30161237,PKNH_1124200,PlasmoDB
30161237,PKNH_1243900,PlasmoDB
30161237,PGAL8A_00154100,PlasmoDB
30161237,PGAL8A_00197700,PlasmoDB
30161237,PocGH01_11031700,PlasmoDB
30161237,PocGH01_12076300,PlasmoDB
30161237,PRCDC_0624000,PlasmoDB
30161237,PRCDC_1437800,PlasmoDB
30161237,PmUG01_11038000,PlasmoDB
30161237,PmUG01_12078500,PlasmoDB
30161237,PRELSG_1122700,PlasmoDB
30161237,PRELSG_1242500,PlasmoDB
30161237,PVP01_1123900,PlasmoDB
30161237,PVP01_1268500,PlasmoDB
30161237,PY17X_1125900,PlasmoDB
30161237,PY17X_1306200,PlasmoDB
30204084,PF3D7_1022900,PlasmoDB
30204084,TGME49_209260,ToxoDB
30204084,TGME49_254030,ToxoDB
30204084,TGME49_262640,ToxoDB
30204084,TGME49_264040,ToxoDB
30204085,PCHAS_0921200,PlasmoDB
30204085,PF3D7_1125100,PlasmoDB
30204085,PBANKA_0923200,PlasmoDB
30204085,PKNH_0923000,PlasmoDB
30204085,PGAL8A_00351800,PlasmoDB
30204085,PocGH01_09031400,PlasmoDB
30204085,PRCDC_1123600,PlasmoDB
30204085,PmUG01_09034400,PlasmoDB
30204085,PRELSG_0922100,PlasmoDB
30204085,PVP01_0925800,PlasmoDB
30204085,PY17X_0925200,PlasmoDB
30204085,TGME49_231410,ToxoDB
30204085,TGME49_268830,ToxoDB
30208022,TGME49_242070,ToxoDB
30212465,PF3D7_0813700,PlasmoDB
30232409,PCHAS_0827000,PlasmoDB
30232409,PCHAS_1353800,PlasmoDB
30232409,PCHAS_1355100,PlasmoDB
30232409,PF3D7_0925900,PlasmoDB
30232409,PF3D7_1336700,PlasmoDB
30232409,PBANKA_0826700,PlasmoDB
30232409,PBANKA_1349200,PlasmoDB
30232409,PBANKA_1350500,PlasmoDB
30232409,PBANKA_1441700,PlasmoDB
30232409,PKNH_0723800,PlasmoDB
30232409,PKNH_1264600,PlasmoDB
30232409,PGAL8A_00247600,PlasmoDB
30232409,PocGH01_12026300,PlasmoDB
30232409,PRCDC_0923900,PlasmoDB
30232409,PRCDC_1335700,PlasmoDB
30232409,PmUG01_12028100,PlasmoDB
30232409,PRELSG_1261300,PlasmoDB
30232409,PVP01_0724400,PlasmoDB
30232409,PVP01_1218000,PlasmoDB
30232409,PY17X_0830000,PlasmoDB
30232409,PY17X_1354200,PlasmoDB
30232409,PY17X_1355600,PlasmoDB
30235972,PCHAS_0308500,PlasmoDB
30235972,PF3D7_0209200,PlasmoDB
30235972,PBANKA_0306300,PlasmoDB
30235972,PKNH_0411900,PlasmoDB
30235972,PGAL8A_00015800,PlasmoDB
30235972,PocGH01_04020800,PlasmoDB
30235972,PRCDC_0208100,PlasmoDB
30235972,PmUG01_04022900,PlasmoDB
30235972,PRELSG_0413400,PlasmoDB
30235972,PVP01_0415600,PlasmoDB
30235972,PY17X_0306900,PlasmoDB
30279285,PCHAS_1322600,PlasmoDB
30279285,PF3D7_1455600,PlasmoDB
30279285,PBANKA_1319300,PlasmoDB
30279285,PKNH_1226200,PlasmoDB
30279285,PGAL8A_00214900,PlasmoDB
30279285,PocGH01_12059200,PlasmoDB
30279285,PRCDC_1454900,PlasmoDB
30279285,PmUG01_12061300,PlasmoDB
30279285,PRELSG_1225300,PlasmoDB
30279285,PVP01_1251300,PlasmoDB
30279285,PY17X_1323100,PlasmoDB
30279285,TGME49_260470,ToxoDB
30279285,TGME49_309420,ToxoDB
30279285,TGME49_500058,ToxoDB
30279286,Afu1g13670,FungiDB
30297725,PF3D7_0208900,PlasmoDB
30320549,TGME49_288840,ToxoDB
30352931,TGME49_234510,ToxoDB
30362624,TGME49_270690,ToxoDB
30377279,TGME49_208370,ToxoDB
30377279,TGME49_316250,ToxoDB
30410052,AN2701,FungiDB
30410856,PCHAS_1230200,PlasmoDB
30410856,PF3D7_0614800,PlasmoDB
30410856,PBANKA_1229500,PlasmoDB
30410856,PKNH_1135200,PlasmoDB
30410856,PGAL8A_00143500,PlasmoDB
30410856,PocGH01_11042100,PlasmoDB
30410856,PRCDC_0613500,PlasmoDB
30410856,PmUG01_11048400,PlasmoDB
30410856,PRELSG_1133300,PlasmoDB
30410856,PVP01_1134300,PlasmoDB
30410856,PY17X_1233000,PlasmoDB
30429842,PCHAS_0821100,PlasmoDB
30429842,PF3D7_0919900,PlasmoDB
30429842,PBANKA_0820800,PlasmoDB
30429842,PKNH_0717900,PlasmoDB
30429842,PGAL8A_00432700,PlasmoDB
30429842,PocGH01_07027300,PlasmoDB
30429842,PRCDC_0917900,PlasmoDB
30429842,PmUG01_07031400,PlasmoDB
30429842,PRELSG_0717400,PlasmoDB
30429842,PVP01_0718300,PlasmoDB
30429842,PY17X_0824100,PlasmoDB
30468429,NCU01932,FungiDB
30483479,CNAG_01983,FungiDB
30541825,PCHAS_0902900,PlasmoDB
30541825,PBANKA_0941400,PlasmoDB
30541825,PY17X_0943900,PlasmoDB
30545367,PCHAS_0933100,PlasmoDB
30545367,PF3D7_0825700,PlasmoDB
30545367,PBANKA_0704900,PlasmoDB
30545367,PKNH_1319700,PlasmoDB
30545367,PGAL8A_00118900,PlasmoDB
30545367,PocGH01_05015200,PlasmoDB
30545367,PRCDC_0825000,PlasmoDB
30545367,PmUG01_05020300,PlasmoDB
30545367,PRELSG_1308000,PlasmoDB
30545367,PVP01_0508600,PlasmoDB
30545367,PY17X_0705200,PlasmoDB
30547015,PCHAS_1003000,PlasmoDB
30547015,PY17X_1003500,PlasmoDB
30547015,PY17X_1003600,PlasmoDB
30581686,PKNH_0303000,PlasmoDB
30592748,PF3D7_1117500,PlasmoDB
30596727,PCHAS_1205500,PlasmoDB
30596727,PCHAS_1231800,PlasmoDB
30596727,PF3D7_0516400,PlasmoDB
30596727,PF3D7_1006600,PlasmoDB
30596727,PBANKA_1204800,PlasmoDB
30596727,PBANKA_1231200,PlasmoDB
30596727,PKNH_0805400,PlasmoDB
30596727,PKNH_1016900,PlasmoDB
30596727,PGAL8A_00037900,PlasmoDB
30596727,PGAL8A_00382700,PlasmoDB
30596727,PocGH01_08014500,PlasmoDB
30596727,PocGH01_10025200,PlasmoDB
30596727,PRCDC_0515500,PlasmoDB
30596727,PRCDC_1006000,PlasmoDB
30596727,PmUG01_08022400,PlasmoDB
30596727,PmUG01_10028300,PlasmoDB
30596727,PRELSG_0804300,PlasmoDB
30596727,PRELSG_1015500,PlasmoDB
30596727,PVP01_0806300,PlasmoDB
30596727,PVP01_1017600,PlasmoDB
30596727,PY17X_1208000,PlasmoDB
30596727,PY17X_1234600,PlasmoDB
30622189,TGME49_237015,ToxoDB
30622189,TGME49_236870,ToxoDB
30674885,TGME49_202500,ToxoDB
30674885,TGME49_202510,ToxoDB
30674885,TGME49_219270,ToxoDB
30683097,PVP01_1253200,PlasmoDB
30703164,PCHAS_1106900,PlasmoDB
30703164,PCHAS_1139000,PlasmoDB
30703164,PCHAS_1234900,PlasmoDB
30703164,PF3D7_0507600,PlasmoDB
30703164,PF3D7_0519500,PlasmoDB
30703164,PF3D7_1363500,PlasmoDB
30703164,PBANKA_1107200,PlasmoDB
30703164,PBANKA_1139500,PlasmoDB
30703164,PBANKA_1234300,PlasmoDB
30703164,PKNH_1013600,PlasmoDB
30703164,PKNH_1026000,PlasmoDB
30703164,PKNH_1107800,PlasmoDB
30703164,PGAL8A_00028700,PlasmoDB
30703164,PGAL8A_00066900,PlasmoDB
30703164,PGAL8A_00169900,PlasmoDB
30703164,PocGH01_10022100,PlasmoDB
30703164,PocGH01_10033900,PlasmoDB
30703164,PocGH01_11017100,PlasmoDB
30703164,PRCDC_0518600,PlasmoDB
30703164,PRCDC_1362400,PlasmoDB
30703164,PmUG01_06017300,PlasmoDB
30703164,PmUG01_10025100,PlasmoDB
30703164,PmUG01_11022600,PlasmoDB
30703164,PRELSG_1012300,PlasmoDB
30703164,PRELSG_1024900,PlasmoDB
30703164,PRELSG_1107100,PlasmoDB
30703164,PVP01_1014400,PlasmoDB
30703164,PVP01_1026400,PlasmoDB
30703164,PVP01_1108500,PlasmoDB
30703164,PY17X_1108300,PlasmoDB
30703164,PY17X_1140900,PlasmoDB
30703164,PY17X_1237700,PlasmoDB
30726238,PF3D7_0518100,PlasmoDB
30726238,PF3D7_1305100,PlasmoDB
30726238,PF3D7_1363700,PlasmoDB
30728393,TGME49_500223,ToxoDB
30728406,PCHAS_0602900,PlasmoDB
30728406,PF3D7_1202000,PlasmoDB
30728406,PBANKA_0601000,PlasmoDB
30728406,PKNH_1301900,PlasmoDB
30728406,PGAL8A_00319700,PlasmoDB
30728406,PocGH01_13012200,PlasmoDB
30728406,PRCDC_1201400,PlasmoDB
30728406,PmUG01_13012300,PlasmoDB
30728406,PRELSG_1301100,PlasmoDB
30728406,PVP01_1301300,PlasmoDB
30728406,PY17X_0603600,PlasmoDB
30742695,PY17X_0819000,PlasmoDB
30742695,TGME49_215490,ToxoDB
30742695,TGME49_257530,ToxoDB
30742695,TGME49_320020,ToxoDB
30850550,TGME49_244530,ToxoDB
30865554,TGME49_212880,ToxoDB
30888318,PCHAS_0204300,PlasmoDB
30888318,PF3D7_0107500,PlasmoDB
30888318,PBANKA_0205900,PlasmoDB
30888318,PKNH_0206100,PlasmoDB
30888318,PGAL8A_00103600,PlasmoDB
30888318,PocGH01_02014600,PlasmoDB
30888318,PRCDC_0105400,PlasmoDB
30888318,PmUG01_02016300,PlasmoDB
30888318,PRELSG_0209500,PlasmoDB
30888318,PVP01_0207400,PlasmoDB
30888318,PY17X_0207300,PlasmoDB
30914506,TGME49_232960,ToxoDB
30914506,TGME49_214620,ToxoDB
30947298,PCHAS_1436100,PlasmoDB
30947298,PF3D7_1218500,PlasmoDB
30947298,PBANKA_1434100,PlasmoDB
30947298,PKNH_1438100,PlasmoDB
30947298,PGAL8A_00533100,PlasmoDB
30947298,PocGH01_14044700,PlasmoDB
30947298,PRCDC_1217800,PlasmoDB
30947298,PmUG01_14053300,PlasmoDB
30947298,PRELSG_1434600,PlasmoDB
30947298,PVP01_1437300,PlasmoDB
30947298,PY17X_1436500,PlasmoDB
30959972,TGME49_500344,ToxoDB
30976120,TGME49_202610,ToxoDB
30976120,TGME49_232340,ToxoDB
30976120,TGME49_267100,ToxoDB
30999945,PVP01_0730000,PlasmoDB
31035999,PKNH_1266000,PlasmoDB
31036909,TGME49_239010,ToxoDB
31040239,TGME49_203600,ToxoDB
31040239,TGME49_208740,ToxoDB
31040242,TGME49_239010,ToxoDB
31068436,Afu1g11420,FungiDB
31087747,PCHAS_1361800,PlasmoDB
31087747,PF3D7_1344200,PlasmoDB
31087747,PBANKA_1357200,PlasmoDB
31087747,PKNH_1257200,PlasmoDB
31087747,PRCDC_1343200,PlasmoDB
31087747,PVP01_1210600,PlasmoDB
31087747,PY17X_1362900,PlasmoDB
31091451,TGME49_290720,ToxoDB
31091451,TGME49_232830,ToxoDB
31094679,PVP01_0304700,PlasmoDB
31118298,TGME49_251630,ToxoDB
31125575,PF3D7_0114000,PlasmoDB
31125575,PF3D7_0220400,PlasmoDB
31125575,PF3D7_0402100,PlasmoDB
31125575,PF3D7_1038800,PlasmoDB
31131706,Afu6g06710,FungiDB
31148576,PCHAS_0904200,PlasmoDB
31148576,PF3D7_1106800,PlasmoDB
31148576,PBANKA_0940100,PlasmoDB
31148576,PKNH_0904400,PlasmoDB
31148576,PGAL8A_00334100,PlasmoDB
31148576,PocGH01_09013500,PlasmoDB
31148576,PRCDC_1105300,PlasmoDB
31148576,PmUG01_09016400,PlasmoDB
31148576,PRELSG_0904000,PlasmoDB
31148576,PVP01_0907600,PlasmoDB
31148576,PY17X_0942600,PlasmoDB
31185066,PCHAS_1215800,PlasmoDB
31185066,PBANKA_1215100,PlasmoDB
31185066,PKNH_0515800,PlasmoDB
31185066,PKNH_0817000,PlasmoDB
31185066,PKNH_1353400,PlasmoDB
31185066,PGAL8A_00392900,PlasmoDB
31185066,PocGH01_08025100,PlasmoDB
31185066,PmUG01_08032700,PlasmoDB
31185066,PRELSG_0814600,PlasmoDB
31185066,PVP01_0816800,PlasmoDB
31185066,PY17X_1218300,PlasmoDB
31202684,PBANKA_1131900,PlasmoDB
31202685,PY17X_0405400,PlasmoDB
31233488,TGME49_297230,ToxoDB
31239348,PVP01_1312900,PlasmoDB
31263575,PF3D7_0805600,PlasmoDB
31263575,PKNH_0113300,PlasmoDB
31263575,PGAL8A_00108100,PlasmoDB
31263575,PocGH01_01022600,PlasmoDB
31263575,PRCDC_0805200,PlasmoDB
31263575,PmUG01_01026400,PlasmoDB
31263575,PRELSG_0112500,PlasmoDB
31263575,PVP01_0114900,PlasmoDB
31283102,PCHAS_0112800,PlasmoDB
31283102,PCHAS_0709800,PlasmoDB
31283102,PCHAS_1348700,PlasmoDB
31283102,PCHAS_1360300,PlasmoDB
31283102,PCHAS_1446700,PlasmoDB
31283102,PF3D7_0613900,PlasmoDB
31283102,PF3D7_1140500,PlasmoDB
31283102,PF3D7_1229800,PlasmoDB
31283102,PF3D7_1329100,PlasmoDB
31283102,PBANKA_0112200,PlasmoDB
31283102,PBANKA_0908500,PlasmoDB
31283102,PBANKA_1344100,PlasmoDB
31283102,PBANKA_1355700,PlasmoDB
31283102,PBANKA_1444500,PlasmoDB
31283102,PKNH_0938300,PlasmoDB
31283102,PKNH_1136100,PlasmoDB
31283102,PKNH_1258800,PlasmoDB
31283102,PKNH_1271300,PlasmoDB
31283102,PKNH_1449200,PlasmoDB
31283102,PGAL8A_00142500,PlasmoDB
31283102,PGAL8A_00241400,PlasmoDB
31283102,PGAL8A_00253700,PlasmoDB
31283102,PGAL8A_00368000,PlasmoDB
31283102,PGAL8A_00451500,PlasmoDB
31283102,PocGH01_09046700,PlasmoDB
31283102,PocGH01_11043000,PlasmoDB
31283102,PocGH01_12033400,PlasmoDB
31283102,PocGH01_14055500,PlasmoDB
31283102,PRCDC_0612600,PlasmoDB
31283102,PRCDC_1138900,PlasmoDB
31283102,PRCDC_1229100,PlasmoDB
31283102,PRCDC_1328100,PlasmoDB
31283102,PRCDC_1341600,PlasmoDB
31283102,PmUG01_09049600,PlasmoDB
31283102,PmUG01_11049300,PlasmoDB
31283102,PmUG01_12022300,PlasmoDB
31283102,PmUG01_12035400,PlasmoDB
31283102,PmUG01_14064100,PlasmoDB
31283102,PRELSG_0937900,PlasmoDB
31283102,PRELSG_1134300,PlasmoDB
31283102,PRELSG_1255300,PlasmoDB
31283102,PRELSG_1267700,PlasmoDB
31283102,PRELSG_1445400,PlasmoDB
31283102,PVP01_0941200,PlasmoDB
31283102,PVP01_1135200,PlasmoDB
31283102,PVP01_1225400,PlasmoDB
31283102,PVP01_1448000,PlasmoDB
31283102,PY17X_0113800,PlasmoDB
31283102,PY17X_0909900,PlasmoDB
31283102,PY17X_1348900,PlasmoDB
31283102,PY17X_1447000,PlasmoDB
31334132,PBANKA_0810400,PlasmoDB
31344067,PmUG01_07042000,PlasmoDB
31348803,PCHAS_0515500,PlasmoDB
31348803,PBANKA_0515400,PlasmoDB
31348803,PKNH_0616300,PlasmoDB
31348803,PGAL8A_00491000,PlasmoDB
31348803,PocGH01_06024700,PlasmoDB
31348803,PRCDC_1030900,PlasmoDB
31348803,PmUG01_10042800,PlasmoDB
31348803,PRELSG_0615300,PlasmoDB
31348803,PVP01_0616700,PlasmoDB
31348803,PY17X_0516500,PlasmoDB
31384004,PCHAS_0212000,PlasmoDB
31384004,PCHAS_1447700,PlasmoDB
31384004,PF3D7_0729500,PlasmoDB
31384004,PF3D7_1230800,PlasmoDB
31384004,PBANKA_0213600,PlasmoDB
31384004,PBANKA_1445500,PlasmoDB
31384004,PKNH_0214400,PlasmoDB
31384004,PKNH_1450200,PlasmoDB
31384004,PGAL8A_00095400,PlasmoDB
31384004,PGAL8A_00452500,PlasmoDB
31384004,PocGH01_02022400,PlasmoDB
31384004,PocGH01_14056500,PlasmoDB
31384004,PRCDC_0726300,PlasmoDB
31384004,PRCDC_1230100,PlasmoDB
31384004,PmUG01_02024100,PlasmoDB
31384004,PmUG01_14065100,PlasmoDB
31384004,PRELSG_0217900,PlasmoDB
31384004,PRELSG_1446900,PlasmoDB
31384004,PVP01_0215200,PlasmoDB
31384004,PVP01_1449000,PlasmoDB
31384004,PY17X_0215000,PlasmoDB
31384004,PY17X_1448000,PlasmoDB
31390575,PCHAS_1024300,PlasmoDB
31390575,PF3D7_1419700,PlasmoDB
31390575,PBANKA_1023500,PlasmoDB
31390575,PKNH_1338300,PlasmoDB
31390575,PGAL8A_00291500,PlasmoDB
31390575,PocGH01_13040100,PlasmoDB
31390575,PRCDC_1419000,PlasmoDB
31390575,PmUG01_13039200,PlasmoDB
31390575,PRELSG_1331300,PlasmoDB
31390575,PVP01_1329200,PlasmoDB
31390575,PY17X_1025400,PlasmoDB
31444161,PCHAS_0313500,PlasmoDB
31444161,PF3D7_0214600,PlasmoDB
31444161,PBANKA_0311400,PlasmoDB
31444161,PKNH_0406200,PlasmoDB
31444161,PGAL8A_00405300,PlasmoDB
31444161,PocGH01_04015500,PlasmoDB
31444161,PRCDC_0213500,PlasmoDB
31444161,PmUG01_04017700,PlasmoDB
31444161,PRELSG_0405400,PlasmoDB
31444161,PVP01_0410300,PlasmoDB
31444161,PY17X_0311900,PlasmoDB
31454137,PCHAS_1036600,PlasmoDB
31454137,PCHAS_1450300,PlasmoDB
31454137,PF3D7_1233300,PlasmoDB
31454137,PF3D7_1406400,PlasmoDB
31454137,PBANKA_1035800,PlasmoDB
31454137,PBANKA_1448000,PlasmoDB
31454137,PKNH_1351700,PlasmoDB
31454137,PKNH_1452800,PlasmoDB
31454137,PGAL8A_00278300,PlasmoDB
31454137,PGAL8A_00455000,PlasmoDB
31454137,PocGH01_13053200,PlasmoDB
31454137,PocGH01_14059000,PlasmoDB
31454137,PRCDC_1232600,PlasmoDB
31454137,PRCDC_1405700,PlasmoDB
31454137,PmUG01_13051800,PlasmoDB
31454137,PmUG01_14067600,PlasmoDB
31454137,PRELSG_1344400,PlasmoDB
31454137,PRELSG_1449400,PlasmoDB
31454137,PVP01_1342300,PlasmoDB
31454137,PVP01_1451500,PlasmoDB
31454137,PY17X_1038200,PlasmoDB
31454137,PY17X_1450500,PlasmoDB
31454137,TGME49_244050,ToxoDB
31469232,PCHAS_0207900,PlasmoDB
31469232,PF3D7_0103600,PlasmoDB
31469232,PBANKA_0209500,PlasmoDB
31469232,PKNH_0209900,PlasmoDB
31469232,PGAL8A_00099600,PlasmoDB
31469232,PocGH01_02018300,PlasmoDB
31469232,PRCDC_0101500,PlasmoDB
31469232,PmUG01_02020000,PlasmoDB
31469232,PRELSG_0213600,PlasmoDB
31469232,PVP01_0211100,PlasmoDB
31469232,PY17X_0210900,PlasmoDB
31470470,TGME49_230340,ToxoDB
31470470,TGME49_242790,ToxoDB
31470470,TGME49_295850,ToxoDB
31470470,TGME49_310070,ToxoDB
31470470,TGME49_313480,ToxoDB
31470470,TGME49_319900,ToxoDB
31492901,PCHAS_0309700,PlasmoDB
31492901,PF3D7_0210600,PlasmoDB
31492901,PBANKA_0307500,PlasmoDB
31492901,PKNH_0410600,PlasmoDB
31492901,PGAL8A_00014500,PlasmoDB
31492901,PocGH01_04019500,PlasmoDB
31492901,PRCDC_0209500,PlasmoDB
31492901,PmUG01_04021700,PlasmoDB
31492901,PRELSG_0412100,PlasmoDB
31492901,PVP01_0414300,PlasmoDB
31492901,PY17X_0308100,PlasmoDB
31492901,TGME49_235130,ToxoDB
31492901,TGME49_315160,ToxoDB
31548684,Afu5g14910,FungiDB
31548684,Afu5g14900,FungiDB
31552198,PCHAS_0722200,PlasmoDB
31552198,PCHAS_0912300,PlasmoDB
31552198,PBANKA_0713100,PlasmoDB
31552198,PBANKA_0932000,PlasmoDB
31553751,PCHAS_0408200,PlasmoDB
31553751,PF3D7_0309100,PlasmoDB
31553751,PBANKA_0407300,PlasmoDB
31553751,PKNH_0833600,PlasmoDB
31553751,PGAL8A_00008500,PlasmoDB
31553751,PocGH01_08039200,PlasmoDB
31553751,PRCDC_0308400,PlasmoDB
31553751,PmUG01_08047100,PlasmoDB
31553751,PRELSG_0826500,PlasmoDB
31553751,PVP01_0831100,PlasmoDB
31553751,PY17X_0409700,PlasmoDB
31586047,PRCDC_0421500,PlasmoDB
31594816,PCHAS_0835900,PlasmoDB
31594816,PF3D7_0934800,PlasmoDB
31594816,PBANKA_0835600,PlasmoDB
31594816,PKNH_0733500,PlasmoDB
31594816,PGAL8A_00448000,PlasmoDB
31594816,PocGH01_07042500,PlasmoDB
31594816,PRCDC_0932800,PlasmoDB
31594816,PmUG01_07046600,PlasmoDB
31594816,PRELSG_0732800,PlasmoDB
31594816,PVP01_0733500,PlasmoDB
31616399,PBANKA_0931000,PlasmoDB
31728527,PCHAS_0201600,PlasmoDB
31728527,PCHAS_1012300,PlasmoDB
31728527,PCHAS_1207000,PlasmoDB
31728527,PCHAS_1303800,PlasmoDB
31728527,PCHAS_1451000,PlasmoDB
31728527,PF3D7_0110500,PlasmoDB
31728527,PF3D7_1008100,PlasmoDB
31728527,PF3D7_1234100,PlasmoDB
31728527,PF3D7_1433400,PlasmoDB
31728527,PF3D7_1475600,PlasmoDB
31728527,PBANKA_0203200,PlasmoDB
31728527,PBANKA_1011500,PlasmoDB
31728527,PBANKA_1206300,PlasmoDB
31728527,PBANKA_1300600,PlasmoDB
31728527,PBANKA_1448700,PlasmoDB
31728527,PKNH_0203400,PlasmoDB
31728527,PKNH_0420000,PlasmoDB
31728527,PKNH_0807100,PlasmoDB
31728527,PKNH_1245900,PlasmoDB
31728527,PKNH_1453500,PlasmoDB
31728527,PGAL8A_00106300,PlasmoDB
31728527,PGAL8A_00195700,PlasmoDB
31728527,PGAL8A_00304900,PlasmoDB
31728527,PGAL8A_00384200,PlasmoDB
31728527,PGAL8A_00455700,PlasmoDB
31728527,PocGH01_02011800,PlasmoDB
31728527,PocGH01_08016000,PlasmoDB
31728527,PocGH01_12078300,PlasmoDB
31728527,PocGH01_13026900,PlasmoDB
31728527,PocGH01_14059700,PlasmoDB
31728527,PRCDC_0108300,PlasmoDB
31728527,PRCDC_1007500,PlasmoDB
31728527,PRCDC_1233300,PlasmoDB
31728527,PRCDC_1432700,PlasmoDB
31728527,PRCDC_1474700,PlasmoDB
31728527,PmUG01_02013500,PlasmoDB
31728527,PmUG01_08023900,PlasmoDB
31728527,PmUG01_12080500,PlasmoDB
31728527,PmUG01_13026900,PlasmoDB
31728527,PmUG01_14068300,PlasmoDB
31728527,PRELSG_0206700,PlasmoDB
31728527,PRELSG_0805800,PlasmoDB
31728527,PRELSG_1244500,PlasmoDB
31728527,PRELSG_1317700,PlasmoDB
31728527,PRELSG_1450100,PlasmoDB
31728527,PVP01_0204600,PlasmoDB
31728527,PVP01_0807800,PlasmoDB
31728527,PVP01_1270500,PlasmoDB
31728527,PVP01_1316100,PlasmoDB
31728527,PVP01_1452200,PlasmoDB
31728527,PY17X_0204600,PlasmoDB
31728527,PY17X_1013000,PlasmoDB
31728527,PY17X_1209500,PlasmoDB
31728527,PY17X_1304200,PlasmoDB
31728527,PY17X_1451200,PlasmoDB
31779253,AN8501,FungiDB
31797898,PF3D7_0704600,PlasmoDB
31797966,PCHAS_0820600,PlasmoDB
31797966,PF3D7_0919400,PlasmoDB
31797966,PBANKA_0820300,PlasmoDB
31797966,PKNH_0717400,PlasmoDB
31797966,PGAL8A_00432200,PlasmoDB
31797966,PocGH01_07026800,PlasmoDB
31797966,PRCDC_0917400,PlasmoDB
31797966,PmUG01_07030900,PlasmoDB
31797966,PRELSG_0716900,PlasmoDB
31797966,PVP01_0717800,PlasmoDB
31797966,PY17X_0823600,PlasmoDB
31848371,PCHAS_1234700,PlasmoDB
31848371,PF3D7_0519300,PlasmoDB
31848371,PBANKA_1234100,PlasmoDB
31848371,PKNH_1013800,PlasmoDB
31848371,PGAL8A_00066700,PlasmoDB
31848371,PocGH01_10022300,PlasmoDB
31848371,PRCDC_0518400,PlasmoDB
31848371,PmUG01_10025300,PlasmoDB
31848371,PRELSG_1012500,PlasmoDB
31848371,PVP01_1014600,PlasmoDB
31848371,PY17X_1237500,PlasmoDB
31866984,PF3D7_0925800,PlasmoDB
31866984,PF3D7_1123400,PlasmoDB
31872112,PCHAS_0620500,PlasmoDB
31872112,PF3D7_0721300,PlasmoDB
31872112,PBANKA_0618800,PlasmoDB
31872112,PKNH_0316700,PlasmoDB
31872112,PGAL8A_00084500,PlasmoDB
31872112,PocGH01_03025100,PlasmoDB
31872112,PRCDC_0718500,PlasmoDB
31872112,PmUG01_03027700,PlasmoDB
31872112,PRELSG_0202100,PlasmoDB
31872112,PVP01_0317000,PlasmoDB
31872112,PY17X_0621500,PlasmoDB
31932719,CNAG_02775,FungiDB
31942933,PCHAS_1106700,PlasmoDB
31942933,PF3D7_0507400,PlasmoDB
31942933,PBANKA_1107000,PlasmoDB
31942933,PKNH_1026200,PlasmoDB
31942933,PGAL8A_00028500,PlasmoDB
31942933,PocGH01_10034100,PlasmoDB
31942933,PRCDC_0506600,PlasmoDB
31942933,PmUG01_06017500,PlasmoDB
31942933,PRELSG_1025100,PlasmoDB
31942933,PVP01_1026600,PlasmoDB
31942933,PY17X_1108100,PlasmoDB
31951090,PCHAS_1320500,PlasmoDB
31951090,PF3D7_1453500,PlasmoDB
31951090,PBANKA_1317200,PlasmoDB
31951090,PKNH_1228600,PlasmoDB
31951090,PGAL8A_00212700,PlasmoDB
31951090,PocGH01_12061400,PlasmoDB
31951090,PRCDC_1452800,PlasmoDB
31951090,PmUG01_12063500,PlasmoDB
31951090,PRELSG_1227500,PlasmoDB
31951090,PVP01_1253500,PlasmoDB
31951090,PY17X_1321000,PlasmoDB
31955846,TGME49_200385,ToxoDB
31969561,Afu1g14330,FungiDB
31969561,Afu2g03280,FungiDB
31969561,Afu2g10640,FungiDB
31969561,Afu2g14250,FungiDB
31969561,Afu3g02340,FungiDB
31969561,Afu5g03920,FungiDB
31969561,Afu6g01970,FungiDB
31969561,Afu7g02190,FungiDB
31969561,Afu7g05510,FungiDB
32004461,PF3D7_1421000,PlasmoDB
32014895,PVP01_0534400,PlasmoDB
32017676,PCHAS_0725100,PlasmoDB
32017676,PF3D7_0414000,PlasmoDB
32017676,PBANKA_0716000,PlasmoDB
32017676,PKNH_0505600,PlasmoDB
32017676,PGAL8A_00087400,PlasmoDB
32017676,PocGH01_05026100,PlasmoDB
32017676,PRCDC_0411500,PlasmoDB
32017676,PRELSG_0509200,PlasmoDB
32017676,PVP01_0520500,PlasmoDB
32017676,PY17X_0716200,PlasmoDB
32019597,PCHAS_0110300,PlasmoDB
32019597,PF3D7_0611400,PlasmoDB
32019597,PBANKA_0109700,PlasmoDB
32019597,PKNH_1139000,PlasmoDB
32019597,PGAL8A_00139900,PlasmoDB
32019597,PocGH01_11045500,PlasmoDB
32019597,PRCDC_0610100,PlasmoDB
32019597,PmUG01_11051700,PlasmoDB
32019597,PRELSG_1136900,PlasmoDB
32019597,PVP01_1137800,PlasmoDB
32019597,PY17X_0111300,PlasmoDB
32019789,TGME49_258870,ToxoDB
32019789,TGME49_310790,ToxoDB
32047127,TGME49_265180,ToxoDB
32047127,TGME49_263323,ToxoDB
32049018,PCHAS_0818300,PlasmoDB
32049018,PCHAS_1108400,PlasmoDB
32049018,PCHAS_1418700,PlasmoDB
32049018,PF3D7_0509100,PlasmoDB
32049018,PF3D7_0917000,PlasmoDB
32049018,PF3D7_1318400,PlasmoDB
32049018,PBANKA_0818000,PlasmoDB
32049018,PBANKA_1108700,PlasmoDB
32049018,PBANKA_1416900,PlasmoDB
32049018,PKNH_0715000,PlasmoDB
32049018,PKNH_1024500,PlasmoDB
32049018,PKNH_1419200,PlasmoDB
32049018,PGAL8A_00030200,PlasmoDB
32049018,PGAL8A_00429900,PlasmoDB
32049018,PGAL8A_00514700,PlasmoDB
32049018,PocGH01_07024400,PlasmoDB
32049018,PocGH01_10032400,PlasmoDB
32049018,PocGH01_14026500,PlasmoDB
32049018,PRCDC_0508300,PlasmoDB
32049018,PRCDC_0915000,PlasmoDB
32049018,PRCDC_1317400,PlasmoDB
32049018,PmUG01_06015800,PlasmoDB
32049018,PmUG01_07028500,PlasmoDB
32049018,PmUG01_14035100,PlasmoDB
32049018,PRELSG_0714500,PlasmoDB
32049018,PRELSG_1023400,PlasmoDB
32049018,PRELSG_1416300,PlasmoDB
32049018,PVP01_0715400,PlasmoDB
32049018,PVP01_1024900,PlasmoDB
32049018,PVP01_1419300,PlasmoDB
32049018,PY17X_0821300,PlasmoDB
32049018,PY17X_1109800,PlasmoDB
32049018,PY17X_1418600,PlasmoDB
32060530,TGME49_225940,ToxoDB
32075880,TGME49_211460,ToxoDB
32075880,TGME49_204340,ToxoDB
32075881,TGME49_228170,ToxoDB
32075884,TGME49_209755,ToxoDB
32083553,Afu1g01010,FungiDB
32093983,PVP01_0814300,PlasmoDB
32094587,TGME49_305340,ToxoDB
32098816,PCHAS_1010200,PlasmoDB
32098816,PCHAS_1436700,PlasmoDB
32098816,PF3D7_1219100,PlasmoDB
32098816,PF3D7_1435500,PlasmoDB
32098816,PBANKA_1009300,PlasmoDB
32098816,PBANKA_1434700,PlasmoDB
32098816,PKNH_0422100,PlasmoDB
32098816,PKNH_1438700,PlasmoDB
32098816,PGAL8A_00307000,PlasmoDB
32098816,PGAL8A_00533700,PlasmoDB
32098816,PocGH01_13024800,PlasmoDB
32098816,PocGH01_14045300,PlasmoDB
32098816,PRCDC_1218400,PlasmoDB
32098816,PRCDC_1434800,PlasmoDB
32098816,PmUG01_13024800,PlasmoDB
32098816,PmUG01_14053900,PlasmoDB
32098816,PRELSG_1315600,PlasmoDB
32098816,PRELSG_1435200,PlasmoDB
32098816,PVP01_1314000,PlasmoDB
32098816,PVP01_1437900,PlasmoDB
32098816,PY17X_1010900,PlasmoDB
32098816,PY17X_1437100,PlasmoDB
32098818,PCHAS_0905900,PlasmoDB
32098818,PF3D7_1108600,PlasmoDB
32098818,PBANKA_0938400,PlasmoDB
32098818,PKNH_0906200,PlasmoDB
32098818,PGAL8A_00335900,PlasmoDB
32098818,PocGH01_09015300,PlasmoDB
32098818,PRCDC_1107100,PlasmoDB
32098818,PmUG01_09018200,PlasmoDB
32098818,PRELSG_0905800,PlasmoDB
32098818,PVP01_0909400,PlasmoDB
32098818,PY17X_0940900,PlasmoDB
32111164,PCHAS_1233200,PlasmoDB
32111164,PF3D7_0517800,PlasmoDB
32111164,PBANKA_1232600,PlasmoDB
32111164,PKNH_1015500,PlasmoDB
32111164,PRCDC_0516900,PlasmoDB
32111164,PVP01_1016200,PlasmoDB
32111164,PY17X_1236000,PlasmoDB
32117098,AN1453,FungiDB
32117098,AN4022,FungiDB
32117098,AN4694,FungiDB
32144363,PCHAS_1310000,PlasmoDB
32144363,PCHAS_1460100,PlasmoDB
32144363,PF3D7_0526200,PlasmoDB
32144363,PF3D7_1244600,PlasmoDB
32144363,PF3D7_1442900,PlasmoDB
32144363,PBANKA_1306800,PlasmoDB
32144363,PBANKA_1457800,PlasmoDB
32144363,PKNH_1239400,PlasmoDB
32144363,PKNH_1464300,PlasmoDB
32144363,PGAL8A_00202100,PlasmoDB
32144363,PGAL8A_00465300,PlasmoDB
32144363,PocGH01_12071900,PlasmoDB
32144363,PocGH01_14069200,PlasmoDB
32144363,PRCDC_1244000,PlasmoDB
32144363,PRCDC_1442200,PlasmoDB
32144363,PmUG01_12074100,PlasmoDB
32144363,PmUG01_14077800,PlasmoDB
32144363,PRELSG_1238100,PlasmoDB
32144363,PRELSG_1459700,PlasmoDB
32144363,PVP01_1264100,PlasmoDB
32144363,PVP01_1461700,PlasmoDB
32144363,PY17X_1310600,PlasmoDB
32144363,PY17X_1460400,PlasmoDB
32165544,PCHAS_1118700,PlasmoDB
32165544,PF3D7_0620000,PlasmoDB
32165544,PBANKA_1119200,PlasmoDB
32165544,PKNH_1130300,PlasmoDB
32165544,PKNH_1130900,PlasmoDB
32165544,PRCDC_0618400,PlasmoDB
32165544,PVP01_1129500,PlasmoDB
32165544,PY17X_1120300,PlasmoDB
32179747,PCHAS_0309700,PlasmoDB
32179747,PF3D7_0210600,PlasmoDB
32179747,PBANKA_0307500,PlasmoDB
32179747,PKNH_0410600,PlasmoDB
32179747,PRCDC_0209500,PlasmoDB
32179747,PVP01_0414300,PlasmoDB
32179747,PY17X_0308100,PlasmoDB
32184257,PF3D7_1301700,PlasmoDB
32228600,PocGH01_04023000,PlasmoDB
32266165,PCHAS_1008900,PlasmoDB
32266165,PF3D7_0410600,PlasmoDB
32266165,PBANKA_1008000,PlasmoDB
32266165,PKNH_0308700,PlasmoDB
32266165,PGAL8A_00061200,PlasmoDB
32266165,PocGH01_03018000,PlasmoDB
32266165,PRCDC_0408000,PlasmoDB
32266165,PmUG01_03020600,PlasmoDB
32266165,PRELSG_0307800,PlasmoDB
32266165,PVP01_0309900,PlasmoDB
32266165,PY17X_1009600,PlasmoDB
32266169,PVP01_1435400,PlasmoDB
32273496,PCHAS_1114700,PlasmoDB
32273496,PF3D7_0515500,PlasmoDB
32273496,PBANKA_1115100,PlasmoDB
32273496,PKNH_1017700,PlasmoDB
32273496,PGAL8A_00037000,PlasmoDB
32273496,PocGH01_10026000,PlasmoDB
32273496,PRCDC_0514600,PlasmoDB
32273496,PmUG01_10029100,PlasmoDB
32273496,PRELSG_1016400,PlasmoDB
32273496,PVP01_1018400,PlasmoDB
32273496,PY17X_1116300,PlasmoDB
32284562,PF3D7_0102600,PlasmoDB
32284562,PF3D7_0424700,PlasmoDB
32284562,PF3D7_0500900,PlasmoDB
32284562,PF3D7_0726200,PlasmoDB
32284562,PF3D7_1149300,PlasmoDB
32284562,PF3D7_1200800,PlasmoDB
32284562,PF3D7_1371700,PlasmoDB
32318061,PF3D7_1035900,PlasmoDB
32318061,PRCDC_1035200,PlasmoDB
32343703,PF3D7_1434300,PlasmoDB
32352241,PCHAS_1114800,PlasmoDB
32352241,PF3D7_0515600,PlasmoDB
32352241,PBANKA_1115200,PlasmoDB
32352241,PKNH_1017600,PlasmoDB
32352241,PGAL8A_00037100,PlasmoDB
32352241,PocGH01_10025900,PlasmoDB
32352241,PRCDC_0514700,PlasmoDB
32352241,PmUG01_10029000,PlasmoDB
32352241,PRELSG_1016300,PlasmoDB
32352241,PVP01_1018300,PlasmoDB
32352241,PY17X_1116400,PlasmoDB
32374791,TGME49_217680,ToxoDB
32374791,TGME49_254000,ToxoDB
32374791,TGME49_267740,ToxoDB
32374791,TGME49_268790,ToxoDB
32374791,TGME49_309760,ToxoDB
32374791,TGME49_309930,ToxoDB
32379047,TGME49_292950,ToxoDB
32395856,PY17X_1328100,PlasmoDB
32395856,PY17X_0109900,PlasmoDB
32398313,CNAG_02715,FungiDB
32398313,CNAG_05142,FungiDB
32398313,CNAG_05881,FungiDB
32407410,PY17X_0210400,PlasmoDB
32409604,TGME49_233010,ToxoDB
32409604,TGME49_246950,ToxoDB
32463831,PCHAS_1420700,PlasmoDB
32463831,PBANKA_1418900,PlasmoDB
32463831,PY17X_1420600,PlasmoDB
32471507,PF3D7_0617400,PlasmoDB
32487761,PCHAS_1316700,PlasmoDB
32487761,PF3D7_1449700,PlasmoDB
32487761,PBANKA_1313400,PlasmoDB
32487761,PKNH_1232400,PlasmoDB
32487761,PGAL8A_00208900,PlasmoDB
32487761,PocGH01_12065200,PlasmoDB
32487761,PRCDC_1449000,PlasmoDB
32487761,PmUG01_12067300,PlasmoDB
32487761,PRELSG_1231300,PlasmoDB
32487761,PVP01_1257300,PlasmoDB
32487761,PY17X_1317200,PlasmoDB
32488076,PCHAS_1433600,PlasmoDB
32488076,PBANKA_1431600,PlasmoDB
32488076,PKNH_1435400,PlasmoDB
32488076,PGAL8A_00530500,PlasmoDB
32488076,PocGH01_14042000,PlasmoDB
32488076,PmUG01_14050700,PlasmoDB
32488076,PRELSG_1432000,PlasmoDB
32488076,PVP01_1434700,PlasmoDB
32488076,PY17X_1433900,PlasmoDB
32501284,PCHAS_1115300,PlasmoDB
32501284,PCHAS_1444400,PlasmoDB
32501284,PF3D7_1227600,PlasmoDB
32501284,PBANKA_1115700,PlasmoDB
32501284,PBANKA_1442300,PlasmoDB
32501284,PKNH_1133800,PlasmoDB
32501284,PKNH_1447000,PlasmoDB
32501284,PGAL8A_00128700,PlasmoDB
32501284,PGAL8A_00144900,PlasmoDB
32501284,PocGH01_11040700,PlasmoDB
32501284,PocGH01_14053300,PlasmoDB
32501284,PRCDC_0614900,PlasmoDB
32501284,PRCDC_1226900,PlasmoDB
32501284,PmUG01_11047000,PlasmoDB
32501284,PmUG01_14061900,PlasmoDB
32501284,PRELSG_1131900,PlasmoDB
32501284,PRELSG_1443200,PlasmoDB
32501284,PVP01_1132900,PlasmoDB
32501284,PVP01_1445800,PlasmoDB
32501284,PY17X_1116900,PlasmoDB
32501284,PY17X_1444800,PlasmoDB
32541034,Afu1g02580,FungiDB
32541034,Afu1g02570,FungiDB
32552779,PCHAS_0618500,PlasmoDB
32552779,PCHAS_1021400,PlasmoDB
32552779,PF3D7_0719300,PlasmoDB
32552779,PF3D7_1422800,PlasmoDB
32552779,PBANKA_0616800,PlasmoDB
32552779,PBANKA_1020600,PlasmoDB
32552779,PKNH_0314700,PlasmoDB
32552779,PKNH_1335200,PlasmoDB
32552779,PGAL8A_00082500,PlasmoDB
32552779,PGAL8A_00294600,PlasmoDB
32552779,PocGH01_03023100,PlasmoDB
32552779,PocGH01_13037100,PlasmoDB
32552779,PRCDC_0716500,PlasmoDB
32552779,PRCDC_1422100,PlasmoDB
32552779,PmUG01_03025700,PlasmoDB
32552779,PmUG01_13036200,PlasmoDB
32552779,PRELSG_0204100,PlasmoDB
32552779,PRELSG_1328200,PlasmoDB
32552779,PVP01_0315000,PlasmoDB
32552779,PVP01_1326200,PlasmoDB
32552779,PY17X_0619500,PlasmoDB
32552779,PY17X_1022500,PlasmoDB
32568069,PBANKA_1230200,PlasmoDB
32591529,PF3D7_1206100,PlasmoDB
32591529,PKNH_1305800,PlasmoDB
32591529,PGAL8A_00315900,PlasmoDB
32591529,PocGH01_13016000,PlasmoDB
32591529,PRCDC_1205400,PlasmoDB
32591529,PmUG01_13016100,PlasmoDB
32591529,PRELSG_1304900,PlasmoDB
32591529,PVP01_1305200,PlasmoDB
32601225,PBANKA_0826700,PlasmoDB
32670896,PCHAS_1457700,PlasmoDB
32670896,PF3D7_1242000,PlasmoDB
32670896,PBANKA_1455400,PlasmoDB
32670896,PKNH_1461300,PlasmoDB
32670896,PGAL8A_00462700,PlasmoDB
32670896,PocGH01_14066600,PlasmoDB
32670896,PRCDC_1241400,PlasmoDB
32670896,PRELSG_1457100,PlasmoDB
32670896,PVP01_1459100,PlasmoDB
32670896,PY17X_1457900,PlasmoDB
32670896,PmUG01_14075200,PlasmoDB
32714878,TGME49_231170,ToxoDB
32714878,TGME49_288700,ToxoDB
32714878,TGME49_297800,ToxoDB
32714878,TGME49_306310,ToxoDB
32738587,TGME49_272370,ToxoDB
32759683,TGME49_247230,ToxoDB
32762689,PCHAS_1335000,PlasmoDB
32762689,PF3D7_1467100,PlasmoDB
32762689,PBANKA_1330400,PlasmoDB
32762689,PKNH_1214200,PlasmoDB
32762689,PGAL8A_00226500,PlasmoDB
32762689,PocGH01_12047700,PlasmoDB
32762689,PRCDC_1466300,PlasmoDB
32762689,PmUG01_12049800,PlasmoDB
32762689,PRELSG_1213700,PlasmoDB
32762689,PVP01_1239700,PlasmoDB
32762689,PY17X_1335100,PlasmoDB
32764679,PCHAS_0933800,PlasmoDB
32764679,PCHAS_1322900,PlasmoDB
32764679,PF3D7_0826400,PlasmoDB
32764679,PF3D7_1455900,PlasmoDB
32764679,PBANKA_0704200,PlasmoDB
32764679,PBANKA_1319600,PlasmoDB
32764679,PKNH_1225900,PlasmoDB
32764679,PKNH_1320600,PlasmoDB
32764679,PGAL8A_00119600,PlasmoDB
32764679,PGAL8A_00215200,PlasmoDB
32764679,PocGH01_05014500,PlasmoDB
32764679,PocGH01_12058900,PlasmoDB
32764679,PRCDC_0825700,PlasmoDB
32764679,PRCDC_1455200,PlasmoDB
32764679,PmUG01_05019600,PlasmoDB
32764679,PmUG01_12061000,PlasmoDB
32764679,PRELSG_1225000,PlasmoDB
32764679,PRELSG_1308700,PlasmoDB
32764679,PVP01_0507900,PlasmoDB
32764679,PVP01_1251000,PlasmoDB
32764679,PY17X_0704500,PlasmoDB
32764679,PY17X_1323400,PlasmoDB
32815516,PF3D7_1037100,PlasmoDB
32816370,PCHAS_1123000,PlasmoDB
32816370,PF3D7_0624600,PlasmoDB
32816370,PBANKA_1123500,PlasmoDB
32816370,PKNH_1125600,PlasmoDB
32816370,PGAL8A_00153100,PlasmoDB
32816370,PocGH01_11032700,PlasmoDB
32816370,PRCDC_0623000,PlasmoDB
32816370,PRELSG_1123700,PlasmoDB
32816370,PVP01_1124900,PlasmoDB
32816370,PY17X_1124900,PlasmoDB
32887901,TGME49_259180,ToxoDB
32956401,PBANKA_0304800,PlasmoDB
32968076,TGME49_228110,ToxoDB
32975363,PCHAS_0912800,PlasmoDB
32975363,PBANKA_0931500,PlasmoDB
32975363,PY17X_0933500,PlasmoDB
33024034,PCHAS_1453700,PlasmoDB
33024034,PF3D7_0913500,PlasmoDB
33024034,PF3D7_1236800,PlasmoDB
33024034,PBANKA_1451400,PlasmoDB
33024034,PKNH_1456500,PlasmoDB
33024034,PGAL8A_00458500,PlasmoDB
33024034,PocGH01_14062400,PlasmoDB
33024034,PRCDC_1236000,PlasmoDB
33024034,PmUG01_14071000,PlasmoDB
33024034,PRELSG_1452900,PlasmoDB
33024034,PVP01_1454900,PlasmoDB
33024034,PY17X_1453900,PlasmoDB
33082261,TGME49_204060,ToxoDB
33082261,TGME49_213072,ToxoDB
33082261,TGME49_271060,ToxoDB
33106323,PF3D7_1331600,PlasmoDB
33106323,PBANKA_1346500,PlasmoDB
33124706,PCHAS_1031300,PlasmoDB
33124706,PF3D7_1412100,PlasmoDB
33124706,PBANKA_1030500,PlasmoDB
33124706,PKNH_1346200,PlasmoDB
33124706,PGAL8A_00283700,PlasmoDB
33124706,PocGH01_13047700,PlasmoDB
33124706,PRCDC_1411400,PlasmoDB
33124706,PmUG01_13046300,PlasmoDB
33124706,PRELSG_1339000,PlasmoDB
33124706,PVP01_1336800,PlasmoDB
33124706,PY17X_1032900,PlasmoDB
33145997,PF3D7_0512000,PlasmoDB
33158988,TGME49_273500,ToxoDB
33173004,TGME49_207820,ToxoDB
33214620,PCHAS_1413300,PlasmoDB
33214620,PF3D7_1313000,PlasmoDB
33214620,PKNH_1413600,PlasmoDB
33214620,PGAL8A_00509300,PlasmoDB
33214620,PocGH01_14021100,PlasmoDB
33214620,PRCDC_1312000,PlasmoDB
33214620,PmUG01_14029700,PlasmoDB
33214620,PRELSG_1410900,PlasmoDB
33214620,PVP01_1413900,PlasmoDB
33214620,PY17X_1413200,PlasmoDB
33222390,PBANKA_0305900,PlasmoDB
33287434,PBANKA_0205600,PlasmoDB
33303633,PVP01_1260800,PlasmoDB
33303967,TGME49_207710,ToxoDB
33368818,PF3D7_1408200,PlasmoDB
33368818,PKNH_1350200,PlasmoDB
33368818,PGAL8A_00279800,PlasmoDB
33368818,PocGH01_13051700,PlasmoDB
33368818,PRCDC_1407500,PlasmoDB
33368818,PmUG01_13050300,PlasmoDB
33368818,PRELSG_1342900,PlasmoDB
33368818,PVP01_1340800,PlasmoDB
33372863,PCHAS_1436800,PlasmoDB
33372863,PBANKA_1434800,PlasmoDB
33372863,PKNH_1438800,PlasmoDB
33372863,PGAL8A_00533800,PlasmoDB
33372863,PocGH01_14045400,PlasmoDB
33372863,PRCDC_1218900,PlasmoDB
33372863,PmUG01_14054000,PlasmoDB
33372863,PRELSG_1435300,PlasmoDB
33372863,PVP01_1438000,PlasmoDB
33372863,PY17X_1437200,PlasmoDB
33379267,PVP01_0532400,PlasmoDB
33383579,TGME49_297650,ToxoDB
33436639,PVP01_0904800,PlasmoDB
33479315,PCHAS_1336000,PlasmoDB
33479315,PF3D7_1468100,PlasmoDB
33479315,PBANKA_1331400,PlasmoDB
33479315,PKNH_1213100,PlasmoDB
33479315,PGAL8A_00227500,PlasmoDB
33479315,PocGH01_12046700,PlasmoDB
33479315,PRCDC_1467300,PlasmoDB
33479315,PmUG01_12048800,PlasmoDB
33479315,PRELSG_1212700,PlasmoDB
33479315,PVP01_1238700,PlasmoDB
33479315,PY17X_1336100,PlasmoDB
33480416,PCHAS_0111700,PlasmoDB
33480416,PF3D7_0612800,PlasmoDB
33480416,PBANKA_0111100,PlasmoDB
33480416,PKNH_1137200,PlasmoDB
33480416,PGAL8A_00141300,PlasmoDB
33480416,PocGH01_11044100,PlasmoDB
33480416,PRCDC_0611500,PlasmoDB
33480416,PmUG01_11050400,PlasmoDB
33480416,PRELSG_1135500,PlasmoDB
33480416,PVP01_1136300,PlasmoDB
33480416,PY17X_0112700,PlasmoDB
33495622,PCHAS_1107800,PlasmoDB
33495622,PCHAS_1449600,PlasmoDB
33495622,PF3D7_0508500,PlasmoDB
33495622,PF3D7_1232700,PlasmoDB
33495622,PBANKA_1108100,PlasmoDB
33495622,PBANKA_1447400,PlasmoDB
33495622,PKNH_1025100,PlasmoDB
33495622,PKNH_1452200,PlasmoDB
33495622,PGAL8A_00029600,PlasmoDB
33495622,PGAL8A_00454400,PlasmoDB
33495622,PocGH01_10033000,PlasmoDB
33495622,PocGH01_14058400,PlasmoDB
33495622,PRCDC_0507700,PlasmoDB
33495622,PRCDC_1232000,PlasmoDB
33495622,PmUG01_06016400,PlasmoDB
33495622,PmUG01_14067000,PlasmoDB
33495622,PRELSG_1024000,PlasmoDB
33495622,PRELSG_1448800,PlasmoDB
33495622,PVP01_1025500,PlasmoDB
33495622,PVP01_1450900,PlasmoDB
33495622,PY17X_1109200,PlasmoDB
33495622,PY17X_1449900,PlasmoDB
33495622,TGME49_222660,ToxoDB
33495622,TGME49_248640,ToxoDB
33495622,TGME49_249730,ToxoDB
33495622,TGME49_316730,ToxoDB
33521087,TGME49_266620,ToxoDB
33524071,PCHAS_1121000,PlasmoDB
33524071,PF3D7_0306000,PlasmoDB
33524071,PF3D7_0622600,PlasmoDB
33524071,PF3D7_0933600,PlasmoDB
33524071,PBANKA_1121500,PlasmoDB
33524071,PKNH_1127600,PlasmoDB
33524071,PGAL8A_00151100,PlasmoDB
33524071,PocGH01_11034700,PlasmoDB
33524071,PRCDC_0621000,PlasmoDB
33524071,PmUG01_11041000,PlasmoDB
33524071,PRELSG_1125700,PlasmoDB
33524071,PVP01_1126900,PlasmoDB
33524071,PY17X_1122900,PlasmoDB
33524071,TGME49_201880,ToxoDB
33524071,TGME49_227910,ToxoDB
33536500,PRCDC_1310800,PlasmoDB
33557824,TGME49_209755,ToxoDB
33581138,TGME49_221330,ToxoDB
33581138,TGME49_261850,ToxoDB
33581138,TGME49_297780,ToxoDB
33581138,TGME49_297940,ToxoDB
33593973,PCHAS_0617000,PlasmoDB
33593973,PF3D7_0717600,PlasmoDB
33593973,PBANKA_0615300,PlasmoDB
33593973,PKNH_0312600,PlasmoDB
33593973,PGAL8A_00064700,PlasmoDB
33593973,PocGH01_03021500,PlasmoDB
33593973,PRCDC_0714900,PlasmoDB
33593973,PmUG01_03024100,PlasmoDB
33593973,PRELSG_0311300,PlasmoDB
33593973,PVP01_0313400,PlasmoDB
33593973,PY17X_0618000,PlasmoDB
33593973,TGME49_232150,ToxoDB
33604307,PCHAS_0505200,PlasmoDB
33604307,PF3D7_1020900,PlasmoDB
33604307,PBANKA_0505100,PlasmoDB
33604307,PKNH_0605200,PlasmoDB
33604307,PGAL8A_00480100,PlasmoDB
33604307,PocGH01_06014000,PlasmoDB
33604307,PRCDC_1020300,PlasmoDB
33604307,PmUG01_06012300,PlasmoDB
33604307,PRELSG_0604500,PlasmoDB
33604307,PVP01_0606100,PlasmoDB
33604307,PY17X_0506200,PlasmoDB
33651838,PF3D7_0722700,PlasmoDB
33651838,PF3D7_1012300,PlasmoDB
33651838,PF3D7_1448900,PlasmoDB
33651838,TGME49_202680,ToxoDB
33651838,TGME49_236210,ToxoDB
33705380,PCHAS_0709000,PlasmoDB
33705380,PF3D7_1141300,PlasmoDB
33705380,PBANKA_0907700,PlasmoDB
33705380,PKNH_0939100,PlasmoDB
33705380,PGAL8A_00368800,PlasmoDB
33705380,PocGH01_09047500,PlasmoDB
33705380,PRCDC_1139700,PlasmoDB
33705380,PmUG01_09050400,PlasmoDB
33705380,PRELSG_0938700,PlasmoDB
33705380,PVP01_0942000,PlasmoDB
33705380,PY17X_0909100,PlasmoDB
33705380,TGME49_245710,ToxoDB
33715347,PCHAS_0411400,PlasmoDB
33715347,PF3D7_0312500,PlasmoDB
33715347,PBANKA_0410500,PlasmoDB
33715347,PKNH_0829700,PlasmoDB
33715347,PRCDC_0311800,PlasmoDB
33715347,PVP01_0827700,PlasmoDB
33715347,PY17X_0413000,PlasmoDB
33740894,PCHAS_0924700,PlasmoDB
33740894,PF3D7_1128500,PlasmoDB
33740894,PBANKA_0919700,PlasmoDB
33740894,PKNH_0926600,PlasmoDB
33740894,PGAL8A_00355400,PlasmoDB
33740894,PocGH01_09034900,PlasmoDB
33740894,PRCDC_1127000,PlasmoDB
33740894,PmUG01_09037800,PlasmoDB
33740894,PRELSG_0925700,PlasmoDB
33740894,PVP01_0929300,PlasmoDB
33740894,PY17X_0921800,PlasmoDB
33740894,TGME49_318590,ToxoDB
33747980,PY17X_0507300,PlasmoDB
33747980,PBANKA_0506200,PlasmoDB
33762339,PCHAS_1448300,PlasmoDB
33762339,PF3D7_1231400,PlasmoDB
33762339,PBANKA_1446100,PlasmoDB
33762339,PKNH_1450800,PlasmoDB
33762339,PGAL8A_00453100,PlasmoDB
33762339,PocGH01_14057100,PlasmoDB
33762339,PRCDC_1230700,PlasmoDB
33762339,PmUG01_14065700,PlasmoDB
33762339,PRELSG_1447500,PlasmoDB
33762339,PVP01_1449600,PlasmoDB
33762339,PY17X_1448600,PlasmoDB
33768012,PF3D7_1420600,PlasmoDB
33768012,PKNH_1337400,PlasmoDB
33768012,PGAL8A_00292400,PlasmoDB
33768012,PocGH01_13039200,PlasmoDB
33768012,PRCDC_1419900,PlasmoDB
33768012,PmUG01_13038300,PlasmoDB
33768012,PRELSG_1330400,PlasmoDB
33768012,PVP01_1328300,PlasmoDB
33791240,PCHAS_1460000,PlasmoDB
33791240,PF3D7_0814600,PlasmoDB
33791240,PF3D7_1244500,PlasmoDB
33791240,PBANKA_1457700,PlasmoDB
33791240,PKNH_1463700,PlasmoDB
33791240,PGAL8A_00465200,PlasmoDB
33791240,PocGH01_14069100,PlasmoDB
33791240,PRCDC_1243900,PlasmoDB
33791240,PmUG01_14077700,PlasmoDB
33791240,PRELSG_1459600,PlasmoDB
33791240,PVP01_1461600,PlasmoDB
33791240,PY17X_1460300,PlasmoDB
33791240,PBANKA_1422900,PlasmoDB
33793004,TGME49_299080,ToxoDB
33803212,TGME49_234380,ToxoDB
33839154,PF3D7_1214200,PlasmoDB
33883265,TGME49_220890,ToxoDB
33883265,TGME49_275850,ToxoDB
33883265,TGME49_275860,ToxoDB
33883265,TGME49_308970,ToxoDB
33974939,PCHAS_0507000,PlasmoDB
33974939,PF3D7_1022700,PlasmoDB
33974939,PBANKA_0506900,PlasmoDB
33974939,PKNH_0607000,PlasmoDB
33974939,PGAL8A_00482000,PlasmoDB
33974939,PocGH01_06015800,PlasmoDB
33974939,PRCDC_1022100,PlasmoDB
33974939,PmUG01_10033900,PlasmoDB
33974939,PRELSG_0606400,PlasmoDB
33974939,PVP01_0607900,PlasmoDB
33974939,PY17X_0508000,PlasmoDB
33981864,PCHAS_1312900,PlasmoDB
33981864,PF3D7_1445900,PlasmoDB
33981864,PBANKA_1309700,PlasmoDB
33981864,PKNH_1236300,PlasmoDB
33981864,PGAL8A_00205100,PlasmoDB
33981864,PocGH01_12068900,PlasmoDB
33981864,PRCDC_1445200,PlasmoDB
33981864,PmUG01_12071100,PlasmoDB
33981864,PRELSG_1235100,PlasmoDB
33981864,PVP01_1261100,PlasmoDB
33981864,PY17X_1313500,PlasmoDB
33997710,PCHAS_1323000,PlasmoDB
33997710,PF3D7_1456000,PlasmoDB
33997710,PBANKA_1319700,PlasmoDB
33997710,PKNH_1225800,PlasmoDB
33997710,PGAL8A_00215300,PlasmoDB
33997710,PocGH01_12058800,PlasmoDB
33997710,PRCDC_1455300,PlasmoDB
33997710,PmUG01_12060900,PlasmoDB
33997710,PRELSG_1224900,PlasmoDB
33997710,PVP01_1250900,PlasmoDB
33997710,PY17X_1323500,PlasmoDB
34001876,TGME49_230690,ToxoDB
34031901,PCHAS_1310800,PlasmoDB
34031901,PF3D7_1443700,PlasmoDB
34031901,PBANKA_1307600,PlasmoDB
34031901,PKNH_1238600,PlasmoDB
34031901,PGAL8A_00202900,PlasmoDB
34031901,PocGH01_12071100,PlasmoDB
34031901,PRCDC_1443000,PlasmoDB
34031901,PmUG01_12073300,PlasmoDB
34031901,PRELSG_1237300,PlasmoDB
34031901,PVP01_1263300,PlasmoDB
34043960,TGME49_235140,ToxoDB
34043961,TGME49_223510,ToxoDB
34043961,TGME49_254690,ToxoDB
34043961,TGME49_262490,ToxoDB
34106044,TGME49_310560,ToxoDB
34145271,TGME49_321650,ToxoDB
34145386,PBANKA_1028300,PlasmoDB
34155201,PCHAS_1306700,PlasmoDB
34155201,PF3D7_0109950,PlasmoDB
34155201,PF3D7_0306500,PlasmoDB
34155201,PF3D7_0608400,PlasmoDB
34155201,PF3D7_0722700,PlasmoDB
34155201,PF3D7_0808450,PlasmoDB
34155201,PF3D7_0809250,PlasmoDB
34155201,PF3D7_0817800,PlasmoDB
34155201,PF3D7_0905000,PlasmoDB
34155201,PF3D7_1003100,PlasmoDB
34155201,PF3D7_1025800,PlasmoDB
34155201,PF3D7_1125600,PlasmoDB
34155201,PF3D7_1322800,PlasmoDB
34155201,PF3D7_1326000,PlasmoDB
34155201,PF3D7_1345300,PlasmoDB
34155201,PF3D7_1346600,PlasmoDB
34155201,PF3D7_1439600,PlasmoDB
34155201,PBANKA_1303500,PlasmoDB
34155201,PKNH_1242700,PlasmoDB
34155201,PGAL8A_00198800,PlasmoDB
34155201,PocGH01_12075200,PlasmoDB
34155201,PRCDC_1438900,PlasmoDB
34155201,PmUG01_12077400,PlasmoDB
34155201,PRELSG_1241400,PlasmoDB
34155201,PVP01_1267400,PlasmoDB
34155201,PY17X_1307300,PlasmoDB
34155201,TGME49_288750,ToxoDB
34155201,TGME49_320140,ToxoDB
34263725,TGME49_230230,ToxoDB
34263725,TGME49_201200,ToxoDB
34268135,PF3D7_1143100,PlasmoDB
34301597,PY17X_0809500,PlasmoDB
34301597,PocGH01_08029500,PlasmoDB
34301597,PmUG01_08037100,PlasmoDB
34301597,PRCDC_0318300,PlasmoDB
34301597,PRELSG_0819100,PlasmoDB
34301597,PF3D7_0319000,PlasmoDB
34301597,PVP01_0821200,PlasmoDB
34301597,PBANKA_0806300,PlasmoDB
34301597,PGAL8A_00397300,PlasmoDB
34324585,TGME49_201200,ToxoDB
34324585,TGME49_217350,ToxoDB
34324585,TGME49_226660,ToxoDB
34324585,TGME49_268840,ToxoDB
34324601,PF3D7_1437400,PlasmoDB
34324609,PF3D7_1310700,PlasmoDB
34340555,TGME49_208010,ToxoDB
34340555,TGME49_267530,ToxoDB
34342640,PF3D7_1134300,PlasmoDB
34348113,PCHAS_1126000,PlasmoDB
34348113,PF3D7_0627800,PlasmoDB
34348113,PBANKA_1126500,PlasmoDB
34348113,PKNH_1122000,PlasmoDB
34348113,PGAL8A_00156300,PlasmoDB
34348113,PocGH01_11029500,PlasmoDB
34348113,PRCDC_0626200,PlasmoDB
34348113,PmUG01_11035800,PlasmoDB
34348113,PRELSG_1120500,PlasmoDB
34348113,PVP01_1121700,PlasmoDB
34348113,PY17X_1128000,PlasmoDB
34360597,TGME49_288500,ToxoDB
34365503,PCHAS_0710900,PlasmoDB
34365503,PF3D7_1139300,PlasmoDB
34365503,PBANKA_0909600,PlasmoDB
34365503,PKNH_0937300,PlasmoDB
34365503,PGAL8A_00366800,PlasmoDB
34365503,PocGH01_09045600,PlasmoDB
34365503,PRCDC_1137700,PlasmoDB
34365503,PmUG01_09048500,PlasmoDB
34365503,PRELSG_0936800,PlasmoDB
34365503,PVP01_0940100,PlasmoDB
34380472,PF3D7_1476700,PlasmoDB
34384491,TGME49_243298,ToxoDB
34400833,PCHAS_1360600,PlasmoDB
34400833,PF3D7_1342900,PlasmoDB
34400833,PBANKA_1356000,PlasmoDB
34400833,PKNH_1258500,PlasmoDB
34400833,PGAL8A_00254000,PlasmoDB
34400833,PocGH01_12020200,PlasmoDB
34400833,PRCDC_1341900,PlasmoDB
34400833,PmUG01_12022000,PlasmoDB
34400833,PRELSG_1255000,PlasmoDB
34400833,PVP01_1211900,PlasmoDB
34400833,PY17X_1361700,PlasmoDB
34403450,PCHAS_1228800,PlasmoDB
34403450,PF3D7_0802100,PlasmoDB
34403450,PBANKA_1228100,PlasmoDB
34403450,PKNH_0116800,PlasmoDB
34403450,PGAL8A_00078300,PlasmoDB
34403450,PocGH01_01025700,PlasmoDB
34403450,PRCDC_0801700,PlasmoDB
34403450,PmUG01_01029800,PlasmoDB
34403450,PRELSG_0115800,PlasmoDB
34403450,PVP01_0118100,PlasmoDB
34403450,PY17X_1231600,PlasmoDB
34523684,TGME49_263300,ToxoDB
34603593,TGME49_286630,ToxoDB
34604117,PBANKA_1122000,PlasmoDB
34607461,TGME49_212770,ToxoDB
34607461,TGME49_266080,ToxoDB
34607461,TGME49_282070,ToxoDB
34608145,TGME49_311080,ToxoDB
34612205,PF3D7_1208300,PlasmoDB
34612205,TGME49_270310,ToxoDB
34634933,TGME49_202220,ToxoDB
34673764,PCHAS_0901200,PlasmoDB
34673764,PCHAS_1026300,PlasmoDB
34673764,PF3D7_1103800,PlasmoDB
34673764,PF3D7_1417200,PlasmoDB
34673764,PBANKA_0943100,PlasmoDB
34673764,PBANKA_1025500,PlasmoDB
34673764,PKNH_0901400,PlasmoDB
34673764,PKNH_1340900,PlasmoDB
34673764,PGAL8A_00288800,PlasmoDB
34673764,PGAL8A_00331100,PlasmoDB
34673764,PocGH01_09010600,PlasmoDB
34673764,PocGH01_13042600,PlasmoDB
34673764,PRCDC_1102300,PlasmoDB
34673764,PRCDC_1416500,PlasmoDB
34673764,PmUG01_09013500,PlasmoDB
34673764,PmUG01_13041200,PlasmoDB
34673764,PRELSG_0901000,PlasmoDB
34673764,PRELSG_1333900,PlasmoDB
34673764,PVP01_0904600,PlasmoDB
34673764,PVP01_1331700,PlasmoDB
34673764,PY17X_0945600,PlasmoDB
34673764,PY17X_1027900,PlasmoDB
34692826,TGME49_319890,ToxoDB
34730376,PF3D7_0625300,PlasmoDB
34749525,TGME49_215360,ToxoDB
34749525,TGME49_217530,ToxoDB
34749525,TGME49_269950,ToxoDB
34750454,PCHAS_1242300,PlasmoDB
34750454,PF3D7_0527100,PlasmoDB
34750454,PBANKA_1241900,PlasmoDB
34750454,PKNH_1005600,PlasmoDB
34750454,PGAL8A_00074400,PlasmoDB
34750454,PocGH01_10014500,PlasmoDB
34750454,PRCDC_0526200,PlasmoDB
34750454,PmUG01_10017400,PlasmoDB
34750454,PRELSG_1004700,PlasmoDB
34750454,PVP01_1006700,PlasmoDB
34750454,PY17X_1245100,PlasmoDB
34756057,PCHAS_0206700,PlasmoDB
34756057,PCHAS_0206800,PlasmoDB
34756057,PCHAS_0411400,PlasmoDB
34756057,PCHAS_0816000,PlasmoDB
34756057,PCHAS_0927800,PlasmoDB
34756057,PCHAS_1146800,PlasmoDB
34756057,PF3D7_0104700,PlasmoDB
34756057,PF3D7_0104800,PlasmoDB
34756057,PF3D7_0312500,PlasmoDB
34756057,PF3D7_0914700,PlasmoDB
34756057,PF3D7_1129900,PlasmoDB
34756057,PBANKA_0208300,PlasmoDB
34756057,PBANKA_0208400,PlasmoDB
34756057,PBANKA_0410500,PlasmoDB
34756057,PBANKA_0815700,PlasmoDB
34756057,PBANKA_0918300,PlasmoDB
34756057,PKNH_0208700,PlasmoDB
34756057,PKNH_0208800,PlasmoDB
34756057,PKNH_0712600,PlasmoDB
34756057,PKNH_0829700,PlasmoDB
34756057,PKNH_0927800,PlasmoDB
34756057,PGAL8A_00011700,PlasmoDB
34756057,PGAL8A_00100800,PlasmoDB
34756057,PGAL8A_00100900,PlasmoDB
34756057,PGAL8A_00356800,PlasmoDB
34756057,PGAL8A_00427600,PlasmoDB
34756057,PocGH01_02017100,PlasmoDB
34756057,PocGH01_02017200,PlasmoDB
34756057,PocGH01_07022100,PlasmoDB
34756057,PocGH01_08035900,PlasmoDB
34756057,PocGH01_09036200,PlasmoDB
34756057,PRCDC_0102600,PlasmoDB
34756057,PRCDC_0102700,PlasmoDB
34756057,PRCDC_0311800,PlasmoDB
34756057,PRCDC_0912700,PlasmoDB
34756057,PRCDC_1128300,PlasmoDB
34756057,PmUG01_02018800,PlasmoDB
34756057,PmUG01_02018900,PlasmoDB
34756057,PmUG01_07026200,PlasmoDB
34756057,PmUG01_08043700,PlasmoDB
34756057,PmUG01_09039000,PlasmoDB
34756057,PRELSG_0212300,PlasmoDB
34756057,PRELSG_0212400,PlasmoDB
34756057,PRELSG_0712200,PlasmoDB
34756057,PRELSG_0823200,PlasmoDB
34756057,PRELSG_0927100,PlasmoDB
34756057,PVP01_0209900,PlasmoDB
34756057,PVP01_0210000,PlasmoDB
34756057,PVP01_0713100,PlasmoDB
34756057,PVP01_0827700,PlasmoDB
34756057,PVP01_0930500,PlasmoDB
34756057,PY17X_0209700,PlasmoDB
34756057,PY17X_0209800,PlasmoDB
34756057,PY17X_0413000,PlasmoDB
34756057,PY17X_0819000,PlasmoDB
34756057,PY17X_0920000,PlasmoDB
34780541,PCHAS_0314400,PlasmoDB
34780541,PCHAS_0726100,PlasmoDB
34780541,PCHAS_1305700,PlasmoDB
34780541,PF3D7_0215600,PlasmoDB
34780541,PF3D7_0415000,PlasmoDB
34780541,PF3D7_1438600,PlasmoDB
34780541,PBANKA_0312300,PlasmoDB
34780541,PBANKA_0717000,PlasmoDB
34780541,PBANKA_1302500,PlasmoDB
34780541,PKNH_0405300,PlasmoDB
34780541,PKNH_0506600,PlasmoDB
34780541,PKNH_1243800,PlasmoDB
34780541,PGAL8A_00088400,PlasmoDB
34780541,PGAL8A_00197800,PlasmoDB
34780541,PGAL8A_00406200,PlasmoDB
34780541,PocGH01_04014600,PlasmoDB
34780541,PocGH01_05027100,PlasmoDB
34780541,PocGH01_12076200,PlasmoDB
34780541,PRCDC_0214500,PlasmoDB
34780541,PRCDC_0412500,PlasmoDB
34780541,PRCDC_1437900,PlasmoDB
34780541,PmUG01_04016800,PlasmoDB
34780541,PmUG01_05028700,PlasmoDB
34780541,PmUG01_12078400,PlasmoDB
34780541,PRELSG_0404500,PlasmoDB
34780541,PRELSG_0510200,PlasmoDB
34780541,PRELSG_1242400,PlasmoDB
34780541,PVP01_0409400,PlasmoDB
34780541,PVP01_0521500,PlasmoDB
34780541,PVP01_1268400,PlasmoDB
34780541,PY17X_0312800,PlasmoDB
34780541,PY17X_0717200,PlasmoDB
34780541,PY17X_1306300,PlasmoDB
34793583,TGME49_216170,ToxoDB
34793583,TGME49_237560,ToxoDB
34793583,TGME49_300650,ToxoDB
34832620,PCHAS_1034000,PlasmoDB
34832620,PF3D7_1409300,PlasmoDB
34832620,PBANKA_1033200,PlasmoDB
34832620,PKNH_1349100,PlasmoDB
34832620,PocGH01_13050600,PlasmoDB
34832620,PRCDC_1408600,PlasmoDB
34832620,PmUG01_13049200,PlasmoDB
34832620,PRELSG_1341800,PlasmoDB
34832620,PVP01_1339700,PlasmoDB
34832620,PY17X_1035600,PlasmoDB
34879056,PCHAS_0917900,PlasmoDB
34879056,PF3D7_1121900,PlasmoDB
34879056,PBANKA_0926400,PlasmoDB
34879056,PKNH_0919600,PlasmoDB
34879056,PGAL8A_00348500,PlasmoDB
34879056,PocGH01_09028100,PlasmoDB
34879056,PRCDC_1120300,PlasmoDB
34879056,PmUG01_09031100,PlasmoDB
34879056,PRELSG_0918700,PlasmoDB
34879056,PVP01_0922500,PlasmoDB
34879056,PY17X_0928400,PlasmoDB
34880324,PBANKA_0938300,PlasmoDB
34896149,TGME49_215070,ToxoDB
34943148,TGME49_500124,ToxoDB
34943148,TGME49_304730,ToxoDB
34946106,PCHAS_1124800,PlasmoDB
34946106,PCHAS_1365200,PlasmoDB
34946106,PCHAS_1408200,PlasmoDB
34946106,PF3D7_0626500,PlasmoDB
34946106,PF3D7_1032800,PlasmoDB
34946106,PF3D7_1307800,PlasmoDB
34946106,PF3D7_1347800,PlasmoDB
34946106,PBANKA_1125300,PlasmoDB
34946106,PBANKA_1360600,PlasmoDB
34946106,PBANKA_1406300,PlasmoDB
34946106,PKNH_1123300,PlasmoDB
34946106,PKNH_1253100,PlasmoDB
34946106,PKNH_1408100,PlasmoDB
34946106,PGAL8A_00155000,PlasmoDB
34946106,PGAL8A_00503900,PlasmoDB
34946106,PocGH01_11030800,PlasmoDB
34946106,PocGH01_14015900,PlasmoDB
34946106,PRCDC_0624900,PlasmoDB
34946106,PRCDC_1306800,PlasmoDB
34946106,PRCDC_1346800,PlasmoDB
34946106,PmUG01_11037100,PlasmoDB
34946106,PmUG01_14024500,PlasmoDB
34946106,PRELSG_1121800,PlasmoDB
34946106,PRELSG_1405600,PlasmoDB
34946106,PVP01_1123000,PlasmoDB
34946106,PVP01_1207000,PlasmoDB
34946106,PVP01_1408700,PlasmoDB
34946106,PY17X_1126700,PlasmoDB
34946106,PY17X_1366300,PlasmoDB
34946106,PY17X_1408000,PlasmoDB
34946106,TGME49_201790,ToxoDB
34946106,TGME49_205590,ToxoDB
34946106,TGME49_211430,ToxoDB
34946106,TGME49_226610,ToxoDB
34946106,TGME49_233940,ToxoDB
34946106,TGME49_285210,ToxoDB
34956929,PocGH01_00129200,PlasmoDB
34959491,PBANKA_1134900,PlasmoDB
34973333,PCHAS_0501800,PlasmoDB
34973333,PF3D7_1017400,PlasmoDB
34973333,PBANKA_0501700,PlasmoDB
34973333,PKNH_0601600,PlasmoDB
34973333,PRCDC_1016800,PlasmoDB
34973333,PVP01_0602600,PlasmoDB
34973333,PY17X_0502700,PlasmoDB
34987497,PCHAS_1244000,PlasmoDB
34987497,PF3D7_0529000,PlasmoDB
34987497,PBANKA_1243600,PlasmoDB
34987497,PKNH_1003700,PlasmoDB
34987497,PGAL8A_00076300,PlasmoDB
34987497,PocGH01_10012600,PlasmoDB
34987497,PRCDC_0528100,PlasmoDB
34987497,PmUG01_10015500,PlasmoDB
34987497,PRELSG_1002800,PlasmoDB
34987497,PVP01_1004800,PlasmoDB
34987497,PY17X_1247000,PlasmoDB
34998927,PF3D7_0705800,PlasmoDB
34998927,PKNH_0104300,PlasmoDB
34998927,PGAL8A_00045900,PlasmoDB
34998927,PocGH01_01013600,PlasmoDB
34998927,PRCDC_0704000,PlasmoDB
34998927,PmUG01_01017300,PlasmoDB
34998927,PRELSG_0103700,PlasmoDB
34998927,PVP01_0106000,PlasmoDB
35039477,TGME49_235478,ToxoDB
35039477,TGME49_242880,ToxoDB
35039477,TGME49_257050,ToxoDB
35039477,TGME49_307770,ToxoDB
35039477,TGME49_500121,ToxoDB
35083211,TGME49_207590,ToxoDB
35083211,TGME49_208500,ToxoDB
35083211,TGME49_218590,ToxoDB
35083211,TGME49_220610,ToxoDB
35083211,TGME49_251850,ToxoDB
35083211,TGME49_269460,ToxoDB
35083211,TGME49_270190,ToxoDB
35083211,TGME49_272280,ToxoDB
35083211,TGME49_278510,ToxoDB
35083211,TGME49_293450,ToxoDB
35083211,TGME49_312200,ToxoDB
35083211,TGME49_318660,ToxoDB
35083215,PCHAS_0110100,PlasmoDB
35083215,PF3D7_0611200,PlasmoDB
35083215,PBANKA_0109500,PlasmoDB
35083215,PKNH_1139200,PlasmoDB
35083215,PGAL8A_00139700,PlasmoDB
35083215,PocGH01_11045700,PlasmoDB
35083215,PRCDC_0609900,PlasmoDB
35083215,PmUG01_11051900,PlasmoDB
35083215,PRELSG_1137100,PlasmoDB
35083215,PVP01_1138000,PlasmoDB
35083215,PY17X_0111100,PlasmoDB
35087229,PRCDC_1465400,PlasmoDB
35087229,PF3D7_1466200,PlasmoDB
35107337,TGME49_241880,ToxoDB
35130726,TGME49_229200,ToxoDB
35131263,Afu8g01260,FungiDB
35140336,PF3D7_0405200,PlasmoDB
35164549,PCHAS_1120600,PlasmoDB
35164549,PF3D7_0622200,PlasmoDB
35164549,PF3D7_1022800,PlasmoDB
35164549,PBANKA_1121100,PlasmoDB
35164549,PKNH_1128000,PlasmoDB
35164549,PGAL8A_00150700,PlasmoDB
35164549,PocGH01_11035100,PlasmoDB
35164549,PRCDC_0620600,PlasmoDB
35164549,PmUG01_11041400,PlasmoDB
35164549,PRELSG_1126100,PlasmoDB
35164549,PVP01_1127300,PlasmoDB
35164549,PY17X_1122500,PlasmoDB
35210361,PCHAS_0802200,PlasmoDB
35210361,PCHAS_0907700,PlasmoDB
35210361,PCHAS_0927300,PlasmoDB
35210361,PCHAS_1447500,PlasmoDB
35210361,PF3D7_0704200,PlasmoDB
35210361,PF3D7_1111000,PlasmoDB
35210361,PF3D7_1129400,PlasmoDB
35210361,PF3D7_1230600,PlasmoDB
35210361,PBANKA_0801900,PlasmoDB
35210361,PBANKA_0918800,PlasmoDB
35210361,PBANKA_0936600,PlasmoDB
35210361,PBANKA_1445300,PlasmoDB
35210361,PKNH_0102400,PlasmoDB
35210361,PKNH_0908700,PlasmoDB
35210361,PKNH_0927400,PlasmoDB
35210361,PKNH_1450000,PlasmoDB
35210361,PGAL8A_00044300,PlasmoDB
35210361,PGAL8A_00337900,PlasmoDB
35210361,PGAL8A_00356200,PlasmoDB
35210361,PGAL8A_00452300,PlasmoDB
35210361,PocGH01_01012000,PlasmoDB
35210361,PocGH01_09017300,PlasmoDB
35210361,PocGH01_09035700,PlasmoDB
35210361,PocGH01_14056300,PlasmoDB
35210361,PRCDC_0702400,PlasmoDB
35210361,PRCDC_1109500,PlasmoDB
35210361,PRCDC_1127800,PlasmoDB
35210361,PRCDC_1229900,PlasmoDB
35210361,PmUG01_01015700,PlasmoDB
35210361,PmUG01_09020500,PlasmoDB
35210361,PmUG01_09038600,PlasmoDB
35210361,PmUG01_14064900,PlasmoDB
35210361,PRELSG_0101700,PlasmoDB
35210361,PRELSG_0908000,PlasmoDB
35210361,PRELSG_0926500,PlasmoDB
35210361,PRELSG_1446700,PlasmoDB
35210361,PVP01_0104400,PlasmoDB
35210361,PVP01_0911800,PlasmoDB
35210361,PVP01_0930100,PlasmoDB
35210361,PVP01_1448800,PlasmoDB
35210361,PY17X_0804600,PlasmoDB
35210361,PY17X_0920500,PlasmoDB
35210361,PY17X_0938600,PlasmoDB
35210361,PY17X_1447800,PlasmoDB
35288749,PF3D7_0516800,PlasmoDB
35288749,PF3D7_1107800,PlasmoDB
35288749,PF3D7_1139300,PlasmoDB
35288749,PF3D7_1239200,PlasmoDB
35288749,PF3D7_1408200,PlasmoDB
35288749,PF3D7_1449500,PlasmoDB
35288749,PF3D7_1456000,PlasmoDB
35288749,PF3D7_1466400,PlasmoDB
35323018,TGME49_233200,ToxoDB
35404079,PF3D7_1213500,PlasmoDB
35404079,PBANKA_1429300,PlasmoDB
35404116,PCHAS_0932800,PlasmoDB
35404116,PCHAS_1239000,PlasmoDB
35404116,PF3D7_0523800,PlasmoDB
35404116,PF3D7_1135300,PlasmoDB
35404116,PBANKA_0913200,PlasmoDB
35404116,PBANKA_1238600,PlasmoDB
35404116,PKNH_0933400,PlasmoDB
35404116,PKNH_1009100,PlasmoDB
35404116,PGAL8A_00071000,PlasmoDB
35404116,PGAL8A_00362900,PlasmoDB
35404116,PocGH01_09041700,PlasmoDB
35404116,PocGH01_10017900,PlasmoDB
35404116,PRCDC_0522900,PlasmoDB
35404116,PRCDC_1133700,PlasmoDB
35404116,PmUG01_09044500,PlasmoDB
35404116,PmUG01_10020800,PlasmoDB
35404116,PRELSG_0932900,PlasmoDB
35404116,PRELSG_1008000,PlasmoDB
35404116,PVP01_0936100,PlasmoDB
35404116,PVP01_1010100,PlasmoDB
35404116,PY17X_0914700,PlasmoDB
35404116,PY17X_1241800,PlasmoDB
35484233,TGME49_268210,ToxoDB
35550346,PCHAS_1325500,PlasmoDB
35550346,PF3D7_1458500,PlasmoDB
35550346,PBANKA_1322200,PlasmoDB
35550346,PKNH_1223300,PlasmoDB
35550346,PGAL8A_00217800,PlasmoDB
35550346,PocGH01_12056300,PlasmoDB
35550346,PRCDC_1457800,PlasmoDB
35550346,PmUG01_12058400,PlasmoDB
35550346,PRELSG_1222400,PlasmoDB
35550346,PVP01_1248400,PlasmoDB
35550346,PY17X_1326000,PlasmoDB
35626703,PF3D7_1134600,PlasmoDB
35642006,TGME49_249900,ToxoDB
35677776,TGME49_304680,ToxoDB
35682673,TGME49_311230,ToxoDB
35730903,TGME49_202620,ToxoDB
35731833,PBANKA_0915000,PlasmoDB
35756016,TGME49_247195,ToxoDB
35756016,TGME49_500245,ToxoDB
35810787,TGME49_225800,ToxoDB
35862778,PCHAS_0513500,PlasmoDB
35862778,PCHAS_0618700,PlasmoDB
35862778,PCHAS_0930900,PlasmoDB
35862778,PF3D7_0719500,PlasmoDB
35862778,PF3D7_1029400,PlasmoDB
35862778,PF3D7_1133300,PlasmoDB
35862778,PBANKA_0513400,PlasmoDB
35862778,PBANKA_0617000,PlasmoDB
35862778,PBANKA_0915100,PlasmoDB
35862778,PKNH_0314900,PlasmoDB
35862778,PKNH_0614100,PlasmoDB
35862778,PKNH_0931400,PlasmoDB
35862778,PGAL8A_00082700,PlasmoDB
35862778,PGAL8A_00360800,PlasmoDB
35862778,PGAL8A_00488700,PlasmoDB
35862778,PocGH01_03023300,PlasmoDB
35862778,PocGH01_06022400,PlasmoDB
35862778,PocGH01_09039700,PlasmoDB
35862778,PRCDC_0716700,PlasmoDB
35862778,PRCDC_1028700,PlasmoDB
35862778,PRCDC_1131700,PlasmoDB
35862778,PmUG01_03025900,PlasmoDB
35862778,PmUG01_09042500,PlasmoDB
35862778,PmUG01_10040600,PlasmoDB
35862778,PRELSG_0203900,PlasmoDB
35862778,PRELSG_0613100,PlasmoDB
35862778,PRELSG_0930800,PlasmoDB
35862778,PVP01_0315200,PlasmoDB
35862778,PVP01_0614500,PlasmoDB
35862778,PVP01_0934100,PlasmoDB
35862778,PY17X_0514500,PlasmoDB
35862778,PY17X_0619700,PlasmoDB
35862778,PY17X_0916600,PlasmoDB
35920043,PCHAS_0516700,PlasmoDB
35920043,PBANKA_0516600,PlasmoDB
35920043,PKNH_0617600,PlasmoDB
35920043,PRCDC_1032100,PlasmoDB
35920043,PY17X_0517700,PlasmoDB
35930605,PF3D7_0301700,PlasmoDB
35941170,TGME49_202550,ToxoDB
35941170,TGME49_229260,ToxoDB
35941170,TGME49_232780,ToxoDB
35941170,TGME49_294860,ToxoDB
35941170,TGME49_310220,ToxoDB
35941170,TGME49_311770,ToxoDB
35947628,PBANKA_0508300,PlasmoDB
35947628,PBANKA_0612400,PlasmoDB
35961464,PF3D7_0312400,PlasmoDB
35972967,PF3D7_0704300,PlasmoDB
35977499,TGME49_237200,ToxoDB
35977499,TGME49_283710,ToxoDB
35977499,TGME49_290970,ToxoDB
35977499,TGME49_290980,ToxoDB
35977499,TGME49_316450,ToxoDB
35984838,PF3D7_0707400,PlasmoDB
35994509,TGME49_231840,ToxoDB
35994509,TGME49_257370,ToxoDB
35994509,TGME49_274160,ToxoDB
36006241,PCHAS_0211600,PlasmoDB
36006241,PCHAS_0406900,PlasmoDB
36006241,PCHAS_0522200,PlasmoDB
36006241,PCHAS_0613900,PlasmoDB
36006241,PCHAS_0614000,PlasmoDB
36006241,PCHAS_0623000,PlasmoDB
36006241,PCHAS_0804200,PlasmoDB
36006241,PCHAS_0812600,PlasmoDB
36006241,PCHAS_1203500,PlasmoDB
36006241,PCHAS_1310200,PlasmoDB
36006241,PCHAS_1313800,PlasmoDB
36006241,PCHAS_1342100,PlasmoDB
36006241,PCHAS_1367000,PlasmoDB
36006241,PF3D7_0307700,PlasmoDB
36006241,PF3D7_0410800,PlasmoDB
36006241,PF3D7_0410900,PlasmoDB
36006241,PF3D7_0420600,PlasmoDB
36006241,PF3D7_0706300,PlasmoDB
36006241,PF3D7_0723800,PlasmoDB
36006241,PF3D7_0729100,PlasmoDB
36006241,PF3D7_0911200,PlasmoDB
36006241,PF3D7_1004500,PlasmoDB
36006241,PF3D7_1322200,PlasmoDB
36006241,PF3D7_1349600,PlasmoDB
36006241,PF3D7_1443100,PlasmoDB
36006241,PF3D7_1446700,PlasmoDB
36006241,PBANKA_0213200,PlasmoDB
36006241,PBANKA_0406000,PlasmoDB
36006241,PBANKA_0522000,PlasmoDB
36006241,PBANKA_0612200,PlasmoDB
36006241,PBANKA_0612300,PlasmoDB
36006241,PBANKA_0621300,PlasmoDB
36006241,PBANKA_0803900,PlasmoDB
36006241,PBANKA_0812300,PlasmoDB
36006241,PBANKA_1202800,PlasmoDB
36006241,PBANKA_1307000,PlasmoDB
36006241,PBANKA_1310500,PlasmoDB
36006241,PBANKA_1337500,PlasmoDB
36006241,PBANKA_1362400,PlasmoDB
36006241,PKNH_0104800,PlasmoDB
36006241,PKNH_0213700,PlasmoDB
36006241,PKNH_0308900,PlasmoDB
36006241,PKNH_0309000,PlasmoDB
36006241,PKNH_0319200,PlasmoDB
36006241,PKNH_0513400,PlasmoDB
36006241,PKNH_0709200,PlasmoDB
36006241,PKNH_0803200,PlasmoDB
36006241,PKNH_0835000,PlasmoDB
36006241,PKNH_1206600,PlasmoDB
36006241,PKNH_1235500,PlasmoDB
36006241,PKNH_1239200,PlasmoDB
36006241,PKNH_1251300,PlasmoDB
36006241,PGAL8A_00007100,PlasmoDB
36006241,PGAL8A_00046400,PlasmoDB
36006241,PGAL8A_00061400,PlasmoDB
36006241,PGAL8A_00061500,PlasmoDB
36006241,PGAL8A_00095800,PlasmoDB
36006241,PGAL8A_00182900,PlasmoDB
36006241,PGAL8A_00202300,PlasmoDB
36006241,PGAL8A_00205900,PlasmoDB
36006241,PGAL8A_00234200,PlasmoDB
36006241,PGAL8A_00260600,PlasmoDB
36006241,PGAL8A_00380700,PlasmoDB
36006241,PGAL8A_00424000,PlasmoDB
36006241,PGAL8A_00449400,PlasmoDB
36006241,PocGH01_01014100,PlasmoDB
36006241,PocGH01_02022000,PlasmoDB
36006241,PocGH01_03018200,PlasmoDB
36006241,PocGH01_03018300,PlasmoDB
36006241,PocGH01_03027300,PlasmoDB
36006241,PocGH01_05031900,PlasmoDB
36006241,PocGH01_07018700,PlasmoDB
36006241,PocGH01_08012400,PlasmoDB
36006241,PocGH01_08040600,PlasmoDB
36006241,PocGH01_12013600,PlasmoDB
36006241,PocGH01_12040400,PlasmoDB
36006241,PocGH01_12068100,PlasmoDB
36006241,PocGH01_12071700,PlasmoDB
36006241,PRCDC_0307000,PlasmoDB
36006241,PRCDC_0408200,PlasmoDB
36006241,PRCDC_0408300,PlasmoDB
36006241,PRCDC_0418100,PlasmoDB
36006241,PRCDC_0704500,PlasmoDB
36006241,PRCDC_0721000,PlasmoDB
36006241,PRCDC_0725900,PlasmoDB
36006241,PRCDC_0909300,PlasmoDB
36006241,PRCDC_1003900,PlasmoDB
36006241,PRCDC_1321200,PlasmoDB
36006241,PRCDC_1348600,PlasmoDB
36006241,PRCDC_1442400,PlasmoDB
36006241,PRCDC_1446000,PlasmoDB
36006241,PmUG01_01017800,PlasmoDB
36006241,PmUG01_02023700,PlasmoDB
36006241,PmUG01_03020800,PlasmoDB
36006241,PmUG01_03020900,PlasmoDB
36006241,PmUG01_03030200,PlasmoDB
36006241,PmUG01_05038200,PlasmoDB
36006241,PmUG01_07022800,PlasmoDB
36006241,PmUG01_08020300,PlasmoDB
36006241,PmUG01_08048500,PlasmoDB
36006241,PmUG01_12015300,PlasmoDB
36006241,PmUG01_12042500,PlasmoDB
36006241,PmUG01_12070300,PlasmoDB
36006241,PmUG01_12073900,PlasmoDB
36006241,PRELSG_0104200,PlasmoDB
36006241,PRELSG_0217500,PlasmoDB
36006241,PRELSG_0308000,PlasmoDB
36006241,PRELSG_0308100,PlasmoDB
36006241,PRELSG_0312400,PlasmoDB
36006241,PRELSG_0516000,PlasmoDB
36006241,PRELSG_0708600,PlasmoDB
36006241,PRELSG_0802300,PlasmoDB
36006241,PRELSG_0827900,PlasmoDB
36006241,PRELSG_1206100,PlasmoDB
36006241,PRELSG_1234300,PlasmoDB
36006241,PRELSG_1237900,PlasmoDB
36006241,PRELSG_1248300,PlasmoDB
36006241,PVP01_0106500,PlasmoDB
36006241,PVP01_0214800,PlasmoDB
36006241,PVP01_0310100,PlasmoDB
36006241,PVP01_0310200,PlasmoDB
36006241,PVP01_0319500,PlasmoDB
36006241,PVP01_0530100,PlasmoDB
36006241,PVP01_0709700,PlasmoDB
36006241,PVP01_0804200,PlasmoDB
36006241,PVP01_0832500,PlasmoDB
36006241,PVP01_1205200,PlasmoDB
36006241,PVP01_1232400,PlasmoDB
36006241,PVP01_1260300,PlasmoDB
36006241,PVP01_1263900,PlasmoDB
36006241,PY17X_0214600,PlasmoDB
36006241,PY17X_0408300,PlasmoDB
36006241,PY17X_0523400,PlasmoDB
36006241,PY17X_0614700,PlasmoDB
36006241,PY17X_0614800,PlasmoDB
36006241,PY17X_0624000,PlasmoDB
36006241,PY17X_0806600,PlasmoDB
36006241,PY17X_0815600,PlasmoDB
36006241,PY17X_1205900,PlasmoDB
36006241,PY17X_1310800,PlasmoDB
36006241,PY17X_1314300,PlasmoDB
36006241,PY17X_1342200,PlasmoDB
36006241,PY17X_1368100,PlasmoDB
36006241,TGME49_212800,ToxoDB
36006241,TGME49_232430,ToxoDB
36006241,TGME49_258450,ToxoDB
36006241,TGME49_259520,ToxoDB
36006241,TGME49_264960,ToxoDB
36006241,TGME49_277940,ToxoDB
36006241,TGME49_280390,ToxoDB
36006241,TGME49_289700,ToxoDB
36006241,TGME49_289790,ToxoDB
36006241,TGME49_309380,ToxoDB
36006241,TGME49_310730,ToxoDB
36006241,TGME49_316530,ToxoDB
36006241,TGME49_500364,ToxoDB
36030238,PCHAS_0406500,PlasmoDB
36030238,PF3D7_0307300,PlasmoDB
36030238,PF3D7_0616200,PlasmoDB
36030238,PKNH_0835400,PlasmoDB
36030238,PGAL8A_00006600,PlasmoDB
36030238,PocGH01_08041000,PlasmoDB
36030238,PRCDC_0306600,PlasmoDB
36030238,PmUG01_08048900,PlasmoDB
36030238,PRELSG_0828400,PlasmoDB
36030238,PVP01_0832900,PlasmoDB
36030238,PY17X_0407900,PlasmoDB
36040030,PCHAS_0311400,PlasmoDB
36040030,PCHAS_0311500,PlasmoDB
36040030,PCHAS_0808200,PlasmoDB
36040030,PCHAS_1369700,PlasmoDB
36040030,PCHAS_1456900,PlasmoDB
36040030,PF3D7_0212500,PlasmoDB
36040030,PF3D7_0317300,PlasmoDB
36040030,PF3D7_1241200,PlasmoDB
36040030,PF3D7_1352400,PlasmoDB
36040030,PBANKA_0309200,PlasmoDB
36040030,PBANKA_0309400,PlasmoDB
36040030,PBANKA_0807900,PlasmoDB
36040030,PBANKA_1365100,PlasmoDB
36040030,PBANKA_1454600,PlasmoDB
36040030,PKNH_0408700,PlasmoDB
36040030,PKNH_0408800,PlasmoDB
36040030,PKNH_0824500,PlasmoDB
36040030,PKNH_1248600,PlasmoDB
36040030,PKNH_1460300,PlasmoDB
36040030,PGAL8A_00263500,PlasmoDB
36040030,PGAL8A_00399000,PlasmoDB
36040030,PGAL8A_00403100,PlasmoDB
36040030,PGAL8A_00403200,PlasmoDB
36040030,PGAL8A_00461900,PlasmoDB
36040030,PocGH01_04017600,PlasmoDB
36040030,PocGH01_04017700,PlasmoDB
36040030,PocGH01_08031200,PlasmoDB
36040030,PocGH01_12010800,PlasmoDB
36040030,PocGH01_14065800,PlasmoDB
36040030,PRCDC_0211400,PlasmoDB
36040030,PRCDC_0316600,PlasmoDB
36040030,PRCDC_1240600,PlasmoDB
36040030,PRCDC_1351400,PlasmoDB
36040030,PmUG01_04019800,PlasmoDB
36040030,PmUG01_04019900,PlasmoDB
36040030,PmUG01_08038800,PlasmoDB
36040030,PmUG01_12012500,PlasmoDB
36040030,PmUG01_14074400,PlasmoDB
36040030,PRELSG_0407500,PlasmoDB
36040030,PRELSG_0820800,PlasmoDB
36040030,PRELSG_1245400,PlasmoDB
36040030,PRELSG_1456300,PlasmoDB
36040030,PVP01_0412400,PlasmoDB
36040030,PVP01_0412500,PlasmoDB
36040030,PVP01_0822800,PlasmoDB
36040030,PVP01_1202400,PlasmoDB
36040030,PVP01_1458300,PlasmoDB
36040030,PY17X_0309800,PlasmoDB
36040030,PY17X_0309900,PlasmoDB
36040030,PY17X_0811100,PlasmoDB
36040030,PY17X_1370900,PlasmoDB
36040030,PY17X_1457100,PlasmoDB
36046743,TGME49_294380,ToxoDB
36046743,TGME49_309020,ToxoDB
36046743,TGME49_309110,ToxoDB
36094254,TGME49_235150,ToxoDB
36094254,TGME49_278990,ToxoDB
36126089,PBANKA_0524300,PlasmoDB
36126089,PBANKA_0623100,PlasmoDB
36129297,TGME49_269430,ToxoDB
36142209,TGME49_212100,ToxoDB
36154191,PF3D7_0615500,PlasmoDB
36201550,PCHAS_0511400,PlasmoDB
36201550,PF3D7_1027200,PlasmoDB
36201550,PBANKA_0511300,PlasmoDB
36201550,PKNH_0611600,PlasmoDB
36201550,PGAL8A_00486400,PlasmoDB
36201550,PocGH01_06020200,PlasmoDB
36201550,PRCDC_1026500,PlasmoDB
36201550,PmUG01_10038400,PlasmoDB
36201550,PRELSG_0610800,PlasmoDB
36201550,PVP01_0612300,PlasmoDB
36201550,PY17X_0512400,PlasmoDB
36241929,PCHAS_0723600,PlasmoDB
36241929,PF3D7_0816300,PlasmoDB
36241929,PF3D7_1014200,PlasmoDB
36241929,PBANKA_0714500,PlasmoDB
36241929,PKNH_0504100,PlasmoDB
36241929,PGAL8A_00085900,PlasmoDB
36241929,PocGH01_05024600,PlasmoDB
36241929,PRCDC_0815600,PlasmoDB
36241929,PmUG01_05031200,PlasmoDB
36241929,PRELSG_0507700,PlasmoDB
36241929,PVP01_0519000,PlasmoDB
36241929,PY17X_0714700,PlasmoDB
36245278,TGME49_292020,ToxoDB
36245278,TGME49_261080,ToxoDB
36306288,PCHAS_1427100,PlasmoDB
36306288,PF3D7_0812200,PlasmoDB
36306288,PBANKA_1425300,PlasmoDB
36306288,PKNH_1428400,PlasmoDB
36306288,PGAL8A_00523800,PlasmoDB
36306288,PocGH01_14035300,PlasmoDB
36306288,PRCDC_0811600,PlasmoDB
36306288,PmUG01_14044000,PlasmoDB
36306288,PRELSG_1425300,PlasmoDB
36306288,PVP01_1428000,PlasmoDB
36306288,PY17X_1427300,PlasmoDB
36310866,TGME49_231070,ToxoDB
36310866,TGME49_269460,ToxoDB
36318587,PCHAS_0716900,PlasmoDB
36318587,PF3D7_0823000,PlasmoDB
36318587,PBANKA_0707600,PlasmoDB
36318587,PKNH_1317000,PlasmoDB
36318587,PGAL8A_00116200,PlasmoDB
36318587,PocGH01_05017800,PlasmoDB
36318587,PRCDC_0822300,PlasmoDB
36318587,PmUG01_05023000,PlasmoDB
36318587,PRELSG_0500800,PlasmoDB
36318587,PVP01_0511300,PlasmoDB
36318587,PY17X_0707900,PlasmoDB
36318587,TGME49_310190,ToxoDB
36326242,TGME49_254770,ToxoDB
36449552,TGME49_273030,ToxoDB
36449552,TGME49_222910,ToxoDB
36463257,PCHAS_1339400,PlasmoDB
36463257,PF3D7_1471600,PlasmoDB
36463257,PBANKA_1334800,PlasmoDB
36463257,PKNH_1209400,PlasmoDB
36463257,PGAL8A_00231100,PlasmoDB
36463257,PocGH01_12043200,PlasmoDB
36463257,PRCDC_1470800,PlasmoDB
36463257,PmUG01_12045300,PlasmoDB
36463257,PRELSG_1209100,PlasmoDB
36463257,PVP01_1235200,PlasmoDB
36463257,PY17X_1339500,PlasmoDB
36476594,TGME49_315670,ToxoDB
36476594,TGME49_200400,ToxoDB
36477538,PF3D7_1438800,PlasmoDB
36602948,TGGT1_292020,ToxoDB
36602948,TGGT1_261080,ToxoDB
36622147,TGME49_220900,ToxoDB
36622147,TGME49_221630,ToxoDB
36622147,TGME49_224000,ToxoDB
36622147,TGME49_225560,ToxoDB
36622147,TGME49_235690,ToxoDB
36622147,TGME49_238170,ToxoDB
36622147,TGME49_240630,ToxoDB
36622147,TGME49_249440,ToxoDB
36622147,TGME49_255420,ToxoDB
36622147,TGME49_255450,ToxoDB
36622147,TGME49_269960,ToxoDB
36622147,TGME49_293360,ToxoDB
36622147,TGME49_294610,ToxoDB
36622147,TGME49_297870,ToxoDB
36622147,TGME49_310450,ToxoDB
36622147,TGME49_312100,ToxoDB
36625655,PCHAS_1347100,PlasmoDB
36625655,PF3D7_1327300,PlasmoDB
36625655,PBANKA_1342500,PlasmoDB
36625655,PKNH_1201300,PlasmoDB
36625655,PGAL8A_00239500,PlasmoDB
36625655,PocGH01_12035100,PlasmoDB
36625655,PRCDC_1326300,PlasmoDB
36625655,PmUG01_12037200,PlasmoDB
36625655,PRELSG_1200700,PlasmoDB
36625655,PVP01_1227100,PlasmoDB
36625655,PY17X_1347200,PlasmoDB
36634679,PBANKA_0102400,PlasmoDB
36634679,PBANKA_0413400,PlasmoDB
36634679,PBANKA_0716500,PlasmoDB
36634679,PBANKA_0828000,PlasmoDB
36634679,PBANKA_0902300,PlasmoDB
36634679,PBANKA_1302700,PlasmoDB
36634679,PBANKA_1418100,PlasmoDB
36634679,PBANKA_1435200,PlasmoDB
36634679,PBANKA_1447900,PlasmoDB
36634679,PBANKA_1454800,PlasmoDB
36702847,TGME49_291050,ToxoDB
36744402,PF3D7_1437000,PlasmoDB
36761022,PY17X_0811300,PlasmoDB
36780562,PBANKA_1015500,PlasmoDB
36786615,TGME49_237210,ToxoDB
36813769,TGME49_262150,ToxoDB
36898988,PCHAS_0806500,PlasmoDB
36898988,PCHAS_1142400,PlasmoDB
36898988,PCHAS_1428300,PlasmoDB
36898988,PBANKA_0806200,PlasmoDB
36898988,PBANKA_1142900,PlasmoDB
36898988,PBANKA_1426500,PlasmoDB
36898988,PKNH_0822400,PlasmoDB
36898988,PKNH_1104200,PlasmoDB
36898988,PKNH_1429700,PlasmoDB
36898988,PGAL8A_00397200,PlasmoDB
36898988,PGAL8A_00525100,PlasmoDB
36898988,PocGH01_08029400,PlasmoDB
36898988,PocGH01_11013600,PlasmoDB
36898988,PocGH01_14036600,PlasmoDB
36898988,PRCDC_0318400,PlasmoDB
36898988,PRCDC_0810300,PlasmoDB
36898988,PRCDC_1365900,PlasmoDB
36898988,PmUG01_08037000,PlasmoDB
36898988,PmUG01_11019200,PlasmoDB
36898988,PmUG01_14045300,PlasmoDB
36898988,PRELSG_0819000,PlasmoDB
36898988,PRELSG_1103500,PlasmoDB
36898988,PRELSG_1426600,PlasmoDB
36898988,PVP01_0821100,PlasmoDB
36898988,PVP01_1105000,PlasmoDB
36898988,PVP01_1429300,PlasmoDB
36898988,PY17X_0809400,PlasmoDB
36898988,PY17X_1144200,PlasmoDB
36898988,PY17X_1428600,PlasmoDB
36916910,TGME49_249990,ToxoDB
36916910,TGME49_272460,ToxoDB
36916910,TGME49_309600,ToxoDB
36920199,TGME49_235880,ToxoDB
36920199,TGME49_204370,ToxoDB
36928686,PBANKA_0514200,PlasmoDB
36958824,TGME49_243510,ToxoDB
36958824,TGME49_260510,ToxoDB
36958824,TGME49_271070,ToxoDB
36958824,TGME49_277990,ToxoDB
36972314,TGME49_209820,ToxoDB
36976888,TGME49_311240,ToxoDB
37027006,TGME49_315950,ToxoDB
37061511,TGME49_227800,ToxoDB
37061511,TGME49_257070,ToxoDB
37061511,TGME49_272600,ToxoDB
37061511,TGME49_277895,ToxoDB
37061511,TGME49_297520,ToxoDB
37081202,TGME49_311100,ToxoDB
37093045,TGME49_264050,ToxoDB
37093045,TGME49_289100,ToxoDB
37093045,TGME49_306920,ToxoDB
37122725,PF3D7_1136200,PlasmoDB
37130129,PF3D7_0710000,PlasmoDB
37155862,PBANKA_0312700,PlasmoDB
37166116,PF3D7_1019800,PlasmoDB
37192974,PCHAS_0202400,PlasmoDB
37192974,PF3D7_0109600,PlasmoDB
37192974,PBANKA_0204000,PlasmoDB
37192974,PKNH_0204200,PlasmoDB
37192974,PGAL8A_00105500,PlasmoDB
37192974,PocGH01_02012700,PlasmoDB
37192974,PRCDC_0107400,PlasmoDB
37192974,PmUG01_02014400,PlasmoDB
37192974,PRELSG_0207500,PlasmoDB
37192974,PVP01_0205500,PlasmoDB
37192974,PY17X_0205400,PlasmoDB
37219373,PF3D7_1136600,PlasmoDB
37244916,PF3D7_1359900,PlasmoDB
37249423,PCHAS_1114900,PlasmoDB
37249423,PF3D7_0515700,PlasmoDB
37249423,PBANKA_1115300,PlasmoDB
37249423,PKNH_1017500,PlasmoDB
37249423,PGAL8A_00037200,PlasmoDB
37249423,PocGH01_10025800,PlasmoDB
37249423,PRCDC_0514800,PlasmoDB
37249423,PmUG01_10028900,PlasmoDB
37249423,PRELSG_1016200,PlasmoDB
37249423,PVP01_1018200,PlasmoDB
37249423,PY17X_1116500,PlasmoDB
37339985,TGME49_266800,ToxoDB
37339985,TGME49_277090,ToxoDB
37375060,TGME49_257790,ToxoDB
37398039,TGME49_204280,ToxoDB
37406097,PF3D7_0621000,PlasmoDB
37592911,PCHAS_0928500,PlasmoDB
37592911,PF3D7_1130700,PlasmoDB
37592911,PF3D7_1440100,PlasmoDB
37592911,PBANKA_0917500,PlasmoDB
37592911,PKNH_0928800,PlasmoDB
37592911,PGAL8A_00358100,PlasmoDB
37592911,PRCDC_1129100,PlasmoDB
37592911,PmUG01_09039900,PlasmoDB
37592911,PRELSG_0928100,PlasmoDB
37592911,PVP01_0931500,PlasmoDB
37592911,PY17X_0919100,PlasmoDB
37628837,PF3D7_1031600,PlasmoDB
37651449,TGME49_315770,ToxoDB
37651449,TGME49_276990,ToxoDB
37704606,PBANKA_0407400,PlasmoDB
37704606,PBANKA_0405600,PlasmoDB
37708854,PBANKA_0413500,PlasmoDB
37708854,PBANKA_0720900,PlasmoDB
37708854,PBANKA_1338100,PlasmoDB
37708854,PBANKA_1353800,PlasmoDB
37712738,PF3D7_0525800,PlasmoDB
37768053,TGME49_297900,ToxoDB
37770433,TGME49_311100,ToxoDB
37772444,PF3D7_1432100,PlasmoDB
37782662,TGME49_238895,ToxoDB
37782662,TGME49_297120,ToxoDB
37796022,TGME49_258060,ToxoDB
37796022,TGME49_285510,ToxoDB
37815466,TGME49_207120,ToxoDB
37815466,TGME49_250010,ToxoDB
37815466,TGME49_255270,ToxoDB
37873335,TGME49_223410,ToxoDB
37873335,TGME49_312560,ToxoDB
37873335,TGME49_315150,ToxoDB
37884813,PCHAS_0905200,PlasmoDB
37884813,PF3D7_1107800,PlasmoDB
37884813,PBANKA_0939100,PlasmoDB
37884813,PKNH_0905400,PlasmoDB
37884813,PGAL8A_00335100,PlasmoDB
37884813,PocGH01_09014500,PlasmoDB
37884813,PRCDC_1106300,PlasmoDB
37884813,PmUG01_09017400,PlasmoDB
37884813,PRELSG_0905000,PlasmoDB
37884813,PVP01_0908600,PlasmoDB
37884813,PY17X_0941600,PlasmoDB
37886905,TGME49_212270,ToxoDB
37966241,TGME49_212150,ToxoDB
37966241,TGME49_224150,ToxoDB
37966241,TGME49_242030,ToxoDB
37966241,TGME49_251730,ToxoDB
37966241,TGME49_273580,ToxoDB
37966241,TGME49_289120,ToxoDB
37966241,TGME49_290310,ToxoDB
37966241,TGME49_306410,ToxoDB
38051073,TGME49_226060,ToxoDB
38075902,TGME49_217540,ToxoDB
38079448,TGME49_206480,ToxoDB
38079448,TGME49_215280,ToxoDB
38079448,TGME49_215430,ToxoDB
38079448,TGME49_215590,ToxoDB
38079448,TGME49_226500,ToxoDB
38079448,TGME49_227920,ToxoDB
38079448,TGME49_252630,ToxoDB
38079448,TGME49_306650,ToxoDB
38079448,TGME49_315930,ToxoDB
38089812,PF3D7_1358000,PlasmoDB
38091362,TGME49_216680,ToxoDB
38091362,TGME49_301010,ToxoDB
38091362,TGME49_319930,ToxoDB
38093015,TGME49_243940,ToxoDB
38093015,TGME49_273980,ToxoDB
38093015,TGME49_277230,ToxoDB
38102310,PF3D7_1244500,PlasmoDB
38113238,PF3D7_1347200,PlasmoDB
38131664,PBANKA_0805700,PlasmoDB
38191574,TGME49_224700,ToxoDB
38191574,TGME49_500200,ToxoDB
38252559,PBANKA_0902300,PlasmoDB
38270431,TGME49_222200,ToxoDB
38270431,TGME49_253360,ToxoDB
38270431,TGME49_306640,ToxoDB
38270431,TGME49_310140,ToxoDB
38282613,PVP01_0420400,PlasmoDB
38411954,PBANKA_1411400,PlasmoDB
38413566,PY17X_0210200,PlasmoDB
38416790,PF3D7_0319100,PlasmoDB
38416790,PF3D7_1367000,PlasmoDB
38465236,PKNH_0613400,PlasmoDB
38465236,PVP01_0613800,PlasmoDB
38500196,TGME49_290170,ToxoDB
38501871,TGME49_297220,ToxoDB
38502570,TGME49_233540,ToxoDB
38502570,TGME49_297245,ToxoDB
