gene_ID,pmid,host_db,has_summary,has_PD
ACA1_028650,32602891,AmoebaDB,,
ACA1_053820,32602891,AmoebaDB,,
ACA1_053870,32602891,AmoebaDB,,
ACA1_053960,32602891,AmoebaDB,,
ACA1_054130,32602891,AmoebaDB,,
ACA1_068800,32602891,AmoebaDB,,
ACA1_096990,32602891,AmoebaDB,,
ACA1_141980,32602891,AmoebaDB,,
ACA1_151280,32602891,AmoebaDB,,
ACA1_171780,32602891,AmoebaDB,,
ACA1_174700,32602891,AmoebaDB,,
ACA1_191530,32602891,AmoebaDB,,
ACA1_260000,32602891,AmoebaDB,,
ACA1_276870,32602891,AmoebaDB,,
ACA1_279800,32602891,AmoebaDB,,
ACA1_293850,32602891,AmoebaDB,,
ACA1_297780,32602891,AmoebaDB,,
ACA1_500059,32602891,AmoebaDB,,
NF0006040,32602891,AmoebaDB,,
NF0006140,32602891,AmoebaDB,,
NF0009070,32602891,AmoebaDB,,
NF0009920,32602891,AmoebaDB,,
NF0010730,32602891,AmoebaDB,,
NF0019060,32602891,AmoebaDB,,
NF0046290,32602891,AmoebaDB,,
NF0063980,32602891,AmoebaDB,,
NF0068660,32602891,AmoebaDB,,
NF0083570,32602891,AmoebaDB,,
NF0113850,32602891,AmoebaDB,,
NF0116880,32602891,AmoebaDB,,
NF0124690,32602891,AmoebaDB,,
NF0131350,32602891,AmoebaDB,,
Tb05.5K5.80,19346560,TriTrypDB,,
Tb07.11L3.100,29474435,TriTrypDB,,
Tb1.NT.24,20838601,TriTrypDB,,
Tb1.NT.25,20838601,TriTrypDB,,
Tb1.NT.27,20838601,TriTrypDB,,
Tb10.NT.102,20838601,TriTrypDB,,
Tb10.NT.103,20838601,TriTrypDB,,
Tb10.NT.148,20838601,TriTrypDB,,
Tb10.NT.154,20838601,TriTrypDB,,
Tb10.NT.166,20838601,TriTrypDB,,
Tb10.NT.168,20838601,TriTrypDB,,
Tb10.NT.169,20838601,TriTrypDB,,
Tb10.NT.18,20838601,TriTrypDB,,
Tb10.NT.22,20838601,TriTrypDB,,
Tb10.NT.27,20838601,TriTrypDB,,
Tb10.NT.33,20838601,TriTrypDB,,
Tb10.NT.66,20838601,TriTrypDB,,
Tb10.NT.68,20838601,TriTrypDB,,
Tb10.NT.73,20838601,TriTrypDB,,
Tb10.NT.91,20838601,TriTrypDB,,
Tb10.NT.95,20838601,TriTrypDB,,
Tb10_snoRNA_0084:snoRNA,15840815,TriTrypDB,,
Tb11.02.5090,17610965,TriTrypDB,,
Tb11.02.5105,23221899,TriTrypDB,,
Tb11.02.5390,26572691,TriTrypDB,,
Tb11.02.5390,18073385,TriTrypDB,,
Tb11.02.5390b,37410820,TriTrypDB,,
Tb11.02.5410,25959766,TriTrypDB,,
Tb11.02.5440,29474435,TriTrypDB,,
Tb11.02.5440b,29474435,TriTrypDB,,
Tb11.0400,20497506,TriTrypDB,,
Tb11.0845,17972917,TriTrypDB,,
Tb11.1230,17227795,TriTrypDB,,
Tb11.1380,35447115,TriTrypDB,,
Tb11.NT.1,20838601,TriTrypDB,,
Tb11.NT.122,20838601,TriTrypDB,,
Tb11.NT.146,20838601,TriTrypDB,,
Tb11.NT.158,20838601,TriTrypDB,,
Tb11.NT.176,20838601,TriTrypDB,,
Tb11.NT.178,20838601,TriTrypDB,,
Tb11.NT.179,20838601,TriTrypDB,,
Tb11.NT.18,20838601,TriTrypDB,,
Tb11.NT.185,20838601,TriTrypDB,,
Tb11.NT.192,20838601,TriTrypDB,,
Tb11.NT.208,20838601,TriTrypDB,,
Tb11.NT.210,20838601,TriTrypDB,,
Tb11.NT.26,20838601,TriTrypDB,,
Tb11.NT.27,20838601,TriTrypDB,,
Tb11.NT.31,20838601,TriTrypDB,,
Tb11.NT.33,20838601,TriTrypDB,,
Tb11.NT.40,20838601,TriTrypDB,,
Tb11.NT.54,20838601,TriTrypDB,,
Tb11.NT.60,20838601,TriTrypDB,,
Tb11.NT.73,20838601,TriTrypDB,,
Tb11.NT.81,20838601,TriTrypDB,,
Tb11.NT.84,20838601,TriTrypDB,,
Tb11.NT.94,20838601,TriTrypDB,,
Tb11.NT.96,20838601,TriTrypDB,,
Tb11.NT.97,20838601,TriTrypDB,,
Tb11.NT.99,20838601,TriTrypDB,,
Tb11.v5.0150,22514282,TriTrypDB,,
Tb11.v5.0267,34407985,TriTrypDB,,
Tb11.v5.0388,34407985,TriTrypDB,,
Tb11.v5.0422,34407985,TriTrypDB,,
Tb11.v5.0497,29474435,TriTrypDB,,
Tb11.v5.0520,34407985,TriTrypDB,,
Tb11.v5.0590,34407985,TriTrypDB,,
Tb11.v5.0630,29474435,TriTrypDB,,
Tb11.v5.0713,30544263,TriTrypDB,,
Tb11.v5.0739,29474435,TriTrypDB,,
Tb11.v5.0794,34407985,TriTrypDB,,
Tb2.NT.1,20838601,TriTrypDB,,
Tb2.NT.3,20838601,TriTrypDB,,
Tb2.NT.37,20838601,TriTrypDB,,
Tb2.NT.41,20838601,TriTrypDB,,
Tb2.NT.50,20838601,TriTrypDB,,
Tb2.NT.51,20838601,TriTrypDB,,
Tb2.NT.57,20838601,TriTrypDB,,
Tb2.NT.58,20838601,TriTrypDB,,
Tb2.NT.61,20838601,TriTrypDB,,
Tb2.NT.63,20838601,TriTrypDB,,
Tb2.NT.8,20838601,TriTrypDB,,
Tb3.NT.21,20838601,TriTrypDB,,
Tb3.NT.36,20838601,TriTrypDB,,
Tb3.NT.66,20838601,TriTrypDB,,
Tb4.NT.19,20838601,TriTrypDB,,
Tb4.NT.21,20838601,TriTrypDB,,
Tb4.NT.41,20838601,TriTrypDB,,
Tb4.NT.42,20838601,TriTrypDB,,
Tb4.NT.45,20838601,TriTrypDB,,
Tb4.NT.58,20838601,TriTrypDB,,
Tb5.NT.17,20838601,TriTrypDB,,
Tb5.NT.35,20838601,TriTrypDB,,
Tb5.NT.46,20838601,TriTrypDB,,
Tb5.NT.60,20838601,TriTrypDB,,
Tb5.NT.61,20838601,TriTrypDB,,
Tb5.NT.67,20838601,TriTrypDB,,
Tb5.NT.75,20838601,TriTrypDB,,
Tb5.NT.81,20838601,TriTrypDB,,
Tb5.NT.86,20838601,TriTrypDB,,
Tb6.NT.39,20838601,TriTrypDB,,
Tb6.NT.40,20838601,TriTrypDB,,
Tb6.NT.65,20838601,TriTrypDB,,
Tb6.NT.66,20838601,TriTrypDB,,
Tb7.NT.10,20838601,TriTrypDB,,
Tb7.NT.17,20838601,TriTrypDB,,
Tb7.NT.24,20838601,TriTrypDB,,
Tb7.NT.53,20838601,TriTrypDB,,
Tb7.NT.62,20838601,TriTrypDB,,
Tb7.NT.76,20838601,TriTrypDB,,
Tb8.NT.11,20838601,TriTrypDB,,
Tb8.NT.128,20838601,TriTrypDB,,
Tb8.NT.129,20838601,TriTrypDB,,
Tb8.NT.13,20838601,TriTrypDB,,
Tb8.NT.138,20838601,TriTrypDB,,
Tb8.NT.18,20838601,TriTrypDB,,
Tb8.NT.41,20838601,TriTrypDB,,
Tb8.NT.42,20838601,TriTrypDB,,
Tb8.NT.8,20838601,TriTrypDB,,
Tb8.NT.9,20838601,TriTrypDB,,
Tb8.NT.97,20838601,TriTrypDB,,
Tb8.NT.99,20838601,TriTrypDB,,
Tb9.NT.32,20838601,TriTrypDB,,
Tb9.NT.34,20838601,TriTrypDB,,
Tb9.NT.6,20838601,TriTrypDB,,
Tb9.NT.68,20838601,TriTrypDB,,
Tb927.1.1025,19105172,TriTrypDB,,
Tb927.1.1025,24552149,TriTrypDB,,
Tb927.1.1030,29931198,TriTrypDB,,
Tb927.1.1080,19386623,TriTrypDB,,
Tb927.1.1100,28049148,TriTrypDB,,
Tb927.1.1160,21474072,TriTrypDB,,
Tb927.1.1160,32679035,TriTrypDB,,
Tb927.1.1170,16246139,TriTrypDB,,
Tb927.1.1200,18364347,TriTrypDB,,
Tb927.1.1240,20382188,TriTrypDB,,
Tb927.1.1330,20403364,TriTrypDB,,
Tb927.1.1350,16481395,TriTrypDB,,
Tb927.1.1530,24453978,TriTrypDB,,
Tb927.1.1690,12649499,TriTrypDB,,
Tb927.1.1690,16285922,TriTrypDB,,
Tb927.1.1720,20614016,TriTrypDB,,
Tb927.1.1730,37410820,TriTrypDB,,
Tb927.1.1730,25225332,TriTrypDB,,
Tb927.1.1770,20826822,TriTrypDB,,
Tb927.1.1930,24453978,TriTrypDB,,
Tb927.1.1930,20382188,TriTrypDB,,
Tb927.1.2100,19766148,TriTrypDB,,
Tb927.1.2110,19766148,TriTrypDB,,
Tb927.1.2120,19766148,TriTrypDB,,
Tb927.1.2150,16315106,TriTrypDB,,
Tb927.1.2150,19766148,TriTrypDB,,
Tb927.1.2160,16315106,TriTrypDB,,
Tb927.1.2160,19766148,TriTrypDB,,
Tb927.1.2230,16315106,TriTrypDB,,
Tb927.1.2260,16315106,TriTrypDB,,
Tb927.1.2320,31536395,TriTrypDB,,
Tb927.1.2570,11377739,TriTrypDB,,
Tb927.1.2580,12821657,TriTrypDB,,
Tb927.1.2600,19714224,TriTrypDB,,
Tb927.1.2670,16607017,TriTrypDB,,
Tb927.1.2670,16882690,TriTrypDB,,
Tb927.1.2710,27863903,TriTrypDB,,
Tb927.1.2990,21474072,TriTrypDB,,
Tb927.1.2990,31515389,TriTrypDB,,
Tb927.1.3010,37410820,TriTrypDB,,
Tb927.1.3010,18073385,TriTrypDB,,
Tb927.1.3010,25225332,TriTrypDB,,
Tb927.1.3130,19346560,TriTrypDB,,
Tb927.1.3400,34407985,TriTrypDB,,
Tb927.1.3560,28049148,TriTrypDB,,
Tb927.1.3560,17227795,TriTrypDB,,
Tb927.1.3800,23221899,TriTrypDB,,
Tb927.1.3830,2792108,TriTrypDB,,
Tb927.1.3910,23533609,TriTrypDB,,
Tb927.1.3950,19443056,TriTrypDB,,
Tb927.1.4100,12467979,TriTrypDB,,
Tb927.1.4140,26721397,TriTrypDB,,
Tb927.1.4250,36169304,TriTrypDB,,
Tb927.1.4310,25972344,TriTrypDB,,
Tb927.1.4410,29474435,TriTrypDB,,
Tb927.1.4490,34407985,TriTrypDB,,
Tb927.1.4540,17920137,TriTrypDB,,
Tb927.1.4560,17920137,TriTrypDB,,
Tb927.1.4580,17920137,TriTrypDB,,
Tb927.1.4600,17920137,TriTrypDB,,
Tb927.1.4630,17920137,TriTrypDB,,
Tb927.1.4650,17920137,TriTrypDB,,
Tb927.1.4680,28034897,TriTrypDB,,
Tb927.1.4690,27998975,TriTrypDB,,
Tb927.1.4720,34407985,TriTrypDB,,
Tb927.1.4830,20382188,TriTrypDB,,
Tb927.1.5030,27863903,TriTrypDB,,
Tb927.1.570,16916638,TriTrypDB,,
Tb927.1.630,17940067,TriTrypDB,,
Tb927.1.630,24322299,TriTrypDB,,
Tb927.1.640,18430140,TriTrypDB,,
Tb927.1.700,3004970,TriTrypDB,,
Tb927.1.710,3004970,TriTrypDB,,
Tb927.1.720,3004970,TriTrypDB,,
Tb927.1.730,21610103,TriTrypDB,,
Tb927.1.860,35500022,TriTrypDB,,
Tb927.1.870,23525104,TriTrypDB,,
Tb927.10.10020,29603841,TriTrypDB,,
Tb927.10.10090,17227795,TriTrypDB,,
Tb927.10.10130,26572691,TriTrypDB,,
Tb927.10.10130,37410820,TriTrypDB,,
Tb927.10.10140,19074134,TriTrypDB,,
Tb927.10.10160,30635574,TriTrypDB,,
Tb927.10.10170,20592024,TriTrypDB,,
Tb927.10.10280,7986649,TriTrypDB,,
Tb927.10.10280,28049148,TriTrypDB,,
Tb927.10.10330,23533609,TriTrypDB,,
Tb927.10.10350,24453978,TriTrypDB,,
Tb927.10.10360,3393912,TriTrypDB,,
Tb927.10.10370,37633952,TriTrypDB,,
Tb927.10.10400,18364347,TriTrypDB,,
Tb927.10.10440,19463859,TriTrypDB,,
Tb927.10.10650,25040552,TriTrypDB,,
Tb927.10.10700,16219373,TriTrypDB,,
Tb927.10.10730,22654659,TriTrypDB,,
Tb927.10.10830,18583347,TriTrypDB,,
Tb927.10.10830,37410820,TriTrypDB,,
Tb927.10.10830,20855539,TriTrypDB,,
Tb927.10.10840,25931509,TriTrypDB,,
Tb927.10.10850,14673174,TriTrypDB,,
Tb927.10.10850,16611939,TriTrypDB,,
Tb927.10.10870,24453978,TriTrypDB,,
Tb927.10.10870,28039027,TriTrypDB,,
Tb927.10.11020,14651619,TriTrypDB,,
Tb927.10.11030,25808593,TriTrypDB,,
Tb927.10.11030,23221899,TriTrypDB,,
Tb927.10.11050,18364347,TriTrypDB,,
Tb927.10.11130,34407985,TriTrypDB,,
Tb927.10.11160,27181928,TriTrypDB,,
Tb927.10.11260,18364347,TriTrypDB,,
Tb927.10.11270,16339728,TriTrypDB,,
Tb927.10.11300,19074134,TriTrypDB,,
Tb927.10.11310,18094047,TriTrypDB,,
Tb927.10.11350,18364347,TriTrypDB,,
Tb927.10.11360,27863903,TriTrypDB,,
Tb927.10.11440,12665514,TriTrypDB,,
Tb927.10.11520,27991487,TriTrypDB,,
Tb927.10.1160,21610103,TriTrypDB,,
Tb927.10.11680,25931509,TriTrypDB,,
Tb927.10.11680,29244877,TriTrypDB,,
Tb927.10.1170,18094047,TriTrypDB,,
Tb927.10.11720,34407985,TriTrypDB,,
Tb927.10.11820,31515389,TriTrypDB,,
Tb927.10.11820,18364347,TriTrypDB,,
Tb927.10.11820,21474072,TriTrypDB,,
Tb927.10.11870,37410820,TriTrypDB,,
Tb927.10.11870,36862634,TriTrypDB,,
Tb927.10.11870,26572691,TriTrypDB,,
Tb927.10.11900,30415698,TriTrypDB,,
Tb927.10.11960,32084124,TriTrypDB,,
Tb927.10.11970,19443056,TriTrypDB,,
Tb927.10.11980,17026746,TriTrypDB,,
Tb927.10.12050,18364347,TriTrypDB,,
Tb927.10.12090,16339728,TriTrypDB,,
Tb927.10.12100,16339728,TriTrypDB,,
Tb927.10.1230,25931509,TriTrypDB,,
Tb927.10.12300,31536395,TriTrypDB,,
Tb927.10.12390,37475965,TriTrypDB,,
Tb927.10.12470,27863903,TriTrypDB,,
Tb927.10.12540,21610103,TriTrypDB,,
Tb927.10.12600,24186950,TriTrypDB,,
Tb927.10.12630,27863903,TriTrypDB,,
Tb927.10.12720,31217284,TriTrypDB,,
Tb927.10.12740,20444260,TriTrypDB,,
Tb927.10.12810,20382188,TriTrypDB,,
Tb927.10.12830,34407985,TriTrypDB,,
Tb927.10.12840,19463859,TriTrypDB,,
Tb927.10.12850,15923618,TriTrypDB,,
Tb927.10.12870,28049148,TriTrypDB,,
Tb927.10.12880,34407985,TriTrypDB,,
Tb927.10.12920,27226595,TriTrypDB,,
Tb927.10.12950,28049148,TriTrypDB,,
Tb927.10.12960,9822686,TriTrypDB,,
Tb927.10.13000,19733234,TriTrypDB,,
Tb927.10.13010,24453978,TriTrypDB,,
Tb927.10.13040,24879126,TriTrypDB,,
Tb927.10.13100,29764941,TriTrypDB,,
Tb927.10.13120,19463859,TriTrypDB,,
Tb927.10.13130,20724435,TriTrypDB,,
Tb927.10.13170,32679035,TriTrypDB,,
Tb927.10.13200,21474072,TriTrypDB,,
Tb927.10.13210,20382188,TriTrypDB,,
Tb927.10.13290,20382188,TriTrypDB,,
Tb927.10.13300,18364347,TriTrypDB,,
Tb927.10.13310,16730080,TriTrypDB,,
Tb927.10.13330,19074134,TriTrypDB,,
Tb927.10.13360,24033548,TriTrypDB,,
Tb927.10.13380,22412905,TriTrypDB,,
Tb927.10.13480,24453978,TriTrypDB,,
Tb927.10.13490,24453978,TriTrypDB,,
Tb927.10.13540,16339728,TriTrypDB,,
Tb927.10.13570,16339728,TriTrypDB,,
Tb927.10.13600,31536395,TriTrypDB,,
Tb927.10.13620,21610103,TriTrypDB,,
Tb927.10.13670,11290414,TriTrypDB,,
Tb927.10.13720,16339728,TriTrypDB,,
Tb927.10.13740,33997700,TriTrypDB,,
Tb927.10.13740,27863903,TriTrypDB,,
Tb927.10.13780,30910902,TriTrypDB,,
Tb927.10.13780,23437089,TriTrypDB,,
Tb927.10.1380,24453978,TriTrypDB,,
Tb927.10.13820,18364347,TriTrypDB,,
Tb927.10.13830,32105215,TriTrypDB,,
Tb927.10.13860,20382188,TriTrypDB,,
Tb927.10.1390,29474435,TriTrypDB,,
Tb927.10.13900,23443657,TriTrypDB,,
Tb927.10.13930,25931509,TriTrypDB,,
Tb927.10.13960,16607017,TriTrypDB,,
Tb927.10.13960,16882690,TriTrypDB,,
Tb927.10.13990,17646387,TriTrypDB,,
Tb927.10.14000,10644738,TriTrypDB,,
Tb927.10.14010,17645436,TriTrypDB,,
Tb927.10.14010,24257747,TriTrypDB,,
Tb927.10.14110,28049148,TriTrypDB,,
Tb927.10.14140,1879424,TriTrypDB,,
Tb927.10.14150,32095321,TriTrypDB,,
Tb927.10.14160,15294911,TriTrypDB,,
Tb927.10.14170,15294911,TriTrypDB,,
Tb927.10.14180,19525551,TriTrypDB,,
Tb927.10.14210,19386623,TriTrypDB,,
Tb927.10.14240,20360736,TriTrypDB,,
Tb927.10.14280,19463859,TriTrypDB,,
Tb927.10.14320,25736289,TriTrypDB,,
Tb927.10.14360,1833773,TriTrypDB,,
Tb927.10.14390,25266856,TriTrypDB,,
Tb927.10.14420,24453978,TriTrypDB,,
Tb927.10.14440,19208769,TriTrypDB,,
Tb927.10.14470,18094047,TriTrypDB,,
Tb927.10.1450,32675283,TriTrypDB,,
Tb927.10.14520,28049148,TriTrypDB,,
Tb927.10.14530,12213827,TriTrypDB,,
Tb927.10.14550,22366449,TriTrypDB,,
Tb927.10.1460,19346560,TriTrypDB,,
Tb927.10.14720,19185591,TriTrypDB,,
Tb927.10.14750,35013170,TriTrypDB,,
Tb927.10.14770,25681612,TriTrypDB,,
Tb927.10.14780,23437089,TriTrypDB,,
Tb927.10.14800,24453978,TriTrypDB,,
Tb927.10.14820,19463859,TriTrypDB,,
Tb927.10.14820,23074217,TriTrypDB,,
Tb927.10.14830,23074217,TriTrypDB,,
Tb927.10.14840,23074217,TriTrypDB,,
Tb927.10.14860,21610103,TriTrypDB,,
Tb927.10.14880,17227795,TriTrypDB,,
Tb927.10.1490,32532821,TriTrypDB,,
Tb927.10.14930,20444260,TriTrypDB,,
Tb927.10.14950,20444260,TriTrypDB,,
Tb927.10.14980,18094047,TriTrypDB,,
Tb927.10.14990,18094047,TriTrypDB,,
Tb927.10.15020,24453978,TriTrypDB,,
Tb927.10.15020,19346560,TriTrypDB,,
Tb927.10.15080,28052114,TriTrypDB,,
Tb927.10.1510,18442996,TriTrypDB,,
Tb927.10.15190,28049148,TriTrypDB,,
Tb927.10.15210,15743819,TriTrypDB,,
Tb927.10.15250,19074134,TriTrypDB,,
Tb927.10.15300,24453978,TriTrypDB,,
Tb927.10.15350,15522895,TriTrypDB,,
Tb927.10.15350,19369410,TriTrypDB,,
Tb927.10.15390,25736289,TriTrypDB,,
Tb927.10.15410,16321390,TriTrypDB,,
Tb927.10.15490,17640865,TriTrypDB,,
Tb927.10.15570,16055738,TriTrypDB,,
Tb927.10.1560,29931198,TriTrypDB,,
Tb927.10.15650,31515389,TriTrypDB,,
Tb927.10.1570,23326569,TriTrypDB,,
Tb927.10.15710,19463859,TriTrypDB,,
Tb927.10.15750,23235159,TriTrypDB,,
Tb927.10.15760,35447115,TriTrypDB,,
Tb927.10.15790,31751595,TriTrypDB,,
Tb927.10.1580,30415698,TriTrypDB,,
Tb927.10.15830,29474435,TriTrypDB,,
Tb927.10.15850,16388862,TriTrypDB,,
Tb927.10.15850,17188680,TriTrypDB,,
Tb927.10.15860,32679035,TriTrypDB,,
Tb927.10.15880,24453978,TriTrypDB,,
Tb927.10.15910,18036137,TriTrypDB,,
Tb927.10.15950,16753168,TriTrypDB,,
Tb927.10.15950,15485927,TriTrypDB,,
Tb927.10.160,17543398,TriTrypDB,,
Tb927.10.16030,20178803,TriTrypDB,,
Tb927.10.16030,24453978,TriTrypDB,,
Tb927.10.16070,21111007,TriTrypDB,,
Tb927.10.16090,35042777,TriTrypDB,,
Tb927.10.16110,17227795,TriTrypDB,,
Tb927.10.16160,19346560,TriTrypDB,,
Tb927.10.16170,31515389,TriTrypDB,,
Tb927.10.16190,24879126,TriTrypDB,,
Tb927.10.1630,14668021,TriTrypDB,,
Tb927.10.1680,20624216,TriTrypDB,,
Tb927.10.1690,25040552,TriTrypDB,,
Tb927.10.170,16107339,TriTrypDB,,
Tb927.10.1720,34526538,TriTrypDB,,
Tb927.10.1730,37410820,TriTrypDB,,
Tb927.10.1730,25225332,TriTrypDB,,
Tb927.10.1740,37475965,TriTrypDB,,
Tb927.10.180,19436713,TriTrypDB,,
Tb927.10.1820,31515389,TriTrypDB,,
Tb927.10.1870,18364347,TriTrypDB,,
Tb927.10.1910,24453978,TriTrypDB,,
Tb927.10.1940,24453978,TriTrypDB,,
Tb927.10.2010,17028241,TriTrypDB,,
Tb927.10.2020,17028241,TriTrypDB,,
Tb927.10.2030,17646387,TriTrypDB,,
Tb927.10.2040,24453978,TriTrypDB,,
Tb927.10.210,20382188,TriTrypDB,,
Tb927.10.2150,30228243,TriTrypDB,,
Tb927.10.2190,37633952,TriTrypDB,,
Tb927.10.2220,14670085,TriTrypDB,,
Tb927.10.2240,26784394,TriTrypDB,,
Tb927.10.2320,26891179,TriTrypDB,,
Tb927.10.2370,1671379,TriTrypDB,,
Tb927.10.240,12709066,TriTrypDB,,
Tb927.10.2410,12707278,TriTrypDB,,
Tb927.10.2440,12062425,TriTrypDB,,
Tb927.10.2440,21949125,TriTrypDB,,
Tb927.10.2520,24267450,TriTrypDB,,
Tb927.10.2550,16321390,TriTrypDB,,
Tb927.10.2560,16321390,TriTrypDB,,
Tb927.10.2590,31515389,TriTrypDB,,
Tb927.10.2640,23990561,TriTrypDB,,
Tb927.10.2750,23525104,TriTrypDB,,
Tb927.10.2800,18364347,TriTrypDB,,
Tb927.10.2860,28049148,TriTrypDB,,
Tb927.10.2880,30171070,TriTrypDB,,
Tb927.10.2880,21685506,TriTrypDB,,
Tb927.10.2890,12869196,TriTrypDB,,
Tb927.10.2900,19525551,TriTrypDB,,
Tb927.10.2920,29474435,TriTrypDB,,
Tb927.10.2970,28414727,TriTrypDB,,
Tb927.10.2970,30288927,TriTrypDB,,
Tb927.10.2990,15743819,TriTrypDB,,
Tb927.10.300,30228243,TriTrypDB,,
Tb927.10.3000,30045883,TriTrypDB,,
Tb927.10.3010,23264645,TriTrypDB,,
Tb927.10.3120,31751595,TriTrypDB,,
Tb927.10.3140,28049148,TriTrypDB,,
Tb927.10.3200,16339728,TriTrypDB,,
Tb927.10.3230,24453978,TriTrypDB,,
Tb927.10.3250,18364347,TriTrypDB,,
Tb927.10.3260,20382188,TriTrypDB,,
Tb927.10.3310,17227795,TriTrypDB,,
Tb927.10.3340,19346560,TriTrypDB,,
Tb927.10.350,28049148,TriTrypDB,,
Tb927.10.350,24453978,TriTrypDB,,
Tb927.10.3500,16339728,TriTrypDB,,
Tb927.10.3500,19320097,TriTrypDB,,
Tb927.10.3540,17606628,TriTrypDB,,
Tb927.10.3560,27998975,TriTrypDB,,
Tb927.10.3570,15657144,TriTrypDB,,
Tb927.10.3570,17699520,TriTrypDB,,
Tb927.10.3570,19318463,TriTrypDB,,
Tb927.10.3580,18364347,TriTrypDB,,
Tb927.10.3640,25503798,TriTrypDB,,
Tb927.10.3650,15718239,TriTrypDB,,
Tb927.10.3700,19647733,TriTrypDB,,
Tb927.10.3710,10567354,TriTrypDB,,
Tb927.10.3710,9119074,TriTrypDB,,
Tb927.10.3730,34407985,TriTrypDB,,
Tb927.10.380,21474072,TriTrypDB,,
Tb927.10.380,18364347,TriTrypDB,,
Tb927.10.3800,35879525,TriTrypDB,,
Tb927.10.3810,26891179,TriTrypDB,,
Tb927.10.3900,24453978,TriTrypDB,,
Tb927.10.3990,18442996,TriTrypDB,,
Tb927.10.4040,20382188,TriTrypDB,,
Tb927.10.4130,21610103,TriTrypDB,,
Tb927.10.420,28114397,TriTrypDB,,
Tb927.10.4200,31795916,TriTrypDB,,
Tb927.10.4210,28049148,TriTrypDB,,
Tb927.10.4250,20653091,TriTrypDB,,
Tb927.10.4280,21610103,TriTrypDB,,
Tb927.10.4300,20190075,TriTrypDB,,
Tb927.10.4310,19683530,TriTrypDB,,
Tb927.10.4440,33660774,TriTrypDB,,
Tb927.10.450,20923419,TriTrypDB,,
Tb927.10.450,17227795,TriTrypDB,,
Tb927.10.4500,16431985,TriTrypDB,,
Tb927.10.460,16608878,TriTrypDB,,
Tb927.10.4600,34407985,TriTrypDB,,
Tb927.10.4610,10329621,TriTrypDB,,
Tb927.10.4700,20382188,TriTrypDB,,
Tb927.10.4760,35500022,TriTrypDB,,
Tb927.10.4800,32084124,TriTrypDB,,
Tb927.10.4840,16055738,TriTrypDB,,
Tb927.10.4910,19463859,TriTrypDB,,
Tb927.10.4940,12123446,TriTrypDB,,
Tb927.10.5010,24033548,TriTrypDB,,
Tb927.10.5020,24962368,TriTrypDB,,
Tb927.10.5050,19436713,TriTrypDB,,
Tb927.10.5080,12958211,TriTrypDB,,
Tb927.10.5090,25931509,TriTrypDB,,
Tb927.10.510,23221899,TriTrypDB,,
Tb927.10.5140,24213350,TriTrypDB,,
Tb927.10.5140,29287675,TriTrypDB,,
Tb927.10.520,36220811,TriTrypDB,,
Tb927.10.5210,17259543,TriTrypDB,,
Tb927.10.5230,30097558,TriTrypDB,,
Tb927.10.5270,21396364,TriTrypDB,,
Tb927.10.5290,27181928,TriTrypDB,,
Tb927.10.530,25931509,TriTrypDB,,
Tb927.10.5310,27732844,TriTrypDB,,
Tb927.10.5380,18094047,TriTrypDB,,
Tb927.10.5440,16269544,TriTrypDB,,
Tb927.10.5450,26378228,TriTrypDB,,
Tb927.10.5450,21076155,TriTrypDB,,
Tb927.10.5500,22158713,TriTrypDB,,
Tb927.10.5560,20382188,TriTrypDB,,
Tb927.10.5560,10954751,TriTrypDB,,
Tb927.10.5620,32329788,TriTrypDB,,
Tb927.10.5640,19605687,TriTrypDB,,
Tb927.10.5700,25931509,TriTrypDB,,
Tb927.10.5770,10029305,TriTrypDB,,
Tb927.10.5770,11279035,TriTrypDB,,
Tb927.10.5870,30171070,TriTrypDB,,
Tb927.10.5880,35447115,TriTrypDB,,
Tb927.10.5910,28049148,TriTrypDB,,
Tb927.10.5930,24453978,TriTrypDB,,
Tb927.10.5940,24453978,TriTrypDB,,
Tb927.10.5950,24453978,TriTrypDB,,
Tb927.10.5960,20685283,TriTrypDB,,
Tb927.10.5990,28049148,TriTrypDB,,
Tb927.10.600,18364347,TriTrypDB,,
Tb927.10.6010,18554326,TriTrypDB,,
Tb927.10.6060,18048338,TriTrypDB,,
Tb927.10.6070,18048338,TriTrypDB,,
Tb927.10.6090,18364347,TriTrypDB,,
Tb927.10.6140,20382188,TriTrypDB,,
Tb927.10.6180,23178943,TriTrypDB,,
Tb927.10.6220,17077271,TriTrypDB,,
Tb927.10.6240,16112905,TriTrypDB,,
Tb927.10.6300,18364347,TriTrypDB,,
Tb927.10.6330,24582333,TriTrypDB,,
Tb927.10.6350,9236195,TriTrypDB,,
Tb927.10.6360,30171070,TriTrypDB,,
Tb927.10.640,17601874,TriTrypDB,,
Tb927.10.6410,32373549,TriTrypDB,,
Tb927.10.6440,22676716,TriTrypDB,,
Tb927.10.650,17227795,TriTrypDB,,
Tb927.10.6530,18263655,TriTrypDB,,
Tb927.10.6600,31795916,TriTrypDB,,
Tb927.10.6690,17043136,TriTrypDB,,
Tb927.10.6700,28034897,TriTrypDB,,
Tb927.10.6790,26224545,TriTrypDB,,
Tb927.10.6830,26721397,TriTrypDB,,
Tb927.10.6850,18951088,TriTrypDB,,
Tb927.10.6850,18364347,TriTrypDB,,
Tb927.10.6860,28819113,TriTrypDB,,
Tb927.10.6880,2040304,TriTrypDB,,
Tb927.10.6900,24891501,TriTrypDB,,
Tb927.10.7050,31289266,TriTrypDB,,
Tb927.10.7060,19525551,TriTrypDB,,
Tb927.10.7070,16055738,TriTrypDB,,
Tb927.10.7090,12633849,TriTrypDB,,
Tb927.10.7090,20056101,TriTrypDB,,
Tb927.10.7090,9763289,TriTrypDB,,
Tb927.10.7100,16403015,TriTrypDB,,
Tb927.10.7110,16246027,TriTrypDB,,
Tb927.10.7110,29499774,TriTrypDB,,
Tb927.10.7120,37633952,TriTrypDB,,
Tb927.10.720,30171070,TriTrypDB,,
Tb927.10.7210,26133384,TriTrypDB,,
Tb927.10.7230,24741115,TriTrypDB,,
Tb927.10.7240,24582333,TriTrypDB,,
Tb927.10.7290,24741115,TriTrypDB,,
Tb927.10.7380,18364347,TriTrypDB,,
Tb927.10.7410,18364711,TriTrypDB,,
Tb927.10.7440,17940093,TriTrypDB,,
Tb927.10.7450,11447124,TriTrypDB,,
Tb927.10.7470,16339728,TriTrypDB,,
Tb927.10.7490,27956554,TriTrypDB,,
Tb927.10.7500,10747997,TriTrypDB,,
Tb927.10.7570,23125353,TriTrypDB,,
Tb927.10.7580,31392978,TriTrypDB,,
Tb927.10.7600,28049148,TriTrypDB,,
Tb927.10.7610,21610103,TriTrypDB,,
Tb927.10.7630,19525551,TriTrypDB,,
Tb927.10.7690,17227795,TriTrypDB,,
Tb927.10.7740,19759175,TriTrypDB,,
Tb927.10.7780,9099733,TriTrypDB,,
Tb927.10.7910,30976048,TriTrypDB,,
Tb927.10.7910,37410820,TriTrypDB,,
Tb927.10.7910,26991453,TriTrypDB,,
Tb927.10.7930,10691985,TriTrypDB,,
Tb927.10.8020,20188209,TriTrypDB,,
Tb927.10.8030,19436713,TriTrypDB,,
Tb927.10.8030,36220811,TriTrypDB,,
Tb927.10.8060,34407985,TriTrypDB,,
Tb927.10.810,17646387,TriTrypDB,,
Tb927.10.8100,34407985,TriTrypDB,,
Tb927.10.8170,19525551,TriTrypDB,,
Tb927.10.8220,37474258,TriTrypDB,,
Tb927.10.8230,15642735,TriTrypDB,,
Tb927.10.8230,23159520,TriTrypDB,,
Tb927.10.8240,31540971,TriTrypDB,,
Tb927.10.8280,15863726,TriTrypDB,,
Tb927.10.8280,19429779,TriTrypDB,,
Tb927.10.8280,16339728,TriTrypDB,,
Tb927.10.8300,16339728,TriTrypDB,,
Tb927.10.8300,15863726,TriTrypDB,,
Tb927.10.8300,19429779,TriTrypDB,,
Tb927.10.8310,18179414,TriTrypDB,,
Tb927.10.8320,17012283,TriTrypDB,,
Tb927.10.8360,21743004,TriTrypDB,,
Tb927.10.8370,31515389,TriTrypDB,,
Tb927.10.840,25736289,TriTrypDB,,
Tb927.10.8420,18796613,TriTrypDB,,
Tb927.10.850,23264645,TriTrypDB,,
Tb927.10.8580,30097558,TriTrypDB,,
Tb927.10.8650,25217630,TriTrypDB,,
Tb927.10.870,30171070,TriTrypDB,,
Tb927.10.8700,16914442,TriTrypDB,,
Tb927.10.8710,24892844,TriTrypDB,,
Tb927.10.8720,18442996,TriTrypDB,,
Tb927.10.8770,21437209,TriTrypDB,,
Tb927.10.880,27820863,TriTrypDB,,
Tb927.10.8800,29474435,TriTrypDB,,
Tb927.10.8820,23264645,TriTrypDB,,
Tb927.10.8830,25736289,TriTrypDB,,
Tb927.10.8840,29474435,TriTrypDB,,
Tb927.10.8870,32295845,TriTrypDB,,
Tb927.10.8880,22654659,TriTrypDB,,
Tb927.10.8890,24879122,TriTrypDB,,
Tb927.10.8900,18587155,TriTrypDB,,
Tb927.10.8910,19525551,TriTrypDB,,
Tb927.10.8920,16112905,TriTrypDB,,
Tb927.10.8930,19074134,TriTrypDB,,
Tb927.10.9000,26833087,TriTrypDB,,
Tb927.10.9110,35042777,TriTrypDB,,
Tb927.10.9140,23221899,TriTrypDB,,
Tb927.10.9160,26954683,TriTrypDB,,
Tb927.10.9290,16766053,TriTrypDB,,
Tb927.10.9400,19320097,TriTrypDB,,
Tb927.10.9410,18812192,TriTrypDB,,
Tb927.10.9570,19074134,TriTrypDB,,
Tb927.10.960,19429779,TriTrypDB,,
Tb927.10.9600,24453978,TriTrypDB,,
Tb927.10.9650,26891179,TriTrypDB,,
Tb927.10.9660,19429779,TriTrypDB,,
Tb927.10.9680,34407985,TriTrypDB,,
Tb927.10.9700,30171070,TriTrypDB,,
Tb927.10.9720,17416633,TriTrypDB,,
Tb927.10.9720,9799244,TriTrypDB,,
Tb927.10.9740,11854272,TriTrypDB,,
Tb927.10.9760,16920028,TriTrypDB,,
Tb927.10.9770,26224545,TriTrypDB,,
Tb927.10.9820,29698456,TriTrypDB,,
Tb927.10.9830,36220811,TriTrypDB,,
Tb927.10.9870,17227795,TriTrypDB,,
Tb927.10.990,25931509,TriTrypDB,,
Tb927.10.9930,34407985,TriTrypDB,,
Tb927.11.1000,24582333,TriTrypDB,,
Tb927.11.10050,32679035,TriTrypDB,,
Tb927.11.10070,34407985,TriTrypDB,,
Tb927.11.10080,18364347,TriTrypDB,,
Tb927.11.10150,18364347,TriTrypDB,,
Tb927.11.10170,18364347,TriTrypDB,,
Tb927.11.10190,16091631,TriTrypDB,,
Tb927.11.10190,16782879,TriTrypDB,,
Tb927.11.10230,22532828,TriTrypDB,,
Tb927.11.10240,18421378,TriTrypDB,,
Tb927.11.10260,31341002,TriTrypDB,,
Tb927.11.1030,24582333,TriTrypDB,,
Tb927.11.10330,26378228,TriTrypDB,,
Tb927.11.1040,29186511,TriTrypDB,,
Tb927.11.10400,18364347,TriTrypDB,,
Tb927.11.10450,20382188,TriTrypDB,,
Tb927.11.10460,21799014,TriTrypDB,,
Tb927.11.10520,24582333,TriTrypDB,,
Tb927.11.10560,15694484,TriTrypDB,,
Tb927.11.10570,18364347,TriTrypDB,,
Tb927.11.1060,31851940,TriTrypDB,,
Tb927.11.10600,31515389,TriTrypDB,,
Tb927.11.10650,21880705,TriTrypDB,,
Tb927.11.10660,28049148,TriTrypDB,,
Tb927.11.1070,16754359,TriTrypDB,,
Tb927.11.10750,19605687,TriTrypDB,,
Tb927.11.10760,22623724,TriTrypDB,,
Tb927.11.10780,22219392,TriTrypDB,,
Tb927.11.1080,29931198,TriTrypDB,,
Tb927.11.10800,37633952,TriTrypDB,,
Tb927.11.10860,27965085,TriTrypDB,,
Tb927.11.10870,20109450,TriTrypDB,,
Tb927.11.10900,17227795,TriTrypDB,,
Tb927.11.11010,37633952,TriTrypDB,,
Tb927.11.11030,12821657,TriTrypDB,,
Tb927.11.11080,19525551,TriTrypDB,,
Tb927.11.11090,19525551,TriTrypDB,,
Tb927.11.11100,21531872,TriTrypDB,,
Tb927.11.11110,24453978,TriTrypDB,,
Tb927.11.11150,20581293,TriTrypDB,,
Tb927.11.11210,19074134,TriTrypDB,,
Tb927.11.11240,27863903,TriTrypDB,,
Tb927.11.11250,11606232,TriTrypDB,,
Tb927.11.11270,18242729,TriTrypDB,,
Tb927.11.11340,26224545,TriTrypDB,,
Tb927.11.11380,29474435,TriTrypDB,,
Tb927.11.11430,27956554,TriTrypDB,,
Tb927.11.11460,25808593,TriTrypDB,,
Tb927.11.11460,23221899,TriTrypDB,,
Tb927.11.11470,18364347,TriTrypDB,,
Tb927.11.11470,21474072,TriTrypDB,,
Tb927.11.11470,24336212,TriTrypDB,,
Tb927.11.11475,23395961,TriTrypDB,,
Tb927.11.1150,16607017,TriTrypDB,,
Tb927.11.11520,9649425,TriTrypDB,,
Tb927.11.11550,16316982,TriTrypDB,,
Tb927.11.11560,16316982,TriTrypDB,,
Tb927.11.11630,18364347,TriTrypDB,,
Tb927.11.11640,21799014,TriTrypDB,,
Tb927.11.11650,17227795,TriTrypDB,,
Tb927.11.11650,28049148,TriTrypDB,,
Tb927.11.11670,23720757,TriTrypDB,,
Tb927.11.11725,23395961,TriTrypDB,,
Tb927.11.1180,24453978,TriTrypDB,,
Tb927.11.11840,36169304,TriTrypDB,,
Tb927.11.11870,31515389,TriTrypDB,,
Tb927.11.11870,18364347,TriTrypDB,,
Tb927.11.1190,34407985,TriTrypDB,,
Tb927.11.11900,11377739,TriTrypDB,,
Tb927.11.11980,11907282,TriTrypDB,,
Tb927.11.12040,18776036,TriTrypDB,,
Tb927.11.12080,15817455,TriTrypDB,,
Tb927.11.12100,16339728,TriTrypDB,,
Tb927.11.12120,16339728,TriTrypDB,,
Tb927.11.12150,18462016,TriTrypDB,,
Tb927.11.12220,24114837,TriTrypDB,,
Tb927.11.12230,18421378,TriTrypDB,,
Tb927.11.12250,21799014,TriTrypDB,,
Tb927.11.12310,23805309,TriTrypDB,,
Tb927.11.12350,35042777,TriTrypDB,,
Tb927.11.12410,24582333,TriTrypDB,,
Tb927.11.12410,24453978,TriTrypDB,,
Tb927.11.12420,24582333,TriTrypDB,,
Tb927.11.12420,24453978,TriTrypDB,,
Tb927.11.12450,26721397,TriTrypDB,,
Tb927.11.12480,28034897,TriTrypDB,,
Tb927.11.1250,18364347,TriTrypDB,,
Tb927.11.12530,25736289,TriTrypDB,,
Tb927.11.1270,36220811,TriTrypDB,,
Tb927.11.12740,22267727,TriTrypDB,,
Tb927.11.12750,12746436,TriTrypDB,,
Tb927.11.12850,22123425,TriTrypDB,,
Tb927.11.12860,23877697,TriTrypDB,,
Tb927.11.12880,23221899,TriTrypDB,,
Tb927.11.12930,32679035,TriTrypDB,,
Tb927.11.12950,16112905,TriTrypDB,,
Tb927.11.13003,23395961,TriTrypDB,,
Tb927.11.13007,23395961,TriTrypDB,,
Tb927.11.13180,23221899,TriTrypDB,,
Tb927.11.1320,21074578,TriTrypDB,,
Tb927.11.13230,22186015,TriTrypDB,,
Tb927.11.13290,18325611,TriTrypDB,,
Tb927.11.13300,30709917,TriTrypDB,,
Tb927.11.13380,31289266,TriTrypDB,,
Tb927.11.1340,26133384,TriTrypDB,,
Tb927.11.13400,34407985,TriTrypDB,,
Tb927.11.13440,19463859,TriTrypDB,,
Tb927.11.13480,29474435,TriTrypDB,,
Tb927.11.1350,24305511,TriTrypDB,,
Tb927.11.13500,19074134,TriTrypDB,,
Tb927.11.13560,34407985,TriTrypDB,,
Tb927.11.13640,15694344,TriTrypDB,,
Tb927.11.13640,17389644,TriTrypDB,,
Tb927.11.13640,10562569,TriTrypDB,,
Tb927.11.13640,22514282,TriTrypDB,,
Tb927.11.1370,20826822,TriTrypDB,,
Tb927.11.13700,28049148,TriTrypDB,,
Tb927.11.13730,10985770,TriTrypDB,,
Tb927.11.13740,24879126,TriTrypDB,,
Tb927.11.13750,15284229,TriTrypDB,,
Tb927.11.13820,36169304,TriTrypDB,,
Tb927.11.1390,17972917,TriTrypDB,,
Tb927.11.13900,31161731,TriTrypDB,,
Tb927.11.13910,21610103,TriTrypDB,,
Tb927.11.13960,19605687,TriTrypDB,,
Tb927.11.13970,19596809,TriTrypDB,,
Tb927.11.13980,17227795,TriTrypDB,,
Tb927.11.13980,19944405,TriTrypDB,,
Tb927.11.13990,17640865,TriTrypDB,,
Tb927.11.14000,12076772,TriTrypDB,,
Tb927.11.14000,26121669,TriTrypDB,,
Tb927.11.14000,9574912,TriTrypDB,,
Tb927.11.14020,17921352,TriTrypDB,,
Tb927.11.14020,26121669,TriTrypDB,,
Tb927.11.14020,9247926,TriTrypDB,,
Tb927.11.14030,23805309,TriTrypDB,,
Tb927.11.14070,24453978,TriTrypDB,,
Tb927.11.14090,25940618,TriTrypDB,,
Tb927.11.1410,17972917,TriTrypDB,,
Tb927.11.14100,16339728,TriTrypDB,,
Tb927.11.14110,19386623,TriTrypDB,,
Tb927.11.14140,18587155,TriTrypDB,,
Tb927.11.14150,25524563,TriTrypDB,,
Tb927.11.14190,34407985,TriTrypDB,,
Tb927.11.14200,28609481,TriTrypDB,,
Tb927.11.14220,28334017,TriTrypDB,,
Tb927.11.14270,24453978,TriTrypDB,,
Tb927.11.1430,17227795,TriTrypDB,,
Tb927.11.14310,19605687,TriTrypDB,,
Tb927.11.14350,19463859,TriTrypDB,,
Tb927.11.14360,19463859,TriTrypDB,,
Tb927.11.14370,29530930,TriTrypDB,,
Tb927.11.14380,21474072,TriTrypDB,,
Tb927.11.14380,17646387,TriTrypDB,,
Tb927.11.14440,17646387,TriTrypDB,,
Tb927.11.14470,26721397,TriTrypDB,,
Tb927.11.14500,24453978,TriTrypDB,,
Tb927.11.14520,17651388,TriTrypDB,,
Tb927.11.14560,26727667,TriTrypDB,,
Tb927.11.14580,26038549,TriTrypDB,,
Tb927.11.14590,24839125,TriTrypDB,,
Tb927.11.14650,29474435,TriTrypDB,,
Tb927.11.14680,20382188,TriTrypDB,,
Tb927.11.14780,22375793,TriTrypDB,,
Tb927.11.14840,18545648,TriTrypDB,,
Tb927.11.14880,19074134,TriTrypDB,,
Tb927.11.14950,11726506,TriTrypDB,,
Tb927.11.14960,17052765,TriTrypDB,,
Tb927.11.14980,18364347,TriTrypDB,,
Tb927.11.15000,19605687,TriTrypDB,,
Tb927.11.15010,24453978,TriTrypDB,,
Tb927.11.15020,16413404,TriTrypDB,,
Tb927.11.15040,8719252,TriTrypDB,,
Tb927.11.15070,28049148,TriTrypDB,,
Tb927.11.15100,19074134,TriTrypDB,,
Tb927.11.15140,26504079,TriTrypDB,,
Tb927.11.15140,35447115,TriTrypDB,,
Tb927.11.15150,20382188,TriTrypDB,,
Tb927.11.15240,15811530,TriTrypDB,,
Tb927.11.15350,16339728,TriTrypDB,,
Tb927.11.15370,19525551,TriTrypDB,,
Tb927.11.1540,29813135,TriTrypDB,,
Tb927.11.15440,22158713,TriTrypDB,,
Tb927.11.15450,28049148,TriTrypDB,,
Tb927.11.15490,8132566,TriTrypDB,,
Tb927.11.15500,18364347,TriTrypDB,,
Tb927.11.15560,19525551,TriTrypDB,,
Tb927.11.15570,17646387,TriTrypDB,,
Tb927.11.15580,29186511,TriTrypDB,,
Tb927.11.1560,18364711,TriTrypDB,,
Tb927.11.15600,20624217,TriTrypDB,,
Tb927.11.15640,22396527,TriTrypDB,,
Tb927.11.15650,17189640,TriTrypDB,,
Tb927.11.15690,19429779,TriTrypDB,,
Tb927.11.15710,20876299,TriTrypDB,,
Tb927.11.15760,20382188,TriTrypDB,,
Tb927.11.15800,26133384,TriTrypDB,,
Tb927.11.15800,26929336,TriTrypDB,,
Tb927.11.15810,21610103,TriTrypDB,,
Tb927.11.15810,18534909,TriTrypDB,,
Tb927.11.15820,16413404,TriTrypDB,,
Tb927.11.15820,21610103,TriTrypDB,,
Tb927.11.15850,31515389,TriTrypDB,,
Tb927.11.15910,16413404,TriTrypDB,,
Tb927.11.15990,19525551,TriTrypDB,,
Tb927.11.16020,16339728,TriTrypDB,,
Tb927.11.16070,19386623,TriTrypDB,,
Tb927.11.16090,30030284,TriTrypDB,,
Tb927.11.16120,37459364,TriTrypDB,,
Tb927.11.16140,21799014,TriTrypDB,,
Tb927.11.16200,11907282,TriTrypDB,,
Tb927.11.16210,37475965,TriTrypDB,,
Tb927.11.16220,21610103,TriTrypDB,,
Tb927.11.16290,19066473,TriTrypDB,,
Tb927.11.1630,18364347,TriTrypDB,,
Tb927.11.16360,32084124,TriTrypDB,,
Tb927.11.164,32679035,TriTrypDB,,
Tb927.11.1640,24336212,TriTrypDB,,
Tb927.11.16430,20109450,TriTrypDB,,
Tb927.11.16470,29474435,TriTrypDB,,
Tb927.11.16490,19103757,TriTrypDB,,
Tb927.11.16550,20444260,TriTrypDB,,
Tb927.11.16560,23443657,TriTrypDB,,
Tb927.11.16590,16339728,TriTrypDB,,
Tb927.11.16600,12821657,TriTrypDB,,
Tb927.11.16690,29244877,TriTrypDB,,
Tb927.11.1670,19968861,TriTrypDB,,
Tb927.11.16790,15387824,TriTrypDB,,
Tb927.11.16830,19240117,TriTrypDB,,
Tb927.11.16860,26572691,TriTrypDB,,
Tb927.11.16860,37410820,TriTrypDB,,
Tb927.11.16870,21610103,TriTrypDB,,
Tb927.11.16870,18534909,TriTrypDB,,
Tb927.11.16920,27226299,TriTrypDB,,
Tb927.11.16960,29474435,TriTrypDB,,
Tb927.11.16990,32679035,TriTrypDB,,
Tb927.11.170,31515389,TriTrypDB,,
Tb927.11.17000,22329999,TriTrypDB,,
Tb927.11.17010,35500022,TriTrypDB,,
Tb927.11.17040,24879126,TriTrypDB,,
Tb927.11.17040,1545803,TriTrypDB,,
Tb927.11.1710,9013632,TriTrypDB,,
Tb927.11.1740,14532107,TriTrypDB,,
Tb927.11.1740,18094047,TriTrypDB,,
Tb927.11.1760,34407985,TriTrypDB,,
Tb927.11.1790,23133390,TriTrypDB,,
Tb927.11.1800,23133390,TriTrypDB,,
Tb927.11.1840,35447115,TriTrypDB,,
Tb927.11.1860,23133390,TriTrypDB,,
Tb927.11.18680,17972917,TriTrypDB,,
Tb927.11.1870,23133390,TriTrypDB,,
Tb927.11.1880,23133390,TriTrypDB,,
Tb927.11.1980,37004055,TriTrypDB,,
Tb927.11.200,16730080,TriTrypDB,,
Tb927.11.2000,34407985,TriTrypDB,,
Tb927.11.2040,24453978,TriTrypDB,,
Tb927.11.2070,27863903,TriTrypDB,,
Tb927.11.2090,20382188,TriTrypDB,,
Tb927.11.2120,34407985,TriTrypDB,,
Tb927.11.2190,30415698,TriTrypDB,,
Tb927.11.2210,20382188,TriTrypDB,,
Tb927.11.2220,31515389,TriTrypDB,,
Tb927.11.2245,36220811,TriTrypDB,,
Tb927.11.2270,17227795,TriTrypDB,,
Tb927.11.230,26727667,TriTrypDB,,
Tb927.11.2370,19596809,TriTrypDB,,
Tb927.11.2370,23560737,TriTrypDB,,
Tb927.11.2400,27779220,TriTrypDB,,
Tb927.11.2430,17897317,TriTrypDB,,
Tb927.11.2440,19631545,TriTrypDB,,
Tb927.11.2500,29246805,TriTrypDB,,
Tb927.11.2520,18381290,TriTrypDB,,
Tb927.11.2530,18951088,TriTrypDB,,
Tb927.11.2530,18364347,TriTrypDB,,
Tb927.11.2580,23221899,TriTrypDB,,
Tb927.11.2590,26504079,TriTrypDB,,
Tb927.11.260,18094047,TriTrypDB,,
Tb927.11.2610,35447115,TriTrypDB,,
Tb927.11.2640,16112905,TriTrypDB,,
Tb927.11.2640,29931198,TriTrypDB,,
Tb927.11.2670,19525551,TriTrypDB,,
Tb927.11.2690,15326192,TriTrypDB,,
Tb927.11.270,19463859,TriTrypDB,,
Tb927.11.2700,28049148,TriTrypDB,,
Tb927.11.2710,21799014,TriTrypDB,,
Tb927.11.2730,12615316,TriTrypDB,,
Tb927.11.2730,11983889,TriTrypDB,,
Tb927.11.2750,23221899,TriTrypDB,,
Tb927.11.2770,37633952,TriTrypDB,,
Tb927.11.2790,32161152,TriTrypDB,,
Tb927.11.2880,18545648,TriTrypDB,,
Tb927.11.290,18039372,TriTrypDB,,
Tb927.11.2950,19525551,TriTrypDB,,
Tb927.11.2960,34850936,TriTrypDB,,
Tb927.11.3010,22840392,TriTrypDB,,
Tb927.11.3100,23221899,TriTrypDB,,
Tb927.11.3120,31628976,TriTrypDB,,
Tb927.11.3130,16754359,TriTrypDB,,
Tb927.11.3140,24453978,TriTrypDB,,
Tb927.11.3150,18242729,TriTrypDB,,
Tb927.11.3220,12062425,TriTrypDB,,
Tb927.11.3280,21124853,TriTrypDB,,
Tb927.11.3290,18059470,TriTrypDB,,
Tb927.11.330,26891179,TriTrypDB,,
Tb927.11.330,19525551,TriTrypDB,,
Tb927.11.3300,26504079,TriTrypDB,,
Tb927.11.3320,16112905,TriTrypDB,,
Tb927.11.3340,31795916,TriTrypDB,,
Tb927.11.3340,16339728,TriTrypDB,,
Tb927.11.3360,17227795,TriTrypDB,,
Tb927.11.3380,19525551,TriTrypDB,,
Tb927.11.3400,27863903,TriTrypDB,,
Tb927.11.3480,17275824,TriTrypDB,,
Tb927.11.3530,21610103,TriTrypDB,,
Tb927.11.3620,29371154,TriTrypDB,,
Tb927.11.3630,29371154,TriTrypDB,,
Tb927.11.3640,18364347,TriTrypDB,,
Tb927.11.3670,31515389,TriTrypDB,,
Tb927.11.3705,29186511,TriTrypDB,,
Tb927.11.380,19208769,TriTrypDB,,
Tb927.11.3910,37475965,TriTrypDB,,
Tb927.11.410,31515389,TriTrypDB,,
Tb927.11.4260,30228243,TriTrypDB,,
Tb927.11.4280,35447115,TriTrypDB,,
Tb927.11.4340,29474435,TriTrypDB,,
Tb927.11.4350,29474435,TriTrypDB,,
Tb927.11.4450,21811616,TriTrypDB,,
Tb927.11.4460,21811616,TriTrypDB,,
Tb927.11.4470,24453978,TriTrypDB,,
Tb927.11.4490,22158713,TriTrypDB,,
Tb927.11.4540,19525551,TriTrypDB,,
Tb927.11.4570,9822686,TriTrypDB,,
Tb927.11.4610,21685506,TriTrypDB,,
Tb927.11.4650,21474072,TriTrypDB,,
Tb927.11.4650,18364347,TriTrypDB,,
Tb927.11.4660,20728476,TriTrypDB,,
Tb927.11.4690,20132449,TriTrypDB,,
Tb927.11.470,26337955,TriTrypDB,,
Tb927.11.4740,19074134,TriTrypDB,,
Tb927.11.4880,37633952,TriTrypDB,,
Tb927.11.4890,16516986,TriTrypDB,,
Tb927.11.4920,37633952,TriTrypDB,,
Tb927.11.4970,31289266,TriTrypDB,,
Tb927.11.500,17873084,TriTrypDB,,
Tb927.11.5000,16882690,TriTrypDB,,
Tb927.11.5050,16857679,TriTrypDB,,
Tb927.11.5060,31515389,TriTrypDB,,
Tb927.11.510,17873084,TriTrypDB,,
Tb927.11.5120,34407985,TriTrypDB,,
Tb927.11.5280,23326569,TriTrypDB,,
Tb927.11.5290,19463859,TriTrypDB,,
Tb927.11.5300,21124853,TriTrypDB,,
Tb927.11.5340,24453978,TriTrypDB,,
Tb927.11.5350,22351763,TriTrypDB,,
Tb927.11.5390,27991487,TriTrypDB,,
Tb927.11.5410,29474435,TriTrypDB,,
Tb927.11.5440,21105905,TriTrypDB,,
Tb927.11.5450,21105905,TriTrypDB,,
Tb927.11.550,29912461,TriTrypDB,,
Tb927.11.5500,18364347,TriTrypDB,,
Tb927.11.5500,21474072,TriTrypDB,,
Tb927.11.5500,17646387,TriTrypDB,,
Tb927.11.5520,17176070,TriTrypDB,,
Tb927.11.5520,1880808,TriTrypDB,,
Tb927.11.5530,18364347,TriTrypDB,,
Tb927.11.5570,21799014,TriTrypDB,,
Tb927.11.5590,23533609,TriTrypDB,,
Tb927.11.5600,23221899,TriTrypDB,,
Tb927.11.5600,22267727,TriTrypDB,,
Tb927.11.5600,25808593,TriTrypDB,,
Tb927.11.5620,29474435,TriTrypDB,,
Tb927.11.5680,17405810,TriTrypDB,,
Tb927.11.5750,29474435,TriTrypDB,,
Tb927.11.5780,11859084,TriTrypDB,,
Tb927.11.5850,16339728,TriTrypDB,,
Tb927.11.5860,19346560,TriTrypDB,,
Tb927.11.5870,34407985,TriTrypDB,,
Tb927.11.5880,32679035,TriTrypDB,,
Tb927.11.5970,25769297,TriTrypDB,,
Tb927.11.5990,32679035,TriTrypDB,,
Tb927.11.5990,18364347,TriTrypDB,,
Tb927.11.600,36220811,TriTrypDB,,
Tb927.11.6000,18364347,TriTrypDB,,
Tb927.11.6010,24962368,TriTrypDB,,
Tb927.11.6030,16112905,TriTrypDB,,
Tb927.11.620,18796613,TriTrypDB,,
Tb927.11.6210,20386598,TriTrypDB,,
Tb927.11.6220,19240115,TriTrypDB,,
Tb927.11.6250,36220811,TriTrypDB,,
Tb927.11.6320,19096045,TriTrypDB,,
Tb927.11.6350,34407985,TriTrypDB,,
Tb927.11.6350,30378479,TriTrypDB,,
Tb927.11.640,17646387,TriTrypDB,,
Tb927.11.6410,21957477,TriTrypDB,,
Tb927.11.6440,22024471,TriTrypDB,,
Tb927.11.6470,30415698,TriTrypDB,,
Tb927.11.650,20876299,TriTrypDB,,
Tb927.11.6550,19714224,TriTrypDB,,
Tb927.11.6560,28049148,TriTrypDB,,
Tb927.11.6620,29931198,TriTrypDB,,
Tb927.11.6660,33589495,TriTrypDB,,
Tb927.11.6690,19346560,TriTrypDB,,
Tb927.11.670,19416477,TriTrypDB,,
Tb927.11.6790,29931198,TriTrypDB,,
Tb927.11.6870,15653691,TriTrypDB,,
Tb927.11.6980,21610103,TriTrypDB,,
Tb927.11.6990,24453978,TriTrypDB,,
Tb927.11.7010,24453978,TriTrypDB,,
Tb927.11.7050,25931509,TriTrypDB,,
Tb927.11.7090,20876299,TriTrypDB,,
Tb927.11.7140,15470247,TriTrypDB,,
Tb927.11.7160,16164760,TriTrypDB,,
Tb927.11.7160,17335918,TriTrypDB,,
Tb927.11.7170,17040903,TriTrypDB,,
Tb927.11.7170,19279205,TriTrypDB,,
Tb927.11.7180,37475965,TriTrypDB,,
Tb927.11.720,35447115,TriTrypDB,,
Tb927.11.7210,24453978,TriTrypDB,,
Tb927.11.7212,21610103,TriTrypDB,,
Tb927.11.7214,31515389,TriTrypDB,,
Tb927.11.7218,17646387,TriTrypDB,,
Tb927.11.7218,18951088,TriTrypDB,,
Tb927.11.7240,17227795,TriTrypDB,,
Tb927.11.7240,20876659,TriTrypDB,,
Tb927.11.7350,16303849,TriTrypDB,,
Tb927.11.7350,18261990,TriTrypDB,,
Tb927.11.7350,19369410,TriTrypDB,,
Tb927.11.7380,16806528,TriTrypDB,,
Tb927.11.7450,17227795,TriTrypDB,,
Tb927.11.7460,8227199,TriTrypDB,,
Tb927.11.7510,8227199,TriTrypDB,,
Tb927.11.7560,37633952,TriTrypDB,,
Tb927.11.7560,17227795,TriTrypDB,,
Tb927.11.7590,33589495,TriTrypDB,,
Tb927.11.7600,37633952,TriTrypDB,,
Tb927.11.7675,23395961,TriTrypDB,,
Tb927.11.7685,23395961,TriTrypDB,,
Tb927.11.7702,18433897,TriTrypDB,,
Tb927.11.7780,25808593,TriTrypDB,,
Tb927.11.7780,23221899,TriTrypDB,,
Tb927.11.7790,18364347,TriTrypDB,,
Tb927.11.780,33568178,TriTrypDB,,
Tb927.11.7890,20444260,TriTrypDB,,
Tb927.11.790,19346560,TriTrypDB,,
Tb927.11.7920,29474435,TriTrypDB,,
Tb927.11.7960,18464794,TriTrypDB,,
Tb927.11.8030,37633952,TriTrypDB,,
Tb927.11.8040,18364347,TriTrypDB,,
Tb927.11.8150,24453978,TriTrypDB,,
Tb927.11.8190,10557214,TriTrypDB,,
Tb927.11.8220,16835447,TriTrypDB,,
Tb927.11.8310,17972917,TriTrypDB,,
Tb927.11.835,23523918,TriTrypDB,,
Tb927.11.8350,30171070,TriTrypDB,,
Tb927.11.8370,29931198,TriTrypDB,,
Tb927.11.8400,21810935,TriTrypDB,,
Tb927.11.850,16164760,TriTrypDB,,
Tb927.11.870,18364347,TriTrypDB,,
Tb927.11.880,12062813,TriTrypDB,,
Tb927.11.8830,25931509,TriTrypDB,,
Tb927.11.8870,9271369,TriTrypDB,,
Tb927.11.8870,21321231,TriTrypDB,,
Tb927.11.8910,21610103,TriTrypDB,,
Tb927.11.8910,18534909,TriTrypDB,,
Tb927.11.8920,28049148,TriTrypDB,,
Tb927.11.8940,20833891,TriTrypDB,,
Tb927.11.8950,20300570,TriTrypDB,,
Tb927.11.9080,29931198,TriTrypDB,,
Tb927.11.9140,37410820,TriTrypDB,,
Tb927.11.9140,26572691,TriTrypDB,,
Tb927.11.9150,26833087,TriTrypDB,,
Tb927.11.9190,29155083,TriTrypDB,,
Tb927.11.9270,24453978,TriTrypDB,,
Tb927.11.9270,11454198,TriTrypDB,,
Tb927.11.9290,24453978,TriTrypDB,,
Tb927.11.9290,27226595,TriTrypDB,,
Tb927.11.9390,35484915,TriTrypDB,,
Tb927.11.9430,19386623,TriTrypDB,,
Tb927.11.9440,17227795,TriTrypDB,,
Tb927.11.9450,18364347,TriTrypDB,,
Tb927.11.950,16339728,TriTrypDB,,
Tb927.11.9530,15653691,TriTrypDB,,
Tb927.11.9690,29931198,TriTrypDB,,
Tb927.11.9780,26891179,TriTrypDB,,
Tb927.11.980,19525551,TriTrypDB,,
Tb927.11.9820,27519801,TriTrypDB,,
Tb927.11.9830,18364347,TriTrypDB,,
Tb927.11.9870,29385523,TriTrypDB,,
Tb927.11.9930,22158713,TriTrypDB,,
Tb927.11.9950,35013170,TriTrypDB,,
Tb927.2.1680,21610103,TriTrypDB,,
Tb927.2.1700,25931509,TriTrypDB,,
Tb927.2.1810,17431399,TriTrypDB,,
Tb927.2.1810,26378228,TriTrypDB,,
Tb927.2.1820,24453978,TriTrypDB,,
Tb927.2.1860,26572691,TriTrypDB,,
Tb927.2.1860,37410820,TriTrypDB,,
Tb927.2.2090,29474435,TriTrypDB,,
Tb927.2.2120,24453978,TriTrypDB,,
Tb927.2.2160,19074134,TriTrypDB,,
Tb927.2.2180,11447124,TriTrypDB,,
Tb927.2.2190,20624217,TriTrypDB,,
Tb927.2.2260,20382188,TriTrypDB,,
Tb927.2.2460,25959766,TriTrypDB,,
Tb927.2.2470,11927563,TriTrypDB,,
Tb927.2.2470,11564867,TriTrypDB,,
Tb927.2.2510,19091722,TriTrypDB,,
Tb927.2.2510,19617393,TriTrypDB,,
Tb927.2.2520,19091722,TriTrypDB,,
Tb927.2.2520,19617393,TriTrypDB,,
Tb927.2.2670,19369410,TriTrypDB,,
Tb927.2.2720,19346560,TriTrypDB,,
Tb927.2.2940,30415698,TriTrypDB,,
Tb927.2.2970,19463859,TriTrypDB,,
Tb927.2.2990,17275824,TriTrypDB,,
Tb927.2.3020,17227795,TriTrypDB,,
Tb927.2.3080,15009186,TriTrypDB,,
Tb927.2.3180,21474072,TriTrypDB,,
Tb927.2.3180,17646387,TriTrypDB,,
Tb927.2.3400,34850936,TriTrypDB,,
Tb927.2.3610,36220811,TriTrypDB,,
Tb927.2.3660,19074134,TriTrypDB,,
Tb927.2.3800,26572691,TriTrypDB,,
Tb927.2.3800,19228586,TriTrypDB,,
Tb927.2.3800,37410820,TriTrypDB,,
Tb927.2.3880,23666624,TriTrypDB,,
Tb927.2.3910,17166831,TriTrypDB,,
Tb927.2.4020,27956554,TriTrypDB,,
Tb927.2.4110,22841752,TriTrypDB,,
Tb927.2.4200,24453978,TriTrypDB,,
Tb927.2.4210,2925689,TriTrypDB,,
Tb927.2.4330,19074134,TriTrypDB,,
Tb927.2.4370,12967709,TriTrypDB,,
Tb927.2.4380,21610103,TriTrypDB,,
Tb927.2.4390,31082713,TriTrypDB,,
Tb927.2.4400,18364347,TriTrypDB,,
Tb927.2.4460,21474072,TriTrypDB,,
Tb927.2.4510,23478263,TriTrypDB,,
Tb927.2.4540,19605687,TriTrypDB,,
Tb927.2.4580,21203515,TriTrypDB,,
Tb927.2.4740,18364347,TriTrypDB,,
Tb927.2.4810,17227795,TriTrypDB,,
Tb927.2.4890,18364347,TriTrypDB,,
Tb927.2.5030,29186511,TriTrypDB,,
Tb927.2.5160,25562516,TriTrypDB,,
Tb927.2.5210,17166831,TriTrypDB,,
Tb927.2.5230,24453978,TriTrypDB,,
Tb927.2.5240,20592024,TriTrypDB,,
Tb927.2.5240,19429779,TriTrypDB,,
Tb927.2.5280,25931509,TriTrypDB,,
Tb927.2.5530,23221899,TriTrypDB,,
Tb927.2.5610,23221899,TriTrypDB,,
Tb927.2.5660,15657034,TriTrypDB,,
Tb927.2.5680,3786140,TriTrypDB,,
Tb927.2.5760,24741115,TriTrypDB,,
Tb927.2.6000,20382188,TriTrypDB,,
Tb927.2.6000,9314532,TriTrypDB,,
Tb927.2.6070,22396527,TriTrypDB,,
Tb927.2.950,19074134,TriTrypDB,,
Tb927.3.1000,18433447,TriTrypDB,,
Tb927.3.1010,35447115,TriTrypDB,,
Tb927.3.1020,26504079,TriTrypDB,,
Tb927.3.1030,16339728,TriTrypDB,,
Tb927.3.1060,23877697,TriTrypDB,,
Tb927.3.1060,17227795,TriTrypDB,,
Tb927.3.1070,24033548,TriTrypDB,,
Tb927.3.1080,23221899,TriTrypDB,,
Tb927.3.1090,15863726,TriTrypDB,,
Tb927.3.1110,18094047,TriTrypDB,,
Tb927.3.1120,19525551,TriTrypDB,,
Tb927.3.1210,19759175,TriTrypDB,,
Tb927.3.1230,19815526,TriTrypDB,,
Tb927.3.1240,18039372,TriTrypDB,,
Tb927.3.1250,16730080,TriTrypDB,,
Tb927.3.1340,15743819,TriTrypDB,,
Tb927.3.1380,19436713,TriTrypDB,,
Tb927.3.1560,24810301,TriTrypDB,,
Tb927.3.1570,23437089,TriTrypDB,,
Tb927.3.1570,19346560,TriTrypDB,,
Tb927.3.1600,27991487,TriTrypDB,,
Tb927.3.1610,24453978,TriTrypDB,,
Tb927.3.1660,29474435,TriTrypDB,,
Tb927.3.1670,30122540,TriTrypDB,,
Tb927.3.1690,36220811,TriTrypDB,,
Tb927.3.1700,20382188,TriTrypDB,,
Tb927.3.1710,18364347,TriTrypDB,,
Tb927.3.1750,23635522,TriTrypDB,,
Tb927.3.1780,14990572,TriTrypDB,,
Tb927.3.1820,22396527,TriTrypDB,,
Tb927.3.1850,19346560,TriTrypDB,,
Tb927.3.1860,34407985,TriTrypDB,,
Tb927.3.1890,18776036,TriTrypDB,,
Tb927.3.1920,18442996,TriTrypDB,,
Tb927.3.1930,25524563,TriTrypDB,,
Tb927.3.1990,31735292,TriTrypDB,,
Tb927.3.2000,16339728,TriTrypDB,,
Tb927.3.2050,29626111,TriTrypDB,,
Tb927.3.2060,19346560,TriTrypDB,,
Tb927.3.2110,23212919,TriTrypDB,,
Tb927.3.2140,34407985,TriTrypDB,,
Tb927.3.2180,36220811,TriTrypDB,,
Tb927.3.2190,11553645,TriTrypDB,,
Tb927.3.2190,14525979,TriTrypDB,,
Tb927.3.2260,18364347,TriTrypDB,,
Tb927.3.2270,37606665,TriTrypDB,,
Tb927.3.2310,16278296,TriTrypDB,,
Tb927.3.2340,12077356,TriTrypDB,,
Tb927.3.2350,36169304,TriTrypDB,,
Tb927.3.2410,16388862,TriTrypDB,,
Tb927.3.2430,29603841,TriTrypDB,,
Tb927.3.2440,24453978,TriTrypDB,,
Tb927.3.2440,27018127,TriTrypDB,,
Tb927.3.2470,17052765,TriTrypDB,,
Tb927.3.2490,35766104,TriTrypDB,,
Tb927.3.2610,16510441,TriTrypDB,,
Tb927.3.2650,31751595,TriTrypDB,,
Tb927.3.2670,32614436,TriTrypDB,,
Tb927.3.2690,24453978,TriTrypDB,,
Tb927.3.2710,16008555,TriTrypDB,,
Tb927.3.2730,29474435,TriTrypDB,,
Tb927.3.2770,26833087,TriTrypDB,,
Tb927.3.2880,36220811,TriTrypDB,,
Tb927.3.2930,16339728,TriTrypDB,,
Tb927.3.2960,9442052,TriTrypDB,,
Tb927.3.2980,19463859,TriTrypDB,,
Tb927.3.2980,31542425,TriTrypDB,,
Tb927.3.3000,18094047,TriTrypDB,,
Tb927.3.3050,21474072,TriTrypDB,,
Tb927.3.3060,33744953,TriTrypDB,,
Tb927.3.3080,24453978,TriTrypDB,,
Tb927.3.3110,18554326,TriTrypDB,,
Tb927.3.3130,23221899,TriTrypDB,,
Tb927.3.3160,31795916,TriTrypDB,,
Tb927.3.3160,28456523,TriTrypDB,,
Tb927.3.3170,29474435,TriTrypDB,,
Tb927.3.3180,19525551,TriTrypDB,,
Tb927.3.3190,24453978,TriTrypDB,,
Tb927.3.3200,37633952,TriTrypDB,,
Tb927.3.3220,22532828,TriTrypDB,,
Tb927.3.3270,12162732,TriTrypDB,,
Tb927.3.3270,19084537,TriTrypDB,,
Tb927.3.3280,18637903,TriTrypDB,,
Tb927.3.3290,24453978,TriTrypDB,,
Tb927.3.3300,27226595,TriTrypDB,,
Tb927.3.3330,22267727,TriTrypDB,,
Tb927.3.3370,34407985,TriTrypDB,,
Tb927.3.3450,15582509,TriTrypDB,,
Tb927.3.3480,16339728,TriTrypDB,,
Tb927.3.3490,23361461,TriTrypDB,,
Tb927.3.3490,1565127,TriTrypDB,,
Tb927.3.3500,36804636,TriTrypDB,,
Tb927.3.3520,23221899,TriTrypDB,,
Tb927.3.3540,19525551,TriTrypDB,,
Tb927.3.3620,29474435,TriTrypDB,,
Tb927.3.3630,24033548,TriTrypDB,,
Tb927.3.3640,26721397,TriTrypDB,,
Tb927.3.3660,21610103,TriTrypDB,,
Tb927.3.3670,16339728,TriTrypDB,,
Tb927.3.3740,35013170,TriTrypDB,,
Tb927.3.3750,19074134,TriTrypDB,,
Tb927.3.3760,20838623,TriTrypDB,,
Tb927.3.3770,19074134,TriTrypDB,,
Tb927.3.3780,20838623,TriTrypDB,,
Tb927.3.3850,24612401,TriTrypDB,,
Tb927.3.3920,24453978,TriTrypDB,,
Tb927.3.3940,16339728,TriTrypDB,,
Tb927.3.3960,18840477,TriTrypDB,,
Tb927.3.3960,26784394,TriTrypDB,,
Tb927.3.4020,20382188,TriTrypDB,,
Tb927.3.4070,23569205,TriTrypDB,,
Tb927.3.4080,23569205,TriTrypDB,,
Tb927.3.4090,23569205,TriTrypDB,,
Tb927.3.4100,23569205,TriTrypDB,,
Tb927.3.4110,23569205,TriTrypDB,,
Tb927.3.4170,26954683,TriTrypDB,,
Tb927.3.4230,17227795,TriTrypDB,,
Tb927.3.4260,22474284,TriTrypDB,,
Tb927.3.4290,15138073,TriTrypDB,,
Tb927.3.4290,7961827,TriTrypDB,,
Tb927.3.4290,12798502,TriTrypDB,,
Tb927.3.4300,15138073,TriTrypDB,,
Tb927.3.4300,7961827,TriTrypDB,,
Tb927.3.4300,12798502,TriTrypDB,,
Tb927.3.4310,15138073,TriTrypDB,,
Tb927.3.4310,7961827,TriTrypDB,,
Tb927.3.4310,12798502,TriTrypDB,,
Tb927.3.4320,15138073,TriTrypDB,,
Tb927.3.4320,7961827,TriTrypDB,,
Tb927.3.4320,12798502,TriTrypDB,,
Tb927.3.4330,12798502,TriTrypDB,,
Tb927.3.4330,15138073,TriTrypDB,,
Tb927.3.4330,7961827,TriTrypDB,,
Tb927.3.4380,20659504,TriTrypDB,,
Tb927.3.4390,8444180,TriTrypDB,,
Tb927.3.4400,28049148,TriTrypDB,,
Tb927.3.4500,16857679,TriTrypDB,,
Tb927.3.4550,21474072,TriTrypDB,,
Tb927.3.4560,24453978,TriTrypDB,,
Tb927.3.4570,20382188,TriTrypDB,,
Tb927.3.4640,23221899,TriTrypDB,,
Tb927.3.4670,16164760,TriTrypDB,,
Tb927.3.4710,30171070,TriTrypDB,,
Tb927.3.4720,28481934,TriTrypDB,,
Tb927.3.4730,15831481,TriTrypDB,,
Tb927.3.4760,28481934,TriTrypDB,,
Tb927.3.4770,15831481,TriTrypDB,,
Tb927.3.4810,21799014,TriTrypDB,,
Tb927.3.4860,16467378,TriTrypDB,,
Tb927.3.5020,24741115,TriTrypDB,,
Tb927.3.5090,20838923,TriTrypDB,,
Tb927.3.5100,17259543,TriTrypDB,,
Tb927.3.5160,28049148,TriTrypDB,,
Tb927.3.5170,20876299,TriTrypDB,,
Tb927.3.5180,23326476,TriTrypDB,,
Tb927.3.5240,18364347,TriTrypDB,,
Tb927.3.5240,21474072,TriTrypDB,,
Tb927.3.5280,19450735,TriTrypDB,,
Tb927.3.5400,24453978,TriTrypDB,,
Tb927.3.5420,19759175,TriTrypDB,,
Tb927.3.5450,28049148,TriTrypDB,,
Tb927.3.5460,16339728,TriTrypDB,,
Tb927.3.5490,18094047,TriTrypDB,,
Tb927.3.5500,16621069,TriTrypDB,,
Tb927.3.5540,17227795,TriTrypDB,,
Tb927.3.5550,24843028,TriTrypDB,,
Tb927.3.5550,16112905,TriTrypDB,,
Tb927.3.5580,16636268,TriTrypDB,,
Tb927.3.5610,18364347,TriTrypDB,,
Tb927.3.5650,24453978,TriTrypDB,,
Tb927.3.5660,24550396,TriTrypDB,,
Tb927.3.690,24453978,TriTrypDB,,
Tb927.3.720,19247446,TriTrypDB,,
Tb927.3.750,34407985,TriTrypDB,,
Tb927.3.770,18364347,TriTrypDB,,
Tb927.3.790,20444260,TriTrypDB,,
Tb927.3.820,18364347,TriTrypDB,,
Tb927.3.860,31515389,TriTrypDB,,
Tb927.3.860,17166831,TriTrypDB,,
Tb927.3.860,21610103,TriTrypDB,,
Tb927.3.910,12676092,TriTrypDB,,
Tb927.3.910,9044046,TriTrypDB,,
Tb927.3.970,31515389,TriTrypDB,,
Tb927.4.1050,28792096,TriTrypDB,,
Tb927.4.1070,18364347,TriTrypDB,,
Tb927.4.1140,20382188,TriTrypDB,,
Tb927.4.1300,35447115,TriTrypDB,,
Tb927.4.1330,15478803,TriTrypDB,,
Tb927.4.1340,30185555,TriTrypDB,,
Tb927.4.1350,14976196,TriTrypDB,,
Tb927.4.1370,31515389,TriTrypDB,,
Tb927.4.1470,31515389,TriTrypDB,,
Tb927.4.1480,25689597,TriTrypDB,,
Tb927.4.1500,19850921,TriTrypDB,,
Tb927.4.1540,23221899,TriTrypDB,,
Tb927.4.1590,23221899,TriTrypDB,,
Tb927.4.1610,24821793,TriTrypDB,,
Tb927.4.1610,22219392,TriTrypDB,,
Tb927.4.1620,24639465,TriTrypDB,,
Tb927.4.1630,11447124,TriTrypDB,,
Tb927.4.1630,17118470,TriTrypDB,,
Tb927.4.1640,23443657,TriTrypDB,,
Tb927.4.1660,19463859,TriTrypDB,,
Tb927.4.1670,23221899,TriTrypDB,,
Tb927.4.1700,24453978,TriTrypDB,,
Tb927.4.1720,17227795,TriTrypDB,,
Tb927.4.1720,18534579,TriTrypDB,,
Tb927.4.1730,29931198,TriTrypDB,,
Tb927.4.1740,17227795,TriTrypDB,,
Tb927.4.1760,31536395,TriTrypDB,,
Tb927.4.1800,18364347,TriTrypDB,,
Tb927.4.1810,18364347,TriTrypDB,,
Tb927.4.1840,17244817,TriTrypDB,,
Tb927.4.1920,12958211,TriTrypDB,,
Tb927.4.1920,20382188,TriTrypDB,,
Tb927.4.1950,25040552,TriTrypDB,,
Tb927.4.1960,27863903,TriTrypDB,,
Tb927.4.2030,21965287,TriTrypDB,,
Tb927.4.2040,21965287,TriTrypDB,,
Tb927.4.2060,25736289,TriTrypDB,,
Tb927.4.2080,22114307,TriTrypDB,,
Tb927.4.2140,17227795,TriTrypDB,,
Tb927.4.2230,20382188,TriTrypDB,,
Tb927.4.2260,16254149,TriTrypDB,,
Tb927.4.2320,35262485,TriTrypDB,,
Tb927.4.2440,34407985,TriTrypDB,,
Tb927.4.2450,15642735,TriTrypDB,,
Tb927.4.2460,24453978,TriTrypDB,,
Tb927.4.2460,18039372,TriTrypDB,,
Tb927.4.2520,17214740,TriTrypDB,,
Tb927.4.2540,27956554,TriTrypDB,,
Tb927.4.2540,29327103,TriTrypDB,,
Tb927.4.2560,22451910,TriTrypDB,,
Tb927.4.2600,29474435,TriTrypDB,,
Tb927.4.2720,18364347,TriTrypDB,,
Tb927.4.2720,20599983,TriTrypDB,,
Tb927.4.2790,21474072,TriTrypDB,,
Tb927.4.2840,37633952,TriTrypDB,,
Tb927.4.2880,19525551,TriTrypDB,,
Tb927.4.2960,20876299,TriTrypDB,,
Tb927.4.3030,20876299,TriTrypDB,,
Tb927.4.3040,25931509,TriTrypDB,,
Tb927.4.3120,34835460,TriTrypDB,,
Tb927.4.3130,23235159,TriTrypDB,,
Tb927.4.3130,17227795,TriTrypDB,,
Tb927.4.3150,35013170,TriTrypDB,,
Tb927.4.3150,31795916,TriTrypDB,,
Tb927.4.330,31536395,TriTrypDB,,
Tb927.4.3310,34407985,TriTrypDB,,
Tb927.4.3410,16914442,TriTrypDB,,
Tb927.4.3430,28827831,TriTrypDB,,
Tb927.4.3440,23235159,TriTrypDB,,
Tb927.4.3450,36220811,TriTrypDB,,
Tb927.4.3490,16621069,TriTrypDB,,
Tb927.4.3620,16949574,TriTrypDB,,
Tb927.4.3630,16949574,TriTrypDB,,
Tb927.4.3640,16949574,TriTrypDB,,
Tb927.4.3650,16949574,TriTrypDB,,
Tb927.4.3690,18364347,TriTrypDB,,
Tb927.4.3740,17945531,TriTrypDB,,
Tb927.4.3770,24453978,TriTrypDB,,
Tb927.4.3810,16621069,TriTrypDB,,
Tb927.4.3910,21124853,TriTrypDB,,
Tb927.4.3940,11463463,TriTrypDB,,
Tb927.4.3950,11463463,TriTrypDB,,
Tb927.4.400,18840477,TriTrypDB,,
Tb927.4.4020,28679527,TriTrypDB,,
Tb927.4.4070,20382188,TriTrypDB,,
Tb927.4.410,18442996,TriTrypDB,,
Tb927.4.4110,37606665,TriTrypDB,,
Tb927.4.4120,18036214,TriTrypDB,,
Tb927.4.4150,37410820,TriTrypDB,,
Tb927.4.4150,18073385,TriTrypDB,,
Tb927.4.4150,22396527,TriTrypDB,,
Tb927.4.4160,26572691,TriTrypDB,,
Tb927.4.4160,37410820,TriTrypDB,,
Tb927.4.4180,29474435,TriTrypDB,,
Tb927.4.420,18796613,TriTrypDB,,
Tb927.4.420,20382188,TriTrypDB,,
Tb927.4.4220,16112905,TriTrypDB,,
Tb927.4.4230,16339728,TriTrypDB,,
Tb927.4.4300,21610103,TriTrypDB,,
Tb927.4.4310,19525551,TriTrypDB,,
Tb927.4.4330,28628654,TriTrypDB,,
Tb927.4.4380,12121996,TriTrypDB,,
Tb927.4.440,21610103,TriTrypDB,,
Tb927.4.4410,11166383,TriTrypDB,,
Tb927.4.4430,11166383,TriTrypDB,,
Tb927.4.4440,11166383,TriTrypDB,,
Tb927.4.4450,11166383,TriTrypDB,,
Tb927.4.4460,11166383,TriTrypDB,,
Tb927.4.4470,11166383,TriTrypDB,,
Tb927.4.4490,11918801,TriTrypDB,,
Tb927.4.4520,37276216,TriTrypDB,,
Tb927.4.4550,33744953,TriTrypDB,,
Tb927.4.4590,24453978,TriTrypDB,,
Tb927.4.4600,18364347,TriTrypDB,,
Tb927.4.4610,32679035,TriTrypDB,,
Tb927.4.4663,8433714,TriTrypDB,,
Tb927.4.4680,21799014,TriTrypDB,,
Tb927.4.4690,37633952,TriTrypDB,,
Tb927.4.4720,21474072,TriTrypDB,,
Tb927.4.4760,27956554,TriTrypDB,,
Tb927.4.4930,18036214,TriTrypDB,,
Tb927.4.4940,29474435,TriTrypDB,,
Tb927.4.4950,29931198,TriTrypDB,,
Tb927.4.4980,23675735,TriTrypDB,,
Tb927.4.5000,27863903,TriTrypDB,,
Tb927.4.5020,23478263,TriTrypDB,,
Tb927.4.5040,8444180,TriTrypDB,,
Tb927.4.5110,24582333,TriTrypDB,,
Tb927.4.5140,27802583,TriTrypDB,,
Tb927.4.5180,17940067,TriTrypDB,,
Tb927.4.5180,23437089,TriTrypDB,,
Tb927.4.5200,19525551,TriTrypDB,,
Tb927.4.5310,24453978,TriTrypDB,,
Tb927.4.5330,27863903,TriTrypDB,,
Tb927.4.5340,23264645,TriTrypDB,,
Tb927.4.5360,29449551,TriTrypDB,,
Tb927.4.5370,17227795,TriTrypDB,,
Tb927.4.5380,29449551,TriTrypDB,,
Tb927.4.5390,7989338,TriTrypDB,,
Tb927.4.560,17897317,TriTrypDB,,
Tb927.4.590,35262485,TriTrypDB,,
Tb927.4.630,30415698,TriTrypDB,,
Tb927.4.670,24336212,TriTrypDB,,
Tb927.4.720,36220811,TriTrypDB,,
Tb927.4.800,20495004,TriTrypDB,,
Tb927.4.800,20382188,TriTrypDB,,
Tb927.4.800,24453978,TriTrypDB,,
Tb927.4.930,18364347,TriTrypDB,,
Tb927.5.1030,21790804,TriTrypDB,,
Tb927.5.1080,16339728,TriTrypDB,,
Tb927.5.1140,18489261,TriTrypDB,,
Tb927.5.1150,16219373,TriTrypDB,,
Tb927.5.1200,11447124,TriTrypDB,,
Tb927.5.1280,18364711,TriTrypDB,,
Tb927.5.1320,28034897,TriTrypDB,,
Tb927.5.1340,19429779,TriTrypDB,,
Tb927.5.1490,24962368,TriTrypDB,,
Tb927.5.1510,18364347,TriTrypDB,,
Tb927.5.1520,18421378,TriTrypDB,,
Tb927.5.1550,19463859,TriTrypDB,,
Tb927.5.1570,22366391,TriTrypDB,,
Tb927.5.1580,22366391,TriTrypDB,,
Tb927.5.1650,24453978,TriTrypDB,,
Tb927.5.1710,29247468,TriTrypDB,,
Tb927.5.1720,35042777,TriTrypDB,,
Tb927.5.1790,18364347,TriTrypDB,,
Tb927.5.1830,10029306,TriTrypDB,,
Tb927.5.1870,29931198,TriTrypDB,,
Tb927.5.1900,30030284,TriTrypDB,,
Tb927.5.2060,25524563,TriTrypDB,,
Tb927.5.2070,32679035,TriTrypDB,,
Tb927.5.2080,26731263,TriTrypDB,,
Tb927.5.2100,18840477,TriTrypDB,,
Tb927.5.2140,21957477,TriTrypDB,,
Tb927.5.2230,36804636,TriTrypDB,,
Tb927.5.2270,17227795,TriTrypDB,,
Tb927.5.2280,34407985,TriTrypDB,,
Tb927.5.2290,20581293,TriTrypDB,,
Tb927.5.2410,37531263,TriTrypDB,,
Tb927.5.2440,28049148,TriTrypDB,,
Tb927.5.2440,17227795,TriTrypDB,,
Tb927.5.2450,17077271,TriTrypDB,,
Tb927.5.2650,16087875,TriTrypDB,,
Tb927.5.2770,34407985,TriTrypDB,,
Tb927.5.2790,12966090,TriTrypDB,,
Tb927.5.2820,24453978,TriTrypDB,,
Tb927.5.286b,19966032,TriTrypDB,,
Tb927.5.2900,20624217,TriTrypDB,,
Tb927.5.291b,25931509,TriTrypDB,,
Tb927.5.2930,36220811,TriTrypDB,,
Tb927.5.2950,17227795,TriTrypDB,,
Tb927.5.2970,19911988,TriTrypDB,,
Tb927.5.300,19945457,TriTrypDB,,
Tb927.5.3010,22396527,TriTrypDB,,
Tb927.5.3010,26572691,TriTrypDB,,
Tb927.5.3010,37410820,TriTrypDB,,
Tb927.5.3020,34850936,TriTrypDB,,
Tb927.5.3030,18940910,TriTrypDB,,
Tb927.5.3030,18094047,TriTrypDB,,
Tb927.5.3050,27007296,TriTrypDB,,
Tb927.5.3090,36220811,TriTrypDB,,
Tb927.5.3110,18364347,TriTrypDB,,
Tb927.5.3150,24453978,TriTrypDB,,
Tb927.5.3160,1934656,TriTrypDB,,
Tb927.5.3210,19343802,TriTrypDB,,
Tb927.5.3210,20045687,TriTrypDB,,
Tb927.5.3280,28049148,TriTrypDB,,
Tb927.5.3320,24453978,TriTrypDB,,
Tb927.5.3340,27991487,TriTrypDB,,
Tb927.5.3350,16413404,TriTrypDB,,
Tb927.5.3350,21610103,TriTrypDB,,
Tb927.5.3360,18364347,TriTrypDB,,
Tb927.5.3410,18364347,TriTrypDB,,
Tb927.5.3460,26133384,TriTrypDB,,
Tb927.5.3460,26776656,TriTrypDB,,
Tb927.5.3500,34407985,TriTrypDB,,
Tb927.5.3640,18364347,TriTrypDB,,
Tb927.5.3710,20398210,TriTrypDB,,
Tb927.5.3750,16339728,TriTrypDB,,
Tb927.5.3830,18312275,TriTrypDB,,
Tb927.5.3870,32679035,TriTrypDB,,
Tb927.5.3910,16055738,TriTrypDB,,
Tb927.5.3920,16388862,TriTrypDB,,
Tb927.5.3960,20418380,TriTrypDB,,
Tb927.5.3970,15657034,TriTrypDB,,
Tb927.5.3980,18364347,TriTrypDB,,
Tb927.5.4010,25931509,TriTrypDB,,
Tb927.5.4030,14990572,TriTrypDB,,
Tb927.5.4040,18364347,TriTrypDB,,
Tb927.5.4070,24267450,TriTrypDB,,
Tb927.5.4090,30045883,TriTrypDB,,
Tb927.5.4120,18364347,TriTrypDB,,
Tb927.5.4320,26727667,TriTrypDB,,
Tb927.5.4340,26504079,TriTrypDB,,
Tb927.5.4350,31043451,TriTrypDB,,
Tb927.5.4380,29666191,TriTrypDB,,
Tb927.5.4430,24453978,TriTrypDB,,
Tb927.5.450,21610103,TriTrypDB,,
Tb927.5.4500,16112905,TriTrypDB,,
Tb927.5.4520,28034897,TriTrypDB,,
Tb927.5.4530,16923389,TriTrypDB,,
Tb927.5.4570,25931509,TriTrypDB,,
Tb927.5.4570,23335957,TriTrypDB,,
Tb927.5.4580,23335957,TriTrypDB,,
Tb927.5.470,28406895,TriTrypDB,,
Tb927.5.570,32675283,TriTrypDB,,
Tb927.5.690,30415698,TriTrypDB,,
Tb927.5.770,31515389,TriTrypDB,,
Tb927.5.790,19450734,TriTrypDB,,
Tb927.5.800,23437089,TriTrypDB,,
Tb927.5.800,19450734,TriTrypDB,,
Tb927.5.810,23592996,TriTrypDB,,
Tb927.5.830,27436903,TriTrypDB,,
Tb927.5.840,29931198,TriTrypDB,,
Tb927.5.860,16914442,TriTrypDB,,
Tb927.5.890,20382188,TriTrypDB,,
Tb927.5.900,20382188,TriTrypDB,,
Tb927.5.910,20382188,TriTrypDB,,
Tb927.5.970,17972917,TriTrypDB,,
Tb927.6.1080,14976196,TriTrypDB,,
Tb927.6.1140,20382188,TriTrypDB,,
Tb927.6.1180,35588197,TriTrypDB,,
Tb927.6.1200,37410820,TriTrypDB,,
Tb927.6.1200,25225332,TriTrypDB,,
Tb927.6.1210,24582333,TriTrypDB,,
Tb927.6.1250,18364347,TriTrypDB,,
Tb927.6.1410,21610103,TriTrypDB,,
Tb927.6.1440,18364347,TriTrypDB,,
Tb927.6.1500,20382188,TriTrypDB,,
Tb927.6.1520,15294911,TriTrypDB,,
Tb927.6.1550,23221899,TriTrypDB,,
Tb927.6.1680,19096045,TriTrypDB,,
Tb927.6.1780,24453978,TriTrypDB,,
Tb927.6.1820,20382188,TriTrypDB,,
Tb927.6.1830,26727667,TriTrypDB,,
Tb927.6.1850,20121244,TriTrypDB,,
Tb927.6.1970,15743819,TriTrypDB,,
Tb927.6.2010,21610103,TriTrypDB,,
Tb927.6.2020,26721397,TriTrypDB,,
Tb927.6.2030,24453978,TriTrypDB,,
Tb927.6.2050,31391282,TriTrypDB,,
Tb927.6.2060,20132829,TriTrypDB,,
Tb927.6.2070,31515389,TriTrypDB,,
Tb927.6.2080,18364347,TriTrypDB,,
Tb927.6.2090,36986308,TriTrypDB,,
Tb927.6.2180,18364347,TriTrypDB,,
Tb927.6.2250,24453978,TriTrypDB,,
Tb927.6.2360,24336212,TriTrypDB,,
Tb927.6.2400,26224545,TriTrypDB,,
Tb927.6.2450,24453978,TriTrypDB,,
Tb927.6.2470,33084070,TriTrypDB,,
Tb927.6.2480,18364347,TriTrypDB,,
Tb927.6.2550,16339728,TriTrypDB,,
Tb927.6.2570,29474435,TriTrypDB,,
Tb927.6.2600,35262485,TriTrypDB,,
Tb927.6.2640,19525551,TriTrypDB,,
Tb927.6.2670,31043451,TriTrypDB,,
Tb927.6.2670,26038549,TriTrypDB,,
Tb927.6.2760,31819011,TriTrypDB,,
Tb927.6.2770,17577424,TriTrypDB,,
Tb927.6.2790,23899193,TriTrypDB,,
Tb927.6.2840,24453978,TriTrypDB,,
Tb927.6.2880,35766104,TriTrypDB,,
Tb927.6.2900,37674581,TriTrypDB,,
Tb927.6.2980,25185157,TriTrypDB,,
Tb927.6.3050,29425238,TriTrypDB,,
Tb927.6.3090,24164479,TriTrypDB,,
Tb927.6.3110,24453978,TriTrypDB,,
Tb927.6.3140,30058168,TriTrypDB,,
Tb927.6.3240,34339455,TriTrypDB,,
Tb927.6.3290,18094047,TriTrypDB,,
Tb927.6.3420,32679035,TriTrypDB,,
Tb927.6.3430,24453978,TriTrypDB,,
Tb927.6.3480,16339728,TriTrypDB,,
Tb927.6.3490,11726506,TriTrypDB,,
Tb927.6.3490,16045615,TriTrypDB,,
Tb927.6.3600,18364347,TriTrypDB,,
Tb927.6.3600,32679035,TriTrypDB,,
Tb927.6.3610,34407985,TriTrypDB,,
Tb927.6.3630,32427974,TriTrypDB,,
Tb927.6.3650,30097558,TriTrypDB,,
Tb927.6.3670,19074134,TriTrypDB,,
Tb927.6.3680,23221899,TriTrypDB,,
Tb927.6.3760,24582333,TriTrypDB,,
Tb927.6.3870,16339728,TriTrypDB,,
Tb927.6.3930,18364347,TriTrypDB,,
Tb927.6.3960,23443657,TriTrypDB,,
Tb927.6.4000,19953351,TriTrypDB,,
Tb927.6.4040,18364347,TriTrypDB,,
Tb927.6.4050,20444260,TriTrypDB,,
Tb927.6.4080,18364347,TriTrypDB,,
Tb927.6.4140,19074134,TriTrypDB,,
Tb927.6.4180,23221899,TriTrypDB,,
Tb927.6.4190,17646387,TriTrypDB,,
Tb927.6.4200,18364347,TriTrypDB,,
Tb927.6.4280,2040304,TriTrypDB,,
Tb927.6.4300,2040304,TriTrypDB,,
Tb927.6.4330,29385523,TriTrypDB,,
Tb927.6.4340,17105994,TriTrypDB,,
Tb927.6.440,18451305,TriTrypDB,,
Tb927.6.4400,17646387,TriTrypDB,,
Tb927.6.4410,23634831,TriTrypDB,,
Tb927.6.4430,25367138,TriTrypDB,,
Tb927.6.4440,22966087,TriTrypDB,,
Tb927.6.4450,17646387,TriTrypDB,,
Tb927.6.4460,23634831,TriTrypDB,,
Tb927.6.4470,23634831,TriTrypDB,,
Tb927.6.4530,16339728,TriTrypDB,,
Tb927.6.4540,14699057,TriTrypDB,,
Tb927.6.4560,18364347,TriTrypDB,,
Tb927.6.4580,18364347,TriTrypDB,,
Tb927.6.4670,19445968,TriTrypDB,,
Tb927.6.4720,20444260,TriTrypDB,,
Tb927.6.4770,32532821,TriTrypDB,,
Tb927.6.4820,18545648,TriTrypDB,,
Tb927.6.4840,30365568,TriTrypDB,,
Tb927.6.4850,30365568,TriTrypDB,,
Tb927.6.4860,30365568,TriTrypDB,,
Tb927.6.4870,30365568,TriTrypDB,,
Tb927.6.4880,30365568,TriTrypDB,,
Tb927.6.4890,30365568,TriTrypDB,,
Tb927.6.4900,30365568,TriTrypDB,,
Tb927.6.4910,30365568,TriTrypDB,,
Tb927.6.4920,30365568,TriTrypDB,,
Tb927.6.4950,19450736,TriTrypDB,,
Tb927.6.4990,19436713,TriTrypDB,,
Tb927.6.5030,17227795,TriTrypDB,,
Tb927.6.5070,35447115,TriTrypDB,,
Tb927.6.510,10514084,TriTrypDB,,
Tb927.6.510,2342468,TriTrypDB,,
Tb927.6.510,3185541,TriTrypDB,,
Tb927.6.5100,24453978,TriTrypDB,,
Tb927.6.520,2342468,TriTrypDB,,
Tb927.6.520,3185541,TriTrypDB,,
Tb927.6.520,10514084,TriTrypDB,,
Tb927.6.590,36220811,TriTrypDB,,
Tb927.6.600,18442996,TriTrypDB,,
Tb927.6.610,21474072,TriTrypDB,,
Tb927.6.610,31515389,TriTrypDB,,
Tb927.6.640,18039372,TriTrypDB,,
Tb927.6.640,28628654,TriTrypDB,,
Tb927.6.670,11447124,TriTrypDB,,
Tb927.6.670,12821657,TriTrypDB,,
Tb927.6.820,17052765,TriTrypDB,,
Tb927.6.840,27863903,TriTrypDB,,
Tb927.6.850,18442996,TriTrypDB,,
Tb927.6.900,26272611,TriTrypDB,,
Tb927.6.910,34407985,TriTrypDB,,
Tb927.6.930,12062425,TriTrypDB,,
Tb927.7.1000,22220754,TriTrypDB,,
Tb927.7.1000,19646907,TriTrypDB,,
Tb927.7.1010,31515389,TriTrypDB,,
Tb927.7.1060,26378228,TriTrypDB,,
Tb927.7.1090,31082713,TriTrypDB,,
Tb927.7.1170,19450736,TriTrypDB,,
Tb927.7.1170,16339728,TriTrypDB,,
Tb927.7.1180,16339728,TriTrypDB,,
Tb927.7.1290,35262485,TriTrypDB,,
Tb927.7.1350,17646387,TriTrypDB,,
Tb927.7.1360,32295845,TriTrypDB,,
Tb927.7.1390,16339728,TriTrypDB,,
Tb927.7.1400,29287109,TriTrypDB,,
Tb927.7.1440,19070634,TriTrypDB,,
Tb927.7.1470,23326569,TriTrypDB,,
Tb927.7.1500,25040552,TriTrypDB,,
Tb927.7.1570,35500022,TriTrypDB,,
Tb927.7.1620,26727667,TriTrypDB,,
Tb927.7.1640,32679035,TriTrypDB,,
Tb927.7.1640,16112905,TriTrypDB,,
Tb927.7.1670,24839125,TriTrypDB,,
Tb927.7.1690,17214740,TriTrypDB,,
Tb927.7.1720,27181928,TriTrypDB,,
Tb927.7.1770,23451133,TriTrypDB,,
Tb927.7.1900,24453978,TriTrypDB,,
Tb927.7.1910,19961881,TriTrypDB,,
Tb927.7.1920,19074134,TriTrypDB,,
Tb927.7.2080,17416901,TriTrypDB,,
Tb927.7.2080,17949828,TriTrypDB,,
Tb927.7.2100,26043892,TriTrypDB,,
Tb927.7.2110,24582333,TriTrypDB,,
Tb927.7.2150,29474435,TriTrypDB,,
Tb927.7.2170,29931198,TriTrypDB,,
Tb927.7.220,24533860,TriTrypDB,,
Tb927.7.2200,27991487,TriTrypDB,,
Tb927.7.2300,19525551,TriTrypDB,,
Tb927.7.2320,37475965,TriTrypDB,,
Tb927.7.2390,27168148,TriTrypDB,,
Tb927.7.2410,26307671,TriTrypDB,,
Tb927.7.2420,24453978,TriTrypDB,,
Tb927.7.2450,29474435,TriTrypDB,,
Tb927.7.2480,20466001,TriTrypDB,,
Tb927.7.2480,30866577,TriTrypDB,,
Tb927.7.2490,21474072,TriTrypDB,,
Tb927.7.2570,37410820,TriTrypDB,,
Tb927.7.2570,26572691,TriTrypDB,,
Tb927.7.2570,19228586,TriTrypDB,,
Tb927.7.2600,23104567,TriTrypDB,,
Tb927.7.2620,18364347,TriTrypDB,,
Tb927.7.2630,18364347,TriTrypDB,,
Tb927.7.2640,25180513,TriTrypDB,,
Tb927.7.2650,25180513,TriTrypDB,,
Tb927.7.270,31391282,TriTrypDB,,
Tb927.7.2750,24453978,TriTrypDB,,
Tb927.7.2760,18364347,TriTrypDB,,
Tb927.7.2780,32532821,TriTrypDB,,
Tb927.7.2790,17227795,TriTrypDB,,
Tb927.7.2960,23221899,TriTrypDB,,
Tb927.7.2990,18364347,TriTrypDB,,
Tb927.7.3000,35262485,TriTrypDB,,
Tb927.7.3050,18364347,TriTrypDB,,
Tb927.7.3060,29287109,TriTrypDB,,
Tb927.7.3080,28034897,TriTrypDB,,
Tb927.7.3100,31515389,TriTrypDB,,
Tb927.7.3130,30810527,TriTrypDB,,
Tb927.7.3130,27519801,TriTrypDB,,
Tb927.7.3190,24453978,TriTrypDB,,
Tb927.7.320,16339728,TriTrypDB,,
Tb927.7.320,18840477,TriTrypDB,,
Tb927.7.3210,24453978,TriTrypDB,,
Tb927.7.3240,18364347,TriTrypDB,,
Tb927.7.3280,35042777,TriTrypDB,,
Tb927.7.3320,19066473,TriTrypDB,,
Tb927.7.3330,23264645,TriTrypDB,,
Tb927.7.3330,25736289,TriTrypDB,,
Tb927.7.3360,20382188,TriTrypDB,,
Tb927.7.3370,20923419,TriTrypDB,,
Tb927.7.3410,17567955,TriTrypDB,,
Tb927.7.3410,18768932,TriTrypDB,,
Tb927.7.3430,18364347,TriTrypDB,,
Tb927.7.3440,35447115,TriTrypDB,,
Tb927.7.3450,9127738,TriTrypDB,,
Tb927.7.3460,21474072,TriTrypDB,,
Tb927.7.3490,29514930,TriTrypDB,,
Tb927.7.3500,32003744,TriTrypDB,,
Tb927.7.3510,32679035,TriTrypDB,,
Tb927.7.3520,26748989,TriTrypDB,,
Tb927.7.3550,26504079,TriTrypDB,,
Tb927.7.3560,17227795,TriTrypDB,,
Tb927.7.3580,24453978,TriTrypDB,,
Tb927.7.360,36996244,TriTrypDB,,
Tb927.7.360,31964820,TriTrypDB,,
Tb927.7.3620,29581012,TriTrypDB,,
Tb927.7.3650,24453978,TriTrypDB,,
Tb927.7.3730,16339728,TriTrypDB,,
Tb927.7.3740,29474435,TriTrypDB,,
Tb927.7.3760,20382188,TriTrypDB,,
Tb927.7.3780,28456523,TriTrypDB,,
Tb927.7.3790,16112905,TriTrypDB,,
Tb927.7.380,36996244,TriTrypDB,,
Tb927.7.3810,37276216,TriTrypDB,,
Tb927.7.3880,24453978,TriTrypDB,,
Tb927.7.3880,28049148,TriTrypDB,,
Tb927.7.3910,21610103,TriTrypDB,,
Tb927.7.3940,19463859,TriTrypDB,,
Tb927.7.3960,18364347,TriTrypDB,,
Tb927.7.3990,12150917,TriTrypDB,,
Tb927.7.400,36996244,TriTrypDB,,
Tb927.7.4080,31082713,TriTrypDB,,
Tb927.7.4090,24453978,TriTrypDB,,
Tb927.7.4140,18364347,TriTrypDB,,
Tb927.7.4160,16923389,TriTrypDB,,
Tb927.7.4170,16923389,TriTrypDB,,
Tb927.7.4180,16923389,TriTrypDB,,
Tb927.7.420,36996244,TriTrypDB,,
Tb927.7.4210,32679035,TriTrypDB,,
Tb927.7.4230,25931509,TriTrypDB,,
Tb927.7.4260,25931509,TriTrypDB,,
Tb927.7.4370,32518185,TriTrypDB,,
Tb927.7.4380,34407985,TriTrypDB,,
Tb927.7.440,36996244,TriTrypDB,,
Tb927.7.4400,28792096,TriTrypDB,,
Tb927.7.4450,29931198,TriTrypDB,,
Tb927.7.4510,37475965,TriTrypDB,,
Tb927.7.4515,26721397,TriTrypDB,,
Tb927.7.4540,34407985,TriTrypDB,,
Tb927.7.4550,18364347,TriTrypDB,,
Tb927.7.4560,18631159,TriTrypDB,,
Tb927.7.4560,31747559,TriTrypDB,,
Tb927.7.4570,8702965,TriTrypDB,,
Tb927.7.4620,36829306,TriTrypDB,,
Tb927.7.470,25931509,TriTrypDB,,
Tb927.7.4710,18364347,TriTrypDB,,
Tb927.7.4810,33417760,TriTrypDB,,
Tb927.7.4850,24582333,TriTrypDB,,
Tb927.7.4860,24582333,TriTrypDB,,
Tb927.7.4890,23221899,TriTrypDB,,
Tb927.7.4900,17077271,TriTrypDB,,
Tb927.7.4900,21947264,TriTrypDB,,
Tb927.7.4910,37633952,TriTrypDB,,
Tb927.7.4980,23221899,TriTrypDB,,
Tb927.7.4980,20444260,TriTrypDB,,
Tb927.7.5040,18545648,TriTrypDB,,
Tb927.7.5160,31391279,TriTrypDB,,
Tb927.7.5220,24453978,TriTrypDB,,
Tb927.7.5240,30171070,TriTrypDB,,
Tb927.7.5280,21474072,TriTrypDB,,
Tb927.7.5340,23877697,TriTrypDB,,
Tb927.7.5380,18840477,TriTrypDB,,
Tb927.7.5450,29679486,TriTrypDB,,
Tb927.7.5460,12821657,TriTrypDB,,
Tb927.7.5470,23221899,TriTrypDB,,
Tb927.7.5480,8538681,TriTrypDB,,
Tb927.7.5490,19254949,TriTrypDB,,
Tb927.7.5570,15773982,TriTrypDB,,
Tb927.7.5580,15773982,TriTrypDB,,
Tb927.7.5620,34407985,TriTrypDB,,
Tb927.7.5660,30030284,TriTrypDB,,
Tb927.7.5690,29474435,TriTrypDB,,
Tb927.7.5700,22787278,TriTrypDB,,
Tb927.7.5700,27436903,TriTrypDB,,
Tb927.7.5740,32679035,TriTrypDB,,
Tb927.7.5750,23533609,TriTrypDB,,
Tb927.7.5760,19525551,TriTrypDB,,
Tb927.7.5760,23560737,TriTrypDB,,
Tb927.7.5770,20231285,TriTrypDB,,
Tb927.7.5900,22463696,TriTrypDB,,
Tb927.7.5900,24699810,TriTrypDB,,
Tb927.7.5910,22463696,TriTrypDB,,
Tb927.7.5930,19444208,TriTrypDB,,
Tb927.7.5940,19444208,TriTrypDB,,
Tb927.7.5950,19444208,TriTrypDB,,
Tb927.7.5960,19444208,TriTrypDB,,
Tb927.7.5970,19444208,TriTrypDB,,
Tb927.7.5980,19444208,TriTrypDB,,
Tb927.7.5990,19444208,TriTrypDB,,
Tb927.7.600,15821136,TriTrypDB,,
Tb927.7.6000,19444208,TriTrypDB,,
Tb927.7.610,15821136,TriTrypDB,,
Tb927.7.6110,37414151,TriTrypDB,,
Tb927.7.6220,24453978,TriTrypDB,,
Tb927.7.6250,28049148,TriTrypDB,,
Tb927.7.6260,35262485,TriTrypDB,,
Tb927.7.6310,26929336,TriTrypDB,,
Tb927.7.6350,21610103,TriTrypDB,,
Tb927.7.6360,16303849,TriTrypDB,,
Tb927.7.6360,18261990,TriTrypDB,,
Tb927.7.6360,19369410,TriTrypDB,,
Tb927.7.6390,29474435,TriTrypDB,,
Tb927.7.650,29931198,TriTrypDB,,
Tb927.7.6570,25931509,TriTrypDB,,
Tb927.7.660,34407985,TriTrypDB,,
Tb927.7.6600,31964820,TriTrypDB,,
Tb927.7.6630,28034897,TriTrypDB,,
Tb927.7.6680,24453978,TriTrypDB,,
Tb927.7.6800,18364347,TriTrypDB,,
Tb927.7.6850,12071958,TriTrypDB,,
Tb927.7.6900,18554326,TriTrypDB,,
Tb927.7.700,29931198,TriTrypDB,,
Tb927.7.7000,23264645,TriTrypDB,,
Tb927.7.7010,18364347,TriTrypDB,,
Tb927.7.7040,19103757,TriTrypDB,,
Tb927.7.7080,31515389,TriTrypDB,,
Tb927.7.7210,23221899,TriTrypDB,,
Tb927.7.7230,18367671,TriTrypDB,,
Tb927.7.7270,29474435,TriTrypDB,,
Tb927.7.730,17227795,TriTrypDB,,
Tb927.7.7330,21610103,TriTrypDB,,
Tb927.7.7360,7557404,TriTrypDB,,
Tb927.7.7380,14990572,TriTrypDB,,
Tb927.7.7400,28049148,TriTrypDB,,
Tb927.7.7410,17166831,TriTrypDB,,
Tb927.7.7410,21610103,TriTrypDB,,
Tb927.7.7420,19436713,TriTrypDB,,
Tb927.7.7430,19436713,TriTrypDB,,
Tb927.7.7460,37004055,TriTrypDB,,
Tb927.7.7470,24879126,TriTrypDB,,
Tb927.7.7500,19945457,TriTrypDB,,
Tb927.7.800,37410820,TriTrypDB,,
Tb927.7.800,26572691,TriTrypDB,,
Tb927.7.840,36220811,TriTrypDB,,
Tb927.7.880,16339728,TriTrypDB,,
Tb927.7.890,23675735,TriTrypDB,,
Tb927.7.920,24892844,TriTrypDB,,
Tb927.7.930,20444260,TriTrypDB,,
Tb927.7.960,24453978,TriTrypDB,,
Tb927.7.970,25873624,TriTrypDB,,
Tb927.8.1050,29474435,TriTrypDB,,
Tb927.8.1080,16254149,TriTrypDB,,
Tb927.8.1090,17940093,TriTrypDB,,
Tb927.8.1100,24453978,TriTrypDB,,
Tb927.8.1150,24582333,TriTrypDB,,
Tb927.8.1260,29931198,TriTrypDB,,
Tb927.8.1270,29931198,TriTrypDB,,
Tb927.8.1290,29474435,TriTrypDB,,
Tb927.8.1310,19463859,TriTrypDB,,
Tb927.8.1430,18364347,TriTrypDB,,
Tb927.8.1470,23221899,TriTrypDB,,
Tb927.8.1530,30503212,TriTrypDB,,
Tb927.8.1550,19074134,TriTrypDB,,
Tb927.8.1670,24453978,TriTrypDB,,
Tb927.8.1680,24582333,TriTrypDB,,
Tb927.8.1690,24453978,TriTrypDB,,
Tb927.8.1720,23190171,TriTrypDB,,
Tb927.8.1740,22267727,TriTrypDB,,
Tb927.8.1740,22408251,TriTrypDB,,
Tb927.8.1750,25040552,TriTrypDB,,
Tb927.8.1780,24453978,TriTrypDB,,
Tb927.8.1870,10462522,TriTrypDB,,
Tb927.8.1870,25503798,TriTrypDB,,
Tb927.8.1880,18364347,TriTrypDB,,
Tb927.8.1920,16916638,TriTrypDB,,
Tb927.8.1950,35766104,TriTrypDB,,
Tb927.8.1960,18442996,TriTrypDB,,
Tb927.8.1990,32388269,TriTrypDB,,
Tb927.8.2000,20153321,TriTrypDB,,
Tb927.8.2030,29781112,TriTrypDB,,
Tb927.8.2050,14718535,TriTrypDB,,
Tb927.8.2070,23221899,TriTrypDB,,
Tb927.8.2210,20545846,TriTrypDB,,
Tb927.8.2260,23221899,TriTrypDB,,
Tb927.8.2270,23221899,TriTrypDB,,
Tb927.8.2280,23221899,TriTrypDB,,
Tb927.8.2300,31536395,TriTrypDB,,
Tb927.8.2360,20876299,TriTrypDB,,
Tb927.8.2370,17053086,TriTrypDB,,
Tb927.8.2450,19647733,TriTrypDB,,
Tb927.8.2490,34407985,TriTrypDB,,
Tb927.8.2530,21610103,TriTrypDB,,
Tb927.8.2540,20382188,TriTrypDB,,
Tb927.8.2550,20065037,TriTrypDB,,
Tb927.8.2590,28049148,TriTrypDB,,
Tb927.8.2620,29474435,TriTrypDB,,
Tb927.8.2630,22168367,TriTrypDB,,
Tb927.8.2630,16481395,TriTrypDB,,
Tb927.8.2650,31515389,TriTrypDB,,
Tb927.8.2690,34407985,TriTrypDB,,
Tb927.8.2710,34407985,TriTrypDB,,
Tb927.8.2760,18364347,TriTrypDB,,
Tb927.8.2770,23319604,TriTrypDB,,
Tb927.8.2780,16339728,TriTrypDB,,
Tb927.8.2810,17077271,TriTrypDB,,
Tb927.8.2830,31795916,TriTrypDB,,
Tb927.8.2850,21743004,TriTrypDB,,
Tb927.8.2855,11254959,TriTrypDB,,
Tb927.8.2910,30091673,TriTrypDB,,
Tb927.8.2920,30091673,TriTrypDB,,
Tb927.8.2930,30091673,TriTrypDB,,
Tb927.8.2940,30091673,TriTrypDB,,
Tb927.8.3010,23264645,TriTrypDB,,
Tb927.8.3070,35293314,TriTrypDB,,
Tb927.8.3090,31536395,TriTrypDB,,
Tb927.8.3110,18364347,TriTrypDB,,
Tb927.8.3130,31515389,TriTrypDB,,
Tb927.8.3140,34407985,TriTrypDB,,
Tb927.8.3170,21474072,TriTrypDB,,
Tb927.8.3170,32679035,TriTrypDB,,
Tb927.8.3200,18796613,TriTrypDB,,
Tb927.8.3220,31082713,TriTrypDB,,
Tb927.8.3300,32679035,TriTrypDB,,
Tb927.8.3310,21357738,TriTrypDB,,
Tb927.8.3320,19436713,TriTrypDB,,
Tb927.8.3330,19463859,TriTrypDB,,
Tb927.8.3430,19208769,TriTrypDB,,
Tb927.8.3500,25040552,TriTrypDB,,
Tb927.8.3530,8920004,TriTrypDB,,
Tb927.8.3550,24453978,TriTrypDB,,
Tb927.8.3620,27703008,TriTrypDB,,
Tb927.8.3630,27703008,TriTrypDB,,
Tb927.8.3650,27703008,TriTrypDB,,
Tb927.8.3660,19759175,TriTrypDB,,
Tb927.8.3680,24582333,TriTrypDB,,
Tb927.8.3710,15542846,TriTrypDB,,
Tb927.8.3720,29474435,TriTrypDB,,
Tb927.8.3750,29931198,TriTrypDB,,
Tb927.8.3790,19074134,TriTrypDB,,
Tb927.8.3820,26187993,TriTrypDB,,
Tb927.8.3820,30273340,TriTrypDB,,
Tb927.8.3860,25040552,TriTrypDB,,
Tb927.8.3870,29931198,TriTrypDB,,
Tb927.8.3920,25040552,TriTrypDB,,
Tb927.8.3980,31289266,TriTrypDB,,
Tb927.8.4010,23178943,TriTrypDB,,
Tb927.8.4020,20444260,TriTrypDB,,
Tb927.8.4030,17972917,TriTrypDB,,
Tb927.8.4050,23178943,TriTrypDB,,
Tb927.8.4060,11877446,TriTrypDB,,
Tb927.8.4060,26776656,TriTrypDB,,
Tb927.8.4100,23178943,TriTrypDB,,
Tb927.8.4110,23178943,TriTrypDB,,
Tb927.8.4110,26776656,TriTrypDB,,
Tb927.8.4130,17972917,TriTrypDB,,
Tb927.8.4140,23533609,TriTrypDB,,
Tb927.8.4150,27991487,TriTrypDB,,
Tb927.8.4170,16339728,TriTrypDB,,
Tb927.8.4210,28049148,TriTrypDB,,
Tb927.8.4250,21610103,TriTrypDB,,
Tb927.8.4380,25808593,TriTrypDB,,
Tb927.8.4380,23221899,TriTrypDB,,
Tb927.8.4400,30030284,TriTrypDB,,
Tb927.8.4430,20070944,TriTrypDB,,
Tb927.8.4440,19463859,TriTrypDB,,
Tb927.8.4450,16339728,TriTrypDB,,
Tb927.8.4500,24839125,TriTrypDB,,
Tb927.8.4510,18534579,TriTrypDB,,
Tb927.8.4550,18364347,TriTrypDB,,
Tb927.8.4580,37633952,TriTrypDB,,
Tb927.8.4580,28049148,TriTrypDB,,
Tb927.8.4610,15811530,TriTrypDB,,
Tb927.8.4640,17227795,TriTrypDB,,
Tb927.8.4640,37475965,TriTrypDB,,
Tb927.8.4760,26984294,TriTrypDB,,
Tb927.8.4780,24741115,TriTrypDB,,
Tb927.8.4810,19683530,TriTrypDB,,
Tb927.8.4830,15863726,TriTrypDB,,
Tb927.8.4860,31515389,TriTrypDB,,
Tb927.8.4860,21474072,TriTrypDB,,
Tb927.8.4870,17227795,TriTrypDB,,
Tb927.8.4890,1754381,TriTrypDB,,
Tb927.8.4950,29781112,TriTrypDB,,
Tb927.8.4970,15138073,TriTrypDB,,
Tb927.8.4970,2793936,TriTrypDB,,
Tb927.8.4970,19074134,TriTrypDB,,
Tb927.8.4980,15138073,TriTrypDB,,
Tb927.8.4980,19074134,TriTrypDB,,
Tb927.8.4980,2793936,TriTrypDB,,
Tb927.8.4990,15138073,TriTrypDB,,
Tb927.8.4990,19074134,TriTrypDB,,
Tb927.8.5000,15138073,TriTrypDB,,
Tb927.8.5000,19074134,TriTrypDB,,
Tb927.8.5010,15138073,TriTrypDB,,
Tb927.8.5010,19074134,TriTrypDB,,
Tb927.8.5060,22609302,TriTrypDB,,
Tb927.8.5130,23221899,TriTrypDB,,
Tb927.8.5140,20382188,TriTrypDB,,
Tb927.8.5180,19429779,TriTrypDB,,
Tb927.8.5200,18364347,TriTrypDB,,
Tb927.8.5210,27956554,TriTrypDB,,
Tb927.8.5280,18364347,TriTrypDB,,
Tb927.8.5350,27863903,TriTrypDB,,
Tb927.8.5380,21264253,TriTrypDB,,
Tb927.8.5390,24453978,TriTrypDB,,
Tb927.8.5440,7818488,TriTrypDB,,
Tb927.8.5450,24988048,TriTrypDB,,
Tb927.8.5450,22994895,TriTrypDB,,
Tb927.8.5460,7818488,TriTrypDB,,
Tb927.8.5465,7818488,TriTrypDB,,
Tb927.8.5470,7818488,TriTrypDB,,
Tb927.8.5500,19346560,TriTrypDB,,
Tb927.8.5540,21790804,TriTrypDB,,
Tb927.8.5560,21610103,TriTrypDB,,
Tb927.8.5670,29474435,TriTrypDB,,
Tb927.8.5700,22562468,TriTrypDB,,
Tb927.8.5720,23520175,TriTrypDB,,
Tb927.8.5730,24453978,TriTrypDB,,
Tb927.8.5770,21357738,TriTrypDB,,
Tb927.8.580,30415698,TriTrypDB,,
Tb927.8.5810,19463859,TriTrypDB,,
Tb927.8.5860,18364347,TriTrypDB,,
Tb927.8.5890,17940067,TriTrypDB,,
Tb927.8.5890,24322299,TriTrypDB,,
Tb927.8.5950,16164760,TriTrypDB,,
Tb927.8.5970,27956554,TriTrypDB,,
Tb927.8.5980,17259543,TriTrypDB,,
Tb927.8.6040,31515389,TriTrypDB,,
Tb927.8.6040,21474072,TriTrypDB,,
Tb927.8.6060,29813135,TriTrypDB,,
Tb927.8.6070,10574716,TriTrypDB,,
Tb927.8.6070,17487282,TriTrypDB,,
Tb927.8.6080,23221899,TriTrypDB,,
Tb927.8.620,20018860,TriTrypDB,,
Tb927.8.6210,20382188,TriTrypDB,,
Tb927.8.6230,37633952,TriTrypDB,,
Tb927.8.6250,26891179,TriTrypDB,,
Tb927.8.6310,30506377,TriTrypDB,,
Tb927.8.6310,32105215,TriTrypDB,,
Tb927.8.6370,26504079,TriTrypDB,,
Tb927.8.6370,29091964,TriTrypDB,,
Tb927.8.6390,36364996,TriTrypDB,,
Tb927.8.6410,17166831,TriTrypDB,,
Tb927.8.6440,16339728,TriTrypDB,,
Tb927.8.6470,34407985,TriTrypDB,,
Tb927.8.6490,24453978,TriTrypDB,,
Tb927.8.6490,28049148,TriTrypDB,,
Tb927.8.6530,34407985,TriTrypDB,,
Tb927.8.6540,17259543,TriTrypDB,,
Tb927.8.6560,32679035,TriTrypDB,,
Tb927.8.6650,16339728,TriTrypDB,,
Tb927.8.6660,19074134,TriTrypDB,,
Tb927.8.6730,25931509,TriTrypDB,,
Tb927.8.6810,24453978,TriTrypDB,,
Tb927.8.6820,19625628,TriTrypDB,,
Tb927.8.690,20466001,TriTrypDB,,
Tb927.8.6930,24453978,TriTrypDB,,
Tb927.8.6960,22158713,TriTrypDB,,
Tb927.8.6980,26504079,TriTrypDB,,
Tb927.8.7020,35680928,TriTrypDB,,
Tb927.8.7070,27226595,TriTrypDB,,
Tb927.8.710,16339728,TriTrypDB,,
Tb927.8.7100,21306439,TriTrypDB,,
Tb927.8.7110,24453978,TriTrypDB,,
Tb927.8.7120,20382188,TriTrypDB,,
Tb927.8.720,25040552,TriTrypDB,,
Tb927.8.7250,27802583,TriTrypDB,,
Tb927.8.7420,27863903,TriTrypDB,,
Tb927.8.7490,26727667,TriTrypDB,,
Tb927.8.7540,31286583,TriTrypDB,,
Tb927.8.770,29474435,TriTrypDB,,
Tb927.8.7820,37276216,TriTrypDB,,
Tb927.8.7950,24741115,TriTrypDB,,
Tb927.8.8040,28628654,TriTrypDB,,
Tb927.8.8050,19525551,TriTrypDB,,
Tb927.8.8070,16302277,TriTrypDB,,
Tb927.8.8160,29474435,TriTrypDB,,
Tb927.8.8170,26572691,TriTrypDB,,
Tb927.8.8170,37410820,TriTrypDB,,
Tb927.8.8180,26572691,TriTrypDB,,
Tb927.8.8180,37410820,TriTrypDB,,
Tb927.8.8210,26727667,TriTrypDB,,
Tb927.8.8290,28679527,TriTrypDB,,
Tb927.8.8350,21124853,TriTrypDB,,
Tb927.8.870,24453978,TriTrypDB,,
Tb927.8.890,15383296,TriTrypDB,,
Tb927.8.900,10477180,TriTrypDB,,
Tb927.8.940,30550896,TriTrypDB,,
Tb927.8.980,22676716,TriTrypDB,,
Tb927.8.990,18611951,TriTrypDB,,
Tb927.9.10040,24453978,TriTrypDB,,
Tb927.9.10080,20382188,TriTrypDB,,
Tb927.9.10100,34407985,TriTrypDB,,
Tb927.9.10160,30415698,TriTrypDB,,
Tb927.9.10170,23533609,TriTrypDB,,
Tb927.9.10310,19463859,TriTrypDB,,
Tb927.9.10360,25040552,TriTrypDB,,
Tb927.9.10490,17227795,TriTrypDB,,
Tb927.9.10530,25736289,TriTrypDB,,
Tb927.9.10550,26116214,TriTrypDB,,
Tb927.9.10560,27501349,TriTrypDB,,
Tb927.9.10560,23221899,TriTrypDB,,
Tb927.9.10670,26721397,TriTrypDB,,
Tb927.9.10710,12853641,TriTrypDB,,
Tb927.9.10770,10029314,TriTrypDB,,
Tb927.9.10770,23382864,TriTrypDB,,
Tb927.9.10830,27820863,TriTrypDB,,
Tb927.9.10920,24582333,TriTrypDB,,
Tb927.9.10920,24453978,TriTrypDB,,
Tb927.9.10930,20876299,TriTrypDB,,
Tb927.9.11040,19463859,TriTrypDB,,
Tb927.9.11050,21764780,TriTrypDB,,
Tb927.9.11070,25474309,TriTrypDB,,
Tb927.9.11120,18364347,TriTrypDB,,
Tb927.9.11220,22267727,TriTrypDB,,
Tb927.9.11220,27991487,TriTrypDB,,
Tb927.9.11260,17227795,TriTrypDB,,
Tb927.9.11300,18364347,TriTrypDB,,
Tb927.9.11480,25931509,TriTrypDB,,
Tb927.9.11500,15994309,TriTrypDB,,
Tb927.9.11540,34010336,TriTrypDB,,
Tb927.9.11660,21610103,TriTrypDB,,
Tb927.9.11720,16882667,TriTrypDB,,
Tb927.9.11880,18364347,TriTrypDB,,
Tb927.9.11900,35042777,TriTrypDB,,
Tb927.9.12040,16301606,TriTrypDB,,
Tb927.9.12110,9920387,TriTrypDB,,
Tb927.9.12140,19463859,TriTrypDB,,
Tb927.9.12360,16339728,TriTrypDB,,
Tb927.9.12400,24453978,TriTrypDB,,
Tb927.9.12450,17972917,TriTrypDB,,
Tb927.9.12470,28792096,TriTrypDB,,
Tb927.9.12500,23221899,TriTrypDB,,
Tb927.9.12550,10759857,TriTrypDB,,
Tb927.9.12700,20382188,TriTrypDB,,
Tb927.9.12720,21252235,TriTrypDB,,
Tb927.9.12770,17646387,TriTrypDB,,
Tb927.9.12770,28684539,TriTrypDB,,
Tb927.9.12780,34407985,TriTrypDB,,
Tb927.9.12790,20382188,TriTrypDB,,
Tb927.9.12820,36155669,TriTrypDB,,
Tb927.9.12850,32679035,TriTrypDB,,
Tb927.9.12880,24453978,TriTrypDB,,
Tb927.9.12900,22532828,TriTrypDB,,
Tb927.9.12930,19968861,TriTrypDB,,
Tb927.9.13030,17026746,TriTrypDB,,
Tb927.9.13120,23221899,TriTrypDB,,
Tb927.9.13280,18840477,TriTrypDB,,
Tb927.9.13380,26090847,TriTrypDB,,
Tb927.9.1340,26891179,TriTrypDB,,
Tb927.9.1340,19525551,TriTrypDB,,
Tb927.9.13440,24741115,TriTrypDB,,
Tb927.9.13470,34407985,TriTrypDB,,
Tb927.9.13510,21743004,TriTrypDB,,
Tb927.9.13520,23560737,TriTrypDB,,
Tb927.9.13530,32105215,TriTrypDB,,
Tb927.9.13530,24336212,TriTrypDB,,
Tb927.9.13780,18364347,TriTrypDB,,
Tb927.9.13785,18820079,TriTrypDB,,
Tb927.9.13795,18820079,TriTrypDB,,
Tb927.9.13820,18820079,TriTrypDB,,
Tb927.9.13860,18820079,TriTrypDB,,
Tb927.9.13920,18820079,TriTrypDB,,
Tb927.9.13970,35013170,TriTrypDB,,
Tb927.9.13970,31795916,TriTrypDB,,
Tb927.9.1400,21610103,TriTrypDB,,
Tb927.9.14050,32679035,TriTrypDB,,
Tb927.9.1410,29474435,TriTrypDB,,
Tb927.9.14240,19525551,TriTrypDB,,
Tb927.9.14290,27226595,TriTrypDB,,
Tb927.9.14300,21642507,TriTrypDB,,
Tb927.9.14430,11755190,TriTrypDB,,
Tb927.9.1500,24453978,TriTrypDB,,
Tb927.9.15010,21610103,TriTrypDB,,
Tb927.9.1510,34407985,TriTrypDB,,
Tb927.9.15270,21610103,TriTrypDB,,
Tb927.9.15380,21610103,TriTrypDB,,
Tb927.9.15470,35766104,TriTrypDB,,
Tb927.9.15510,17229212,TriTrypDB,,
Tb927.9.15520,17229212,TriTrypDB,,
Tb927.9.15530,17229212,TriTrypDB,,
Tb927.9.15540,17229212,TriTrypDB,,
Tb927.9.15550,17229212,TriTrypDB,,
Tb927.9.15560,17229212,TriTrypDB,,
Tb927.9.15570,17229212,TriTrypDB,,
Tb927.9.15580,17229212,TriTrypDB,,
Tb927.9.15590,17229212,TriTrypDB,,
Tb927.9.15600,17229212,TriTrypDB,,
Tb927.9.15610,17229212,TriTrypDB,,
Tb927.9.15620,17229212,TriTrypDB,,
Tb927.9.15630,17229212,TriTrypDB,,
Tb927.9.15640,17229212,TriTrypDB,,
Tb927.9.15660,24879126,TriTrypDB,,
Tb927.9.1570,24453978,TriTrypDB,,
Tb927.9.1610,20382188,TriTrypDB,,
Tb927.9.1670,24453978,TriTrypDB,,
Tb927.9.17380,15287585,TriTrypDB,,
Tb927.9.1950,21610103,TriTrypDB,,
Tb927.9.2030,21799014,TriTrypDB,,
Tb927.9.2075,27863903,TriTrypDB,,
Tb927.9.2140,19346560,TriTrypDB,,
Tb927.9.2240,24453978,TriTrypDB,,
Tb927.9.2320,23221899,TriTrypDB,,
Tb927.9.2340,20444878,TriTrypDB,,
Tb927.9.2350,19346560,TriTrypDB,,
Tb927.9.2380,20444878,TriTrypDB,,
Tb927.9.2520,8459837,TriTrypDB,,
Tb927.9.2620,31515389,TriTrypDB,,
Tb927.9.2650,23221899,TriTrypDB,,
Tb927.9.2670,23221899,TriTrypDB,,
Tb927.9.2900,30248370,TriTrypDB,,
Tb927.9.2900,29931198,TriTrypDB,,
Tb927.9.3000,27820863,TriTrypDB,,
Tb927.9.3120,24453978,TriTrypDB,,
Tb927.9.3280,21208463,TriTrypDB,,
Tb927.9.3350,37268169,TriTrypDB,,
Tb927.9.3470,31515389,TriTrypDB,,
Tb927.9.3480,19429779,TriTrypDB,,
Tb927.9.3600,34410224,TriTrypDB,,
Tb927.9.3640,18364347,TriTrypDB,,
Tb927.9.3650,20808899,TriTrypDB,,
Tb927.9.3760,19525551,TriTrypDB,,
Tb927.9.3780,26748989,TriTrypDB,,
Tb927.9.3800,24582333,TriTrypDB,,
Tb927.9.3970,21819459,TriTrypDB,,
Tb927.9.4040,21819459,TriTrypDB,,
Tb927.9.4080,24336212,TriTrypDB,,
Tb927.9.4190,20382188,TriTrypDB,,
Tb927.9.4207,20838601,TriTrypDB,,
Tb927.9.4210,20382188,TriTrypDB,,
Tb927.9.4227,20838601,TriTrypDB,,
Tb927.9.4230,20382188,TriTrypDB,,
Tb927.9.4360,15465048,TriTrypDB,,
Tb927.9.4420,30030284,TriTrypDB,,
Tb927.9.4440,22562468,TriTrypDB,,
Tb927.9.4520,22841752,TriTrypDB,,
Tb927.9.4550,29474435,TriTrypDB,,
Tb927.9.4560,16339728,TriTrypDB,,
Tb927.9.4620,27956554,TriTrypDB,,
Tb927.9.4750,24442674,TriTrypDB,,
Tb927.9.4750,25331479,TriTrypDB,,
Tb927.9.4900,18554326,TriTrypDB,,
Tb927.9.4910,24453978,TriTrypDB,,
Tb927.9.4990,21799014,TriTrypDB,,
Tb927.9.5020,37459364,TriTrypDB,,
Tb927.9.5150,20592024,TriTrypDB,,
Tb927.9.5170,20382188,TriTrypDB,,
Tb927.9.5190,22387477,TriTrypDB,,
Tb927.9.5190,25701409,TriTrypDB,,
Tb927.9.5220,18242729,TriTrypDB,,
Tb927.9.5300,21474072,TriTrypDB,,
Tb927.9.5300,18364347,TriTrypDB,,
Tb927.9.5410,37633952,TriTrypDB,,
Tb927.9.5460,24962368,TriTrypDB,,
Tb927.9.5650,21264253,TriTrypDB,,
Tb927.9.5710,16467470,TriTrypDB,,
Tb927.9.5880,25524563,TriTrypDB,,
Tb927.9.5890,22406034,TriTrypDB,,
Tb927.9.6040,21264253,TriTrypDB,,
Tb927.9.6060,23221899,TriTrypDB,,
Tb927.9.6100,20551176,TriTrypDB,,
Tb927.9.6110,29931198,TriTrypDB,,
Tb927.9.6160,35697071,TriTrypDB,,
Tb927.9.6420,31795916,TriTrypDB,,
Tb927.9.6510,18364347,TriTrypDB,,
Tb927.9.6560,37548427,TriTrypDB,,
Tb927.9.6560,36329148,TriTrypDB,,
Tb927.9.6710,21610103,TriTrypDB,,
Tb927.9.6870,16339728,TriTrypDB,,
Tb927.9.6920,35447115,TriTrypDB,,
Tb927.9.6940,15478803,TriTrypDB,,
Tb927.9.7170,18364347,TriTrypDB,,
Tb927.9.7190,17166831,TriTrypDB,,
Tb927.9.7190,21610103,TriTrypDB,,
Tb927.9.7210,18032430,TriTrypDB,,
Tb927.9.7260,37410820,TriTrypDB,,
Tb927.9.7470,15478805,TriTrypDB,,
Tb927.9.7690,29474435,TriTrypDB,,
Tb927.9.7770,19304951,TriTrypDB,,
Tb927.9.7820,31795916,TriTrypDB,,
Tb927.9.7830,22267727,TriTrypDB,,
Tb927.9.8180,27863903,TriTrypDB,,
Tb927.9.8190,37633952,TriTrypDB,,
Tb927.9.8210,17651388,TriTrypDB,,
Tb927.9.8290,18364347,TriTrypDB,,
Tb927.9.8330,27863903,TriTrypDB,,
Tb927.9.8350,32393602,TriTrypDB,,
Tb927.9.8410,21610103,TriTrypDB,,
Tb927.9.8450,15657034,TriTrypDB,,
Tb927.9.8540,29244877,TriTrypDB,,
Tb927.9.8650,27863903,TriTrypDB,,
Tb927.9.8710,31536395,TriTrypDB,,
Tb927.9.8740,25725478,TriTrypDB,,
Tb927.9.8740,18611951,TriTrypDB,,
Tb927.9.8780,32234763,TriTrypDB,,
Tb927.9.9080,23221899,TriTrypDB,,
Tb927.9.9150,32679035,TriTrypDB,,
Tb927.9.9200,20382188,TriTrypDB,,
Tb927.9.9220,22840392,TriTrypDB,,
Tb927.9.9290,10029314,TriTrypDB,,
Tb927.9.9290,23382864,TriTrypDB,,
Tb927.9.9310,31515389,TriTrypDB,,
Tb927.9.9320,24453978,TriTrypDB,,
Tb927.9.9390,20457606,TriTrypDB,,
Tb927.9.9390,25931509,TriTrypDB,,
Tb927.9.9400,20457606,TriTrypDB,,
Tb927.9.9410,18699867,TriTrypDB,,
Tb927.9.9430,22641036,TriTrypDB,,
Tb927.9.9550,32095321,TriTrypDB,,
Tb927.9.9620,16289356,TriTrypDB,,
Tb927.9.9620,21321215,TriTrypDB,,
Tb927.9.9660,22000100,TriTrypDB,,
Tb927.9.9660,25808593,TriTrypDB,,
Tb927.9.9700,21610103,TriTrypDB,,
Tb927.9.9730,23235159,TriTrypDB,,
Tb927.9.9840,19961881,TriTrypDB,,
Tb927.9.9870,21124853,TriTrypDB,,
Tb927.9.9940,16278296,TriTrypDB,,
Tb927.9.9960,30171070,TriTrypDB,,
Tb927.9.9970,12486231,TriTrypDB,,
Tb927_05_v4.snoRNA.0001,15840815,TriTrypDB,,
Tb927_05_v4.snoRNA.0002,15840815,TriTrypDB,,
Tb927_05_v4.snoRNA.0003,15840815,TriTrypDB,,
Tb927_06_v4.snoRNA.0001,15840815,TriTrypDB,,
Tb927_06_v4.snoRNA.0002,15840815,TriTrypDB,,
Tb927_06_v4.snoRNA.0003,15840815,TriTrypDB,,
Tb927_06_v4.snoRNA.0004,15840815,TriTrypDB,,
Tb927_06_v4.snoRNA.0005,15840815,TriTrypDB,,
Tb927_06_v4.snoRNA.0006,15840815,TriTrypDB,,
Tb927_06_v4.snoRNA.0007,15840815,TriTrypDB,,
Tb927_06_v4.snoRNA.0008,15840815,TriTrypDB,,
Tb927_06_v4.snoRNA.0009,15840815,TriTrypDB,,
Tb927_06_v4.snoRNA.0010,15840815,TriTrypDB,,
Tb927_06_v4.snoRNA.0011,15840815,TriTrypDB,,
Tb927_06_v4.snoRNA.0012,15840815,TriTrypDB,,
Tb927_06_v4.snoRNA.0013,15840815,TriTrypDB,,
Tb927_06_v4.snoRNA.0014,15840815,TriTrypDB,,
Tb927_06_v4.snoRNA.0015,15840815,TriTrypDB,,
Tb927_06_v4.snoRNA.0016,15840815,TriTrypDB,,
Tb927_06_v4.snoRNA.0017,15840815,TriTrypDB,,
Tb927_06_v4.snoRNA.0018,15840815,TriTrypDB,,
Tb927_06_v4.snoRNA.0019,15840815,TriTrypDB,,
Tb927_06_v4.snoRNA.0020,15840815,TriTrypDB,,
Tb927_06_v4.snoRNA.0021,15840815,TriTrypDB,,
Tb927_06_v4.snoRNA.0022,15840815,TriTrypDB,,
Tb927_06_v4.snoRNA.0023,15840815,TriTrypDB,,
Tb927_06_v4.snoRNA.0024,15840815,TriTrypDB,,
Tb927_06_v4.snoRNA.0025,15840815,TriTrypDB,,
Tb927_06_v4.snoRNA.0026,15840815,TriTrypDB,,
Tb927_06_v4.snoRNA.0027,15840815,TriTrypDB,,
Tb927_06_v4.snoRNA.0028,15840815,TriTrypDB,,
Tb927_06_v4.snoRNA.0029,15840815,TriTrypDB,,
Tb927_06_v4.snoRNA.0030,15840815,TriTrypDB,,
Tb927_06_v4.snoRNA.0031,15840815,TriTrypDB,,
Tb927_06_v4.snoRNA.0032,15840815,TriTrypDB,,
Tb927_06_v4.snoRNA.0033,15840815,TriTrypDB,,
Tb927_06_v4.snoRNA.0034,15840815,TriTrypDB,,
Tb927_06_v4.snoRNA.0035,15840815,TriTrypDB,,
Tb927_06_v4.snoRNA.0036,15840815,TriTrypDB,,
Tb927_06_v4.snoRNA.0037,15840815,TriTrypDB,,
Tb927_06_v4.snoRNA.0038,15840815,TriTrypDB,,
Tb927_06_v4.snoRNA.0039,15840815,TriTrypDB,,
Tb927_06_v4.snoRNA.0040,15840815,TriTrypDB,,
Tb927_06_v4.snoRNA.0041,15840815,TriTrypDB,,
Tb927_08_v4.snoRNA.0001,15840815,TriTrypDB,,
Tb927_08_v4.snoRNA.0002,15840815,TriTrypDB,,
Tb927_08_v4.snoRNA.0003,15840815,TriTrypDB,,
Tb927_08_v4.snoRNA.0004,15840815,TriTrypDB,,
Tb927_08_v4.snoRNA.0005,15840815,TriTrypDB,,
Tb927_08_v4.snoRNA.0006,15840815,TriTrypDB,,
Tb927_08_v4.snoRNA.0007,15840815,TriTrypDB,,
Tb927_08_v4.snoRNA.0008,15840815,TriTrypDB,,
Tb927_08_v4.snoRNA.0009,15840815,TriTrypDB,,
Tb927_08_v4.snoRNA.0010,15840815,TriTrypDB,,
Tb927_08_v4.snoRNA.0011,15840815,TriTrypDB,,
Tb927_08_v4.snoRNA.0012,15840815,TriTrypDB,,
Tb927_08_v4.snoRNA.0013,15840815,TriTrypDB,,
Tb927_08_v4.snoRNA.0014,15840815,TriTrypDB,,
Tb927_08_v4.snoRNA.0015,15840815,TriTrypDB,,
Tb927_08_v4.snoRNA.0016,15840815,TriTrypDB,,
Tb927_08_v4.snoRNA.0017,15840815,TriTrypDB,,
Tb927_08_v4.snoRNA.0018,15840815,TriTrypDB,,
Tb927_08_v4.snoRNA.0019,15840815,TriTrypDB,,
Tb927_08_v4.snoRNA.0020,15840815,TriTrypDB,,
Tb927_08_v4.snoRNA.0021,15840815,TriTrypDB,,
Tb927_08_v4.snoRNA.0022,15840815,TriTrypDB,,
Tb927_08_v4.snoRNA.0023,15840815,TriTrypDB,,
Tb927_08_v4.snoRNA.0024,15840815,TriTrypDB,,
Tb927_08_v4.snoRNA.0025,15840815,TriTrypDB,,
Tb927_08_v4.snoRNA.0026,15840815,TriTrypDB,,
Tb927_08_v4.snoRNA.0027,15840815,TriTrypDB,,
Tb927_08_v4.snoRNA.0028,15840815,TriTrypDB,,
Tb927_08_v4.snoRNA.0029,15840815,TriTrypDB,,
Tb927_08_v4.snoRNA.0030,15840815,TriTrypDB,,
Tb927_08_v4.snoRNA.0031,15840815,TriTrypDB,,
Tb927_08_v4.snoRNA.0032,15840815,TriTrypDB,,
Tb927_08_v4.snoRNA.0033,15840815,TriTrypDB,,
Tb927_08_v4.snoRNA.0034,15840815,TriTrypDB,,
Tb927_08_v4.snoRNA.0035,15840815,TriTrypDB,,
Tb927_08_v4.snoRNA.0036,15840815,TriTrypDB,,
Tb927_08_v4.snoRNA.0037,15840815,TriTrypDB,,
Tb927_08_v4.snoRNA.0038,15840815,TriTrypDB,,
Tb927_08_v4.snoRNA.0039,15840815,TriTrypDB,,
Tb927_08_v4.snoRNA.0040,15840815,TriTrypDB,,
Tb927_08_v4.snoRNA.0041,15840815,TriTrypDB,,
Tb927_08_v4.snoRNA.0042,15840815,TriTrypDB,,
Tb927_08_v4.snoRNA.0043,15840815,TriTrypDB,,
Tb927_08_v4.snoRNA.0044,15840815,TriTrypDB,,
Tb927_09_v4.snoRNA.0001,15840815,TriTrypDB,,
Tb927_09_v4.snoRNA.0002,15840815,TriTrypDB,,
Tb927_09_v4.snoRNA.0003,15840815,TriTrypDB,,
Tb927_09_v4.snoRNA.0004,15840815,TriTrypDB,,
Tb927_09_v4.snoRNA.0005,15840815,TriTrypDB,,
Tb927_09_v4.snoRNA.0006,15840815,TriTrypDB,,
Tb927_09_v4.snoRNA.0007,15840815,TriTrypDB,,
Tb927_09_v4.snoRNA.0008,15840815,TriTrypDB,,
Tb927_09_v4.snoRNA.0009,15840815,TriTrypDB,,
Tb927_09_v4.snoRNA.0010,15840815,TriTrypDB,,
Tb927_09_v4.snoRNA.0011,15840815,TriTrypDB,,
Tb927_09_v4.snoRNA.0012,15840815,TriTrypDB,,
Tb927_09_v4.snoRNA.0013,15840815,TriTrypDB,,
Tb927_09_v4.snoRNA.0014,15840815,TriTrypDB,,
Tb927_09_v4.snoRNA.0015,15840815,TriTrypDB,,
Tb927_09_v4.snoRNA.0016,15840815,TriTrypDB,,
Tb927_09_v4.snoRNA.0017,15840815,TriTrypDB,,
Tb927_09_v4.snoRNA.0018,15840815,TriTrypDB,,
Tb927_09_v4.snoRNA.0019,15840815,TriTrypDB,,
Tb927_09_v4.snoRNA.0020,15840815,TriTrypDB,,
Tb927_09_v4.snoRNA.0021,15840815,TriTrypDB,,
Tb927_09_v4.snoRNA.0022,15840815,TriTrypDB,,
Tb927_09_v4.snoRNA.0023,15840815,TriTrypDB,,
Tb927_09_v4.snoRNA.0024,15840815,TriTrypDB,,
Tb927_09_v4.snoRNA.0025,15840815,TriTrypDB,,
Tb927_09_v4.snoRNA.0026,15840815,TriTrypDB,,
Tb927_09_v4.snoRNA.0027,15840815,TriTrypDB,,
Tb927_09_v4.snoRNA.0028,15840815,TriTrypDB,,
Tb927_09_v4.snoRNA.0029,15840815,TriTrypDB,,
Tb927_09_v4.snoRNA.0030,15840815,TriTrypDB,,
Tb927_09_v4.snoRNA.0031,15840815,TriTrypDB,,
Tb927_09_v4.snoRNA.0032,15840815,TriTrypDB,,
Tb927_09_v4.snoRNA.0033,15840815,TriTrypDB,,
Tb927_09_v4.snoRNA.0034,15840815,TriTrypDB,,
Tb927_09_v4.snoRNA.0035,15840815,TriTrypDB,,
Tb927_09_v4.snoRNA.0036,15840815,TriTrypDB,,
Tb927_09_v4.snoRNA.0037,15840815,TriTrypDB,,
Tb927_09_v4.snoRNA.0038,15840815,TriTrypDB,,
Tb927_09_v4.snoRNA.0039,15840815,TriTrypDB,,
Tb927_09_v4.snoRNA.0040,15840815,TriTrypDB,,
Tb927_09_v4.snoRNA.0041,15840815,TriTrypDB,,
Tb927_09_v4.snoRNA.0042,15840815,TriTrypDB,,
Tb927_09_v4.snoRNA.0043,15840815,TriTrypDB,,
Tb927_09_v4.snoRNA.0044,15840815,TriTrypDB,,
Tb927_09_v4.snoRNA.0045,15840815,TriTrypDB,,
Tb927_09_v4.snoRNA.0046,15840815,TriTrypDB,,
Tb927_09_v4.snoRNA.0047,15840815,TriTrypDB,,
Tb927_09_v4.snoRNA.0048,15840815,TriTrypDB,,
Tb927_09_v4.snoRNA.0049,15840815,TriTrypDB,,
Tb927_09_v4.snoRNA.0050,15840815,TriTrypDB,,
Tb927_09_v4.snoRNA.0051,15840815,TriTrypDB,,
Tb927_09_v4.snoRNA.0052,15840815,TriTrypDB,,
Tb927_09_v4.snoRNA.0053,15840815,TriTrypDB,,
Tb927_09_v4.snoRNA.0054,15840815,TriTrypDB,,
Tb927_09_v4.snoRNA.0055,15840815,TriTrypDB,,
Tb927_09_v4.snoRNA.0056,15840815,TriTrypDB,,
Tb927_09_v4.snoRNA.0057,15840815,TriTrypDB,,
Tb927_09_v4.snoRNA.0058,15840815,TriTrypDB,,
Tb927_09_v4.snoRNA.0059,15840815,TriTrypDB,,
Tb927_09_v4.snoRNA.0060,15840815,TriTrypDB,,
Tb927_09_v4.snoRNA.0061,15840815,TriTrypDB,,
Tb927_09_v4.snoRNA.0062,15840815,TriTrypDB,,
Tb927_09_v4.snoRNA.0063,15840815,TriTrypDB,,
Tb927_09_v4.snoRNA.0064,15840815,TriTrypDB,,
Tb927_09_v4.snoRNA.0065,15840815,TriTrypDB,,
Tb927_09_v4.snoRNA.0066,15840815,TriTrypDB,,
Tb927_09_v4.snoRNA.0067,15840815,TriTrypDB,,
Tb927_09_v4.snoRNA.0068,15840815,TriTrypDB,,
Tb927_09_v4.snoRNA.0069,15840815,TriTrypDB,,
Tb927_09_v4.snoRNA.0070,15840815,TriTrypDB,,
Tb927_09_v4.snoRNA.0071,15840815,TriTrypDB,,
Tb927_09_v4.snoRNA.0072,15840815,TriTrypDB,,
Tb927_09_v4.snoRNA.0073,15840815,TriTrypDB,,
Tb927_09_v4.snoRNA.0074,15840815,TriTrypDB,,
Tb927_09_v4.snoRNA.0075,15840815,TriTrypDB,,
Tb927_09_v4.snoRNA.0076,15840815,TriTrypDB,,
Tb927_09_v4.snoRNA.0077,15840815,TriTrypDB,,
Tb927_09_v4.snoRNA.0078,15840815,TriTrypDB,,
Tb927_09_v4.snoRNA.0079,15840815,TriTrypDB,,
Tb927_09_v4.snoRNA.0080,15840815,TriTrypDB,,
Tb927_09_v4.snoRNA.0081,15840815,TriTrypDB,,
Tb927_09_v4.snoRNA.0082,15840815,TriTrypDB,,
Tb927_09_v4.snoRNA.0083,15840815,TriTrypDB,,
Tb927_09_v4.snoRNA.0084,15840815,TriTrypDB,,
Tb927_09_v4.snoRNA.0085,15840815,TriTrypDB,,
Tb927_09_v4.snoRNA.0086,15840815,TriTrypDB,,
Tb927_09_v4.snoRNA.0087,15840815,TriTrypDB,,
Tb927_09_v4.snoRNA.0088,15840815,TriTrypDB,,
Tb927_09_v4.snoRNA.0089,15840815,TriTrypDB,,
Tb927_09_v4.snoRNA.0090,15840815,TriTrypDB,,
Tb927_09_v4.snoRNA.0091,15840815,TriTrypDB,,
Tb927_09_v4.snoRNA.0092,15840815,TriTrypDB,,
Tb927_09_v4.snoRNA.0093,15840815,TriTrypDB,,
Tb927_09_v4.snoRNA.0094,15840815,TriTrypDB,,
Tb927_09_v4.snoRNA.0095,15840815,TriTrypDB,,
Tb927_09_v4.snoRNA.0096,15840815,TriTrypDB,,
Tb927_09_v4.snoRNA.0097,15840815,TriTrypDB,,
Tb927_09_v4.snoRNA.0098,15840815,TriTrypDB,,
Tb927_09_v4.snoRNA.0099,15840815,TriTrypDB,,
Tb927_09_v4.snoRNA.0100,15840815,TriTrypDB,,
Tb927_09_v4.snoRNA.0101,15840815,TriTrypDB,,
Tb927_09_v4.snoRNA.0102,15840815,TriTrypDB,,
Tb927_09_v4.snoRNA.0103,15840815,TriTrypDB,,
Tb927_09_v4.snoRNA.0104,15840815,TriTrypDB,,
Tb927_09_v4.snoRNA.0105,15840815,TriTrypDB,,
Tb927_09_v4.snoRNA.0106,15840815,TriTrypDB,,
Tb927_09_v4.snoRNA.0107,15840815,TriTrypDB,,
Tb927_09_v4.snoRNA.0108,15840815,TriTrypDB,,
Tb927_09_v4.snoRNA.0109,15840815,TriTrypDB,,
Tb927_09_v4.snoRNA.0110,15840815,TriTrypDB,,
Tb927_09_v4.snoRNA.0111,15840815,TriTrypDB,,
Tb927_09_v4.snoRNA.0112,15840815,TriTrypDB,,
Tb927_09_v4.snoRNA.0113,15840815,TriTrypDB,,
Tb927_09_v4.snoRNA.0114,15840815,TriTrypDB,,
Tb927_09_v4.snoRNA.0115,15840815,TriTrypDB,,
Tb927_09_v4.snoRNA.0116,15840815,TriTrypDB,,
Tb927_09_v4.snoRNA.0117,15840815,TriTrypDB,,
Tb927_09_v4.snoRNA.0118,15840815,TriTrypDB,,
Tb927_09_v4.snoRNA.0119,15840815,TriTrypDB,,
Tb927_09_v4.snoRNA.0120,15840815,TriTrypDB,,
Tb927_10_v4.snoRNA.0001:snoRNA,15840815,TriTrypDB,,
Tb927_10_v4.snoRNA.0002:snoRNA,15840815,TriTrypDB,,
Tb927_10_v4.snoRNA.0003:snoRNA,15840815,TriTrypDB,,
Tb927_10_v4.snoRNA.0004:snoRNA,15840815,TriTrypDB,,
Tb927_10_v4.snoRNA.0005:snoRNA,15840815,TriTrypDB,,
Tb927_10_v4.snoRNA.0006:snoRNA,15840815,TriTrypDB,,
Tb927_10_v4.snoRNA.0007:snoRNA,15840815,TriTrypDB,,
Tb927_10_v4.snoRNA.0008:snoRNA,15840815,TriTrypDB,,
Tb927_10_v4.snoRNA.0009:snoRNA,15840815,TriTrypDB,,
Tb927_10_v4.snoRNA.0010:snoRNA,15840815,TriTrypDB,,
Tb927_10_v4.snoRNA.0011:snoRNA,15840815,TriTrypDB,,
Tb927_10_v4.snoRNA.0012:snoRNA,15840815,TriTrypDB,,
Tb927_10_v4.snoRNA.0013:snoRNA,15840815,TriTrypDB,,
Tb927_10_v4.snoRNA.0014:snoRNA,15840815,TriTrypDB,,
Tb927_10_v4.snoRNA.0015:snoRNA,15840815,TriTrypDB,,
Tb927_10_v4.snoRNA.0016:snoRNA,15840815,TriTrypDB,,
Tb927_10_v4.snoRNA.0017:snoRNA,15840815,TriTrypDB,,
Tb927_10_v4.snoRNA.0018:snoRNA,15840815,TriTrypDB,,
Tb927_10_v4.snoRNA.0019:snoRNA,15840815,TriTrypDB,,
Tb927_10_v4.snoRNA.0020:snoRNA,15840815,TriTrypDB,,
Tb927_10_v4.snoRNA.0021:snoRNA,15840815,TriTrypDB,,
Tb927_10_v4.snoRNA.0022:snoRNA,15840815,TriTrypDB,,
Tb927_10_v4.snoRNA.0023:snoRNA,15840815,TriTrypDB,,
Tb927_10_v4.snoRNA.0024:snoRNA,15840815,TriTrypDB,,
Tb927_10_v4.snoRNA.0025:snoRNA,15840815,TriTrypDB,,
Tb927_10_v4.snoRNA.0026:snoRNA,15840815,TriTrypDB,,
Tb927_10_v4.snoRNA.0027:snoRNA,15840815,TriTrypDB,,
Tb927_10_v4.snoRNA.0028:snoRNA,15840815,TriTrypDB,,
Tb927_10_v4.snoRNA.0029:snoRNA,15840815,TriTrypDB,,
Tb927_10_v4.snoRNA.0030:snoRNA,15840815,TriTrypDB,,
Tb927_10_v4.snoRNA.0031:snoRNA,15840815,TriTrypDB,,
Tb927_10_v4.snoRNA.0032:snoRNA,15840815,TriTrypDB,,
Tb927_10_v4.snoRNA.0033:snoRNA,15840815,TriTrypDB,,
Tb927_10_v4.snoRNA.0034:snoRNA,15840815,TriTrypDB,,
Tb927_10_v4.snoRNA.0035:snoRNA,15840815,TriTrypDB,,
Tb927_10_v4.snoRNA.0036:snoRNA,15840815,TriTrypDB,,
Tb927_10_v4.snoRNA.0037:snoRNA,15840815,TriTrypDB,,
Tb927_10_v4.snoRNA.0038:snoRNA,15840815,TriTrypDB,,
Tb927_10_v4.snoRNA.0039:snoRNA,15840815,TriTrypDB,,
Tb927_10_v4.snoRNA.0040:snoRNA,15840815,TriTrypDB,,
Tb927_10_v4.snoRNA.0041:snoRNA,15840815,TriTrypDB,,
Tb927_10_v4.snoRNA.0042:snoRNA,15840815,TriTrypDB,,
Tb927_10_v4.snoRNA.0043:snoRNA,15840815,TriTrypDB,,
Tb927_10_v4.snoRNA.0044:snoRNA,15840815,TriTrypDB,,
Tb927_10_v4.snoRNA.0045:snoRNA,15840815,TriTrypDB,,
Tb927_10_v4.snoRNA.0046:snoRNA,15840815,TriTrypDB,,
Tb927_10_v4.snoRNA.0047:snoRNA,15840815,TriTrypDB,,
Tb927_10_v4.snoRNA.0048:snoRNA,15840815,TriTrypDB,,
Tb927_10_v4.snoRNA.0049:snoRNA,15840815,TriTrypDB,,
Tb927_10_v4.snoRNA.0050:snoRNA,15840815,TriTrypDB,,
Tb927_10_v4.snoRNA.0051:snoRNA,15840815,TriTrypDB,,
Tb927_10_v4.snoRNA.0052:snoRNA,15840815,TriTrypDB,,
Tb927_10_v4.snoRNA.0053:snoRNA,15840815,TriTrypDB,,
Tb927_10_v4.snoRNA.0054:snoRNA,15840815,TriTrypDB,,
Tb927_10_v4.snoRNA.0055:snoRNA,15840815,TriTrypDB,,
Tb927_10_v4.snoRNA.0056:snoRNA,15840815,TriTrypDB,,
Tb927_10_v4.snoRNA.0057:snoRNA,15840815,TriTrypDB,,
Tb927_10_v4.snoRNA.0058:snoRNA,15840815,TriTrypDB,,
Tb927_10_v4.snoRNA.0059:snoRNA,15840815,TriTrypDB,,
Tb927_10_v4.snoRNA.0060:snoRNA,15840815,TriTrypDB,,
Tb927_10_v4.snoRNA.0061:snoRNA,15840815,TriTrypDB,,
Tb927_10_v4.snoRNA.0062:snoRNA,15840815,TriTrypDB,,
Tb927_10_v4.snoRNA.0063:snoRNA,15840815,TriTrypDB,,
Tb927_10_v4.snoRNA.0064:snoRNA,15840815,TriTrypDB,,
Tb927_10_v4.snoRNA.0065:snoRNA,15840815,TriTrypDB,,
Tb927_10_v4.snoRNA.0066:snoRNA,15840815,TriTrypDB,,
Tb927_10_v4.snoRNA.0067:snoRNA,15840815,TriTrypDB,,
Tb927_10_v4.snoRNA.0068:snoRNA,15840815,TriTrypDB,,
Tb927_10_v4.snoRNA.0069:snoRNA,15840815,TriTrypDB,,
Tb927_10_v4.snoRNA.0070:snoRNA,15840815,TriTrypDB,,
Tb927_10_v4.snoRNA.0071:snoRNA,15840815,TriTrypDB,,
Tb927_10_v4.snoRNA.0072:snoRNA,15840815,TriTrypDB,,
Tb927_10_v4.snoRNA.0073:snoRNA,15840815,TriTrypDB,,
Tb927_10_v4.snoRNA.0074:snoRNA,15840815,TriTrypDB,,
Tb927_10_v4.snoRNA.0075:snoRNA,15840815,TriTrypDB,,
Tb927_10_v4.snoRNA.0076:snoRNA,15840815,TriTrypDB,,
Tb927_10_v4.snoRNA.0077:snoRNA,15840815,TriTrypDB,,
Tb927_10_v4.snoRNA.0078:snoRNA,15840815,TriTrypDB,,
Tb927_10_v4.snoRNA.0079:snoRNA,15840815,TriTrypDB,,
Tb927_10_v4.snoRNA.0080:snoRNA,15840815,TriTrypDB,,
Tb927_10_v4.snoRNA.0081:snoRNA,15840815,TriTrypDB,,
TcCLB.407477.40,33168716,TriTrypDB,,
TcCLB.407477.69,33168716,TriTrypDB,,
TcCLB.408547.10,19336417,TriTrypDB,,
TcCLB.410961.10,20382188,TriTrypDB,,
TcCLB.413977.10,19228586,TriTrypDB,,
TcCLB.416883.9,28487431,TriTrypDB,,
TcCLB.418405.10,19336417,TriTrypDB,,
TcCLB.418613.20,19336417,TriTrypDB,,
TcCLB.420293.20,22039427,TriTrypDB,,
TcCLB.427247.10,16164760,TriTrypDB,,
TcCLB.430605.40,23221899,TriTrypDB,,
TcCLB.434259.10,22532828,TriTrypDB,,
TcCLB.444331.10,19336417,TriTrypDB,,
TcCLB.447255.20,26014945,TriTrypDB,,
TcCLB.448197.10,19336417,TriTrypDB,,
TcCLB.459793.20,19336417,TriTrypDB,,
TcCLB.464807.10,16164760,TriTrypDB,,
TcCLB.468217.14,19336417,TriTrypDB,,
TcCLB.469435.4,33168716,TriTrypDB,,
TcCLB.476421.9,16164760,TriTrypDB,,
TcCLB.477079.10,16164760,TriTrypDB,,
TcCLB.480785.10,16164760,TriTrypDB,,
TcCLB.503405.10,29320490,TriTrypDB,,
TcCLB.503447.20,22039427,TriTrypDB,,
TcCLB.503447.50,22039427,TriTrypDB,,
TcCLB.503467.30,20382188,TriTrypDB,,
TcCLB.503501.7,19336417,TriTrypDB,,
TcCLB.503501.70,19336417,TriTrypDB,,
TcCLB.503503.40,19336417,TriTrypDB,,
TcCLB.503513.10,16164760,TriTrypDB,,
TcCLB.503527.40,20382188,TriTrypDB,,
TcCLB.503575.54,33168716,TriTrypDB,,
TcCLB.503575.60,16164760,TriTrypDB,,
TcCLB.503589.10,14718535,TriTrypDB,,
TcCLB.503599.10,16164760,TriTrypDB,,
TcCLB.503601.10,22039427,TriTrypDB,,
TcCLB.503613.10,16164760,TriTrypDB,,
TcCLB.503639.10,20382188,TriTrypDB,,
TcCLB.503641.19,17188680,TriTrypDB,,
TcCLB.503649.10,19336417,TriTrypDB,,
TcCLB.503659.10,19336417,TriTrypDB,,
TcCLB.503665.30,19336417,TriTrypDB,,
TcCLB.503685.10,16164760,TriTrypDB,,
TcCLB.503715.40,16164760,TriTrypDB,,
TcCLB.503717.10,22039427,TriTrypDB,,
TcCLB.503717.120,22039427,TriTrypDB,,
TcCLB.503717.20,19336417,TriTrypDB,,
TcCLB.503717.40,19336417,TriTrypDB,,
TcCLB.503717.80,19336417,TriTrypDB,,
TcCLB.503745.30,12351682,TriTrypDB,,
TcCLB.503759.10,22039427,TriTrypDB,,
TcCLB.503761.40,19336417,TriTrypDB,,
TcCLB.503767.10,22039427,TriTrypDB,,
TcCLB.503777.10,19911988,TriTrypDB,,
TcCLB.503783.80,19336417,TriTrypDB,,
TcCLB.503799.4,16164760,TriTrypDB,,
TcCLB.503833.20,30506377,TriTrypDB,,
TcCLB.503833.30,19185591,TriTrypDB,,
TcCLB.503833.50,10673350,TriTrypDB,,
TcCLB.503841.40,30961931,TriTrypDB,,
TcCLB.503859.40,19336417,TriTrypDB,,
TcCLB.503865.80,20382188,TriTrypDB,,
TcCLB.503875.10,19336417,TriTrypDB,,
TcCLB.503875.30,19336417,TriTrypDB,,
TcCLB.503885.70,30506377,TriTrypDB,,
TcCLB.503893.120,28487431,TriTrypDB,,
TcCLB.503899.60,33168716,TriTrypDB,,
TcCLB.503907.10,22039427,TriTrypDB,,
TcCLB.503953.30,16164760,TriTrypDB,,
TcCLB.503953.40,33168716,TriTrypDB,,
TcCLB.503955.40,22039427,TriTrypDB,,
TcCLB.503955.60,33168716,TriTrypDB,,
TcCLB.503967.10,33168716,TriTrypDB,,
TcCLB.503977.30,19336417,TriTrypDB,,
TcCLB.503977.70,19336417,TriTrypDB,,
TcCLB.503991.39,18364711,TriTrypDB,,
TcCLB.504009.70,19122194,TriTrypDB,,
TcCLB.504033.170,18039372,TriTrypDB,,
TcCLB.504035.41,19336417,TriTrypDB,,
TcCLB.504035.84,19122194,TriTrypDB,,
TcCLB.504039.130,19336417,TriTrypDB,,
TcCLB.504039.160,19336417,TriTrypDB,,
TcCLB.504039.170,19336417,TriTrypDB,,
TcCLB.504039.180,19336417,TriTrypDB,,
TcCLB.504039.200,19336417,TriTrypDB,,
TcCLB.504039.230,19336417,TriTrypDB,,
TcCLB.504039.57,19336417,TriTrypDB,,
TcCLB.504039.90,19336417,TriTrypDB,,
TcCLB.504041.4,18464794,TriTrypDB,,
TcCLB.504047.60,24453978,TriTrypDB,,
TcCLB.504051.49,33168716,TriTrypDB,,
TcCLB.504057.170,16164760,TriTrypDB,,
TcCLB.504075.6,18039372,TriTrypDB,,
TcCLB.504089.54,16164760,TriTrypDB,,
TcCLB.504099.50,22039427,TriTrypDB,,
TcCLB.504101.50,22039427,TriTrypDB,,
TcCLB.504119.29,19880510,TriTrypDB,,
TcCLB.504129.30,33168716,TriTrypDB,,
TcCLB.504129.40,18039372,TriTrypDB,,
TcCLB.504147.180,16920028,TriTrypDB,,
TcCLB.504149.130,33168716,TriTrypDB,,
TcCLB.504153.160,17007610,TriTrypDB,,
TcCLB.504153.190,33168716,TriTrypDB,,
TcCLB.504153.280,32428081,TriTrypDB,,
TcCLB.504163.10,18039372,TriTrypDB,,
TcCLB.504163.110,30956813,TriTrypDB,,
TcCLB.504167.30,16164760,TriTrypDB,,
TcCLB.504171.40,34212856,TriTrypDB,,
TcCLB.504181.40,11254958,TriTrypDB,,
TcCLB.504213.110,20149109,TriTrypDB,,
TcCLB.504215.20,20382188,TriTrypDB,,
TcCLB.504239.110,19336417,TriTrypDB,,
TcCLB.504239.140,19336417,TriTrypDB,,
TcCLB.504239.161,19336417,TriTrypDB,,
TcCLB.504239.195,19336417,TriTrypDB,,
TcCLB.504239.220,21788387,TriTrypDB,,
TcCLB.504239.220,19336417,TriTrypDB,,
TcCLB.504239.260,22039427,TriTrypDB,,
TcCLB.504239.290,19336417,TriTrypDB,,
TcCLB.504239.30,19336417,TriTrypDB,,
TcCLB.504239.350,19336417,TriTrypDB,,
TcCLB.504239.420,19336417,TriTrypDB,,
TcCLB.504255.10,33168716,TriTrypDB,,
TcCLB.504277.11,30870417,TriTrypDB,,
TcCLB.504277.20,30870417,TriTrypDB,,
TcCLB.504277.30,30870417,TriTrypDB,,
TcCLB.504341.10,22039427,TriTrypDB,,
TcCLB.504343.10,22039427,TriTrypDB,,
TcCLB.504425.10,22039427,TriTrypDB,,
TcCLB.504427.170,31795916,TriTrypDB,,
TcCLB.504427.200,21743004,TriTrypDB,,
TcCLB.504427.230,22039427,TriTrypDB,,
TcCLB.504431.118,19122194,TriTrypDB,,
TcCLB.504431.64,21854779,TriTrypDB,,
TcCLB.504625.50,18039372,TriTrypDB,,
TcCLB.504765.20,19444208,TriTrypDB,,
TcCLB.504769.100,22039427,TriTrypDB,,
TcCLB.504769.140,22039427,TriTrypDB,,
TcCLB.504769.20,19336417,TriTrypDB,,
TcCLB.504867.114,18039372,TriTrypDB,,
TcCLB.504881.40,33168716,TriTrypDB,,
TcCLB.504883.10,16164760,TriTrypDB,,
TcCLB.505009.30,18039372,TriTrypDB,,
TcCLB.505025.10,19336417,TriTrypDB,,
TcCLB.505025.130,19336417,TriTrypDB,,
TcCLB.505025.40,19336417,TriTrypDB,,
TcCLB.505025.70,19336417,TriTrypDB,,
TcCLB.505025.90,19336417,TriTrypDB,,
TcCLB.505363.10,22039427,TriTrypDB,,
TcCLB.505365.60,22039427,TriTrypDB,,
TcCLB.505555.30,33168716,TriTrypDB,,
TcCLB.505807.50,33168716,TriTrypDB,,
TcCLB.505843.24,19122194,TriTrypDB,,
TcCLB.505843.40,21264253,TriTrypDB,,
TcCLB.505843.49,23221899,TriTrypDB,,
TcCLB.505931.30,22039427,TriTrypDB,,
TcCLB.505941.30,16164760,TriTrypDB,,
TcCLB.505945.10,19779567,TriTrypDB,,
TcCLB.505977.13,16164760,TriTrypDB,,
TcCLB.505987.70,20382188,TriTrypDB,,
TcCLB.506021.20,22039427,TriTrypDB,,
TcCLB.506025.50,21437209,TriTrypDB,,
TcCLB.506129.30,22039427,TriTrypDB,,
TcCLB.506129.50,22039427,TriTrypDB,,
TcCLB.506135.110,22396527,TriTrypDB,,
TcCLB.506135.40,30506377,TriTrypDB,,
TcCLB.506205.40,16164760,TriTrypDB,,
TcCLB.506211.180,16164760,TriTrypDB,,
TcCLB.506223.120,20382188,TriTrypDB,,
TcCLB.506227.110,33168716,TriTrypDB,,
TcCLB.506227.230,30956813,TriTrypDB,,
TcCLB.506251.100,21743004,TriTrypDB,,
TcCLB.506251.110,33168716,TriTrypDB,,
TcCLB.506267.10,19336417,TriTrypDB,,
TcCLB.506267.70,19336417,TriTrypDB,,
TcCLB.506267.80,19336417,TriTrypDB,,
TcCLB.506267.90,19336417,TriTrypDB,,
TcCLB.506269.10,19336417,TriTrypDB,,
TcCLB.506269.40,19336417,TriTrypDB,,
TcCLB.506269.79,19336417,TriTrypDB,,
TcCLB.506269.99,19336417,TriTrypDB,,
TcCLB.506285.110,19336417,TriTrypDB,,
TcCLB.506285.40,19336417,TriTrypDB,,
TcCLB.506287.90,30506377,TriTrypDB,,
TcCLB.506289.120,19336417,TriTrypDB,,
TcCLB.506289.150,19336417,TriTrypDB,,
TcCLB.506289.180,19336417,TriTrypDB,,
TcCLB.506289.230,19336417,TriTrypDB,,
TcCLB.506289.80,25964650,TriTrypDB,,
TcCLB.506291.10,19336417,TriTrypDB,,
TcCLB.506341.50,22039427,TriTrypDB,,
TcCLB.506343.10,16164760,TriTrypDB,,
TcCLB.506345.40,22039427,TriTrypDB,,
TcCLB.506345.90,22039427,TriTrypDB,,
TcCLB.506357.100,16730080,TriTrypDB,,
TcCLB.506357.110,33168716,TriTrypDB,,
TcCLB.506357.120,20382188,TriTrypDB,,
TcCLB.506363.50,33168716,TriTrypDB,,
TcCLB.506367.30,18364711,TriTrypDB,,
TcCLB.506369.60,18039372,TriTrypDB,,
TcCLB.506397.10,22039427,TriTrypDB,,
TcCLB.506399.89,19122194,TriTrypDB,,
TcCLB.506401.110,16164760,TriTrypDB,,
TcCLB.506401.140,18039372,TriTrypDB,,
TcCLB.506409.130,19336417,TriTrypDB,,
TcCLB.506409.170,22039427,TriTrypDB,,
TcCLB.506409.190,19336417,TriTrypDB,,
TcCLB.506409.30,19336417,TriTrypDB,,
TcCLB.506409.90,19336417,TriTrypDB,,
TcCLB.506411.30,23894476,TriTrypDB,,
TcCLB.506455.30,22039427,TriTrypDB,,
TcCLB.506457.50,16164760,TriTrypDB,,
TcCLB.506465.50,18039372,TriTrypDB,,
TcCLB.506481.20,32428081,TriTrypDB,,
TcCLB.506483.69,16164760,TriTrypDB,,
TcCLB.506483.69,20178803,TriTrypDB,,
TcCLB.506493.50,16164760,TriTrypDB,,
TcCLB.506493.70,16164760,TriTrypDB,,
TcCLB.506499.105,19336417,TriTrypDB,,
TcCLB.506499.140,19336417,TriTrypDB,,
TcCLB.506499.160,19336417,TriTrypDB,,
TcCLB.506499.170,22039427,TriTrypDB,,
TcCLB.506499.210,19336417,TriTrypDB,,
TcCLB.506499.40,19336417,TriTrypDB,,
TcCLB.506499.80,19336417,TriTrypDB,,
TcCLB.506501.10,19336417,TriTrypDB,,
TcCLB.506501.110,19336417,TriTrypDB,,
TcCLB.506501.160,19336417,TriTrypDB,,
TcCLB.506501.184,19336417,TriTrypDB,,
TcCLB.506501.220,19336417,TriTrypDB,,
TcCLB.506501.240,19336417,TriTrypDB,,
TcCLB.506501.290,19336417,TriTrypDB,,
TcCLB.506501.329,19336417,TriTrypDB,,
TcCLB.506501.350,19336417,TriTrypDB,,
TcCLB.506501.380,19336417,TriTrypDB,,
TcCLB.506501.50,19336417,TriTrypDB,,
TcCLB.506501.80,19336417,TriTrypDB,,
TcCLB.506505.40,16164760,TriTrypDB,,
TcCLB.506513.160,16164760,TriTrypDB,,
TcCLB.506513.30,30506377,TriTrypDB,,
TcCLB.506513.50,16164760,TriTrypDB,,
TcCLB.506517.14,16164760,TriTrypDB,,
TcCLB.506519.60,16164760,TriTrypDB,,
TcCLB.506525.120,18039372,TriTrypDB,,
TcCLB.506529.340,16164760,TriTrypDB,,
TcCLB.506529.360,12467979,TriTrypDB,,
TcCLB.506529.410,21257796,TriTrypDB,,
TcCLB.506533.34,20382188,TriTrypDB,,
TcCLB.506543.10,16164760,TriTrypDB,,
TcCLB.506543.90,18776036,TriTrypDB,,
TcCLB.506551.10,19444208,TriTrypDB,,
TcCLB.506565.12,22425988,TriTrypDB,,
TcCLB.506567.90,30415698,TriTrypDB,,
TcCLB.506597.20,19336417,TriTrypDB,,
TcCLB.506597.40,22039427,TriTrypDB,,
TcCLB.506599.100,19336417,TriTrypDB,,
TcCLB.506599.150,19336417,TriTrypDB,,
TcCLB.506599.170,19336417,TriTrypDB,,
TcCLB.506599.210,19336417,TriTrypDB,,
TcCLB.506599.240,19336417,TriTrypDB,,
TcCLB.506599.280,19336417,TriTrypDB,,
TcCLB.506599.30,19336417,TriTrypDB,,
TcCLB.506599.310,19336417,TriTrypDB,,
TcCLB.506599.330,19336417,TriTrypDB,,
TcCLB.506599.360,19336417,TriTrypDB,,
TcCLB.506599.390,19336417,TriTrypDB,,
TcCLB.506599.420,19336417,TriTrypDB,,
TcCLB.506599.50,19336417,TriTrypDB,,
TcCLB.506599.80,19336417,TriTrypDB,,
TcCLB.506601.40,19336417,TriTrypDB,,
TcCLB.506603.20,19336417,TriTrypDB,,
TcCLB.506603.40,22039427,TriTrypDB,,
TcCLB.506605.170,8702965,TriTrypDB,,
TcCLB.506609.30,22039427,TriTrypDB,,
TcCLB.506609.70,19336417,TriTrypDB,,
TcCLB.506625.90,33168716,TriTrypDB,,
TcCLB.506637.100,18039372,TriTrypDB,,
TcCLB.506657.79,33168716,TriTrypDB,,
TcCLB.506667.10,19336417,TriTrypDB,,
TcCLB.506667.120,19336417,TriTrypDB,,
TcCLB.506667.160,22039427,TriTrypDB,,
TcCLB.506667.40,19336417,TriTrypDB,,
TcCLB.506667.80,19336417,TriTrypDB,,
TcCLB.506667.90,22039427,TriTrypDB,,
TcCLB.506671.10,19336417,TriTrypDB,,
TcCLB.506671.30,19336417,TriTrypDB,,
TcCLB.506671.90,19336417,TriTrypDB,,
TcCLB.506673.10,33168716,TriTrypDB,,
TcCLB.506677.20,12034456,TriTrypDB,,
TcCLB.506683.110,22039427,TriTrypDB,,
TcCLB.506683.190,22039427,TriTrypDB,,
TcCLB.506683.240,22039427,TriTrypDB,,
TcCLB.506691.22,16510441,TriTrypDB,,
TcCLB.506695.30,16164760,TriTrypDB,,
TcCLB.506697.20,20625148,TriTrypDB,,
TcCLB.506697.30,16164760,TriTrypDB,,
TcCLB.506715.10,16164760,TriTrypDB,,
TcCLB.506717.10,20382188,TriTrypDB,,
TcCLB.506717.80,22039427,TriTrypDB,,
TcCLB.506729.50,30506377,TriTrypDB,,
TcCLB.506737.107,19336417,TriTrypDB,,
TcCLB.506737.121,19336417,TriTrypDB,,
TcCLB.506737.20,16164760,TriTrypDB,,
TcCLB.506737.30,18039372,TriTrypDB,,
TcCLB.506737.90,22039427,TriTrypDB,,
TcCLB.506739.190,16164760,TriTrypDB,,
TcCLB.506739.200,30232153,TriTrypDB,,
TcCLB.506743.120,21357738,TriTrypDB,,
TcCLB.506743.160,16164760,TriTrypDB,,
TcCLB.506743.200,18364711,TriTrypDB,,
TcCLB.506749.20,7818488,TriTrypDB,,
TcCLB.506749.30,7818488,TriTrypDB,,
TcCLB.506757.120,22039427,TriTrypDB,,
TcCLB.506757.150,19336417,TriTrypDB,,
TcCLB.506757.50,19336417,TriTrypDB,,
TcCLB.506757.60,22039427,TriTrypDB,,
TcCLB.506757.90,22039427,TriTrypDB,,
TcCLB.506759.170,19336417,TriTrypDB,,
TcCLB.506759.20,19336417,TriTrypDB,,
TcCLB.506759.220,19336417,TriTrypDB,,
TcCLB.506759.40,19336417,TriTrypDB,,
TcCLB.506759.80,19336417,TriTrypDB,,
TcCLB.506761.11,19336417,TriTrypDB,,
TcCLB.506761.40,19336417,TriTrypDB,,
TcCLB.506763.110,22039427,TriTrypDB,,
TcCLB.506763.130,19336417,TriTrypDB,,
TcCLB.506763.150,19336417,TriTrypDB,,
TcCLB.506763.234,19336417,TriTrypDB,,
TcCLB.506763.260,19336417,TriTrypDB,,
TcCLB.506763.280,19336417,TriTrypDB,,
TcCLB.506763.30,19336417,TriTrypDB,,
TcCLB.506763.330,19336417,TriTrypDB,,
TcCLB.506763.50,19336417,TriTrypDB,,
TcCLB.506765.40,22039427,TriTrypDB,,
TcCLB.506765.50,19336417,TriTrypDB,,
TcCLB.506765.74,19336417,TriTrypDB,,
TcCLB.506767.110,19336417,TriTrypDB,,
TcCLB.506767.140,19336417,TriTrypDB,,
TcCLB.506767.230,19336417,TriTrypDB,,
TcCLB.506767.240,19336417,TriTrypDB,,
TcCLB.506767.340,19336417,TriTrypDB,,
TcCLB.506767.40,19336417,TriTrypDB,,
TcCLB.506767.400,19336417,TriTrypDB,,
TcCLB.506767.5,19336417,TriTrypDB,,
TcCLB.506767.70,19336417,TriTrypDB,,
TcCLB.506769.120,19336417,TriTrypDB,,
TcCLB.506769.30,19336417,TriTrypDB,,
TcCLB.506769.60,19336417,TriTrypDB,,
TcCLB.506769.80,19336417,TriTrypDB,,
TcCLB.506773.50,30251664,TriTrypDB,,
TcCLB.506775.190,16164760,TriTrypDB,,
TcCLB.506777.120,16164760,TriTrypDB,,
TcCLB.506779.110,18039372,TriTrypDB,,
TcCLB.506795.29,18039372,TriTrypDB,,
TcCLB.506795.40,20382188,TriTrypDB,,
TcCLB.506799.130,19336417,TriTrypDB,,
TcCLB.506799.50,19336417,TriTrypDB,,
TcCLB.506801.120,16164760,TriTrypDB,,
TcCLB.506801.40,19336417,TriTrypDB,,
TcCLB.506811.180,16164760,TriTrypDB,,
TcCLB.506825.10,18840477,TriTrypDB,,
TcCLB.506825.180,16164760,TriTrypDB,,
TcCLB.506825.70,19497128,TriTrypDB,,
TcCLB.506829.80,21819459,TriTrypDB,,
TcCLB.506857.60,20580912,TriTrypDB,,
TcCLB.506859.130,33168716,TriTrypDB,,
TcCLB.506859.70,19228586,TriTrypDB,,
TcCLB.506863.80,18039372,TriTrypDB,,
TcCLB.506869.40,33168716,TriTrypDB,,
TcCLB.506869.60,16164760,TriTrypDB,,
TcCLB.506885.10,20382188,TriTrypDB,,
TcCLB.506885.110,33168716,TriTrypDB,,
TcCLB.506885.120,16164760,TriTrypDB,,
TcCLB.506885.210,22039427,TriTrypDB,,
TcCLB.506885.280,16164760,TriTrypDB,,
TcCLB.506885.310,16289356,TriTrypDB,,
TcCLB.506885.430,19961881,TriTrypDB,,
TcCLB.506885.440,30506377,TriTrypDB,,
TcCLB.506885.480,22039427,TriTrypDB,,
TcCLB.506885.70,20675580,TriTrypDB,,
TcCLB.506887.69,18039372,TriTrypDB,,
TcCLB.506887.90,30506377,TriTrypDB,,
TcCLB.506895.30,33168716,TriTrypDB,,
TcCLB.506925.120,23368777,TriTrypDB,,
TcCLB.506925.130,23368777,TriTrypDB,,
TcCLB.506925.150,18039372,TriTrypDB,,
TcCLB.506925.260,16164760,TriTrypDB,,
TcCLB.506925.280,33168716,TriTrypDB,,
TcCLB.506933.98,18039372,TriTrypDB,,
TcCLB.506941.150,17290222,TriTrypDB,,
TcCLB.506943.10,16164760,TriTrypDB,,
TcCLB.506945.220,16164760,TriTrypDB,,
TcCLB.506945.230,23409202,TriTrypDB,,
TcCLB.506945.350,16164760,TriTrypDB,,
TcCLB.506947.100,33168716,TriTrypDB,,
TcCLB.506947.80,20418380,TriTrypDB,,
TcCLB.506951.60,19336417,TriTrypDB,,
TcCLB.506951.80,22039427,TriTrypDB,,
TcCLB.506951.90,22039427,TriTrypDB,,
TcCLB.506953.30,16164760,TriTrypDB,,
TcCLB.506953.49,22091394,TriTrypDB,,
TcCLB.506961.150,22039427,TriTrypDB,,
TcCLB.506961.25,22039427,TriTrypDB,,
TcCLB.506965.100,19336417,TriTrypDB,,
TcCLB.506965.130,19336417,TriTrypDB,,
TcCLB.506965.140,19336417,TriTrypDB,,
TcCLB.506965.170,22039427,TriTrypDB,,
TcCLB.506965.180,19336417,TriTrypDB,,
TcCLB.506965.20,19336417,TriTrypDB,,
TcCLB.506965.70,19336417,TriTrypDB,,
TcCLB.506967.10,22039427,TriTrypDB,,
TcCLB.506967.100,19336417,TriTrypDB,,
TcCLB.506967.140,19336417,TriTrypDB,,
TcCLB.506967.50,19336417,TriTrypDB,,
TcCLB.506967.60,22039427,TriTrypDB,,
TcCLB.506967.70,19336417,TriTrypDB,,
TcCLB.506969.10,19336417,TriTrypDB,,
TcCLB.506969.3,19336417,TriTrypDB,,
TcCLB.506971.10,19336417,TriTrypDB,,
TcCLB.506971.60,19336417,TriTrypDB,,
TcCLB.506971.80,19336417,TriTrypDB,,
TcCLB.506973.10,22039427,TriTrypDB,,
TcCLB.506973.105,19336417,TriTrypDB,,
TcCLB.506973.120,22039427,TriTrypDB,,
TcCLB.506973.20,19336417,TriTrypDB,,
TcCLB.506973.30,19336417,TriTrypDB,,
TcCLB.506973.5,19336417,TriTrypDB,,
TcCLB.506973.90,19336417,TriTrypDB,,
TcCLB.507011.90,33168716,TriTrypDB,,
TcCLB.507013.10,20382188,TriTrypDB,,
TcCLB.507041.55,19336417,TriTrypDB,,
TcCLB.507047.40,22039427,TriTrypDB,,
TcCLB.507075.40,19336417,TriTrypDB,,
TcCLB.507089.30,20444260,TriTrypDB,,
TcCLB.507091.120,19336417,TriTrypDB,,
TcCLB.507091.30,19122194,TriTrypDB,,
TcCLB.507091.60,22039427,TriTrypDB,,
TcCLB.507091.80,19336417,TriTrypDB,,
TcCLB.507093.100,33168716,TriTrypDB,,
TcCLB.507093.20,18039372,TriTrypDB,,
TcCLB.507093.300,18713834,TriTrypDB,,
TcCLB.507093.330,18039372,TriTrypDB,,
TcCLB.507105.20,22396527,TriTrypDB,,
TcCLB.507121.20,22039427,TriTrypDB,,
TcCLB.507145.60,22039427,TriTrypDB,,
TcCLB.507145.70,19336417,TriTrypDB,,
TcCLB.507145.84,19336417,TriTrypDB,,
TcCLB.507163.40,19336417,TriTrypDB,,
TcCLB.507163.70,22039427,TriTrypDB,,
TcCLB.507163.90,33168716,TriTrypDB,,
TcCLB.507211.20,16164760,TriTrypDB,,
TcCLB.507213.30,22685407,TriTrypDB,,
TcCLB.507213.40,22039427,TriTrypDB,,
TcCLB.507237.10,22039427,TriTrypDB,,
TcCLB.507237.100,19336417,TriTrypDB,,
TcCLB.507237.120,19336417,TriTrypDB,,
TcCLB.507237.170,19336417,TriTrypDB,,
TcCLB.507237.190,19336417,TriTrypDB,,
TcCLB.507237.20,19336417,TriTrypDB,,
TcCLB.507237.220,19336417,TriTrypDB,,
TcCLB.507237.250,19336417,TriTrypDB,,
TcCLB.507237.270,19336417,TriTrypDB,,
TcCLB.507237.340,19336417,TriTrypDB,,
TcCLB.507237.80,19336417,TriTrypDB,,
TcCLB.507275.10,16164760,TriTrypDB,,
TcCLB.507275.24,21264253,TriTrypDB,,
TcCLB.507275.61,20957201,TriTrypDB,,
TcCLB.507283.10,22039427,TriTrypDB,,
TcCLB.507429.20,19336417,TriTrypDB,,
TcCLB.507429.3,19336417,TriTrypDB,,
TcCLB.507429.40,19336417,TriTrypDB,,
TcCLB.507467.104,30415698,TriTrypDB,,
TcCLB.507467.70,20382188,TriTrypDB,,
TcCLB.507467.90,20382188,TriTrypDB,,
TcCLB.507479.20,22039427,TriTrypDB,,
TcCLB.507479.70,22039427,TriTrypDB,,
TcCLB.507485.100,16914442,TriTrypDB,,
TcCLB.507511.81,11854354,TriTrypDB,,
TcCLB.507511.81,25589551,TriTrypDB,,
TcCLB.507511.91,11854354,TriTrypDB,,
TcCLB.507511.91,25589551,TriTrypDB,,
TcCLB.507521.120,33168716,TriTrypDB,,
TcCLB.507527.4,20382188,TriTrypDB,,
TcCLB.507531.19,20382188,TriTrypDB,,
TcCLB.507533.10,20382188,TriTrypDB,,
TcCLB.507547.80,16164760,TriTrypDB,,
TcCLB.507553.41,19336417,TriTrypDB,,
TcCLB.507555.50,22039427,TriTrypDB,,
TcCLB.507611.170,22039427,TriTrypDB,,
TcCLB.507611.280,17012283,TriTrypDB,,
TcCLB.507639.100,20382188,TriTrypDB,,
TcCLB.507667.20,33168716,TriTrypDB,,
TcCLB.507669.60,18039372,TriTrypDB,,
TcCLB.507669.80,18039372,TriTrypDB,,
TcCLB.507677.140,18039372,TriTrypDB,,
TcCLB.507683.40,16164760,TriTrypDB,,
TcCLB.507699.110,19336417,TriTrypDB,,
TcCLB.507699.130,19336417,TriTrypDB,,
TcCLB.507699.180,19336417,TriTrypDB,,
TcCLB.507699.37,19336417,TriTrypDB,,
TcCLB.507701.4,19336417,TriTrypDB,,
TcCLB.507709.110,33168716,TriTrypDB,,
TcCLB.507709.80,33168716,TriTrypDB,,
TcCLB.507711.100,26565791,TriTrypDB,,
TcCLB.507711.110,26565791,TriTrypDB,,
TcCLB.507711.50,33168716,TriTrypDB,,
TcCLB.507711.90,26565791,TriTrypDB,,
TcCLB.507747.114,19336417,TriTrypDB,,
TcCLB.507747.170,19336417,TriTrypDB,,
TcCLB.507747.180,22039427,TriTrypDB,,
TcCLB.507759.10,22039427,TriTrypDB,,
TcCLB.507797.18,16164760,TriTrypDB,,
TcCLB.507803.10,19336417,TriTrypDB,,
TcCLB.507839.40,22039427,TriTrypDB,,
TcCLB.507847.20,19336417,TriTrypDB,,
TcCLB.507859.60,19336417,TriTrypDB,,
TcCLB.507867.10,19336417,TriTrypDB,,
TcCLB.507867.80,32675283,TriTrypDB,,
TcCLB.507875.220,22039427,TriTrypDB,,
TcCLB.507875.70,22039427,TriTrypDB,,
TcCLB.507879.10,22039427,TriTrypDB,,
TcCLB.507905.39,19336417,TriTrypDB,,
TcCLB.507907.20,22039427,TriTrypDB,,
TcCLB.507927.4,10477173,TriTrypDB,,
TcCLB.507927.90,33168716,TriTrypDB,,
TcCLB.507941.10,33168716,TriTrypDB,,
TcCLB.507941.80,33168716,TriTrypDB,,
TcCLB.507953.10,22039427,TriTrypDB,,
TcCLB.507953.100,22039427,TriTrypDB,,
TcCLB.507953.140,22039427,TriTrypDB,,
TcCLB.507953.40,19336417,TriTrypDB,,
TcCLB.507955.20,19336417,TriTrypDB,,
TcCLB.507957.10,19336417,TriTrypDB,,
TcCLB.507957.150,19336417,TriTrypDB,,
TcCLB.507957.160,19336417,TriTrypDB,,
TcCLB.507957.179,19336417,TriTrypDB,,
TcCLB.507957.200,19336417,TriTrypDB,,
TcCLB.507957.220,19336417,TriTrypDB,,
TcCLB.507957.240,19336417,TriTrypDB,,
TcCLB.507957.280,19336417,TriTrypDB,,
TcCLB.507957.300,19336417,TriTrypDB,,
TcCLB.507957.320,19336417,TriTrypDB,,
TcCLB.507957.334,19336417,TriTrypDB,,
TcCLB.507957.60,19336417,TriTrypDB,,
TcCLB.507959.110,19336417,TriTrypDB,,
TcCLB.507959.170,19336417,TriTrypDB,,
TcCLB.507959.210,19336417,TriTrypDB,,
TcCLB.507959.260,19336417,TriTrypDB,,
TcCLB.507959.280,19336417,TriTrypDB,,
TcCLB.507959.300,19336417,TriTrypDB,,
TcCLB.507959.350,19336417,TriTrypDB,,
TcCLB.507959.80,19336417,TriTrypDB,,
TcCLB.507961.10,19336417,TriTrypDB,,
TcCLB.507963.50,15743819,TriTrypDB,,
TcCLB.507979.30,22039427,TriTrypDB,,
TcCLB.507987.30,19336417,TriTrypDB,,
TcCLB.507993.30,30506377,TriTrypDB,,
TcCLB.507993.33,33168716,TriTrypDB,,
TcCLB.507993.36,33168716,TriTrypDB,,
TcCLB.507993.80,19710909,TriTrypDB,,
TcCLB.507993.89,33168716,TriTrypDB,,
TcCLB.507997.30,22039427,TriTrypDB,,
TcCLB.508047.20,19336417,TriTrypDB,,
TcCLB.508047.60,22039427,TriTrypDB,,
TcCLB.508047.70,19336417,TriTrypDB,,
TcCLB.508075.14,18039372,TriTrypDB,,
TcCLB.508075.7,33168716,TriTrypDB,,
TcCLB.508081.10,19336417,TriTrypDB,,
TcCLB.508081.30,19336417,TriTrypDB,,
TcCLB.508081.50,19336417,TriTrypDB,,
TcCLB.508081.70,19336417,TriTrypDB,,
TcCLB.508081.90,19336417,TriTrypDB,,
TcCLB.508089.10,22039427,TriTrypDB,,
TcCLB.508097.60,19336417,TriTrypDB,,
TcCLB.508099.9,19336417,TriTrypDB,,
TcCLB.508103.30,22039427,TriTrypDB,,
TcCLB.508107.30,22039427,TriTrypDB,,
TcCLB.508109.10,19336417,TriTrypDB,,
TcCLB.508109.30,19336417,TriTrypDB,,
TcCLB.508109.60,22039427,TriTrypDB,,
TcCLB.508121.110,19336417,TriTrypDB,,
TcCLB.508121.150,22039427,TriTrypDB,,
TcCLB.508121.160,19336417,TriTrypDB,,
TcCLB.508125.14,19336417,TriTrypDB,,
TcCLB.508125.140,19336417,TriTrypDB,,
TcCLB.508125.50,19336417,TriTrypDB,,
TcCLB.508127.9,33168716,TriTrypDB,,
TcCLB.508143.80,19336417,TriTrypDB,,
TcCLB.508147.150,19336417,TriTrypDB,,
TcCLB.508147.90,19336417,TriTrypDB,,
TcCLB.508151.20,19336417,TriTrypDB,,
TcCLB.508157.20,19336417,TriTrypDB,,
TcCLB.508159.50,19336417,TriTrypDB,,
TcCLB.508161.10,19336417,TriTrypDB,,
TcCLB.508161.20,22039427,TriTrypDB,,
TcCLB.508161.30,19336417,TriTrypDB,,
TcCLB.508163.10,19336417,TriTrypDB,,
TcCLB.508163.140,19336417,TriTrypDB,,
TcCLB.508163.230,19336417,TriTrypDB,,
TcCLB.508163.250,22039427,TriTrypDB,,
TcCLB.508163.270,19336417,TriTrypDB,,
TcCLB.508163.320,19336417,TriTrypDB,,
TcCLB.508163.400,20957201,TriTrypDB,,
TcCLB.508163.50,19336417,TriTrypDB,,
TcCLB.508165.110,19336417,TriTrypDB,,
TcCLB.508165.120,19336417,TriTrypDB,,
TcCLB.508165.150,19336417,TriTrypDB,,
TcCLB.508165.170,19336417,TriTrypDB,,
TcCLB.508165.210,19336417,TriTrypDB,,
TcCLB.508165.280,19336417,TriTrypDB,,
TcCLB.508165.30,19336417,TriTrypDB,,
TcCLB.508165.300,19336417,TriTrypDB,,
TcCLB.508165.350,19336417,TriTrypDB,,
TcCLB.508165.410,19336417,TriTrypDB,,
TcCLB.508165.420,19336417,TriTrypDB,,
TcCLB.508165.50,19336417,TriTrypDB,,
TcCLB.508167.29,19336417,TriTrypDB,,
TcCLB.508181.124,18039372,TriTrypDB,,
TcCLB.508201.30,19336417,TriTrypDB,,
TcCLB.508205.30,16164760,TriTrypDB,,
TcCLB.508213.20,17475252,TriTrypDB,,
TcCLB.508215.3,16164760,TriTrypDB,,
TcCLB.508227.20,19336417,TriTrypDB,,
TcCLB.508227.40,19336417,TriTrypDB,,
TcCLB.508229.30,19336417,TriTrypDB,,
TcCLB.508229.40,22039427,TriTrypDB,,
TcCLB.508229.60,22039427,TriTrypDB,,
TcCLB.508277.140,20382188,TriTrypDB,,
TcCLB.508277.20,16164760,TriTrypDB,,
TcCLB.508277.200,33168716,TriTrypDB,,
TcCLB.508285.60,22039427,TriTrypDB,,
TcCLB.508307.80,22396527,TriTrypDB,,
TcCLB.508323.110,33168716,TriTrypDB,,
TcCLB.508323.190,18039372,TriTrypDB,,
TcCLB.508323.9,20382188,TriTrypDB,,
TcCLB.508323.94,33168716,TriTrypDB,,
TcCLB.508325.230,22039427,TriTrypDB,,
TcCLB.508341.10,19336417,TriTrypDB,,
TcCLB.508369.20,20382188,TriTrypDB,,
TcCLB.508375.10,19336417,TriTrypDB,,
TcCLB.508375.20,22039427,TriTrypDB,,
TcCLB.508375.60,19122194,TriTrypDB,,
TcCLB.508385.40,18039372,TriTrypDB,,
TcCLB.508387.40,33168716,TriTrypDB,,
TcCLB.508389.100,19336417,TriTrypDB,,
TcCLB.508389.130,19336417,TriTrypDB,,
TcCLB.508389.154,19336417,TriTrypDB,,
TcCLB.508389.50,19336417,TriTrypDB,,
TcCLB.508515.120,30506377,TriTrypDB,,
TcCLB.508515.150,22039427,TriTrypDB,,
TcCLB.508539.110,19336417,TriTrypDB,,
TcCLB.508539.160,19336417,TriTrypDB,,
TcCLB.508539.20,30415698,TriTrypDB,,
TcCLB.508539.60,19336417,TriTrypDB,,
TcCLB.508539.80,19336417,TriTrypDB,,
TcCLB.508541.110,19336417,TriTrypDB,,
TcCLB.508541.130,19336417,TriTrypDB,,
TcCLB.508541.20,19336417,TriTrypDB,,
TcCLB.508541.200,33168716,TriTrypDB,,
TcCLB.508541.90,19336417,TriTrypDB,,
TcCLB.508563.20,22039427,TriTrypDB,,
TcCLB.508567.70,17418434,TriTrypDB,,
TcCLB.508569.120,30506377,TriTrypDB,,
TcCLB.508569.80,22676716,TriTrypDB,,
TcCLB.508585.29,18039372,TriTrypDB,,
TcCLB.508607.50,22039427,TriTrypDB,,
TcCLB.508647.190,33168716,TriTrypDB,,
TcCLB.508647.200,30143261,TriTrypDB,,
TcCLB.508647.280,21105905,TriTrypDB,,
TcCLB.508675.9,16164760,TriTrypDB,,
TcCLB.508687.30,19336417,TriTrypDB,,
TcCLB.508687.39,19336417,TriTrypDB,,
TcCLB.508717.60,22039427,TriTrypDB,,
TcCLB.508723.80,21437209,TriTrypDB,,
TcCLB.508725.4,16164760,TriTrypDB,,
TcCLB.508767.10,30870417,TriTrypDB,,
TcCLB.508777.60,18039372,TriTrypDB,,
TcCLB.508781.129,17601874,TriTrypDB,,
TcCLB.508813.70,33168716,TriTrypDB,,
TcCLB.508831.110,16164760,TriTrypDB,,
TcCLB.508831.60,26031800,TriTrypDB,,
TcCLB.508837.70,22039427,TriTrypDB,,
TcCLB.508841.10,20957201,TriTrypDB,,
TcCLB.508951.4,16164760,TriTrypDB,,
TcCLB.508977.10,22039427,TriTrypDB,,
TcCLB.508977.120,22039427,TriTrypDB,,
TcCLB.508977.130,19336417,TriTrypDB,,
TcCLB.508977.20,19336417,TriTrypDB,,
TcCLB.508977.40,22039427,TriTrypDB,,
TcCLB.508977.50,19336417,TriTrypDB,,
TcCLB.508977.80,22039427,TriTrypDB,,
TcCLB.508977.99,19336417,TriTrypDB,,
TcCLB.508989.100,18534579,TriTrypDB,,
TcCLB.508989.60,30506377,TriTrypDB,,
TcCLB.508993.10,20382188,TriTrypDB,,
TcCLB.508995.10,16164760,TriTrypDB,,
TcCLB.508997.20,20382188,TriTrypDB,,
TcCLB.509007.70,18039372,TriTrypDB,,
TcCLB.509067.40,18534909,TriTrypDB,,
TcCLB.509073.40,20126266,TriTrypDB,,
TcCLB.509079.20,19336417,TriTrypDB,,
TcCLB.509081.110,19336417,TriTrypDB,,
TcCLB.509081.150,19336417,TriTrypDB,,
TcCLB.509081.20,19336417,TriTrypDB,,
TcCLB.509081.5,19336417,TriTrypDB,,
TcCLB.509093.10,19336417,TriTrypDB,,
TcCLB.509095.10,19336417,TriTrypDB,,
TcCLB.509097.20,22039427,TriTrypDB,,
TcCLB.509099.20,18039372,TriTrypDB,,
TcCLB.509099.30,19074134,TriTrypDB,,
TcCLB.509099.80,33168716,TriTrypDB,,
TcCLB.509123.10,20957201,TriTrypDB,,
TcCLB.509127.80,30415698,TriTrypDB,,
TcCLB.509139.10,18364711,TriTrypDB,,
TcCLB.509147.40,20957201,TriTrypDB,,
TcCLB.509153.90,19923744,TriTrypDB,,
TcCLB.509157.170,22039427,TriTrypDB,,
TcCLB.509167.140,22966087,TriTrypDB,,
TcCLB.509167.190,16164760,TriTrypDB,,
TcCLB.509169.39,16164760,TriTrypDB,,
TcCLB.509195.30,19336417,TriTrypDB,,
TcCLB.509195.50,19336417,TriTrypDB,,
TcCLB.509195.70,19336417,TriTrypDB,,
TcCLB.509231.20,16164760,TriTrypDB,,
TcCLB.509265.110,22039427,TriTrypDB,,
TcCLB.509265.90,22039427,TriTrypDB,,
TcCLB.509269.10,33168716,TriTrypDB,,
TcCLB.509269.19,18364711,TriTrypDB,,
TcCLB.509269.4,8132566,TriTrypDB,,
TcCLB.509291.20,19336417,TriTrypDB,,
TcCLB.509377.20,22039427,TriTrypDB,,
TcCLB.509391.10,7818488,TriTrypDB,,
TcCLB.509391.20,7818488,TriTrypDB,,
TcCLB.509391.30,7818488,TriTrypDB,,
TcCLB.509445.30,17062572,TriTrypDB,,
TcCLB.509453.50,18039372,TriTrypDB,,
TcCLB.509455.130,23877697,TriTrypDB,,
TcCLB.509499.20,14711591,TriTrypDB,,
TcCLB.509513.10,22039427,TriTrypDB,,
TcCLB.509551.10,16164760,TriTrypDB,,
TcCLB.509551.100,30415698,TriTrypDB,,
TcCLB.509551.149,20382188,TriTrypDB,,
TcCLB.509581.10,22039427,TriTrypDB,,
TcCLB.509589.30,21124853,TriTrypDB,,
TcCLB.509591.20,18039372,TriTrypDB,,
TcCLB.509591.50,16339728,TriTrypDB,,
TcCLB.509599.130,16164760,TriTrypDB,,
TcCLB.509599.150,16164760,TriTrypDB,,
TcCLB.509599.164,20685283,TriTrypDB,,
TcCLB.509631.20,19336417,TriTrypDB,,
TcCLB.509631.80,19336417,TriTrypDB,,
TcCLB.509697.15,19336417,TriTrypDB,,
TcCLB.509699.110,19336417,TriTrypDB,,
TcCLB.509699.140,19336417,TriTrypDB,,
TcCLB.509699.210,19336417,TriTrypDB,,
TcCLB.509699.40,22039427,TriTrypDB,,
TcCLB.509699.60,19336417,TriTrypDB,,
TcCLB.509707.10,19444208,TriTrypDB,,
TcCLB.509739.10,22039427,TriTrypDB,,
TcCLB.509765.50,22039427,TriTrypDB,,
TcCLB.509765.95,19336417,TriTrypDB,,
TcCLB.509767.90,18364711,TriTrypDB,,
TcCLB.509769.60,19122194,TriTrypDB,,
TcCLB.509775.40,25961325,TriTrypDB,,
TcCLB.509777.30,22039427,TriTrypDB,,
TcCLB.509777.90,16164760,TriTrypDB,,
TcCLB.509779.40,33168716,TriTrypDB,,
TcCLB.509779.60,18039372,TriTrypDB,,
TcCLB.509803.40,16020724,TriTrypDB,,
TcCLB.509805.10,16164760,TriTrypDB,,
TcCLB.509805.20,19733234,TriTrypDB,,
TcCLB.509805.220,20382188,TriTrypDB,,
TcCLB.509817.50,22039427,TriTrypDB,,
TcCLB.509843.20,22039427,TriTrypDB,,
TcCLB.509885.40,19122194,TriTrypDB,,
TcCLB.509885.70,28406895,TriTrypDB,,
TcCLB.509895.10,22396527,TriTrypDB,,
TcCLB.509895.40,16164760,TriTrypDB,,
TcCLB.509925.10,19336417,TriTrypDB,,
TcCLB.509965.260,16164760,TriTrypDB,,
TcCLB.509973.10,19336417,TriTrypDB,,
TcCLB.509973.70,19336417,TriTrypDB,,
TcCLB.509975.30,19336417,TriTrypDB,,
TcCLB.509977.30,19336417,TriTrypDB,,
TcCLB.509977.80,19336417,TriTrypDB,,
TcCLB.509979.174,19336417,TriTrypDB,,
TcCLB.509979.200,19336417,TriTrypDB,,
TcCLB.509979.230,33168716,TriTrypDB,,
TcCLB.509979.270,19336417,TriTrypDB,,
TcCLB.509979.320,22039427,TriTrypDB,,
TcCLB.509979.350,19336417,TriTrypDB,,
TcCLB.509993.15,19336417,TriTrypDB,,
TcCLB.509993.31,19336417,TriTrypDB,,
TcCLB.509993.51,19336417,TriTrypDB,,
TcCLB.510005.20,22039427,TriTrypDB,,
TcCLB.510011.9,19336417,TriTrypDB,,
TcCLB.510013.150,19336417,TriTrypDB,,
TcCLB.510013.170,19336417,TriTrypDB,,
TcCLB.510013.230,19336417,TriTrypDB,,
TcCLB.510013.260,19336417,TriTrypDB,,
TcCLB.510013.290,19336417,TriTrypDB,,
TcCLB.510013.310,19336417,TriTrypDB,,
TcCLB.510013.40,19336417,TriTrypDB,,
TcCLB.510013.50,22039427,TriTrypDB,,
TcCLB.510013.70,19336417,TriTrypDB,,
TcCLB.510015.30,19336417,TriTrypDB,,
TcCLB.510017.30,19336417,TriTrypDB,,
TcCLB.510017.59,19336417,TriTrypDB,,
TcCLB.510019.30,19336417,TriTrypDB,,
TcCLB.510021.109,19336417,TriTrypDB,,
TcCLB.510021.120,22039427,TriTrypDB,,
TcCLB.510021.130,19336417,TriTrypDB,,
TcCLB.510021.180,22039427,TriTrypDB,,
TcCLB.510021.20,19336417,TriTrypDB,,
TcCLB.510021.210,19336417,TriTrypDB,,
TcCLB.510021.220,22039427,TriTrypDB,,
TcCLB.510021.50,19336417,TriTrypDB,,
TcCLB.510023.30,19336417,TriTrypDB,,
TcCLB.510025.100,19336417,TriTrypDB,,
TcCLB.510025.160,19336417,TriTrypDB,,
TcCLB.510025.180,19336417,TriTrypDB,,
TcCLB.510025.220,19336417,TriTrypDB,,
TcCLB.510025.260,19336417,TriTrypDB,,
TcCLB.510025.30,19336417,TriTrypDB,,
TcCLB.510025.50,22039427,TriTrypDB,,
TcCLB.510027.10,17640865,TriTrypDB,,
TcCLB.510055.160,16164760,TriTrypDB,,
TcCLB.510055.20,22039427,TriTrypDB,,
TcCLB.510055.70,31795916,TriTrypDB,,
TcCLB.510061.11,19336417,TriTrypDB,,
TcCLB.510061.30,22039427,TriTrypDB,,
TcCLB.510073.70,18442996,TriTrypDB,,
TcCLB.510075.30,18039372,TriTrypDB,,
TcCLB.510077.30,16164760,TriTrypDB,,
TcCLB.510089.10,19336417,TriTrypDB,,
TcCLB.510089.110,22396527,TriTrypDB,,
TcCLB.510089.130,16164760,TriTrypDB,,
TcCLB.510091.110,22396527,TriTrypDB,,
TcCLB.510091.50,30506377,TriTrypDB,,
TcCLB.510091.7,20382188,TriTrypDB,,
TcCLB.510101.390,30415698,TriTrypDB,,
TcCLB.510101.470,19714224,TriTrypDB,,
TcCLB.510103.30,19444208,TriTrypDB,,
TcCLB.510105.310,19336417,TriTrypDB,,
TcCLB.510107.30,19336417,TriTrypDB,,
TcCLB.510123.10,33168716,TriTrypDB,,
TcCLB.510123.20,16164760,TriTrypDB,,
TcCLB.510125.20,22039427,TriTrypDB,,
TcCLB.510127.79,12810043,TriTrypDB,,
TcCLB.510141.10,19945457,TriTrypDB,,
TcCLB.510141.4,16164760,TriTrypDB,,
TcCLB.510143.60,33168716,TriTrypDB,,
TcCLB.510157.10,19336417,TriTrypDB,,
TcCLB.510163.30,19336417,TriTrypDB,,
TcCLB.510163.60,22039427,TriTrypDB,,
TcCLB.510181.20,16403015,TriTrypDB,,
TcCLB.510181.9,20382188,TriTrypDB,,
TcCLB.510189.40,19336417,TriTrypDB,,
TcCLB.510191.10,19336417,TriTrypDB,,
TcCLB.510191.70,19336417,TriTrypDB,,
TcCLB.510205.20,19336417,TriTrypDB,,
TcCLB.510205.40,22039427,TriTrypDB,,
TcCLB.510205.50,19336417,TriTrypDB,,
TcCLB.510205.80,19336417,TriTrypDB,,
TcCLB.510207.30,22039427,TriTrypDB,,
TcCLB.510207.40,19336417,TriTrypDB,,
TcCLB.510209.27,19336417,TriTrypDB,,
TcCLB.510213.39,19336417,TriTrypDB,,
TcCLB.510213.70,19336417,TriTrypDB,,
TcCLB.510213.9,19336417,TriTrypDB,,
TcCLB.510231.10,16164760,TriTrypDB,,
TcCLB.510257.100,22396527,TriTrypDB,,
TcCLB.510257.130,16164760,TriTrypDB,,
TcCLB.510257.139,32428081,TriTrypDB,,
TcCLB.510261.10,19336417,TriTrypDB,,
TcCLB.510261.31,19336417,TriTrypDB,,
TcCLB.510269.20,19336417,TriTrypDB,,
TcCLB.510269.50,19336417,TriTrypDB,,
TcCLB.510275.190,19336417,TriTrypDB,,
TcCLB.510275.250,19336417,TriTrypDB,,
TcCLB.510275.29,19336417,TriTrypDB,,
TcCLB.510275.340,19336417,TriTrypDB,,
TcCLB.510275.350,22039427,TriTrypDB,,
TcCLB.510275.370,19336417,TriTrypDB,,
TcCLB.510275.400,19336417,TriTrypDB,,
TcCLB.510275.60,19336417,TriTrypDB,,
TcCLB.510279.110,22039427,TriTrypDB,,
TcCLB.510279.120,19336417,TriTrypDB,,
TcCLB.510279.140,19336417,TriTrypDB,,
TcCLB.510279.190,19336417,TriTrypDB,,
TcCLB.510279.210,19336417,TriTrypDB,,
TcCLB.510279.230,22039427,TriTrypDB,,
TcCLB.510279.250,19336417,TriTrypDB,,
TcCLB.510279.310,19336417,TriTrypDB,,
TcCLB.510279.320,22039427,TriTrypDB,,
TcCLB.510279.330,19336417,TriTrypDB,,
TcCLB.510279.349,19336417,TriTrypDB,,
TcCLB.510279.60,19336417,TriTrypDB,,
TcCLB.510279.90,19336417,TriTrypDB,,
TcCLB.510283.100,33168716,TriTrypDB,,
TcCLB.510283.140,20382188,TriTrypDB,,
TcCLB.510285.100,15694484,TriTrypDB,,
TcCLB.510285.110,33168716,TriTrypDB,,
TcCLB.510287.20,20382188,TriTrypDB,,
TcCLB.510293.79,12958211,TriTrypDB,,
TcCLB.510307.19,19336417,TriTrypDB,,
TcCLB.510307.210,22039427,TriTrypDB,,
TcCLB.510307.230,22039427,TriTrypDB,,
TcCLB.510307.240,22039427,TriTrypDB,,
TcCLB.510307.284,22039427,TriTrypDB,,
TcCLB.510311.160,33168716,TriTrypDB,,
TcCLB.510311.40,18039372,TriTrypDB,,
TcCLB.510321.10,22532828,TriTrypDB,,
TcCLB.510323.110,18039372,TriTrypDB,,
TcCLB.510347.60,16164760,TriTrypDB,,
TcCLB.510349.50,20382188,TriTrypDB,,
TcCLB.510349.80,16164760,TriTrypDB,,
TcCLB.510351.150,18039372,TriTrypDB,,
TcCLB.510369.10,19336417,TriTrypDB,,
TcCLB.510371.10,19336417,TriTrypDB,,
TcCLB.510371.100,19336417,TriTrypDB,,
TcCLB.510371.120,19336417,TriTrypDB,,
TcCLB.510371.50,19336417,TriTrypDB,,
TcCLB.510371.70,19336417,TriTrypDB,,
TcCLB.510371.90,22039427,TriTrypDB,,
TcCLB.510373.10,19336417,TriTrypDB,,
TcCLB.510373.119,19336417,TriTrypDB,,
TcCLB.510373.60,19336417,TriTrypDB,,
TcCLB.510373.90,19336417,TriTrypDB,,
TcCLB.510375.10,19336417,TriTrypDB,,
TcCLB.510375.40,19336417,TriTrypDB,,
TcCLB.510377.10,22039427,TriTrypDB,,
TcCLB.510377.100,19336417,TriTrypDB,,
TcCLB.510377.134,19336417,TriTrypDB,,
TcCLB.510377.200,19336417,TriTrypDB,,
TcCLB.510377.260,19336417,TriTrypDB,,
TcCLB.510377.30,19336417,TriTrypDB,,
TcCLB.510377.310,19336417,TriTrypDB,,
TcCLB.510377.330,22039427,TriTrypDB,,
TcCLB.510377.350,19336417,TriTrypDB,,
TcCLB.510377.390,19336417,TriTrypDB,,
TcCLB.510377.430,19336417,TriTrypDB,,
TcCLB.510377.450,19336417,TriTrypDB,,
TcCLB.510377.50,22039427,TriTrypDB,,
TcCLB.510381.70,33168716,TriTrypDB,,
TcCLB.510403.30,22039427,TriTrypDB,,
TcCLB.510407.80,30506377,TriTrypDB,,
TcCLB.510407.9,16164760,TriTrypDB,,
TcCLB.510409.10,16164760,TriTrypDB,,
TcCLB.510431.140,16164760,TriTrypDB,,
TcCLB.510431.300,22039427,TriTrypDB,,
TcCLB.510491.60,22039427,TriTrypDB,,
TcCLB.510507.20,20382188,TriTrypDB,,
TcCLB.510515.110,33168716,TriTrypDB,,
TcCLB.510525.10,16164760,TriTrypDB,,
TcCLB.510525.130,31064825,TriTrypDB,,
TcCLB.510525.139,16164760,TriTrypDB,,
TcCLB.510529.10,33168716,TriTrypDB,,
TcCLB.510529.30,33168716,TriTrypDB,,
TcCLB.510531.40,33168716,TriTrypDB,,
TcCLB.510533.100,33168716,TriTrypDB,,
TcCLB.510553.30,19336417,TriTrypDB,,
TcCLB.510553.40,22039427,TriTrypDB,,
TcCLB.510555.10,19336417,TriTrypDB,,
TcCLB.510557.60,19336417,TriTrypDB,,
TcCLB.510557.73,19336417,TriTrypDB,,
TcCLB.510559.20,19336417,TriTrypDB,,
TcCLB.510561.30,19336417,TriTrypDB,,
TcCLB.510561.50,19336417,TriTrypDB,,
TcCLB.510561.7,19336417,TriTrypDB,,
TcCLB.510565.70,16164760,TriTrypDB,,
TcCLB.510609.70,16164760,TriTrypDB,,
TcCLB.510611.60,18367671,TriTrypDB,,
TcCLB.510621.20,19336417,TriTrypDB,,
TcCLB.510621.49,19336417,TriTrypDB,,
TcCLB.510621.60,19336417,TriTrypDB,,
TcCLB.510717.10,20957201,TriTrypDB,,
TcCLB.510717.20,20957201,TriTrypDB,,
TcCLB.510719.150,33168716,TriTrypDB,,
TcCLB.510719.170,33168716,TriTrypDB,,
TcCLB.510719.200,16091631,TriTrypDB,,
TcCLB.510719.200,16416120,TriTrypDB,,
TcCLB.510719.250,22532828,TriTrypDB,,
TcCLB.510719.74,33168716,TriTrypDB,,
TcCLB.510741.70,16164760,TriTrypDB,,
TcCLB.510743.60,20382188,TriTrypDB,,
TcCLB.510745.40,16164760,TriTrypDB,,
TcCLB.510747.10,18039372,TriTrypDB,,
TcCLB.510751.10,21743004,TriTrypDB,,
TcCLB.510755.138,18039372,TriTrypDB,,
TcCLB.510755.80,33168716,TriTrypDB,,
TcCLB.510759.40,16164760,TriTrypDB,,
TcCLB.510761.60,16164760,TriTrypDB,,
TcCLB.510773.100,24741115,TriTrypDB,,
TcCLB.510811.10,19444208,TriTrypDB,,
TcCLB.510811.20,19444208,TriTrypDB,,
TcCLB.510833.20,19336417,TriTrypDB,,
TcCLB.510841.10,21124853,TriTrypDB,,
TcCLB.510847.10,22039427,TriTrypDB,,
TcCLB.510853.40,22039427,TriTrypDB,,
TcCLB.510857.4,30415698,TriTrypDB,,
TcCLB.510861.140,16164760,TriTrypDB,,
TcCLB.510877.180,12958211,TriTrypDB,,
TcCLB.510877.180,20382188,TriTrypDB,,
TcCLB.510879.160,18039372,TriTrypDB,,
TcCLB.510879.210,18534579,TriTrypDB,,
TcCLB.510879.229,16164760,TriTrypDB,,
TcCLB.510879.40,17244817,TriTrypDB,,
TcCLB.510879.90,33168716,TriTrypDB,,
TcCLB.510959.30,19336417,TriTrypDB,,
TcCLB.510961.10,19336417,TriTrypDB,,
TcCLB.510961.30,19336417,TriTrypDB,,
TcCLB.510971.30,22039427,TriTrypDB,,
TcCLB.510971.60,16164760,TriTrypDB,,
TcCLB.510989.40,33168716,TriTrypDB,,
TcCLB.510997.10,20382188,TriTrypDB,,
TcCLB.511001.60,16164760,TriTrypDB,,
TcCLB.511041.10,33168716,TriTrypDB,,
TcCLB.511051.20,33168716,TriTrypDB,,
TcCLB.511051.30,30251664,TriTrypDB,,
TcCLB.511065.50,20382188,TriTrypDB,,
TcCLB.511067.4,20382188,TriTrypDB,,
TcCLB.511071.190,26752206,TriTrypDB,,
TcCLB.511071.190,32709751,TriTrypDB,,
TcCLB.511071.50,24828104,TriTrypDB,,
TcCLB.511127.100,24386955,TriTrypDB,,
TcCLB.511127.260,19944689,TriTrypDB,,
TcCLB.511127.320,16164760,TriTrypDB,,
TcCLB.511127.330,16164760,TriTrypDB,,
TcCLB.511127.340,18039372,TriTrypDB,,
TcCLB.511127.400,18039372,TriTrypDB,,
TcCLB.511129.40,22039427,TriTrypDB,,
TcCLB.511131.50,19429779,TriTrypDB,,
TcCLB.511135.40,33168716,TriTrypDB,,
TcCLB.511145.80,17543398,TriTrypDB,,
TcCLB.511171.90,19336417,TriTrypDB,,
TcCLB.511173.100,19336417,TriTrypDB,,
TcCLB.511173.130,22039427,TriTrypDB,,
TcCLB.511173.150,19336417,TriTrypDB,,
TcCLB.511173.180,19336417,TriTrypDB,,
TcCLB.511173.210,19336417,TriTrypDB,,
TcCLB.511173.24,19336417,TriTrypDB,,
TcCLB.511173.250,19336417,TriTrypDB,,
TcCLB.511173.270,19336417,TriTrypDB,,
TcCLB.511173.280,22039427,TriTrypDB,,
TcCLB.511173.309,19336417,TriTrypDB,,
TcCLB.511173.360,19336417,TriTrypDB,,
TcCLB.511173.370,22039427,TriTrypDB,,
TcCLB.511173.400,19336417,TriTrypDB,,
TcCLB.511173.430,19336417,TriTrypDB,,
TcCLB.511173.440,22039427,TriTrypDB,,
TcCLB.511173.460,19336417,TriTrypDB,,
TcCLB.511173.470,22039427,TriTrypDB,,
TcCLB.511173.496,19336417,TriTrypDB,,
TcCLB.511173.50,19336417,TriTrypDB,,
TcCLB.511173.64,19336417,TriTrypDB,,
TcCLB.511173.80,22039427,TriTrypDB,,
TcCLB.511175.10,19336417,TriTrypDB,,
TcCLB.511197.60,19336417,TriTrypDB,,
TcCLB.511211.60,18039372,TriTrypDB,,
TcCLB.511211.70,20979346,TriTrypDB,,
TcCLB.511213.15,19336417,TriTrypDB,,
TcCLB.511213.60,19336417,TriTrypDB,,
TcCLB.511215.119,26199333,TriTrypDB,,
TcCLB.511217.30,20382188,TriTrypDB,,
TcCLB.511217.90,33168716,TriTrypDB,,
TcCLB.511311.20,22039427,TriTrypDB,,
TcCLB.511311.30,22039427,TriTrypDB,,
TcCLB.511311.80,30956813,TriTrypDB,,
TcCLB.511347.20,19336417,TriTrypDB,,
TcCLB.511349.100,22039427,TriTrypDB,,
TcCLB.511351.30,16164760,TriTrypDB,,
TcCLB.511355.7,16753168,TriTrypDB,,
TcCLB.511393.60,16164760,TriTrypDB,,
TcCLB.511395.60,16164760,TriTrypDB,,
TcCLB.511395.90,16164760,TriTrypDB,,
TcCLB.511397.10,19336417,TriTrypDB,,
TcCLB.511399.50,19336417,TriTrypDB,,
TcCLB.511401.100,19336417,TriTrypDB,,
TcCLB.511401.120,22039427,TriTrypDB,,
TcCLB.511401.130,19336417,TriTrypDB,,
TcCLB.511401.30,22039427,TriTrypDB,,
TcCLB.511401.40,19336417,TriTrypDB,,
TcCLB.511401.90,22039427,TriTrypDB,,
TcCLB.511407.60,25862161,TriTrypDB,,
TcCLB.511409.20,33168716,TriTrypDB,,
TcCLB.511411.30,20337715,TriTrypDB,,
TcCLB.511419.50,11704279,TriTrypDB,,
TcCLB.511429.20,20614016,TriTrypDB,,
TcCLB.511445.130,33168716,TriTrypDB,,
TcCLB.511467.30,18039372,TriTrypDB,,
TcCLB.511467.50,31795916,TriTrypDB,,
TcCLB.511469.24,20653091,TriTrypDB,,
TcCLB.511469.60,20190075,TriTrypDB,,
TcCLB.511529.80,20363262,TriTrypDB,,
TcCLB.511531.59,16164760,TriTrypDB,,
TcCLB.511535.20,19240117,TriTrypDB,,
TcCLB.511537.40,18039372,TriTrypDB,,
TcCLB.511543.20,15220340,TriTrypDB,,
TcCLB.511545.190,20382188,TriTrypDB,,
TcCLB.511545.70,22396527,TriTrypDB,,
TcCLB.511545.70,33168716,TriTrypDB,,
TcCLB.511545.80,21170560,TriTrypDB,,
TcCLB.511553.10,19336417,TriTrypDB,,
TcCLB.511553.100,19336417,TriTrypDB,,
TcCLB.511553.140,19336417,TriTrypDB,,
TcCLB.511553.150,19336417,TriTrypDB,,
TcCLB.511553.200,19336417,TriTrypDB,,
TcCLB.511553.30,19336417,TriTrypDB,,
TcCLB.511555.10,19336417,TriTrypDB,,
TcCLB.511577.19,18039372,TriTrypDB,,
TcCLB.511585.170,16164760,TriTrypDB,,
TcCLB.511585.230,22039427,TriTrypDB,,
TcCLB.511587.90,22039427,TriTrypDB,,
TcCLB.511591.10,19336417,TriTrypDB,,
TcCLB.511593.30,19336417,TriTrypDB,,
TcCLB.511593.60,19336417,TriTrypDB,,
TcCLB.511593.80,19336417,TriTrypDB,,
TcCLB.511595.30,19336417,TriTrypDB,,
TcCLB.511597.40,19336417,TriTrypDB,,
TcCLB.511599.120,19336417,TriTrypDB,,
TcCLB.511599.80,22039427,TriTrypDB,,
TcCLB.511599.90,19336417,TriTrypDB,,
TcCLB.511603.100,19336417,TriTrypDB,,
TcCLB.511603.160,19336417,TriTrypDB,,
TcCLB.511603.190,19336417,TriTrypDB,,
TcCLB.511603.250,19336417,TriTrypDB,,
TcCLB.511603.30,19336417,TriTrypDB,,
TcCLB.511603.300,19336417,TriTrypDB,,
TcCLB.511603.320,19336417,TriTrypDB,,
TcCLB.511603.380,19336417,TriTrypDB,,
TcCLB.511603.450,22039427,TriTrypDB,,
TcCLB.511603.500,19336417,TriTrypDB,,
TcCLB.511603.80,19336417,TriTrypDB,,
TcCLB.511603.90,22039427,TriTrypDB,,
TcCLB.511605.20,19336417,TriTrypDB,,
TcCLB.511605.5,19336417,TriTrypDB,,
TcCLB.511605.80,19336417,TriTrypDB,,
TcCLB.511607.110,19336417,TriTrypDB,,
TcCLB.511607.40,19336417,TriTrypDB,,
TcCLB.511607.90,19336417,TriTrypDB,,
TcCLB.511609.30,19336417,TriTrypDB,,
TcCLB.511611.20,19336417,TriTrypDB,,
TcCLB.511611.50,19336417,TriTrypDB,,
TcCLB.511613.10,19336417,TriTrypDB,,
TcCLB.511613.110,19336417,TriTrypDB,,
TcCLB.511613.180,19336417,TriTrypDB,,
TcCLB.511613.40,19336417,TriTrypDB,,
TcCLB.511613.60,19336417,TriTrypDB,,
TcCLB.511613.80,19336417,TriTrypDB,,
TcCLB.511613.90,19336417,TriTrypDB,,
TcCLB.511615.10,22039427,TriTrypDB,,
TcCLB.511621.160,18039372,TriTrypDB,,
TcCLB.511621.190,18039372,TriTrypDB,,
TcCLB.511621.200,33168716,TriTrypDB,,
TcCLB.511621.40,19122194,TriTrypDB,,
TcCLB.511621.70,33168716,TriTrypDB,,
TcCLB.511625.130,22039427,TriTrypDB,,
TcCLB.511625.140,19336417,TriTrypDB,,
TcCLB.511625.90,19336417,TriTrypDB,,
TcCLB.511675.3,20957201,TriTrypDB,,
TcCLB.511685.50,33168716,TriTrypDB,,
TcCLB.511715.20,16164760,TriTrypDB,,
TcCLB.511731.30,18039372,TriTrypDB,,
TcCLB.511731.80,33168716,TriTrypDB,,
TcCLB.511733.20,33168716,TriTrypDB,,
TcCLB.511735.20,33168716,TriTrypDB,,
TcCLB.511737.10,19953351,TriTrypDB,,
TcCLB.511739.20,33168716,TriTrypDB,,
TcCLB.511751.170,16164760,TriTrypDB,,
TcCLB.511751.50,16164760,TriTrypDB,,
TcCLB.511753.70,16164760,TriTrypDB,,
TcCLB.511785.10,19336417,TriTrypDB,,
TcCLB.511787.10,19336417,TriTrypDB,,
TcCLB.511791.10,19336417,TriTrypDB,,
TcCLB.511793.30,19336417,TriTrypDB,,
TcCLB.511797.110,22039427,TriTrypDB,,
TcCLB.511797.120,19336417,TriTrypDB,,
TcCLB.511797.167,19336417,TriTrypDB,,
TcCLB.511797.200,19336417,TriTrypDB,,
TcCLB.511797.260,19336417,TriTrypDB,,
TcCLB.511801.34,18534909,TriTrypDB,,
TcCLB.511803.50,33168716,TriTrypDB,,
TcCLB.511867.100,33168716,TriTrypDB,,
TcCLB.511867.40,33168716,TriTrypDB,,
TcCLB.511871.120,19336417,TriTrypDB,,
TcCLB.511873.10,22039427,TriTrypDB,,
TcCLB.511875.20,22039427,TriTrypDB,,
TcCLB.511875.80,19336417,TriTrypDB,,
TcCLB.511875.9,19336417,TriTrypDB,,
TcCLB.511877.10,20957201,TriTrypDB,,
TcCLB.511877.20,19336417,TriTrypDB,,
TcCLB.511911.10,22039427,TriTrypDB,,
TcCLB.511911.130,16037487,TriTrypDB,,
TcCLB.511911.60,22039427,TriTrypDB,,
TcCLB.397923.10,19336417,TriTrypDB,,
TcCLB.410275.9,19336417,TriTrypDB,,
TcCLB.412419.10,19336417,TriTrypDB,,
TcCLB.416605.10,19336417,TriTrypDB,,
TcCLB.416605.30,19336417,TriTrypDB,,
TcCLB.416809.10,19841080,TriTrypDB,,
TcCLB.418185.70,22039427,TriTrypDB,,
TcCLB.421555.9,19336417,TriTrypDB,,
TcCLB.421621.50,19336417,TriTrypDB,,
TcCLB.422867.10,22039427,TriTrypDB,,
TcCLB.424499.10,19336417,TriTrypDB,,
TcCLB.429251.10,19336417,TriTrypDB,,
TcCLB.432443.10,19336417,TriTrypDB,,
TcCLB.448661.10,19336417,TriTrypDB,,
TcCLB.452475.10,22039427,TriTrypDB,,
TcCLB.453767.50,19336417,TriTrypDB,,
TcCLB.463279.20,22039427,TriTrypDB,,
TcCLB.463323.10,22039427,TriTrypDB,,
TcCLB.472357.10,22039427,TriTrypDB,,
TcCLB.473313.10,19336417,TriTrypDB,,
TcCLB.479481.10,19336417,TriTrypDB,,
TcCLB.503403.20,22039427,TriTrypDB,,
TcCLB.503427.19,19336417,TriTrypDB,,
TcCLB.503429.30,19336417,TriTrypDB,,
TcCLB.503507.35,19336417,TriTrypDB,,
TcCLB.503533.30,22039427,TriTrypDB,,
TcCLB.503533.40,19336417,TriTrypDB,,
TcCLB.503585.10,19336417,TriTrypDB,,
TcCLB.503585.115,19336417,TriTrypDB,,
TcCLB.503587.10,19336417,TriTrypDB,,
TcCLB.503587.30,22039427,TriTrypDB,,
TcCLB.503587.80,19336417,TriTrypDB,,
TcCLB.503609.24,19336417,TriTrypDB,,
TcCLB.503609.50,22039427,TriTrypDB,,
TcCLB.503609.60,19336417,TriTrypDB,,
TcCLB.503633.11,19336417,TriTrypDB,,
TcCLB.503673.9,16164760,TriTrypDB,,
TcCLB.503699.11,19336417,TriTrypDB,,
TcCLB.503699.19,19336417,TriTrypDB,,
TcCLB.503741.20,19336417,TriTrypDB,,
TcCLB.503827.100,22039427,TriTrypDB,,
TcCLB.503827.20,19336417,TriTrypDB,,
TcCLB.503827.5,19336417,TriTrypDB,,
TcCLB.503827.60,19336417,TriTrypDB,,
TcCLB.504007.20,22039427,TriTrypDB,,
TcCLB.504031.30,19336417,TriTrypDB,,
TcCLB.504031.50,22039427,TriTrypDB,,
TcCLB.504031.60,19336417,TriTrypDB,,
TcCLB.504145.10,22039427,TriTrypDB,,
TcCLB.504201.30,22039427,TriTrypDB,,
TcCLB.504201.40,19336417,TriTrypDB,,
TcCLB.504201.50,19336417,TriTrypDB,,
TcCLB.504313.10,22039427,TriTrypDB,,
TcCLB.504411.30,18039372,TriTrypDB,,
TcCLB.504479.10,22039427,TriTrypDB,,
TcCLB.504587.30,19336417,TriTrypDB,,
TcCLB.504655.9,19336417,TriTrypDB,,
TcCLB.504669.40,19336417,TriTrypDB,,
TcCLB.504737.20,19336417,TriTrypDB,,
TcCLB.504787.30,19336417,TriTrypDB,,
TcCLB.504787.40,22039427,TriTrypDB,,
TcCLB.504787.54,19336417,TriTrypDB,,
TcCLB.504787.70,19336417,TriTrypDB,,
TcCLB.504787.90,19336417,TriTrypDB,,
TcCLB.504975.10,19336417,TriTrypDB,,
TcCLB.505023.40,19336417,TriTrypDB,,
TcCLB.505231.20,22039427,TriTrypDB,,
TcCLB.505479.10,19336417,TriTrypDB,,
TcCLB.505567.31,19336417,TriTrypDB,,
TcCLB.505609.10,22039427,TriTrypDB,,
TcCLB.505609.40,22039427,TriTrypDB,,
TcCLB.505621.10,19336417,TriTrypDB,,
TcCLB.505779.10,22039427,TriTrypDB,,
TcCLB.505779.20,22039427,TriTrypDB,,
TcCLB.505919.11,19336417,TriTrypDB,,
TcCLB.505919.20,22039427,TriTrypDB,,
TcCLB.505949.139,19336417,TriTrypDB,,
TcCLB.505949.169,19336417,TriTrypDB,,
TcCLB.505949.20,19336417,TriTrypDB,,
TcCLB.505949.30,22039427,TriTrypDB,,
TcCLB.505949.50,19336417,TriTrypDB,,
TcCLB.505949.80,19336417,TriTrypDB,,
TcCLB.505975.20,22039427,TriTrypDB,,
TcCLB.505993.30,22039427,TriTrypDB,,
TcCLB.506015.30,19336417,TriTrypDB,,
TcCLB.506023.10,19336417,TriTrypDB,,
TcCLB.506027.10,19336417,TriTrypDB,,
TcCLB.506057.81,19336417,TriTrypDB,,
TcCLB.506067.110,19336417,TriTrypDB,,
TcCLB.506067.140,19336417,TriTrypDB,,
TcCLB.506067.169,19336417,TriTrypDB,,
TcCLB.506067.198,19336417,TriTrypDB,,
TcCLB.506067.240,19336417,TriTrypDB,,
TcCLB.506067.260,19336417,TriTrypDB,,
TcCLB.506067.290,19336417,TriTrypDB,,
TcCLB.506067.300,22039427,TriTrypDB,,
TcCLB.506067.34,19336417,TriTrypDB,,
TcCLB.506067.70,19336417,TriTrypDB,,
TcCLB.506101.10,19336417,TriTrypDB,,
TcCLB.506131.110,19336417,TriTrypDB,,
TcCLB.506131.140,19336417,TriTrypDB,,
TcCLB.506131.170,22039427,TriTrypDB,,
TcCLB.506131.190,19336417,TriTrypDB,,
TcCLB.506131.30,19336417,TriTrypDB,,
TcCLB.506131.5,19336417,TriTrypDB,,
TcCLB.506131.84,19336417,TriTrypDB,,
TcCLB.506133.130,22039427,TriTrypDB,,
TcCLB.506133.140,19336417,TriTrypDB,,
TcCLB.506133.170,19336417,TriTrypDB,,
TcCLB.506133.190,22039427,TriTrypDB,,
TcCLB.506133.207,19336417,TriTrypDB,,
TcCLB.506133.54,19336417,TriTrypDB,,
TcCLB.506133.61,19336417,TriTrypDB,,
TcCLB.506171.60,22039427,TriTrypDB,,
TcCLB.506173.100,19336417,TriTrypDB,,
TcCLB.506173.60,19336417,TriTrypDB,,
TcCLB.506173.70,22039427,TriTrypDB,,
TcCLB.506185.20,19336417,TriTrypDB,,
TcCLB.506187.20,22039427,TriTrypDB,,
TcCLB.506187.50,19336417,TriTrypDB,,
TcCLB.506217.40,22039427,TriTrypDB,,
TcCLB.506245.190,22039427,TriTrypDB,,
TcCLB.506245.200,19336417,TriTrypDB,,
TcCLB.506245.230,19336417,TriTrypDB,,
TcCLB.506245.250,22039427,TriTrypDB,,
TcCLB.506245.264,19336417,TriTrypDB,,
TcCLB.506245.270,19336417,TriTrypDB,,
TcCLB.506245.302,19336417,TriTrypDB,,
TcCLB.506245.41,19336417,TriTrypDB,,
TcCLB.506245.60,22039427,TriTrypDB,,
TcCLB.506245.70,19336417,TriTrypDB,,
TcCLB.506277.10,19336417,TriTrypDB,,
TcCLB.506277.30,19336417,TriTrypDB,,
TcCLB.506307.10,19336417,TriTrypDB,,
TcCLB.506309.100,19336417,TriTrypDB,,
TcCLB.506309.140,19336417,TriTrypDB,,
TcCLB.506309.30,19336417,TriTrypDB,,
TcCLB.506309.40,19336417,TriTrypDB,,
TcCLB.506309.60,22039427,TriTrypDB,,
TcCLB.506309.70,19336417,TriTrypDB,,
TcCLB.506353.10,22039427,TriTrypDB,,
TcCLB.506361.50,19336417,TriTrypDB,,
TcCLB.506361.9,19336417,TriTrypDB,,
TcCLB.506423.10,19336417,TriTrypDB,,
TcCLB.506449.10,22039427,TriTrypDB,,
TcCLB.506451.20,22039427,TriTrypDB,,
TcCLB.506451.80,19336417,TriTrypDB,,
TcCLB.506453.30,19336417,TriTrypDB,,
TcCLB.506589.140,19336417,TriTrypDB,,
TcCLB.506589.89,19336417,TriTrypDB,,
TcCLB.506703.110,19336417,TriTrypDB,,
TcCLB.506703.140,19336417,TriTrypDB,,
TcCLB.506703.20,19336417,TriTrypDB,,
TcCLB.506703.50,19336417,TriTrypDB,,
TcCLB.506703.90,22039427,TriTrypDB,,
TcCLB.506741.100,22039427,TriTrypDB,,
TcCLB.506741.120,19336417,TriTrypDB,,
TcCLB.506741.130,22039427,TriTrypDB,,
TcCLB.506741.140,19336417,TriTrypDB,,
TcCLB.506741.30,19336417,TriTrypDB,,
TcCLB.506741.60,19336417,TriTrypDB,,
TcCLB.506741.90,19336417,TriTrypDB,,
TcCLB.506813.140,22039427,TriTrypDB,,
TcCLB.506813.190,22039427,TriTrypDB,,
TcCLB.506813.211,19336417,TriTrypDB,,
TcCLB.506813.220,22039427,TriTrypDB,,
TcCLB.506813.29,19336417,TriTrypDB,,
TcCLB.506813.80,22039427,TriTrypDB,,
TcCLB.506877.20,19336417,TriTrypDB,,
TcCLB.506877.60,19336417,TriTrypDB,,
TcCLB.506879.10,19336417,TriTrypDB,,
TcCLB.506879.40,19336417,TriTrypDB,,
TcCLB.506879.60,19336417,TriTrypDB,,
TcCLB.506899.30,19336417,TriTrypDB,,
TcCLB.506901.85,19336417,TriTrypDB,,
TcCLB.506909.100,22039427,TriTrypDB,,
TcCLB.506909.140,19336417,TriTrypDB,,
TcCLB.506909.155,19336417,TriTrypDB,,
TcCLB.506909.160,22039427,TriTrypDB,,
TcCLB.506909.90,19336417,TriTrypDB,,
TcCLB.506911.20,19336417,TriTrypDB,,
TcCLB.506911.30,22039427,TriTrypDB,,
TcCLB.506939.10,19336417,TriTrypDB,,
TcCLB.506939.110,19336417,TriTrypDB,,
TcCLB.506939.120,22039427,TriTrypDB,,
TcCLB.506939.180,19336417,TriTrypDB,,
TcCLB.506939.50,19336417,TriTrypDB,,
TcCLB.507125.10,22039427,TriTrypDB,,
TcCLB.507173.30,19336417,TriTrypDB,,
TcCLB.507185.26,19336417,TriTrypDB,,
TcCLB.507217.30,19336417,TriTrypDB,,
TcCLB.507217.60,19336417,TriTrypDB,,
TcCLB.507231.30,19336417,TriTrypDB,,
TcCLB.507255.20,22039427,TriTrypDB,,
TcCLB.507265.15,32428081,TriTrypDB,,
TcCLB.507295.20,19336417,TriTrypDB,,
TcCLB.507295.50,19336417,TriTrypDB,,
TcCLB.507313.20,22039427,TriTrypDB,,
TcCLB.507357.100,22039427,TriTrypDB,,
TcCLB.507357.90,19336417,TriTrypDB,,
TcCLB.507359.20,20957201,TriTrypDB,,
TcCLB.507411.10,22039427,TriTrypDB,,
TcCLB.507427.10,22039427,TriTrypDB,,
TcCLB.507437.10,19336417,TriTrypDB,,
TcCLB.507471.20,19336417,TriTrypDB,,
TcCLB.507473.30,22039427,TriTrypDB,,
TcCLB.507487.20,19336417,TriTrypDB,,
TcCLB.507523.60,19336417,TriTrypDB,,
TcCLB.507523.70,22039427,TriTrypDB,,
TcCLB.507523.80,19336417,TriTrypDB,,
TcCLB.507579.10,19336417,TriTrypDB,,
TcCLB.507653.20,22039427,TriTrypDB,,
TcCLB.507679.60,19336417,TriTrypDB,,
TcCLB.507729.50,19336417,TriTrypDB,,
TcCLB.507731.10,19336417,TriTrypDB,,
TcCLB.507745.10,19336417,TriTrypDB,,
TcCLB.507819.30,22039427,TriTrypDB,,
TcCLB.507821.10,22039427,TriTrypDB,,
TcCLB.507821.130,22039427,TriTrypDB,,
TcCLB.507833.10,19336417,TriTrypDB,,
TcCLB.508011.110,19336417,TriTrypDB,,
TcCLB.508011.20,19336417,TriTrypDB,,
TcCLB.508013.10,19336417,TriTrypDB,,
TcCLB.508013.110,19336417,TriTrypDB,,
TcCLB.508013.40,22039427,TriTrypDB,,
TcCLB.508023.100,22039427,TriTrypDB,,
TcCLB.508033.39,19336417,TriTrypDB,,
TcCLB.508033.69,19336417,TriTrypDB,,
TcCLB.508055.30,22039427,TriTrypDB,,
TcCLB.508057.20,19336417,TriTrypDB,,
TcCLB.508071.60,19336417,TriTrypDB,,
TcCLB.508253.10,19336417,TriTrypDB,,
TcCLB.508289.70,19336417,TriTrypDB,,
TcCLB.508289.9,19336417,TriTrypDB,,
TcCLB.508291.10,19336417,TriTrypDB,,
TcCLB.508293.140,19336417,TriTrypDB,,
TcCLB.508293.27,19336417,TriTrypDB,,
TcCLB.508293.44,19336417,TriTrypDB,,
TcCLB.508293.60,22039427,TriTrypDB,,
TcCLB.508293.80,19336417,TriTrypDB,,
TcCLB.508295.40,19336417,TriTrypDB,,
TcCLB.508309.10,19336417,TriTrypDB,,
TcCLB.508311.31,19336417,TriTrypDB,,
TcCLB.508313.114,19336417,TriTrypDB,,
TcCLB.508313.140,19336417,TriTrypDB,,
TcCLB.508313.30,19336417,TriTrypDB,,
TcCLB.508327.10,19336417,TriTrypDB,,
TcCLB.508359.20,19336417,TriTrypDB,,
TcCLB.508359.80,19336417,TriTrypDB,,
TcCLB.508451.5,19336417,TriTrypDB,,
TcCLB.508451.60,22039427,TriTrypDB,,
TcCLB.508453.10,19336417,TriTrypDB,,
TcCLB.508481.10,22039427,TriTrypDB,,
TcCLB.508481.20,19336417,TriTrypDB,,
TcCLB.508485.10,22039427,TriTrypDB,,
TcCLB.508509.11,19336417,TriTrypDB,,
TcCLB.508509.51,19336417,TriTrypDB,,
TcCLB.508511.10,19336417,TriTrypDB,,
TcCLB.508511.40,19336417,TriTrypDB,,
TcCLB.508581.10,22039427,TriTrypDB,,
TcCLB.508581.40,22039427,TriTrypDB,,
TcCLB.508615.10,19336417,TriTrypDB,,
TcCLB.508627.40,22039427,TriTrypDB,,
TcCLB.508633.20,22039427,TriTrypDB,,
TcCLB.508633.30,19336417,TriTrypDB,,
TcCLB.508697.10,22039427,TriTrypDB,,
TcCLB.508745.20,19336417,TriTrypDB,,
TcCLB.508745.30,22039427,TriTrypDB,,
TcCLB.508745.70,19336417,TriTrypDB,,
TcCLB.508747.5,19336417,TriTrypDB,,
TcCLB.508747.59,19336417,TriTrypDB,,
TcCLB.508753.10,19336417,TriTrypDB,,
TcCLB.508753.20,22039427,TriTrypDB,,
TcCLB.508759.10,19336417,TriTrypDB,,
TcCLB.508759.20,22039427,TriTrypDB,,
TcCLB.508759.40,19336417,TriTrypDB,,
TcCLB.508759.60,19336417,TriTrypDB,,
TcCLB.508761.110,22039427,TriTrypDB,,
TcCLB.508761.150,19336417,TriTrypDB,,
TcCLB.508761.174,19336417,TriTrypDB,,
TcCLB.508761.190,19336417,TriTrypDB,,
TcCLB.508761.240,19336417,TriTrypDB,,
TcCLB.508761.270,19336417,TriTrypDB,,
TcCLB.508761.30,19336417,TriTrypDB,,
TcCLB.508761.40,22039427,TriTrypDB,,
TcCLB.508761.70,19336417,TriTrypDB,,
TcCLB.508761.9,19336417,TriTrypDB,,
TcCLB.508761.90,19336417,TriTrypDB,,
TcCLB.508789.120,22039427,TriTrypDB,,
TcCLB.508789.150,19336417,TriTrypDB,,
TcCLB.508789.204,19336417,TriTrypDB,,
TcCLB.508789.80,19336417,TriTrypDB,,
TcCLB.508935.10,22039427,TriTrypDB,,
TcCLB.508939.30,19336417,TriTrypDB,,
TcCLB.509075.40,19336417,TriTrypDB,,
TcCLB.509075.50,22039427,TriTrypDB,,
TcCLB.509185.30,22039427,TriTrypDB,,
TcCLB.509187.10,22039427,TriTrypDB,,
TcCLB.509275.20,19336417,TriTrypDB,,
TcCLB.509281.20,22039427,TriTrypDB,,
TcCLB.509325.10,19336417,TriTrypDB,,
TcCLB.509369.81,19336417,TriTrypDB,,
TcCLB.509373.30,19336417,TriTrypDB,,
TcCLB.509411.10,22039427,TriTrypDB,,
TcCLB.509419.120,19336417,TriTrypDB,,
TcCLB.509419.131,22039427,TriTrypDB,,
TcCLB.509419.140,19336417,TriTrypDB,,
TcCLB.509419.150,19336417,TriTrypDB,,
TcCLB.509419.190,19336417,TriTrypDB,,
TcCLB.509419.20,19336417,TriTrypDB,,
TcCLB.509419.40,22039427,TriTrypDB,,
TcCLB.509419.49,19336417,TriTrypDB,,
TcCLB.509419.70,22039427,TriTrypDB,,
TcCLB.509419.80,19336417,TriTrypDB,,
TcCLB.509419.90,22039427,TriTrypDB,,
TcCLB.509427.10,22039427,TriTrypDB,,
TcCLB.509477.10,19336417,TriTrypDB,,
TcCLB.509529.40,22039427,TriTrypDB,,
TcCLB.509533.10,22039427,TriTrypDB,,
TcCLB.509549.10,22039427,TriTrypDB,,
TcCLB.509549.20,19336417,TriTrypDB,,
TcCLB.509685.40,22039427,TriTrypDB,,
TcCLB.509785.50,22039427,TriTrypDB,,
TcCLB.509811.18,19336417,TriTrypDB,,
TcCLB.509905.150,22039427,TriTrypDB,,
TcCLB.509905.170,22039427,TriTrypDB,,
TcCLB.509905.180,19336417,TriTrypDB,,
TcCLB.509905.200,22039427,TriTrypDB,,
TcCLB.509947.20,19336417,TriTrypDB,,
TcCLB.510085.10,19336417,TriTrypDB,,
TcCLB.510085.60,19336417,TriTrypDB,,
TcCLB.510093.20,22039427,TriTrypDB,,
TcCLB.510095.20,22039427,TriTrypDB,,
TcCLB.510111.20,22039427,TriTrypDB,,
TcCLB.510115.30,22039427,TriTrypDB,,
TcCLB.510139.10,19336417,TriTrypDB,,
TcCLB.510411.10,22039427,TriTrypDB,,
TcCLB.510457.10,19336417,TriTrypDB,,
TcCLB.510459.20,19336417,TriTrypDB,,
TcCLB.510461.30,19336417,TriTrypDB,,
TcCLB.510463.120,19336417,TriTrypDB,,
TcCLB.510463.140,19336417,TriTrypDB,,
TcCLB.510463.150,19336417,TriTrypDB,,
TcCLB.510463.200,19336417,TriTrypDB,,
TcCLB.510463.240,19336417,TriTrypDB,,
TcCLB.510463.259,19336417,TriTrypDB,,
TcCLB.510463.90,19336417,TriTrypDB,,
TcCLB.510465.100,22039427,TriTrypDB,,
TcCLB.510465.110,19336417,TriTrypDB,,
TcCLB.510465.140,19336417,TriTrypDB,,
TcCLB.510465.24,19336417,TriTrypDB,,
TcCLB.510465.40,19336417,TriTrypDB,,
TcCLB.510465.74,19336417,TriTrypDB,,
TcCLB.510469.10,19336417,TriTrypDB,,
TcCLB.510475.100,19336417,TriTrypDB,,
TcCLB.510475.120,19336417,TriTrypDB,,
TcCLB.510475.51,19336417,TriTrypDB,,
TcCLB.510477.100,19336417,TriTrypDB,,
TcCLB.510477.80,19336417,TriTrypDB,,
TcCLB.510495.20,19336417,TriTrypDB,,
TcCLB.510497.100,19336417,TriTrypDB,,
TcCLB.510497.114,19336417,TriTrypDB,,
TcCLB.510497.40,22039427,TriTrypDB,,
TcCLB.510497.50,19336417,TriTrypDB,,
TcCLB.510503.50,22039427,TriTrypDB,,
TcCLB.510503.89,19336417,TriTrypDB,,
TcCLB.510537.50,19336417,TriTrypDB,,
TcCLB.510539.10,19336417,TriTrypDB,,
TcCLB.510543.70,22039427,TriTrypDB,,
TcCLB.510545.30,19336417,TriTrypDB,,
TcCLB.510547.14,19336417,TriTrypDB,,
TcCLB.510583.114,19336417,TriTrypDB,,
TcCLB.510583.130,19336417,TriTrypDB,,
TcCLB.510583.180,19336417,TriTrypDB,,
TcCLB.510583.209,19336417,TriTrypDB,,
TcCLB.510583.34,19336417,TriTrypDB,,
TcCLB.510583.74,19336417,TriTrypDB,,
TcCLB.510803.15,19336417,TriTrypDB,,
TcCLB.510805.30,19336417,TriTrypDB,,
TcCLB.510807.50,19336417,TriTrypDB,,
TcCLB.510809.20,19336417,TriTrypDB,,
TcCLB.510907.10,22039427,TriTrypDB,,
TcCLB.510917.9,19336417,TriTrypDB,,
TcCLB.510921.30,19336417,TriTrypDB,,
TcCLB.510933.10,22039427,TriTrypDB,,
TcCLB.510933.160,19336417,TriTrypDB,,
TcCLB.510933.20,19336417,TriTrypDB,,
TcCLB.510933.80,22039427,TriTrypDB,,
TcCLB.510933.90,19336417,TriTrypDB,,
TcCLB.510949.10,18039372,TriTrypDB,,
TcCLB.511057.30,19336417,TriTrypDB,,
TcCLB.511057.40,22039427,TriTrypDB,,
TcCLB.511057.60,19336417,TriTrypDB,,
TcCLB.511061.20,19336417,TriTrypDB,,
TcCLB.511061.40,22039427,TriTrypDB,,
TcCLB.511061.51,19336417,TriTrypDB,,
TcCLB.511063.11,19336417,TriTrypDB,,
TcCLB.511063.110,19336417,TriTrypDB,,
TcCLB.511063.130,19336417,TriTrypDB,,
TcCLB.511063.40,22039427,TriTrypDB,,
TcCLB.511077.110,19336417,TriTrypDB,,
TcCLB.511077.60,19336417,TriTrypDB,,
TcCLB.511079.100,19336417,TriTrypDB,,
TcCLB.511079.25,19336417,TriTrypDB,,
TcCLB.511079.60,19336417,TriTrypDB,,
TcCLB.511081.10,19336417,TriTrypDB,,
TcCLB.511081.41,19336417,TriTrypDB,,
TcCLB.511081.60,19336417,TriTrypDB,,
TcCLB.511083.30,19336417,TriTrypDB,,
TcCLB.511083.39,19336417,TriTrypDB,,
TcCLB.511087.10,19336417,TriTrypDB,,
TcCLB.511089.10,19336417,TriTrypDB,,
TcCLB.511089.130,19336417,TriTrypDB,,
TcCLB.511089.140,19336417,TriTrypDB,,
TcCLB.511089.19,19336417,TriTrypDB,,
TcCLB.511089.30,19336417,TriTrypDB,,
TcCLB.511089.70,19336417,TriTrypDB,,
TcCLB.511089.80,22039427,TriTrypDB,,
TcCLB.511089.90,19336417,TriTrypDB,,
TcCLB.511091.9,19336417,TriTrypDB,,
TcCLB.511095.20,19336417,TriTrypDB,,
TcCLB.511095.5,19336417,TriTrypDB,,
TcCLB.511099.140,19336417,TriTrypDB,,
TcCLB.511099.190,19336417,TriTrypDB,,
TcCLB.511099.220,19336417,TriTrypDB,,
TcCLB.511099.30,19336417,TriTrypDB,,
TcCLB.511099.84,19336417,TriTrypDB,,
TcCLB.511117.30,22039427,TriTrypDB,,
TcCLB.511117.60,19336417,TriTrypDB,,
TcCLB.511147.10,19336417,TriTrypDB,,
TcCLB.511149.140,19336417,TriTrypDB,,
TcCLB.511149.180,22039427,TriTrypDB,,
TcCLB.511149.190,19336417,TriTrypDB,,
TcCLB.511149.4,19336417,TriTrypDB,,
TcCLB.511149.60,19336417,TriTrypDB,,
TcCLB.511183.103,19336417,TriTrypDB,,
TcCLB.511183.190,22039427,TriTrypDB,,
TcCLB.511183.200,19336417,TriTrypDB,,
TcCLB.511183.230,22039427,TriTrypDB,,
TcCLB.511183.260,19336417,TriTrypDB,,
TcCLB.511183.280,19336417,TriTrypDB,,
TcCLB.511183.360,19336417,TriTrypDB,,
TcCLB.511183.40,19336417,TriTrypDB,,
TcCLB.511183.400,22039427,TriTrypDB,,
TcCLB.511183.420,19336417,TriTrypDB,,
TcCLB.511183.430,22039427,TriTrypDB,,
TcCLB.511183.530,19336417,TriTrypDB,,
TcCLB.511183.560,19336417,TriTrypDB,,
TcCLB.511183.60,22039427,TriTrypDB,,
TcCLB.511183.80,19336417,TriTrypDB,,
TcCLB.511185.100,19336417,TriTrypDB,,
TcCLB.511185.120,19336417,TriTrypDB,,
TcCLB.511185.80,22039427,TriTrypDB,,
TcCLB.511219.40,22039427,TriTrypDB,,
TcCLB.511221.50,19336417,TriTrypDB,,
TcCLB.511221.60,22039427,TriTrypDB,,
TcCLB.511373.10,19336417,TriTrypDB,,
TcCLB.511373.30,19336417,TriTrypDB,,
TcCLB.511377.30,19336417,TriTrypDB,,
TcCLB.511449.10,19336417,TriTrypDB,,
TcCLB.511449.119,19336417,TriTrypDB,,
TcCLB.511449.30,19336417,TriTrypDB,,
TcCLB.511449.70,22039427,TriTrypDB,,
TcCLB.511449.80,19336417,TriTrypDB,,
TcCLB.511451.30,19336417,TriTrypDB,,
TcCLB.511451.59,19336417,TriTrypDB,,
TcCLB.511451.80,22039427,TriTrypDB,,
TcCLB.511451.90,19336417,TriTrypDB,,
TcCLB.511547.10,19336417,TriTrypDB,,
TcCLB.511547.14,19336417,TriTrypDB,,
TcCLB.511547.20,22039427,TriTrypDB,,
TcCLB.511551.10,22039427,TriTrypDB,,
TcCLB.511779.60,22039427,TriTrypDB,,
LmjF.01.0100,34385330,TriTrypDB,,
LmjF.01.0220,20614016,TriTrypDB,,
LmjF.01.0450,21819459,TriTrypDB,,
LmjF.01.0750,16164760,TriTrypDB,,
LmjF.02.0010,12604613,TriTrypDB,,
LmjF.02.0120,20382188,TriTrypDB,,
LmjF.02.0160,16464509,TriTrypDB,,
LmjF.02.0170,16464509,TriTrypDB,,
LmjF.02.0180,16272216,TriTrypDB,,
LmjF.02.0190,16464509,TriTrypDB,,
LmjF.02.0200,16464509,TriTrypDB,,
LmjF.02.0210,16464509,TriTrypDB,,
LmjF.02.0220,16272216,TriTrypDB,,
LmjF.02.0230,16464509,TriTrypDB,,
LmjF.02.0290,16164760,TriTrypDB,,
LmjF.02.0300,17030997,TriTrypDB,,
LmjF.02.0330,34385330,TriTrypDB,,
LmjF.02.0360,16164760,TriTrypDB,,
LmjF.02.0500,18364711,TriTrypDB,,
LmjF.02.0650,30415698,TriTrypDB,,
LmjF.02.0740,20039100,TriTrypDB,,
LmjF.03.0080,15819633,TriTrypDB,,
LmjF.03.0160,17030997,TriTrypDB,,
LmjF.03.0210,16164760,TriTrypDB,,
LmjF.03.0510,18039372,TriTrypDB,,
LmjF.03.0780,16164760,TriTrypDB,,
LmjF.04.0440,16164760,TriTrypDB,,
LmjF.04.0560,18039372,TriTrypDB,,
LmjF.04.0580,11420108,TriTrypDB,,
LmjF.04.0840,18039372,TriTrypDB,,
LmjF.04.1000,29244877,TriTrypDB,,
LmjF.04.1160,16569701,TriTrypDB,,
LmjF.05.0030,16112905,TriTrypDB,,
LmjF.05.0100,18039372,TriTrypDB,,
LmjF.05.0130,16164760,TriTrypDB,,
LmjF.05.0350,7935607,TriTrypDB,,
LmjF.05.0390,16164760,TriTrypDB,,
LmjF.05.0540,20592024,TriTrypDB,,
LmjF.05.0550,16164760,TriTrypDB,,
LmjF.05.0720,18039372,TriTrypDB,,
LmjF.05.0970,12419809,TriTrypDB,,
LmjF.05.1170,20382188,TriTrypDB,,
LmjF.05.1190,32675283,TriTrypDB,,
LmjF.05.snoRNA0063,17189491,TriTrypDB,,
LmjF.05.snoRNA0064,17189491,TriTrypDB,,
LmjF.05.snoRNA0065,17189491,TriTrypDB,,
LmjF.05.snoRNA0066,17189491,TriTrypDB,,
LmjF.05.snoRNA0067,17189491,TriTrypDB,,
LmjF.05.snoRNA0068,17189491,TriTrypDB,,
LmjF.05.snoRNA0069,17189491,TriTrypDB,,
LmjF.05.snoRNA0070,17189491,TriTrypDB,,
LmjF.05.snoRNA0071,17189491,TriTrypDB,,
LmjF.05.snoRNA0072,17189491,TriTrypDB,,
LmjF.05.snoRNA0073,17189491,TriTrypDB,,
LmjF.05.snoRNA0074,17189491,TriTrypDB,,
LmjF.05.snoRNA0075,17189491,TriTrypDB,,
LmjF.05.snoRNA0076,17189491,TriTrypDB,,
LmjF.05.snoRNA0077,17189491,TriTrypDB,,
LmjF.05.snoRNA0078,17189491,TriTrypDB,,
LmjF.05.snoRNA0079,17189491,TriTrypDB,,
LmjF.05.snoRNA0080,17189491,TriTrypDB,,
LmjF.05.snoRNA0081,17189491,TriTrypDB,,
LmjF.05.snoRNA0082,17189491,TriTrypDB,,
LmjF.05.snoRNA0083,17189491,TriTrypDB,,
LmjF.05.snoRNA0084,17189491,TriTrypDB,,
LmjF.05.snoRNA0085,17189491,TriTrypDB,,
LmjF.05.snoRNA0086,17189491,TriTrypDB,,
LmjF.05.snoRNA0087,17189491,TriTrypDB,,
LmjF.05.snoRNA0088,17189491,TriTrypDB,,
LmjF.05.snoRNA0089,17189491,TriTrypDB,,
LmjF.05.snoRNA0090,17189491,TriTrypDB,,
LmjF.05.snoRNA0091,17189491,TriTrypDB,,
LmjF.05.snoRNA0092,17189491,TriTrypDB,,
LmjF.05.snoRNA0093,17189491,TriTrypDB,,
LmjF.06.0080,17030997,TriTrypDB,,
LmjF.06.0090,23638200,TriTrypDB,,
LmjF.06.0100,17030997,TriTrypDB,,
LmjF.06.0120,20614016,TriTrypDB,,
LmjF.06.0310,18796316,TriTrypDB,,
LmjF.06.0640,16164760,TriTrypDB,,
LmjF.06.0730,19497128,TriTrypDB,,
LmjF.06.0770,18840477,TriTrypDB,,
LmjF.06.0820,17026746,TriTrypDB,,
LmjF.06.0870,25294169,TriTrypDB,,
LmjF.07.0160,16164760,TriTrypDB,,
LmjF.07.0170,16164760,TriTrypDB,,
LmjF.07.0250,16164760,TriTrypDB,,
LmjF.07.0430,20145708,TriTrypDB,,
LmjF.07.0440,20145708,TriTrypDB,,
LmjF.07.0520,17026746,TriTrypDB,,
LmjF.07.0640,25539953,TriTrypDB,,
LmjF.07.0670,17026746,TriTrypDB,,
LmjF.07.0690,16164760,TriTrypDB,,
LmjF.07.0780,30506377,TriTrypDB,,
LmjF.07.0805,22676716,TriTrypDB,,
LmjF.07.0880,16164760,TriTrypDB,,
LmjF.07.0900,16164760,TriTrypDB,,
LmjF.07.1090,16403015,TriTrypDB,,
LmjF.07.1110,30415698,TriTrypDB,,
LmjF.07.1160,17319943,TriTrypDB,,
LmjF.07.1170,12604613,TriTrypDB,,
LmjF.08.0010,18252798,TriTrypDB,,
LmjF.08.0030,17026746,TriTrypDB,,
LmjF.08.0100,18039372,TriTrypDB,,
LmjF.08.0200,20011126,TriTrypDB,,
LmjF.08.0930,16164760,TriTrypDB,,
LmjF.08.1010,18639590,TriTrypDB,,
LmjF.08.1200,21465610,TriTrypDB,,
LmjF.08.1228,16164760,TriTrypDB,,
LmjF.08.1280,16164760,TriTrypDB,,
LmjF.09.0040,12364327,TriTrypDB,,
LmjF.09.0150,19066473,TriTrypDB,,
LmjF.09.0152,19066473,TriTrypDB,,
LmjF.09.0154,19066473,TriTrypDB,,
LmjF.09.0156,19066473,TriTrypDB,,
LmjF.09.0158,19066473,TriTrypDB,,
LmjF.09.0160,19066473,TriTrypDB,,
LmjF.09.0162,19066473,TriTrypDB,,
LmjF.09.0164,19066473,TriTrypDB,,
LmjF.09.0166,19066473,TriTrypDB,,
LmjF.09.0170,19066473,TriTrypDB,,
LmjF.09.0172,19066473,TriTrypDB,,
LmjF.09.0174,19066473,TriTrypDB,,
LmjF.09.0180,19066473,TriTrypDB,,
LmjF.09.0400,16164760,TriTrypDB,,
LmjF.09.0410,16164760,TriTrypDB,,
LmjF.09.0420,18039372,TriTrypDB,,
LmjF.09.0470,18039372,TriTrypDB,,
LmjF.09.0770,20883728,TriTrypDB,,
LmjF.09.1260,30378479,TriTrypDB,,
LmjF.10.0360,18796316,TriTrypDB,,
LmjF.10.0370,18796316,TriTrypDB,,
LmjF.10.0380,18796316,TriTrypDB,,
LmjF.10.0385,18796316,TriTrypDB,,
LmjF.10.0390,18796316,TriTrypDB,,
LmjF.10.0400,18796316,TriTrypDB,,
LmjF.10.0510,10743613,TriTrypDB,,
LmjF.11.0040,17030997,TriTrypDB,,
LmjF.11.0060,16164760,TriTrypDB,,
LmjF.11.0250,16164760,TriTrypDB,,
LmjF.11.0470,20180988,TriTrypDB,,
LmjF.11.0550,17542917,TriTrypDB,,
LmjF.11.0720,19714224,TriTrypDB,,
LmjF.11.0800,30415698,TriTrypDB,,
LmjF.11.0910,30378479,TriTrypDB,,
LmjF.11.1220,17030997,TriTrypDB,,
LmjF.11.1240,17030997,TriTrypDB,,
LmjF.11.1250,17030997,TriTrypDB,,
LmjF.11.1270,17030997,TriTrypDB,,
LmjF.11.1290,17030997,TriTrypDB,,
LmjF.12.0050,18039372,TriTrypDB,,
LmjF.12.0350,18442996,TriTrypDB,,
LmjF.12.0380,20180988,TriTrypDB,,
LmjF.12.0430,30378479,TriTrypDB,,
LmjF.12.0630,19443056,TriTrypDB,,
LmjF.12.0640,21257796,TriTrypDB,,
LmjF.12.0670,12467979,TriTrypDB,,
LmjF.12.0890,27223609,TriTrypDB,,
LmjF.13.0090,18539138,TriTrypDB,,
LmjF.13.0130,17433682,TriTrypDB,,
LmjF.13.0770,18039372,TriTrypDB,,
LmjF.13.0780,16164760,TriTrypDB,,
LmjF.13.1210,15478805,TriTrypDB,,
LmjF.13.1510,18039372,TriTrypDB,,
LmjF.13.1560,16112905,TriTrypDB,,
LmjF.13.1570,18039372,TriTrypDB,,
LmjF.13.1610,21124853,TriTrypDB,,
LmjF.13.1640,17548090,TriTrypDB,,
LmjF.14.0130,8708965,TriTrypDB,,
LmjF.14.0320,15632173,TriTrypDB,,
LmjF.14.0360,30378479,TriTrypDB,,
LmjF.14.0630,17222186,TriTrypDB,,
LmjF.14.0830,16164760,TriTrypDB,,
LmjF.14.0850,15342784,TriTrypDB,,
LmjF.14.1070,16164760,TriTrypDB,,
LmjF.14.1170,16112905,TriTrypDB,,
LmjF.14.1300,16164760,TriTrypDB,,
LmjF.14.1320,16876889,TriTrypDB,,
LmjF.14.1340,16403015,TriTrypDB,,
LmjF.14.1360,20382188,TriTrypDB,,
LmjF.14.1400,16464509,TriTrypDB,,
LmjF.14.1410,16164760,TriTrypDB,,
LmjF.14.snoRNA0004,17189491,TriTrypDB,,
LmjF.14.snoRNA0005,17189491,TriTrypDB,,
LmjF.15.0030,19961654,TriTrypDB,,
LmjF.15.0180,16164760,TriTrypDB,,
LmjF.15.0510,19016791,TriTrypDB,,
LmjF.15.0770,16164760,TriTrypDB,,
LmjF.15.0890,17030997,TriTrypDB,,
LmjF.15.0960,23221899,TriTrypDB,,
LmjF.15.0970,21264253,TriTrypDB,,
LmjF.15.0980,24118609,TriTrypDB,,
LmjF.15.1020,17062572,TriTrypDB,,
LmjF.15.1200,16164760,TriTrypDB,,
LmjF.15.1230,19429678,TriTrypDB,,
LmjF.15.1250,21264253,TriTrypDB,,
LmjF.15.1310,19136005,TriTrypDB,,
LmjF.15.1460,20382188,TriTrypDB,,
LmjF.15.1550,16164760,TriTrypDB,,
LmjF.15.snoRNA0045,17189491,TriTrypDB,,
LmjF.15.snoRNA0046,17189491,TriTrypDB,,
LmjF.15.snoRNA0047,17189491,TriTrypDB,,
LmjF.15.snoRNA0048,17189491,TriTrypDB,,
LmjF.15.snoRNA0049,17189491,TriTrypDB,,
LmjF.15.snoRNA0050,17189491,TriTrypDB,,
LmjF.15.snoRNA0051,17189491,TriTrypDB,,
LmjF.15.snoRNA0052,17189491,TriTrypDB,,
LmjF.15.snoRNA0053,17189491,TriTrypDB,,
LmjF.15.snoRNA0054,17189491,TriTrypDB,,
LmjF.15.snoRNA0055,17189491,TriTrypDB,,
LmjF.15.snoRNA0056,17189491,TriTrypDB,,
LmjF.15.snoRNA0057,17189491,TriTrypDB,,
LmjF.15.snoRNA0058,17189491,TriTrypDB,,
LmjF.15.snoRNA0059,17189491,TriTrypDB,,
LmjF.15.snoRNA0060,17189491,TriTrypDB,,
LmjF.15.snoRNA0061,17189491,TriTrypDB,,
LmjF.15.snoRNA0062,17189491,TriTrypDB,,
LmjF.15.snoRNA0063,17189491,TriTrypDB,,
LmjF.15.snoRNA0064,17189491,TriTrypDB,,
LmjF.15.snoRNA0065,17189491,TriTrypDB,,
LmjF.15.snoRNA0066,17189491,TriTrypDB,,
LmjF.16.0020,15657034,TriTrypDB,,
LmjF.16.0030,20418380,TriTrypDB,,
LmjF.16.0230,28507071,TriTrypDB,,
LmjF.16.0240,21357738,TriTrypDB,,
LmjF.16.0250,28507071,TriTrypDB,,
LmjF.16.0300,16164760,TriTrypDB,,
LmjF.16.0340,18364711,TriTrypDB,,
LmjF.16.0440,28465349,TriTrypDB,,
LmjF.16.0480,28465349,TriTrypDB,,
LmjF.16.0530,16600626,TriTrypDB,,
LmjF.16.0990,16164760,TriTrypDB,,
LmjF.16.1065,21264253,TriTrypDB,,
LmjF.16.1200,20614016,TriTrypDB,,
LmjF.16.1600,15694484,TriTrypDB,,
LmjF.16.1600,19321500,TriTrypDB,,
LmjF.16.1610,19888987,TriTrypDB,,
LmjF.17.0010,25539953,TriTrypDB,,
LmjF.17.0060,16164760,TriTrypDB,,
LmjF.17.0070,18286177,TriTrypDB,,
LmjF.17.0250,19296828,TriTrypDB,,
LmjF.17.0380,17026746,TriTrypDB,,
LmjF.17.0390,16164760,TriTrypDB,,
LmjF.17.0490,16164760,TriTrypDB,,
LmjF.17.0670,16164760,TriTrypDB,,
LmjF.17.0790,16164760,TriTrypDB,,
LmjF.17.0870,20713053,TriTrypDB,,
LmjF.17.1160,19906649,TriTrypDB,,
LmjF.17.1290,25539953,TriTrypDB,,
LmjF.18.0400,17347153,TriTrypDB,,
LmjF.18.0640,16164760,TriTrypDB,,
LmjF.18.0790,16730080,TriTrypDB,,
LmjF.18.0880,20614016,TriTrypDB,,
LmjF.18.0900,20382188,TriTrypDB,,
LmjF.18.0990,16611637,TriTrypDB,,
LmjF.18.1040,16020724,TriTrypDB,,
LmjF.18.1080,16164760,TriTrypDB,,
LmjF.18.1330,20382188,TriTrypDB,,
LmjF.18.1420,20180988,TriTrypDB,,
LmjF.18.1580,10409664,TriTrypDB,,
LmjF.18.snoRNA0097,17189491,TriTrypDB,,
LmjF.18.snoRNA0098,17189491,TriTrypDB,,
LmjF.18.snoRNA0099,17189491,TriTrypDB,,
LmjF.18.snoRNA0100,17189491,TriTrypDB,,
LmjF.18.snoRNA0101,17189491,TriTrypDB,,
LmjF.18.snoRNA0102,17189491,TriTrypDB,,
LmjF.18.snoRNA0103,17189491,TriTrypDB,,
LmjF.18.snoRNA0104,17189491,TriTrypDB,,
LmjF.18.snoRNA0105,17189491,TriTrypDB,,
LmjF.18.snoRNA0106,17189491,TriTrypDB,,
LmjF.18.snoRNA0107,17189491,TriTrypDB,,
LmjF.18.snoRNA0108,17189491,TriTrypDB,,
LmjF.18.snoRNA0109,17189491,TriTrypDB,,
LmjF.18.snoRNA0110,17189491,TriTrypDB,,
LmjF.18.snoRNA0111,17189491,TriTrypDB,,
LmjF.18.snoRNA0112,17189491,TriTrypDB,,
LmjF.18.snoRNA0113,17189491,TriTrypDB,,
LmjF.18.snoRNA0114,17189491,TriTrypDB,,
LmjF.18.snoRNA0115,17189491,TriTrypDB,,
LmjF.18.snoRNA0116,17189491,TriTrypDB,,
LmjF.18.snoRNA0117,17189491,TriTrypDB,,
LmjF.18.snoRNA0118,17189491,TriTrypDB,,
LmjF.18.snoRNA0119,17189491,TriTrypDB,,
LmjF.18.snoRNA0120,17189491,TriTrypDB,,
LmjF.18.snoRNA0121,17189491,TriTrypDB,,
LmjF.18.snoRNA0122,17189491,TriTrypDB,,
LmjF.18.snoRNA0123,17189491,TriTrypDB,,
LmjF.18.snoRNA0124,17189491,TriTrypDB,,
LmjF.18.snoRNA0125,17189491,TriTrypDB,,
LmjF.18.snoRNA0126,17189491,TriTrypDB,,
LmjF.18.snoRNA0127,17189491,TriTrypDB,,
LmjF.18.snoRNA0128,17189491,TriTrypDB,,
LmjF.18.snoRNA0129,17189491,TriTrypDB,,
LmjF.18.snoRNA0130,17189491,TriTrypDB,,
LmjF.18.snoRNA0131,17189491,TriTrypDB,,
LmjF.18.snoRNA0132,17189491,TriTrypDB,,
LmjF.18.snoRNA0133,17189491,TriTrypDB,,
LmjF.18.snoRNA0134,17189491,TriTrypDB,,
LmjF.18.snoRNA0135,17189491,TriTrypDB,,
LmjF.18.snoRNA0136,17189491,TriTrypDB,,
LmjF.18.snoRNA0137,17189491,TriTrypDB,,
LmjF.18.snoRNA0138,17189491,TriTrypDB,,
LmjF.18.snoRNA0139,17189491,TriTrypDB,,
LmjF.18.snoRNA0140,17189491,TriTrypDB,,
LmjF.18.snoRNA0141,17189491,TriTrypDB,,
LmjF.18.snoRNA0142,17189491,TriTrypDB,,
LmjF.18.snoRNA0143,17189491,TriTrypDB,,
LmjF.18.snoRNA0144,17189491,TriTrypDB,,
LmjF.19.0010,17026746,TriTrypDB,,
LmjF.19.0070,19185591,TriTrypDB,,
LmjF.19.0120,17026746,TriTrypDB,,
LmjF.19.0180,16164760,TriTrypDB,,
LmjF.19.0360,16164760,TriTrypDB,,
LmjF.19.0470,15743819,TriTrypDB,,
LmjF.19.0590,16164760,TriTrypDB,,
LmjF.19.0710,16750864,TriTrypDB,,
LmjF.19.0820,19066473,TriTrypDB,,
LmjF.19.0840,19066473,TriTrypDB,,
LmjF.19.0842,19066473,TriTrypDB,,
LmjF.19.0844,19066473,TriTrypDB,,
LmjF.19.0846,19066473,TriTrypDB,,
LmjF.19.0848,19066473,TriTrypDB,,
LmjF.19.0850,19066473,TriTrypDB,,
LmjF.19.0860,19066473,TriTrypDB,,
LmjF.19.0870,19066473,TriTrypDB,,
LmjF.19.0880,19066473,TriTrypDB,,
LmjF.19.0900,19066473,TriTrypDB,,
LmjF.19.0910,19066473,TriTrypDB,,
LmjF.19.0920,18796316,TriTrypDB,,
LmjF.19.1250,17188680,TriTrypDB,,
LmjF.19.1390,16753168,TriTrypDB,,
LmjF.19.1420,9497047,TriTrypDB,,
LmjF.19.1500,17041189,TriTrypDB,,
LmjF.19.1630,19066473,TriTrypDB,,
LmjF.19.snoRNA0003,17189491,TriTrypDB,,
LmjF.19.snoRNA0004,17189491,TriTrypDB,,
LmjF.20.0100,9497041,TriTrypDB,,
LmjF.20.0110,9497041,TriTrypDB,,
LmjF.20.0560,20382188,TriTrypDB,,
LmjF.20.0770,16164760,TriTrypDB,,
LmjF.20.0900,16963561,TriTrypDB,,
LmjF.20.0940,20614016,TriTrypDB,,
LmjF.20.0970,18364711,TriTrypDB,,
LmjF.20.1120,20382188,TriTrypDB,,
LmjF.20.1280,15342784,TriTrypDB,,
LmjF.20.1300,15342784,TriTrypDB,,
LmjF.20.1310,15342784,TriTrypDB,,
LmjF.20.1310,20086045,TriTrypDB,,
LmjF.20.1330,16164760,TriTrypDB,,
LmjF.20.1340,16164760,TriTrypDB,,
LmjF.20.1365,20180988,TriTrypDB,,
LmjF.20.1690,17026746,TriTrypDB,,
LmjF.20.snoRNA0174,17189491,TriTrypDB,,
LmjF.20.snoRNA0175,17189491,TriTrypDB,,
LmjF.20.snoRNA0176,17189491,TriTrypDB,,
LmjF.20.snoRNA0177,17189491,TriTrypDB,,
LmjF.20.snoRNA0178,17189491,TriTrypDB,,
LmjF.20.snoRNA0179,17189491,TriTrypDB,,
LmjF.20.snoRNA0180,17189491,TriTrypDB,,
LmjF.20.snoRNA0181,17189491,TriTrypDB,,
LmjF.20.snoRNA0182,17189491,TriTrypDB,,
LmjF.20.snoRNA0183,17189491,TriTrypDB,,
LmjF.20.snoRNA0184,17189491,TriTrypDB,,
LmjF.20.snoRNA0185,17189491,TriTrypDB,,
LmjF.20.snoRNA0186,17189491,TriTrypDB,,
LmjF.20.snoRNA0187,17189491,TriTrypDB,,
LmjF.20.snoRNA0188,17189491,TriTrypDB,,
LmjF.20.snoRNA0189,17189491,TriTrypDB,,
LmjF.20.snoRNA0190,17189491,TriTrypDB,,
LmjF.20.snoRNA0191,17189491,TriTrypDB,,
LmjF.20.snoRNA0192,17189491,TriTrypDB,,
LmjF.20.snoRNA0193,17189491,TriTrypDB,,
LmjF.20.snoRNA0194,17189491,TriTrypDB,,
LmjF.20.snoRNA0195,17189491,TriTrypDB,,
LmjF.20.snoRNA0196,17189491,TriTrypDB,,
LmjF.20.snoRNA0197,17189491,TriTrypDB,,
LmjF.20.snoRNA0198,17189491,TriTrypDB,,
LmjF.20.snoRNA0199,17189491,TriTrypDB,,
LmjF.20.snoRNA0200,17189491,TriTrypDB,,
LmjF.20.snoRNA0201,17189491,TriTrypDB,,
LmjF.20.snoRNA0202,17189491,TriTrypDB,,
LmjF.20.snoRNA0203,17189491,TriTrypDB,,
LmjF.20.snoRNA0204,17189491,TriTrypDB,,
LmjF.20.snoRNA0205,17189491,TriTrypDB,,
LmjF.20.snoRNA0206,17189491,TriTrypDB,,
LmjF.20.snoRNA0207,17189491,TriTrypDB,,
LmjF.20.snoRNA0208,17189491,TriTrypDB,,
LmjF.20.snoRNA0209,17189491,TriTrypDB,,
LmjF.20.snoRNA0210,17189491,TriTrypDB,,
LmjF.20.snoRNA0211,17189491,TriTrypDB,,
LmjF.20.snoRNA0212,17189491,TriTrypDB,,
LmjF.20.snoRNA0213,17189491,TriTrypDB,,
LmjF.20.snoRNA0214,17189491,TriTrypDB,,
LmjF.20.snoRNA0215,17189491,TriTrypDB,,
LmjF.20.snoRNA0216,17189491,TriTrypDB,,
LmjF.20.snoRNA0217,17189491,TriTrypDB,,
LmjF.20.snoRNA0218,17189491,TriTrypDB,,
LmjF.20.snoRNA0219,17189491,TriTrypDB,,
LmjF.20.snoRNA0220,17189491,TriTrypDB,,
LmjF.20.snoRNA0221,17189491,TriTrypDB,,
LmjF.20.snoRNA0222,17189491,TriTrypDB,,
LmjF.20.snoRNA0223,17189491,TriTrypDB,,
LmjF.20.snoRNA0224,17189491,TriTrypDB,,
LmjF.20.snoRNA0225,17189491,TriTrypDB,,
LmjF.20.snoRNA0226,17189491,TriTrypDB,,
LmjF.20.snoRNA0227,17189491,TriTrypDB,,
LmjF.20.snoRNA0228,17189491,TriTrypDB,,
LmjF.20.snoRNA0229,17189491,TriTrypDB,,
LmjF.20.snoRNA0230,17189491,TriTrypDB,,
LmjF.20.snoRNA0231,17189491,TriTrypDB,,
LmjF.20.snoRNA0232,17189491,TriTrypDB,,
LmjF.20.snoRNA0233,17189491,TriTrypDB,,
LmjF.20.snoRNA0234,17189491,TriTrypDB,,
LmjF.20.snoRNA0235,17189491,TriTrypDB,,
LmjF.20.snoRNA0236,17189491,TriTrypDB,,
LmjF.20.snoRNA0237,17189491,TriTrypDB,,
LmjF.20.snoRNA0238,17189491,TriTrypDB,,
LmjF.20.snoRNA0239,17189491,TriTrypDB,,
LmjF.20.snoRNA0240,17189491,TriTrypDB,,
LmjF.20.snoRNA0241,17189491,TriTrypDB,,
LmjF.20.snoRNA0242,17189491,TriTrypDB,,
LmjF.20.snoRNA0243,17189491,TriTrypDB,,
LmjF.20.snoRNA0244,17189491,TriTrypDB,,
LmjF.20.snoRNA0245,17189491,TriTrypDB,,
LmjF.20.snoRNA0246,17189491,TriTrypDB,,
LmjF.20.snoRNA0247,17189491,TriTrypDB,,
LmjF.20.snoRNA0248,17189491,TriTrypDB,,
LmjF.20.snoRNA0249,17189491,TriTrypDB,,
LmjF.20.snoRNA0250,17189491,TriTrypDB,,
LmjF.20.snoRNA0251,17189491,TriTrypDB,,
LmjF.20.snoRNA0252,17189491,TriTrypDB,,
LmjF.20.snoRNA0253,17189491,TriTrypDB,,
LmjF.20.snoRNA0254,17189491,TriTrypDB,,
LmjF.20.snoRNA0255,17189491,TriTrypDB,,
LmjF.20.snoRNA0256,17189491,TriTrypDB,,
LmjF.20.snoRNA0257,17189491,TriTrypDB,,
LmjF.20.snoRNA0258,17189491,TriTrypDB,,
LmjF.20.snoRNA0259,17189491,TriTrypDB,,
LmjF.20.snoRNA0260,17189491,TriTrypDB,,
LmjF.20.snoRNA0261,17189491,TriTrypDB,,
LmjF.20.snoRNA0262,17189491,TriTrypDB,,
LmjF.20.snoRNA0263,17189491,TriTrypDB,,
LmjF.20.snoRNA0264,17189491,TriTrypDB,,
LmjF.20.snoRNA0265,17189491,TriTrypDB,,
LmjF.20.snoRNA0266,17189491,TriTrypDB,,
LmjF.20.snoRNA0267,17189491,TriTrypDB,,
LmjF.20.snoRNA0268,17189491,TriTrypDB,,
LmjF.21.0010,12604613,TriTrypDB,,
LmjF.21.0050,17026746,TriTrypDB,,
LmjF.21.0130,16164760,TriTrypDB,,
LmjF.21.0150,16164760,TriTrypDB,,
LmjF.21.0270,16164760,TriTrypDB,,
LmjF.21.0410,23285111,TriTrypDB,,
LmjF.21.0560,17026746,TriTrypDB,,
LmjF.21.0640,16037487,TriTrypDB,,
LmjF.21.0700,18039372,TriTrypDB,,
LmjF.21.0710,17030997,TriTrypDB,,
LmjF.21.0725,30208112,TriTrypDB,,
LmjF.21.0725,16492767,TriTrypDB,,
LmjF.21.0735,30415698,TriTrypDB,,
LmjF.21.0810,21144880,TriTrypDB,,
LmjF.21.0823,16164760,TriTrypDB,,
LmjF.21.0845,8577321,TriTrypDB,,
LmjF.21.0850,10567419,TriTrypDB,,
LmjF.21.0850,19497128,TriTrypDB,,
LmjF.21.0853,16164760,TriTrypDB,,
LmjF.21.1190,32609721,TriTrypDB,,
LmjF.21.1450,17601874,TriTrypDB,,
LmjF.21.1620,18951088,TriTrypDB,,
LmjF.21.1630,21320183,TriTrypDB,,
LmjF.21.1650,16164760,TriTrypDB,,
LmjF.21.1680,20180988,TriTrypDB,,
LmjF.22.0250,20678187,TriTrypDB,,
LmjF.22.0250,18039372,TriTrypDB,,
LmjF.22.0490,16164760,TriTrypDB,,
LmjF.22.0650,19228586,TriTrypDB,,
LmjF.22.0810,16164760,TriTrypDB,,
LmjF.22.0950,16164760,TriTrypDB,,
LmjF.22.1010,17347153,TriTrypDB,,
LmjF.22.1300,19066473,TriTrypDB,,
LmjF.22.1360,20382188,TriTrypDB,,
LmjF.22.1450,20614016,TriTrypDB,,
LmjF.22.1490,18039372,TriTrypDB,,
LmjF.22.snoRNA0028,17189491,TriTrypDB,,
LmjF.22.snoRNA0029,17189491,TriTrypDB,,
LmjF.22.snoRNA0030,17189491,TriTrypDB,,
LmjF.22.snoRNA0031,17189491,TriTrypDB,,
LmjF.22.snoRNA0032,17189491,TriTrypDB,,
LmjF.22.snoRNA0033,17189491,TriTrypDB,,
LmjF.22.snoRNA0034,17189491,TriTrypDB,,
LmjF.22.snoRNA0035,17189491,TriTrypDB,,
LmjF.22.snoRNA0036,17189491,TriTrypDB,,
LmjF.22.snoRNA0037,17189491,TriTrypDB,,
LmjF.22.snoRNA0038,17189491,TriTrypDB,,
LmjF.22.snoRNA0039,17189491,TriTrypDB,,
LmjF.22.snoRNA0040,17189491,TriTrypDB,,
LmjF.23.0050,20614016,TriTrypDB,,
LmjF.23.0110,11447107,TriTrypDB,,
LmjF.23.0125,20614016,TriTrypDB,,
LmjF.23.0210,17030997,TriTrypDB,,
LmjF.23.0220,17030997,TriTrypDB,,
LmjF.23.0250,17213267,TriTrypDB,,
LmjF.23.0250,1680861,TriTrypDB,,
LmjF.23.0270,21239486,TriTrypDB,,
LmjF.23.0290,21291918,TriTrypDB,,
LmjF.23.0290,24118609,TriTrypDB,,
LmjF.23.0370,18364711,TriTrypDB,,
LmjF.23.0380,21255121,TriTrypDB,,
LmjF.23.0690,20382188,TriTrypDB,,
LmjF.23.1040,9106195,TriTrypDB,,
LmjF.23.1050,11368759,TriTrypDB,,
LmjF.23.1060,7969267,TriTrypDB,,
LmjF.23.1070,7969267,TriTrypDB,,
LmjF.23.1080,17188763,TriTrypDB,,
LmjF.23.1082,9106195,TriTrypDB,,
LmjF.23.1086,17188763,TriTrypDB,,
LmjF.23.1088,9106195,TriTrypDB,,
LmjF.23.1480,18364711,TriTrypDB,,
LmjF.23.1630,21743004,TriTrypDB,,
LmjF.23.1740,17026746,TriTrypDB,,
LmjF.23.1750,17026746,TriTrypDB,,
LmjF.23.snoRNA0029,17189491,TriTrypDB,,
LmjF.23.snoRNA0030,17189491,TriTrypDB,,
LmjF.23.snoRNA0031,17189491,TriTrypDB,,
LmjF.23.snoRNA0032,17189491,TriTrypDB,,
LmjF.23.snoRNA0033,17189491,TriTrypDB,,
LmjF.23.snoRNA0034,17189491,TriTrypDB,,
LmjF.23.snoRNA0035,17189491,TriTrypDB,,
LmjF.23.snoRNA0036,17189491,TriTrypDB,,
LmjF.23.snoRNA0037,17189491,TriTrypDB,,
LmjF.23.snoRNA0038,17189491,TriTrypDB,,
LmjF.23.snoRNA0039,17189491,TriTrypDB,,
LmjF.23.snoRNA0040,17189491,TriTrypDB,,
LmjF.23.snoRNA0041,17189491,TriTrypDB,,
LmjF.23.snoRNA0042,17189491,TriTrypDB,,
LmjF.24.0230,16164760,TriTrypDB,,
LmjF.24.0270,18039372,TriTrypDB,,
LmjF.24.0360,17347153,TriTrypDB,,
LmjF.24.0680,19497128,TriTrypDB,,
LmjF.24.0680,7565702,TriTrypDB,,
LmjF.24.1315,20614016,TriTrypDB,,
LmjF.24.1730,16164760,TriTrypDB,,
LmjF.24.1740,20489182,TriTrypDB,,
LmjF.24.1910,30506377,TriTrypDB,,
LmjF.24.2010,20382188,TriTrypDB,,
LmjF.24.2060,15149284,TriTrypDB,,
LmjF.24.2320,16164760,TriTrypDB,,
LmjF.25.0080,20675580,TriTrypDB,,
LmjF.25.0090,17026746,TriTrypDB,,
LmjF.25.0230,18039372,TriTrypDB,,
LmjF.25.0570,18039372,TriTrypDB,,
LmjF.25.0750,18039372,TriTrypDB,,
LmjF.25.0870,16164760,TriTrypDB,,
LmjF.25.1090,19136005,TriTrypDB,,
LmjF.25.1120,7630384,TriTrypDB,,
LmjF.25.1320,18039372,TriTrypDB,,
LmjF.25.1460,23877697,TriTrypDB,,
LmjF.25.1540,22396527,TriTrypDB,,
LmjF.25.1560,16164760,TriTrypDB,,
LmjF.25.1610,25539953,TriTrypDB,,
LmjF.25.1690,30506377,TriTrypDB,,
LmjF.25.1740,22396527,TriTrypDB,,
LmjF.25.1770,16923389,TriTrypDB,,
LmjF.25.1770,19497128,TriTrypDB,,
LmjF.25.1810,18776036,TriTrypDB,,
LmjF.25.1990,24453978,TriTrypDB,,
LmjF.25.2010,18364711,TriTrypDB,,
LmjF.25.2120,25539953,TriTrypDB,,
LmjF.25.2180,17026746,TriTrypDB,,
LmjF.25.2460,12604613,TriTrypDB,,
LmjF.25.snoRNA0124,17189491,TriTrypDB,,
LmjF.25.snoRNA0125,17189491,TriTrypDB,,
LmjF.25.snoRNA0126,17189491,TriTrypDB,,
LmjF.25.snoRNA0127,17189491,TriTrypDB,,
LmjF.25.snoRNA0128,17189491,TriTrypDB,,
LmjF.25.snoRNA0129,17189491,TriTrypDB,,
LmjF.25.snoRNA0130,17189491,TriTrypDB,,
LmjF.25.snoRNA0131,17189491,TriTrypDB,,
LmjF.25.snoRNA0132,17189491,TriTrypDB,,
LmjF.25.snoRNA0133,17189491,TriTrypDB,,
LmjF.25.snoRNA0134,17189491,TriTrypDB,,
LmjF.25.snoRNA0135,17189491,TriTrypDB,,
LmjF.25.snoRNA0136,17189491,TriTrypDB,,
LmjF.25.snoRNA0137,17189491,TriTrypDB,,
LmjF.25.snoRNA0138,17189491,TriTrypDB,,
LmjF.25.snoRNA0139,17189491,TriTrypDB,,
LmjF.25.snoRNA0140,17189491,TriTrypDB,,
LmjF.25.snoRNA0141,17189491,TriTrypDB,,
LmjF.25.snoRNA0142,17189491,TriTrypDB,,
LmjF.25.snoRNA0143,17189491,TriTrypDB,,
LmjF.25.snoRNA0144,17189491,TriTrypDB,,
LmjF.25.snoRNA0145,17189491,TriTrypDB,,
LmjF.25.snoRNA0146,17189491,TriTrypDB,,
LmjF.25.snoRNA0147,17189491,TriTrypDB,,
LmjF.25.snoRNA0148,17189491,TriTrypDB,,
LmjF.25.snoRNA0149,17189491,TriTrypDB,,
LmjF.25.snoRNA0150,17189491,TriTrypDB,,
LmjF.25.snoRNA0151,17189491,TriTrypDB,,
LmjF.25.snoRNA0152,17189491,TriTrypDB,,
LmjF.25.snoRNA0153,17189491,TriTrypDB,,
LmjF.25.snoRNA0154,17189491,TriTrypDB,,
LmjF.25.snoRNA0155,17189491,TriTrypDB,,
LmjF.25.snoRNA0156,17189491,TriTrypDB,,
LmjF.25.snoRNA0157,17189491,TriTrypDB,,
LmjF.25.snoRNA0158,17189491,TriTrypDB,,
LmjF.25.snoRNA0159,17189491,TriTrypDB,,
LmjF.25.snoRNA0160,17189491,TriTrypDB,,
LmjF.25.snoRNA0161,17189491,TriTrypDB,,
LmjF.25.snoRNA0162,17189491,TriTrypDB,,
LmjF.25.snoRNA0163,17189491,TriTrypDB,,
LmjF.25.snoRNA0164,17189491,TriTrypDB,,
LmjF.25.snoRNA0165,17189491,TriTrypDB,,
LmjF.25.snoRNA0166,17189491,TriTrypDB,,
LmjF.25.snoRNA0167,17189491,TriTrypDB,,
LmjF.25.snoRNA0168,17189491,TriTrypDB,,
LmjF.25.snoRNA0169,17189491,TriTrypDB,,
LmjF.25.snoRNA0170,17189491,TriTrypDB,,
LmjF.25.snoRNA0171,17189491,TriTrypDB,,
LmjF.25.snoRNA0172,17189491,TriTrypDB,,
LmjF.25.snoRNA0173,17189491,TriTrypDB,,
LmjF.25.snoRNA0174,17189491,TriTrypDB,,
LmjF.25.snoRNA0175,17189491,TriTrypDB,,
LmjF.25.snoRNA0176,17189491,TriTrypDB,,
LmjF.25.snoRNA0177,17189491,TriTrypDB,,
LmjF.25.snoRNA0178,17189491,TriTrypDB,,
LmjF.25.snoRNA0179,17189491,TriTrypDB,,
LmjF.25.snoRNA0180,17189491,TriTrypDB,,
LmjF.26.0030,19961881,TriTrypDB,,
LmjF.26.0040,16164760,TriTrypDB,,
LmjF.26.0140,19497128,TriTrypDB,,
LmjF.26.0140,8719249,TriTrypDB,,
LmjF.26.0270,16112905,TriTrypDB,,
LmjF.26.0690,17026746,TriTrypDB,,
LmjF.26.0940,30506377,TriTrypDB,,
LmjF.26.0980,16164760,TriTrypDB,,
LmjF.26.1140,22396527,TriTrypDB,,
LmjF.26.1470,9719512,TriTrypDB,,
LmjF.26.1730,16164760,TriTrypDB,,
LmjF.26.2100,18039372,TriTrypDB,,
LmjF.26.2260,17026746,TriTrypDB,,
LmjF.26.2360,17026746,TriTrypDB,,
LmjF.26.2440,16164760,TriTrypDB,,
LmjF.26.2480,20382188,TriTrypDB,,
LmjF.26.2510,16164760,TriTrypDB,,
LmjF.26.2520,30506377,TriTrypDB,,
LmjF.26.2530,18039372,TriTrypDB,,
LmjF.26.2570,16164760,TriTrypDB,,
LmjF.26.2670,17030997,TriTrypDB,,
LmjF.26.snoRNA0417,17189491,TriTrypDB,,
LmjF.26.snoRNA0418,17189491,TriTrypDB,,
LmjF.26.snoRNA0419,17189491,TriTrypDB,,
LmjF.26.snoRNA0420,17189491,TriTrypDB,,
LmjF.26.snoRNA0421,17189491,TriTrypDB,,
LmjF.26.snoRNA0422,17189491,TriTrypDB,,
LmjF.26.snoRNA0423,17189491,TriTrypDB,,
LmjF.26.snoRNA0424,17189491,TriTrypDB,,
LmjF.26.snoRNA0425,17189491,TriTrypDB,,
LmjF.26.snoRNA0426,17189491,TriTrypDB,,
LmjF.26.snoRNA0427,17189491,TriTrypDB,,
LmjF.26.snoRNA0428,17189491,TriTrypDB,,
LmjF.26.snoRNA0429,17189491,TriTrypDB,,
LmjF.26.snoRNA0430,17189491,TriTrypDB,,
LmjF.26.snoRNA0431,17189491,TriTrypDB,,
LmjF.26.snoRNA0432,17189491,TriTrypDB,,
LmjF.26.snoRNA0433,17189491,TriTrypDB,,
LmjF.26.snoRNA0434,17189491,TriTrypDB,,
LmjF.26.snoRNA0435,17189491,TriTrypDB,,
LmjF.26.snoRNA0436,17189491,TriTrypDB,,
LmjF.26.snoRNA0437,17189491,TriTrypDB,,
LmjF.26.snoRNA0438,17189491,TriTrypDB,,
LmjF.26.snoRNA0439,17189491,TriTrypDB,,
LmjF.26.snoRNA0440,17189491,TriTrypDB,,
LmjF.26.snoRNA0441,17189491,TriTrypDB,,
LmjF.26.snoRNA0442,17189491,TriTrypDB,,
LmjF.26.snoRNA0443,17189491,TriTrypDB,,
LmjF.26.snoRNA0444,17189491,TriTrypDB,,
LmjF.26.snoRNA0445,17189491,TriTrypDB,,
LmjF.26.snoRNA0446,17189491,TriTrypDB,,
LmjF.26.snoRNA0447,17189491,TriTrypDB,,
LmjF.26.snoRNA0448,17189491,TriTrypDB,,
LmjF.26.snoRNA0449,17189491,TriTrypDB,,
LmjF.26.snoRNA0450,17189491,TriTrypDB,,
LmjF.26.snoRNA0451,17189491,TriTrypDB,,
LmjF.26.snoRNA0452,17189491,TriTrypDB,,
LmjF.26.snoRNA0453,17189491,TriTrypDB,,
LmjF.26.snoRNA0454,17189491,TriTrypDB,,
LmjF.26.snoRNA0455,17189491,TriTrypDB,,
LmjF.26.snoRNA0456,17189491,TriTrypDB,,
LmjF.26.snoRNA0457,17189491,TriTrypDB,,
LmjF.26.snoRNA0458,17189491,TriTrypDB,,
LmjF.26.snoRNA0459,17189491,TriTrypDB,,
LmjF.26.snoRNA0460,17189491,TriTrypDB,,
LmjF.26.snoRNA0461,17189491,TriTrypDB,,
LmjF.26.snoRNA0462,17189491,TriTrypDB,,
LmjF.26.snoRNA0463,17189491,TriTrypDB,,
LmjF.26.snoRNA0464,17189491,TriTrypDB,,
LmjF.26.snoRNA0465,17189491,TriTrypDB,,
LmjF.26.snoRNA0466,17189491,TriTrypDB,,
LmjF.26.snoRNA0467,17189491,TriTrypDB,,
LmjF.26.snoRNA0468,17189491,TriTrypDB,,
LmjF.26.snoRNA0469,17189491,TriTrypDB,,
LmjF.26.snoRNA0470,17189491,TriTrypDB,,
LmjF.26.snoRNA0471,17189491,TriTrypDB,,
LmjF.26.snoRNA0472,17189491,TriTrypDB,,
LmjF.26.snoRNA0473,17189491,TriTrypDB,,
LmjF.26.snoRNA0474,17189491,TriTrypDB,,
LmjF.26.snoRNA0475,17189491,TriTrypDB,,
LmjF.26.snoRNA0476,17189491,TriTrypDB,,
LmjF.26.snoRNA0477,17189491,TriTrypDB,,
LmjF.26.snoRNA0478,17189491,TriTrypDB,,
LmjF.26.snoRNA0479,17189491,TriTrypDB,,
LmjF.26.snoRNA0480,17189491,TriTrypDB,,
LmjF.26.snoRNA0481,17189491,TriTrypDB,,
LmjF.26.snoRNA0482,17189491,TriTrypDB,,
LmjF.26.snoRNA0483,17189491,TriTrypDB,,
LmjF.26.snoRNA0484,17189491,TriTrypDB,,
LmjF.26.snoRNA0485,17189491,TriTrypDB,,
LmjF.26.snoRNA0486,17189491,TriTrypDB,,
LmjF.26.snoRNA0487,17189491,TriTrypDB,,
LmjF.26.snoRNA0488,17189491,TriTrypDB,,
LmjF.26.snoRNA0489,17189491,TriTrypDB,,
LmjF.26.snoRNA0490,17189491,TriTrypDB,,
LmjF.26.snoRNA0491,17189491,TriTrypDB,,
LmjF.26.snoRNA0492,17189491,TriTrypDB,,
LmjF.26.snoRNA0493,17189491,TriTrypDB,,
LmjF.26.snoRNA0494,17189491,TriTrypDB,,
LmjF.26.snoRNA0495,17189491,TriTrypDB,,
LmjF.26.snoRNA0496,17189491,TriTrypDB,,
LmjF.26.snoRNA0497,17189491,TriTrypDB,,
LmjF.26.snoRNA0498,17189491,TriTrypDB,,
LmjF.26.snoRNA0499,17189491,TriTrypDB,,
LmjF.26.snoRNA0500,17189491,TriTrypDB,,
LmjF.26.snoRNA0501,17189491,TriTrypDB,,
LmjF.26.snoRNA0502,17189491,TriTrypDB,,
LmjF.26.snoRNA0503,17189491,TriTrypDB,,
LmjF.26.snoRNA0504,17189491,TriTrypDB,,
LmjF.26.snoRNA0505,17189491,TriTrypDB,,
LmjF.26.snoRNA0506,17189491,TriTrypDB,,
LmjF.26.snoRNA0507,17189491,TriTrypDB,,
LmjF.26.snoRNA0508,17189491,TriTrypDB,,
LmjF.26.snoRNA0509,17189491,TriTrypDB,,
LmjF.26.snoRNA0510,17189491,TriTrypDB,,
LmjF.26.snoRNA0511,17189491,TriTrypDB,,
LmjF.26.snoRNA0512,17189491,TriTrypDB,,
LmjF.26.snoRNA0513,17189491,TriTrypDB,,
LmjF.26.snoRNA0514,17189491,TriTrypDB,,
LmjF.26.snoRNA0515,17189491,TriTrypDB,,
LmjF.26.snoRNA0516,17189491,TriTrypDB,,
LmjF.26.snoRNA0517,17189491,TriTrypDB,,
LmjF.26.snoRNA0518,17189491,TriTrypDB,,
LmjF.26.snoRNA0519,17189491,TriTrypDB,,
LmjF.26.snoRNA0520,17189491,TriTrypDB,,
LmjF.26.snoRNA0521,17189491,TriTrypDB,,
LmjF.26.snoRNA0522,17189491,TriTrypDB,,
LmjF.26.snoRNA0523,17189491,TriTrypDB,,
LmjF.26.snoRNA0524,17189491,TriTrypDB,,
LmjF.26.snoRNA0525,17189491,TriTrypDB,,
LmjF.26.snoRNA0526,17189491,TriTrypDB,,
LmjF.26.snoRNA0527,17189491,TriTrypDB,,
LmjF.26.snoRNA0528,17189491,TriTrypDB,,
LmjF.26.snoRNA0529,17189491,TriTrypDB,,
LmjF.26.snoRNA0530,17189491,TriTrypDB,,
LmjF.26.snoRNA0531,17189491,TriTrypDB,,
LmjF.26.snoRNA0532,17189491,TriTrypDB,,
LmjF.26.snoRNA0533,17189491,TriTrypDB,,
LmjF.26.snoRNA0534,17189491,TriTrypDB,,
LmjF.26.snoRNA0535,17189491,TriTrypDB,,
LmjF.26.snoRNA0536,17189491,TriTrypDB,,
LmjF.26.snoRNA0537,17189491,TriTrypDB,,
LmjF.26.snoRNA0538,17189491,TriTrypDB,,
LmjF.26.snoRNA0539,17189491,TriTrypDB,,
LmjF.26.snoRNA0540,17189491,TriTrypDB,,
LmjF.26.snoRNA0541,17189491,TriTrypDB,,
LmjF.26.snoRNA0542,17189491,TriTrypDB,,
LmjF.26.snoRNA0543,17189491,TriTrypDB,,
LmjF.26.snoRNA0544,17189491,TriTrypDB,,
LmjF.26.snoRNA0545,17189491,TriTrypDB,,
LmjF.26.snoRNA0546,17189491,TriTrypDB,,
LmjF.26.snoRNA0547,17189491,TriTrypDB,,
LmjF.26.snoRNA0548,17189491,TriTrypDB,,
LmjF.26.snoRNA0549,17189491,TriTrypDB,,
LmjF.26.snoRNA0550,17189491,TriTrypDB,,
LmjF.26.snoRNA0551,17189491,TriTrypDB,,
LmjF.26.snoRNA0552,17189491,TriTrypDB,,
LmjF.26.snoRNA0553,17189491,TriTrypDB,,
LmjF.26.snoRNA0554,17189491,TriTrypDB,,
LmjF.26.snoRNA0555,17189491,TriTrypDB,,
LmjF.26.snoRNA0556,17189491,TriTrypDB,,
LmjF.26.snoRNA0557,17189491,TriTrypDB,,
LmjF.26.snoRNA0558,17189491,TriTrypDB,,
LmjF.26.snoRNA0559,17189491,TriTrypDB,,
LmjF.26.snoRNA0560,17189491,TriTrypDB,,
LmjF.26.snoRNA0561,17189491,TriTrypDB,,
LmjF.26.snoRNA0562,17189491,TriTrypDB,,
LmjF.26.snoRNA0563,17189491,TriTrypDB,,
LmjF.26.snoRNA0564,17189491,TriTrypDB,,
LmjF.26.snoRNA0565,17189491,TriTrypDB,,
LmjF.26.snoRNA0566,17189491,TriTrypDB,,
LmjF.26.snoRNA0567,17189491,TriTrypDB,,
LmjF.26.snoRNA0568,17189491,TriTrypDB,,
LmjF.26.snoRNA0569,17189491,TriTrypDB,,
LmjF.26.snoRNA0570,17189491,TriTrypDB,,
LmjF.26.snoRNA0571,17189491,TriTrypDB,,
LmjF.26.snoRNA0572,17189491,TriTrypDB,,
LmjF.26.snoRNA0573,17189491,TriTrypDB,,
LmjF.26.snoRNA0574,17189491,TriTrypDB,,
LmjF.26.snoRNA0575,17189491,TriTrypDB,,
LmjF.26.snoRNA0576,17189491,TriTrypDB,,
LmjF.26.snoRNA0577,17189491,TriTrypDB,,
LmjF.26.snoRNA0578,17189491,TriTrypDB,,
LmjF.26.snoRNA0579,17189491,TriTrypDB,,
LmjF.26.snoRNA0580,17189491,TriTrypDB,,
LmjF.26.snoRNA0581,17189491,TriTrypDB,,
LmjF.26.snoRNA0582,17189491,TriTrypDB,,
LmjF.26.snoRNA0583,17189491,TriTrypDB,,
LmjF.26.snoRNA0584,17189491,TriTrypDB,,
LmjF.26.snoRNA0585,17189491,TriTrypDB,,
LmjF.26.snoRNA0586,17189491,TriTrypDB,,
LmjF.26.snoRNA0587,17189491,TriTrypDB,,
LmjF.26.snoRNA0588,17189491,TriTrypDB,,
LmjF.26.snoRNA0589,17189491,TriTrypDB,,
LmjF.26.snoRNA0590,17189491,TriTrypDB,,
LmjF.26.snoRNA0591,17189491,TriTrypDB,,
LmjF.26.snoRNA0592,17189491,TriTrypDB,,
LmjF.26.snoRNA0593,17189491,TriTrypDB,,
LmjF.26.snoRNA0594,17189491,TriTrypDB,,
LmjF.26.snoRNA0595,17189491,TriTrypDB,,
LmjF.26.snoRNA0596,17189491,TriTrypDB,,
LmjF.26.snoRNA0597,17189491,TriTrypDB,,
LmjF.26.snoRNA0598,17189491,TriTrypDB,,
LmjF.26.snoRNA0599,17189491,TriTrypDB,,
LmjF.26.snoRNA0600,17189491,TriTrypDB,,
LmjF.26.snoRNA0601,17189491,TriTrypDB,,
LmjF.26.snoRNA0602,17189491,TriTrypDB,,
LmjF.26.snoRNA0603,17189491,TriTrypDB,,
LmjF.26.snoRNA0604,17189491,TriTrypDB,,
LmjF.26.snoRNA0605,17189491,TriTrypDB,,
LmjF.26.snoRNA0606,17189491,TriTrypDB,,
LmjF.26.snoRNA0607,17189491,TriTrypDB,,
LmjF.26.snoRNA0608,17189491,TriTrypDB,,
LmjF.26.snoRNA0609,17189491,TriTrypDB,,
LmjF.26.snoRNA0610,17189491,TriTrypDB,,
LmjF.26.snoRNA0611,17189491,TriTrypDB,,
LmjF.26.snoRNA0612,17189491,TriTrypDB,,
LmjF.26.snoRNA0613,17189491,TriTrypDB,,
LmjF.26.snoRNA0614,17189491,TriTrypDB,,
LmjF.26.snoRNA0615,17189491,TriTrypDB,,
LmjF.26.snoRNA0616,17189491,TriTrypDB,,
LmjF.26.snoRNA0617,17189491,TriTrypDB,,
LmjF.26.snoRNA0618,17189491,TriTrypDB,,
LmjF.26.snoRNA0619,17189491,TriTrypDB,,
LmjF.26.snoRNA0620,17189491,TriTrypDB,,
LmjF.26.snoRNA0621,17189491,TriTrypDB,,
LmjF.26.snoRNA0622,17189491,TriTrypDB,,
LmjF.26.snoRNA0623,17189491,TriTrypDB,,
LmjF.26.snoRNA0624,17189491,TriTrypDB,,
LmjF.26.snoRNA0625,17189491,TriTrypDB,,
LmjF.26.snoRNA0626,17189491,TriTrypDB,,
LmjF.26.snoRNA0627,17189491,TriTrypDB,,
LmjF.26.snoRNA0628,17189491,TriTrypDB,,
LmjF.26.snoRNA0629,17189491,TriTrypDB,,
LmjF.26.snoRNA0630,17189491,TriTrypDB,,
LmjF.26.snoRNA0631,17189491,TriTrypDB,,
LmjF.26.snoRNA0632,17189491,TriTrypDB,,
LmjF.26.snoRNA0633,17189491,TriTrypDB,,
LmjF.27.0100,16164760,TriTrypDB,,
LmjF.27.0420,17558452,TriTrypDB,,
LmjF.27.0630,18364347,TriTrypDB,,
LmjF.27.0970,17030997,TriTrypDB,,
LmjF.27.0980,17030997,TriTrypDB,,
LmjF.27.1180,18039372,TriTrypDB,,
LmjF.27.1370,16164760,TriTrypDB,,
LmjF.27.1420,20382188,TriTrypDB,,
LmjF.27.1530,30415698,TriTrypDB,,
LmjF.27.1560,20382188,TriTrypDB,,
LmjF.27.1590,20382188,TriTrypDB,,
LmjF.27.1620,15388875,TriTrypDB,,
LmjF.27.1620,15694484,TriTrypDB,,
LmjF.27.1620,21764780,TriTrypDB,,
LmjF.27.1800,16164760,TriTrypDB,,
LmjF.27.1850,19074134,TriTrypDB,,
LmjF.27.2210,18039372,TriTrypDB,,
LmjF.27.2320,18039372,TriTrypDB,,
LmjF.27.2440,20145708,TriTrypDB,,
LmjF.27.2460,16164760,TriTrypDB,,
LmjF.27.2470,16164760,TriTrypDB,,
LmjF.27.snoRNA0123,17189491,TriTrypDB,,
LmjF.27.snoRNA0124,17189491,TriTrypDB,,
LmjF.27.snoRNA0125,17189491,TriTrypDB,,
LmjF.27.snoRNA0126,17189491,TriTrypDB,,
LmjF.27.snoRNA0127,17189491,TriTrypDB,,
LmjF.27.snoRNA0128,17189491,TriTrypDB,,
LmjF.27.snoRNA0129,17189491,TriTrypDB,,
LmjF.27.snoRNA0130,17189491,TriTrypDB,,
LmjF.27.snoRNA0131,17189491,TriTrypDB,,
LmjF.27.snoRNA0132,17189491,TriTrypDB,,
LmjF.27.snoRNA0133,17189491,TriTrypDB,,
LmjF.27.snoRNA0134,17189491,TriTrypDB,,
LmjF.27.snoRNA0135,17189491,TriTrypDB,,
LmjF.27.snoRNA0136,17189491,TriTrypDB,,
LmjF.27.snoRNA0137,17189491,TriTrypDB,,
LmjF.27.snoRNA0138,17189491,TriTrypDB,,
LmjF.27.snoRNA0139,17189491,TriTrypDB,,
LmjF.27.snoRNA0140,17189491,TriTrypDB,,
LmjF.27.snoRNA0141,17189491,TriTrypDB,,
LmjF.27.snoRNA0142,17189491,TriTrypDB,,
LmjF.27.snoRNA0143,17189491,TriTrypDB,,
LmjF.27.snoRNA0144,17189491,TriTrypDB,,
LmjF.27.snoRNA0145,17189491,TriTrypDB,,
LmjF.27.snoRNA0146,17189491,TriTrypDB,,
LmjF.27.snoRNA0147,17189491,TriTrypDB,,
LmjF.27.snoRNA0148,17189491,TriTrypDB,,
LmjF.27.snoRNA0149,17189491,TriTrypDB,,
LmjF.27.snoRNA0150,17189491,TriTrypDB,,
LmjF.27.snoRNA0151,17189491,TriTrypDB,,
LmjF.27.snoRNA0152,17189491,TriTrypDB,,
LmjF.27.snoRNA0153,17189491,TriTrypDB,,
LmjF.27.snoRNA0154,17189491,TriTrypDB,,
LmjF.27.snoRNA0155,17189491,TriTrypDB,,
LmjF.27.snoRNA0156,17189491,TriTrypDB,,
LmjF.27.snoRNA0157,17189491,TriTrypDB,,
LmjF.27.snoRNA0158,17189491,TriTrypDB,,
LmjF.27.snoRNA0159,17189491,TriTrypDB,,
LmjF.27.snoRNA0160,17189491,TriTrypDB,,
LmjF.27.snoRNA0161,17189491,TriTrypDB,,
LmjF.27.snoRNA0162,17189491,TriTrypDB,,
LmjF.27.snoRNA0163,17189491,TriTrypDB,,
LmjF.27.snoRNA0164,17189491,TriTrypDB,,
LmjF.27.snoRNA0165,17189491,TriTrypDB,,
LmjF.27.snoRNA0166,17189491,TriTrypDB,,
LmjF.27.snoRNA0167,17189491,TriTrypDB,,
LmjF.27.snoRNA0168,17189491,TriTrypDB,,
LmjF.27.snoRNA0169,17189491,TriTrypDB,,
LmjF.27.snoRNA0170,17189491,TriTrypDB,,
LmjF.27.snoRNA0171,17189491,TriTrypDB,,
LmjF.27.snoRNA0172,17189491,TriTrypDB,,
LmjF.27.snoRNA0173,17189491,TriTrypDB,,
LmjF.27.snoRNA0174,17189491,TriTrypDB,,
LmjF.27.snoRNA0175,17189491,TriTrypDB,,
LmjF.27.snoRNA0176,17189491,TriTrypDB,,
LmjF.27.snoRNA0177,17189491,TriTrypDB,,
LmjF.27.snoRNA0178,17189491,TriTrypDB,,
LmjF.27.snoRNA0179,17189491,TriTrypDB,,
LmjF.27.snoRNA0180,17189491,TriTrypDB,,
LmjF.27.snoRNA0181,17189491,TriTrypDB,,
LmjF.27.snoRNA0182,17189491,TriTrypDB,,
LmjF.27.snoRNA0183,17189491,TriTrypDB,,
LmjF.28.0090,24082109,TriTrypDB,,
LmjF.28.0170,18039372,TriTrypDB,,
LmjF.28.0240,16806528,TriTrypDB,,
LmjF.28.0520,11418192,TriTrypDB,,
LmjF.28.0550,11420107,TriTrypDB,,
LmjF.28.0620,16164760,TriTrypDB,,
LmjF.28.0690,18039372,TriTrypDB,,
LmjF.28.0790,18039372,TriTrypDB,,
LmjF.28.0980,20497506,TriTrypDB,,
LmjF.28.1470,17026746,TriTrypDB,,
LmjF.28.1480,17026746,TriTrypDB,,
LmjF.28.1670,16164760,TriTrypDB,,
LmjF.28.1760,16164760,TriTrypDB,,
LmjF.28.1810,22396527,TriTrypDB,,
LmjF.28.1820,24118609,TriTrypDB,,
LmjF.28.1840,18364711,TriTrypDB,,
LmjF.28.2030,18534909,TriTrypDB,,
LmjF.28.2310,25539953,TriTrypDB,,
LmjF.28.2370,16876889,TriTrypDB,,
LmjF.28.2500,15694484,TriTrypDB,,
LmjF.28.2500,17041189,TriTrypDB,,
LmjF.28.2670,18039372,TriTrypDB,,
LmjF.28.3000,16164760,TriTrypDB,,
LmjF.29.0070,17026746,TriTrypDB,,
LmjF.29.0240,16164760,TriTrypDB,,
LmjF.29.0250,19945457,TriTrypDB,,
LmjF.29.0370,16164760,TriTrypDB,,
LmjF.29.0440,18039372,TriTrypDB,,
LmjF.29.0510,20460437,TriTrypDB,,
LmjF.29.0590,17259543,TriTrypDB,,
LmjF.29.0620,17030997,TriTrypDB,,
LmjF.29.0630,17026746,TriTrypDB,,
LmjF.29.0740,18178267,TriTrypDB,,
LmjF.29.0820,21364675,TriTrypDB,,
LmjF.29.0880,15582509,TriTrypDB,,
LmjF.29.1150,20838623,TriTrypDB,,
LmjF.29.1270,7637691,TriTrypDB,,
LmjF.29.1270,7646449,TriTrypDB,,
LmjF.29.1270,9315657,TriTrypDB,,
LmjF.29.1330,16164760,TriTrypDB,,
LmjF.29.1450,20382188,TriTrypDB,,
LmjF.29.1640,17030997,TriTrypDB,,
LmjF.29.1950,9719512,TriTrypDB,,
LmjF.29.2020,16164760,TriTrypDB,,
LmjF.29.2030,20382188,TriTrypDB,,
LmjF.29.2150,16164760,TriTrypDB,,
LmjF.29.2500,16497676,TriTrypDB,,
LmjF.29.2570,16164760,TriTrypDB,,
LmjF.29.2670,16164760,TriTrypDB,,
LmjF.29.2720,16164760,TriTrypDB,,
LmjF.30.0020,20614016,TriTrypDB,,
LmjF.30.0120,12944391,TriTrypDB,,
LmjF.30.0270,16497676,TriTrypDB,,
LmjF.30.0370,16164760,TriTrypDB,,
LmjF.30.0450,19321500,TriTrypDB,,
LmjF.30.0450,21764780,TriTrypDB,,
LmjF.30.0600,16164760,TriTrypDB,,
LmjF.30.0980,19066473,TriTrypDB,,
LmjF.30.1000,16164760,TriTrypDB,,
LmjF.30.1330,17030997,TriTrypDB,,
LmjF.30.1360,16164760,TriTrypDB,,
LmjF.30.1560,16164760,TriTrypDB,,
LmjF.30.1780,16164760,TriTrypDB,,
LmjF.30.2130,16164760,TriTrypDB,,
LmjF.30.2350,17290222,TriTrypDB,,
LmjF.30.2600,19450731,TriTrypDB,,
LmjF.30.2740,19953351,TriTrypDB,,
LmjF.30.2910,17548090,TriTrypDB,,
LmjF.30.2910,16164760,TriTrypDB,,
LmjF.30.2970,1435864,TriTrypDB,,
LmjF.30.3040,25539953,TriTrypDB,,
LmjF.30.3050,16164760,TriTrypDB,,
LmjF.30.3090,22966087,TriTrypDB,,
LmjF.30.3110,11734561,TriTrypDB,,
LmjF.30.3190,10861207,TriTrypDB,,
LmjF.30.3280,18039372,TriTrypDB,,
LmjF.30.3580,16164760,TriTrypDB,,
LmjF.30.snoRNA0017,17189491,TriTrypDB,,
LmjF.30.snoRNA0018,17189491,TriTrypDB,,
LmjF.30.snoRNA0019,17189491,TriTrypDB,,
LmjF.30.snoRNA0020,17189491,TriTrypDB,,
LmjF.30.snoRNA0021,17189491,TriTrypDB,,
LmjF.30.snoRNA0022,17189491,TriTrypDB,,
LmjF.30.snoRNA0023,17189491,TriTrypDB,,
LmjF.30.snoRNA0024,17189491,TriTrypDB,,
LmjF.31.0010,17320480,TriTrypDB,,
LmjF.31.0020,17640270,TriTrypDB,,
LmjF.31.0050,20614016,TriTrypDB,,
LmjF.31.0860,16112905,TriTrypDB,,
LmjF.31.0870,16556218,TriTrypDB,,
LmjF.31.0880,16556218,TriTrypDB,,
LmjF.31.1280,17030997,TriTrypDB,,
LmjF.31.1290,17030997,TriTrypDB,,
LmjF.31.1430,12946844,TriTrypDB,,
LmjF.31.1530,16164760,TriTrypDB,,
LmjF.31.1960,20838623,TriTrypDB,,
LmjF.31.1970,20838623,TriTrypDB,,
LmjF.31.2010,27606425,TriTrypDB,,
LmjF.31.2920,18364711,TriTrypDB,,
LmjF.31.3060,17000865,TriTrypDB,,
LmjF.31.3105,19066473,TriTrypDB,,
LmjF.31.3160,16164760,TriTrypDB,,
LmjF.32.0070,17026746,TriTrypDB,,
LmjF.32.0120,15878208,TriTrypDB,,
LmjF.32.0260,16164760,TriTrypDB,,
LmjF.32.0400,22767185,TriTrypDB,,
LmjF.32.0640,18039372,TriTrypDB,,
LmjF.32.0780,16164760,TriTrypDB,,
LmjF.32.1010,18039372,TriTrypDB,,
LmjF.32.1020,16164760,TriTrypDB,,
LmjF.32.1460,20382188,TriTrypDB,,
LmjF.32.1530,18364711,TriTrypDB,,
LmjF.32.1580,11084042,TriTrypDB,,
LmjF.32.1810,16164760,TriTrypDB,,
LmjF.32.1960,20382188,TriTrypDB,,
LmjF.32.2160,17026746,TriTrypDB,,
LmjF.32.2180,25539953,TriTrypDB,,
LmjF.32.2290,18364711,TriTrypDB,,
LmjF.32.2640,20541568,TriTrypDB,,
LmjF.32.2670,22396527,TriTrypDB,,
LmjF.32.2740,15220340,TriTrypDB,,
LmjF.32.2890,17026746,TriTrypDB,,
LmjF.32.3040,18039372,TriTrypDB,,
LmjF.32.3080,17030997,TriTrypDB,,
LmjF.32.3170,18534909,TriTrypDB,,
LmjF.32.3250,17548090,TriTrypDB,,
LmjF.32.3250,16164760,TriTrypDB,,
LmjF.32.3760,18364711,TriTrypDB,,
LmjF.32.3890,19066473,TriTrypDB,,
LmjF.33.0240,15056070,TriTrypDB,,
LmjF.33.0830,32487758,TriTrypDB,,
LmjF.33.1150,20180988,TriTrypDB,,
LmjF.33.1280,30415698,TriTrypDB,,
LmjF.33.1380,17548090,TriTrypDB,,
LmjF.33.1380,16164760,TriTrypDB,,
LmjF.33.1400,16164760,TriTrypDB,,
LmjF.33.1630,20614016,TriTrypDB,,
LmjF.33.1710,16164760,TriTrypDB,,
LmjF.33.1730,22396527,TriTrypDB,,
LmjF.33.1740,18523291,TriTrypDB,,
LmjF.33.1750,18523291,TriTrypDB,,
LmjF.33.1830,16164760,TriTrypDB,,
LmjF.33.1980,16164760,TriTrypDB,,
LmjF.33.2070,15720564,TriTrypDB,,
LmjF.33.2290,16164760,TriTrypDB,,
LmjF.33.2400,17188763,TriTrypDB,,
LmjF.33.2840,18039372,TriTrypDB,,
LmjF.33.3050,20659295,TriTrypDB,,
LmjF.33.3060,20345655,TriTrypDB,,
LmjF.33.3260,23716044,TriTrypDB,,
LmjF.33.3270,18364711,TriTrypDB,,
LmjF.33.snoRNA0089,17189491,TriTrypDB,,
LmjF.33.snoRNA0090,17189491,TriTrypDB,,
LmjF.33.snoRNA0091,17189491,TriTrypDB,,
LmjF.33.snoRNA0092,17189491,TriTrypDB,,
LmjF.33.snoRNA0093,17189491,TriTrypDB,,
LmjF.33.snoRNA0094,17189491,TriTrypDB,,
LmjF.33.snoRNA0095,17189491,TriTrypDB,,
LmjF.33.snoRNA0096,17189491,TriTrypDB,,
LmjF.33.snoRNA0097,17189491,TriTrypDB,,
LmjF.33.snoRNA0098,17189491,TriTrypDB,,
LmjF.33.snoRNA0099,17189491,TriTrypDB,,
LmjF.33.snoRNA0100,17189491,TriTrypDB,,
LmjF.33.snoRNA0101,17189491,TriTrypDB,,
LmjF.33.snoRNA0102,17189491,TriTrypDB,,
LmjF.33.snoRNA0103,17189491,TriTrypDB,,
LmjF.33.snoRNA0104,17189491,TriTrypDB,,
LmjF.33.snoRNA0105,17189491,TriTrypDB,,
LmjF.33.snoRNA0106,17189491,TriTrypDB,,
LmjF.33.snoRNA0107,17189491,TriTrypDB,,
LmjF.33.snoRNA0108,17189491,TriTrypDB,,
LmjF.33.snoRNA0109,17189491,TriTrypDB,,
LmjF.33.snoRNA0110,17189491,TriTrypDB,,
LmjF.33.snoRNA0111,17189491,TriTrypDB,,
LmjF.33.snoRNA0112,17189491,TriTrypDB,,
LmjF.33.snoRNA0113,17189491,TriTrypDB,,
LmjF.33.snoRNA0114,17189491,TriTrypDB,,
LmjF.33.snoRNA0115,17189491,TriTrypDB,,
LmjF.33.snoRNA0116,17189491,TriTrypDB,,
LmjF.33.snoRNA0117,17189491,TriTrypDB,,
LmjF.33.snoRNA0118,17189491,TriTrypDB,,
LmjF.33.snoRNA0119,17189491,TriTrypDB,,
LmjF.33.snoRNA0120,17189491,TriTrypDB,,
LmjF.33.snoRNA0121,17189491,TriTrypDB,,
LmjF.33.snoRNA0122,17189491,TriTrypDB,,
LmjF.33.snoRNA0123,17189491,TriTrypDB,,
LmjF.33.snoRNA0124,17189491,TriTrypDB,,
LmjF.33.snoRNA0125,17189491,TriTrypDB,,
LmjF.33.snoRNA0126,17189491,TriTrypDB,,
LmjF.33.snoRNA0127,17189491,TriTrypDB,,
LmjF.33.snoRNA0128,17189491,TriTrypDB,,
LmjF.33.snoRNA0129,17189491,TriTrypDB,,
LmjF.33.snoRNA0130,17189491,TriTrypDB,,
LmjF.33.snoRNA0131,17189491,TriTrypDB,,
LmjF.33.snoRNA0132,17189491,TriTrypDB,,
LmjF.33.snoRNA0133,17189491,TriTrypDB,,
LmjF.34.0030,16164760,TriTrypDB,,
LmjF.34.0070,15850459,TriTrypDB,,
LmjF.34.0070,20060805,TriTrypDB,,
LmjF.34.0120,14622299,TriTrypDB,,
LmjF.34.0160,16750864,TriTrypDB,,
LmjF.34.0330,19880510,TriTrypDB,,
LmjF.34.0540,17026746,TriTrypDB,,
LmjF.34.0670,17030997,TriTrypDB,,
LmjF.34.0950,16914442,TriTrypDB,,
LmjF.34.1090,16423830,TriTrypDB,,
LmjF.34.1430,18039372,TriTrypDB,,
LmjF.34.2000,17028008,TriTrypDB,,
LmjF.34.2190,18039372,TriTrypDB,,
LmjF.34.2700,25539953,TriTrypDB,,
LmjF.34.2730,12958211,TriTrypDB,,
LmjF.34.2730,20382188,TriTrypDB,,
LmjF.34.2810,17244817,TriTrypDB,,
LmjF.34.2850,19296828,TriTrypDB,,
LmjF.34.2980,18534579,TriTrypDB,,
LmjF.34.3020,16164760,TriTrypDB,,
LmjF.34.3120,19487470,TriTrypDB,,
LmjF.34.3440,18611247,TriTrypDB,,
LmjF.34.3590,20382188,TriTrypDB,,
LmjF.34.3860,20592024,TriTrypDB,,
LmjF.34.3940,20551225,TriTrypDB,,
LmjF.34.4100,30415698,TriTrypDB,,
LmjF.34.4190,18039372,TriTrypDB,,
LmjF.34.4600,18364711,TriTrypDB,,
LmjF.34.snoRNA0011,17189491,TriTrypDB,,
LmjF.34.snoRNA0012,17189491,TriTrypDB,,
LmjF.34.snoRNA0013,17189491,TriTrypDB,,
LmjF.34.snoRNA0014,17189491,TriTrypDB,,
LmjF.34.snoRNA0015,17189491,TriTrypDB,,
LmjF.34.snoRNA0016,17189491,TriTrypDB,,
LmjF.35.0010,12604613,TriTrypDB,,
LmjF.35.0020,8078522,TriTrypDB,,
LmjF.35.0030,8078522,TriTrypDB,,
LmjF.35.0080,20190075,TriTrypDB,,
LmjF.35.0130,20653091,TriTrypDB,,
LmjF.35.0330,20382188,TriTrypDB,,
LmjF.35.0490,16164760,TriTrypDB,,
LmjF.35.0630,26891179,TriTrypDB,,
LmjF.35.0890,30415698,TriTrypDB,,
LmjF.35.1050,16164760,TriTrypDB,,
LmjF.35.1160,20382188,TriTrypDB,,
LmjF.35.1400,18840477,TriTrypDB,,
LmjF.35.1480,19393161,TriTrypDB,,
LmjF.35.1580,17107676,TriTrypDB,,
LmjF.35.1720,20614016,TriTrypDB,,
LmjF.35.1730,16164760,TriTrypDB,,
LmjF.35.1860,16164760,TriTrypDB,,
LmjF.35.2120,17026746,TriTrypDB,,
LmjF.35.2160,291031,TriTrypDB,,
LmjF.35.2320,16164760,TriTrypDB,,
LmjF.35.2720,17026746,TriTrypDB,,
LmjF.35.3020,20382188,TriTrypDB,,
LmjF.35.3170,16164760,TriTrypDB,,
LmjF.35.3230,17196271,TriTrypDB,,
LmjF.35.3260,15907560,TriTrypDB,,
LmjF.35.3610,20614016,TriTrypDB,,
LmjF.35.3910,16790017,TriTrypDB,,
LmjF.35.3960,16164760,TriTrypDB,,
LmjF.35.3980,21764780,TriTrypDB,,
LmjF.35.4010,16164760,TriTrypDB,,
LmjF.35.4050,16164760,TriTrypDB,,
LmjF.35.4510,30415698,TriTrypDB,,
LmjF.35.4590,20382188,TriTrypDB,,
LmjF.35.4620,16164760,TriTrypDB,,
LmjF.35.4650,18039372,TriTrypDB,,
LmjF.35.4710,30506377,TriTrypDB,,
LmjF.35.4720,19961881,TriTrypDB,,
LmjF.35.4770,20614016,TriTrypDB,,
LmjF.35.5010,17548090,TriTrypDB,,
LmjF.35.5010,16164760,TriTrypDB,,
LmjF.35.5040,20675580,TriTrypDB,,
LmjF.35.5190,16164760,TriTrypDB,,
LmjF.35.5250,20382188,TriTrypDB,,
LmjF.35.snoRNA0151,17189491,TriTrypDB,,
LmjF.35.snoRNA0152,17189491,TriTrypDB,,
LmjF.35.snoRNA0153,17189491,TriTrypDB,,
LmjF.35.snoRNA0154,17189491,TriTrypDB,,
LmjF.35.snoRNA0155,17189491,TriTrypDB,,
LmjF.35.snoRNA0156,17189491,TriTrypDB,,
LmjF.35.snoRNA0157,17189491,TriTrypDB,,
LmjF.35.snoRNA0158,17189491,TriTrypDB,,
LmjF.35.snoRNA0159,17189491,TriTrypDB,,
LmjF.35.snoRNA0160,17189491,TriTrypDB,,
LmjF.35.snoRNA0161,17189491,TriTrypDB,,
LmjF.35.snoRNA0162,17189491,TriTrypDB,,
LmjF.35.snoRNA0163,17189491,TriTrypDB,,
LmjF.35.snoRNA0164,17189491,TriTrypDB,,
LmjF.35.snoRNA0165,17189491,TriTrypDB,,
LmjF.35.snoRNA0166,17189491,TriTrypDB,,
LmjF.35.snoRNA0167,17189491,TriTrypDB,,
LmjF.35.snoRNA0168,17189491,TriTrypDB,,
LmjF.35.snoRNA0169,17189491,TriTrypDB,,
LmjF.35.snoRNA0170,17189491,TriTrypDB,,
LmjF.35.snoRNA0171,17189491,TriTrypDB,,
LmjF.35.snoRNA0172,17189491,TriTrypDB,,
LmjF.35.snoRNA0173,17189491,TriTrypDB,,
LmjF.35.snoRNA0174,17189491,TriTrypDB,,
LmjF.35.snoRNA0175,17189491,TriTrypDB,,
LmjF.35.snoRNA0176,17189491,TriTrypDB,,
LmjF.35.snoRNA0177,17189491,TriTrypDB,,
LmjF.35.snoRNA0178,17189491,TriTrypDB,,
LmjF.35.snoRNA0179,17189491,TriTrypDB,,
LmjF.35.snoRNA0180,17189491,TriTrypDB,,
LmjF.35.snoRNA0181,17189491,TriTrypDB,,
LmjF.35.snoRNA0182,17189491,TriTrypDB,,
LmjF.35.snoRNA0183,17189491,TriTrypDB,,
LmjF.35.snoRNA0184,17189491,TriTrypDB,,
LmjF.35.snoRNA0185,17189491,TriTrypDB,,
LmjF.35.snoRNA0186,17189491,TriTrypDB,,
LmjF.35.snoRNA0187,17189491,TriTrypDB,,
LmjF.35.snoRNA0188,17189491,TriTrypDB,,
LmjF.35.snoRNA0189,17189491,TriTrypDB,,
LmjF.35.snoRNA0190,17189491,TriTrypDB,,
LmjF.35.snoRNA0191,17189491,TriTrypDB,,
LmjF.35.snoRNA0192,17189491,TriTrypDB,,
LmjF.35.snoRNA0193,17189491,TriTrypDB,,
LmjF.35.snoRNA0194,17189491,TriTrypDB,,
LmjF.35.snoRNA0195,17189491,TriTrypDB,,
LmjF.35.snoRNA0196,17189491,TriTrypDB,,
LmjF.35.snoRNA0197,17189491,TriTrypDB,,
LmjF.35.snoRNA0198,17189491,TriTrypDB,,
LmjF.35.snoRNA0199,17189491,TriTrypDB,,
LmjF.35.snoRNA0200,17189491,TriTrypDB,,
LmjF.35.snoRNA0201,17189491,TriTrypDB,,
LmjF.35.snoRNA0202,17189491,TriTrypDB,,
LmjF.35.snoRNA0203,17189491,TriTrypDB,,
LmjF.35.snoRNA0204,17189491,TriTrypDB,,
LmjF.35.snoRNA0205,17189491,TriTrypDB,,
LmjF.35.snoRNA0206,17189491,TriTrypDB,,
LmjF.35.snoRNA0207,17189491,TriTrypDB,,
LmjF.35.snoRNA0208,17189491,TriTrypDB,,
LmjF.35.snoRNA0209,17189491,TriTrypDB,,
LmjF.35.snoRNA0210,17189491,TriTrypDB,,
LmjF.35.snoRNA0211,17189491,TriTrypDB,,
LmjF.35.snoRNA0212,17189491,TriTrypDB,,
LmjF.35.snoRNA0213,17189491,TriTrypDB,,
LmjF.35.snoRNA0214,17189491,TriTrypDB,,
LmjF.35.snoRNA0215,17189491,TriTrypDB,,
LmjF.35.snoRNA0216,17189491,TriTrypDB,,
LmjF.35.snoRNA0217,17189491,TriTrypDB,,
LmjF.35.snoRNA0218,17189491,TriTrypDB,,
LmjF.35.snoRNA0219,17189491,TriTrypDB,,
LmjF.35.snoRNA0220,17189491,TriTrypDB,,
LmjF.35.snoRNA0221,17189491,TriTrypDB,,
LmjF.35.snoRNA0222,17189491,TriTrypDB,,
LmjF.35.snoRNA0223,17189491,TriTrypDB,,
LmjF.35.snoRNA0224,17189491,TriTrypDB,,
LmjF.36.0010,12604613,TriTrypDB,,
LmjF.36.0050,20180988,TriTrypDB,,
LmjF.36.0220,10329621,TriTrypDB,,
LmjF.36.0250,25539953,TriTrypDB,,
LmjF.36.0460,17026746,TriTrypDB,,
LmjF.36.0650,12958211,TriTrypDB,,
LmjF.36.0720,17548090,TriTrypDB,,
LmjF.36.0900,16164760,TriTrypDB,,
LmjF.36.1200,20382188,TriTrypDB,,
LmjF.36.1260,10551371,TriTrypDB,,
LmjF.36.1520,16164760,TriTrypDB,,
LmjF.36.1530,16164760,TriTrypDB,,
LmjF.36.1540,20685283,TriTrypDB,,
LmjF.36.1710,20382188,TriTrypDB,,
LmjF.36.1820,17188763,TriTrypDB,,
LmjF.36.1900,28935715,TriTrypDB,,
LmjF.36.1960,22676716,TriTrypDB,,
LmjF.36.2050,18039372,TriTrypDB,,
LmjF.36.2230,17026746,TriTrypDB,,
LmjF.36.2290,16164760,TriTrypDB,,
LmjF.36.2320,17904661,TriTrypDB,,
LmjF.36.2390,18485498,TriTrypDB,,
LmjF.36.2540,18364711,TriTrypDB,,
LmjF.36.2890,17030997,TriTrypDB,,
LmjF.36.2950,18364711,TriTrypDB,,
LmjF.36.3130,20614016,TriTrypDB,,
LmjF.36.3360,30378479,TriTrypDB,,
LmjF.36.3590,19296828,TriTrypDB,,
LmjF.36.3880,25539953,TriTrypDB,,
LmjF.36.3930,16091631,TriTrypDB,,
LmjF.36.3930,16416120,TriTrypDB,,
LmjF.36.3980,22532828,TriTrypDB,,
LmjF.36.4180,20382188,TriTrypDB,,
LmjF.36.4250,16164760,TriTrypDB,,
LmjF.36.4380,16920028,TriTrypDB,,
LmjF.36.4770,22396527,TriTrypDB,,
LmjF.36.5410,18812192,TriTrypDB,,
LmjF.36.5410,23908029,TriTrypDB,,
LmjF.36.5540,16766053,TriTrypDB,,
LmjF.36.5880,17188763,TriTrypDB,,
LmjF.36.6060,15694484,TriTrypDB,,
LmjF.36.6070,21437209,TriTrypDB,,
LmjF.36.6350,21743004,TriTrypDB,,
LmjF.36.6390,17032644,TriTrypDB,,
LmjF.36.6470,16164760,TriTrypDB,,
LmjF.36.6470,9564044,TriTrypDB,,
LmjF.36.6540,31149349,TriTrypDB,,
LmjF.36.6650,15096219,TriTrypDB,,
LmjF.36.6950,16403015,TriTrypDB,,
LmjF.36.6980,25539953,TriTrypDB,,
LmjF.36.6995,17012283,TriTrypDB,,
LmjF.36.snoRNA0058,17189491,TriTrypDB,,
LmjF.36.snoRNA0059,17189491,TriTrypDB,,
LmjF.36.snoRNA0060,17189491,TriTrypDB,,
LmjF.36.snoRNA0061,17189491,TriTrypDB,,
LmjF.36.snoRNA0062,17189491,TriTrypDB,,
LmjF.36.snoRNA0063,17189491,TriTrypDB,,
LmjF.36.snoRNA0064,17189491,TriTrypDB,,
LmjF.36.snoRNA0065,17189491,TriTrypDB,,
LmjF.36.snoRNA0066,17189491,TriTrypDB,,
LmjF.36.snoRNA0067,17189491,TriTrypDB,,
LmjF.36.snoRNA0068,17189491,TriTrypDB,,
LmjF.36.snoRNA0069,17189491,TriTrypDB,,
LmjF.36.snoRNA0070,17189491,TriTrypDB,,
LmjF.36.snoRNA0071,17189491,TriTrypDB,,
LmjF.36.snoRNA0072,17189491,TriTrypDB,,
LmjF.36.snoRNA0073,17189491,TriTrypDB,,
LmjF.36.snoRNA0074,17189491,TriTrypDB,,
LmjF.36.snoRNA0075,17189491,TriTrypDB,,
LmjF.36.snoRNA0076,17189491,TriTrypDB,,
LmjF.36.snoRNA0077,17189491,TriTrypDB,,
LmjF.36.snoRNA0078,17189491,TriTrypDB,,
LmjF.36.snoRNA0079,17189491,TriTrypDB,,
LmjF.36.snoRNA0080,17189491,TriTrypDB,,
LmjF.36.snoRNA0081,17189491,TriTrypDB,,
LmjF.36.snoRNA0082,17189491,TriTrypDB,,
LmjF.36.snoRNA0083,17189491,TriTrypDB,,
LmjF.36.snoRNA0084,17189491,TriTrypDB,,
LmjF.36.snoRNA0085,17189491,TriTrypDB,,
LmjF.36.snoRNA0086,17189491,TriTrypDB,,
TcCLB.398477.10,22039427,TriTrypDB,,
TcCLB.405737.4,22532828,TriTrypDB,,
TcCLB.407335.9,20382188,TriTrypDB,,
TcCLB.408825.5,19336417,TriTrypDB,,
TcCLB.410199.30,22039427,TriTrypDB,,
TcCLB.410199.4,16164760,TriTrypDB,,
TcCLB.414243.29,8708965,TriTrypDB,,
TcCLB.416891.9,16164760,TriTrypDB,,
TcCLB.422031.10,17062572,TriTrypDB,,
TcCLB.425855.9,16164760,TriTrypDB,,
TcCLB.427091.10,17062572,TriTrypDB,,
TcCLB.430603.10,19336417,TriTrypDB,,
TcCLB.433237.20,19336417,TriTrypDB,,
TcCLB.440099.28,16164760,TriTrypDB,,
TcCLB.442801.5,19336417,TriTrypDB,,
TcCLB.457979.10,19336417,TriTrypDB,,
TcCLB.463451.10,16164760,TriTrypDB,,
TcCLB.463955.20,19336417,TriTrypDB,,
TcCLB.476733.29,19497128,TriTrypDB,,
TcCLB.485683.10,22966087,TriTrypDB,,
TcCLB.503463.30,16164760,TriTrypDB,,
TcCLB.503473.10,16164760,TriTrypDB,,
TcCLB.503491.19,19336417,TriTrypDB,,
TcCLB.503491.39,19336417,TriTrypDB,,
TcCLB.503497.10,19336417,TriTrypDB,,
TcCLB.503519.30,19336417,TriTrypDB,,
TcCLB.503555.20,33168716,TriTrypDB,,
TcCLB.503563.10,11382780,TriTrypDB,,
TcCLB.503583.80,18039372,TriTrypDB,,
TcCLB.503617.10,16164760,TriTrypDB,,
TcCLB.503635.10,16164760,TriTrypDB,,
TcCLB.503645.10,19336417,TriTrypDB,,
TcCLB.503645.40,19336417,TriTrypDB,,
TcCLB.503657.70,18039372,TriTrypDB,,
TcCLB.503681.20,20382188,TriTrypDB,,
TcCLB.503703.70,18364347,TriTrypDB,,
TcCLB.503733.70,22676716,TriTrypDB,,
TcCLB.503771.10,19336417,TriTrypDB,,
TcCLB.503771.90,19336417,TriTrypDB,,
TcCLB.503781.20,20382188,TriTrypDB,,
TcCLB.503809.149,16753168,TriTrypDB,,
TcCLB.503809.20,17188680,TriTrypDB,,
TcCLB.503823.104,20382188,TriTrypDB,,
TcCLB.503849.40,19336417,TriTrypDB,,
TcCLB.503851.10,21357738,TriTrypDB,,
TcCLB.503861.40,22039427,TriTrypDB,,
TcCLB.503891.110,20382188,TriTrypDB,,
TcCLB.503923.50,12958211,TriTrypDB,,
TcCLB.503923.50,20382188,TriTrypDB,,
TcCLB.503925.30,16164760,TriTrypDB,,
TcCLB.503925.80,20382188,TriTrypDB,,
TcCLB.503947.20,19336417,TriTrypDB,,
TcCLB.503973.120,19336417,TriTrypDB,,
TcCLB.503973.150,19336417,TriTrypDB,,
TcCLB.503973.190,19336417,TriTrypDB,,
TcCLB.503973.240,19336417,TriTrypDB,,
TcCLB.503973.280,19336417,TriTrypDB,,
TcCLB.503973.50,19336417,TriTrypDB,,
TcCLB.503973.80,19336417,TriTrypDB,,
TcCLB.503993.10,22039427,TriTrypDB,,
TcCLB.503999.20,21124853,TriTrypDB,,
TcCLB.503999.90,16339728,TriTrypDB,,
TcCLB.504001.6,16164760,TriTrypDB,,
TcCLB.504013.70,17244817,TriTrypDB,,
TcCLB.504015.11,19336417,TriTrypDB,,
TcCLB.504021.20,18039372,TriTrypDB,,
TcCLB.504037.10,32709751,TriTrypDB,,
TcCLB.504037.10,26752206,TriTrypDB,,
TcCLB.504045.60,17007610,TriTrypDB,,
TcCLB.504069.100,17543398,TriTrypDB,,
TcCLB.504069.120,24637744,TriTrypDB,,
TcCLB.504069.4,25468729,TriTrypDB,,
TcCLB.504071.30,33168716,TriTrypDB,,
TcCLB.504081.170,19336417,TriTrypDB,,
TcCLB.504081.350,19336417,TriTrypDB,,
TcCLB.504081.40,19336417,TriTrypDB,,
TcCLB.504081.400,19336417,TriTrypDB,,
TcCLB.504081.420,19336417,TriTrypDB,,
TcCLB.504081.460,19336417,TriTrypDB,,
TcCLB.504081.490,19336417,TriTrypDB,,
TcCLB.504081.50,19336417,TriTrypDB,,
TcCLB.504081.530,19336417,TriTrypDB,,
TcCLB.504081.540,22039427,TriTrypDB,,
TcCLB.504081.80,22039427,TriTrypDB,,
TcCLB.504081.90,19336417,TriTrypDB,,
TcCLB.504085.60,31190664,TriTrypDB,,
TcCLB.504085.70,20444260,TriTrypDB,,
TcCLB.504093.10,18534579,TriTrypDB,,
TcCLB.504105.140,12869196,TriTrypDB,,
TcCLB.504105.60,33168716,TriTrypDB,,
TcCLB.504109.50,18039372,TriTrypDB,,
TcCLB.504113.10,16164760,TriTrypDB,,
TcCLB.504115.10,22039427,TriTrypDB,,
TcCLB.504115.60,22039427,TriTrypDB,,
TcCLB.504155.10,19336417,TriTrypDB,,
TcCLB.504155.160,19336417,TriTrypDB,,
TcCLB.504155.20,22039427,TriTrypDB,,
TcCLB.504155.230,19336417,TriTrypDB,,
TcCLB.504155.293,19336417,TriTrypDB,,
TcCLB.504155.43,19336417,TriTrypDB,,
TcCLB.504155.80,19336417,TriTrypDB,,
TcCLB.504157.130,30870417,TriTrypDB,,
TcCLB.504175.40,18039372,TriTrypDB,,
TcCLB.504183.20,22039427,TriTrypDB,,
TcCLB.504185.30,18039372,TriTrypDB,,
TcCLB.504197.20,19336417,TriTrypDB,,
TcCLB.504197.5,19336417,TriTrypDB,,
TcCLB.504249.111,19336417,TriTrypDB,,
TcCLB.504249.30,19336417,TriTrypDB,,
TcCLB.504257.9,22966087,TriTrypDB,,
TcCLB.504261.100,19336417,TriTrypDB,,
TcCLB.504261.20,22039427,TriTrypDB,,
TcCLB.504261.40,19336417,TriTrypDB,,
TcCLB.504493.10,19336417,TriTrypDB,,
TcCLB.504533.40,22039427,TriTrypDB,,
TcCLB.504689.20,19336417,TriTrypDB,,
TcCLB.504741.170,18039372,TriTrypDB,,
TcCLB.504741.200,18039372,TriTrypDB,,
TcCLB.504797.120,18039372,TriTrypDB,,
TcCLB.504827.130,15694484,TriTrypDB,,
TcCLB.504911.20,19336417,TriTrypDB,,
TcCLB.504949.30,19122194,TriTrypDB,,
TcCLB.505037.60,16164760,TriTrypDB,,
TcCLB.505071.140,16164760,TriTrypDB,,
TcCLB.505071.30,16164760,TriTrypDB,,
TcCLB.505071.60,16164760,TriTrypDB,,
TcCLB.505163.80,20382188,TriTrypDB,,
TcCLB.505183.20,21105905,TriTrypDB,,
TcCLB.505193.10,18039372,TriTrypDB,,
TcCLB.505207.10,22039427,TriTrypDB,,
TcCLB.505297.60,19336417,TriTrypDB,,
TcCLB.505997.80,22039427,TriTrypDB,,
TcCLB.505999.100,11704279,TriTrypDB,,
TcCLB.506001.14,19336417,TriTrypDB,,
TcCLB.506001.40,22039427,TriTrypDB,,
TcCLB.506001.50,19336417,TriTrypDB,,
TcCLB.506009.10,29409763,TriTrypDB,,
TcCLB.506053.50,22039427,TriTrypDB,,
TcCLB.506123.30,16164760,TriTrypDB,,
TcCLB.506137.27,19336417,TriTrypDB,,
TcCLB.506137.60,19336417,TriTrypDB,,
TcCLB.506139.1,19336417,TriTrypDB,,
TcCLB.506139.10,19336417,TriTrypDB,,
TcCLB.506139.110,19336417,TriTrypDB,,
TcCLB.506139.120,22039427,TriTrypDB,,
TcCLB.506139.160,19336417,TriTrypDB,,
TcCLB.506139.40,19336417,TriTrypDB,,
TcCLB.506139.70,19336417,TriTrypDB,,
TcCLB.506175.80,33168716,TriTrypDB,,
TcCLB.506177.110,31091170,TriTrypDB,,
TcCLB.506201.120,18039372,TriTrypDB,,
TcCLB.506241.30,22039427,TriTrypDB,,
TcCLB.506247.80,26500280,TriTrypDB,,
TcCLB.506275.9,22532828,TriTrypDB,,
TcCLB.506279.10,22039427,TriTrypDB,,
TcCLB.506279.140,22039427,TriTrypDB,,
TcCLB.506279.160,19336417,TriTrypDB,,
TcCLB.506279.19,19336417,TriTrypDB,,
TcCLB.506279.220,19336417,TriTrypDB,,
TcCLB.506279.60,22039427,TriTrypDB,,
TcCLB.506279.74,19336417,TriTrypDB,,
TcCLB.506281.100,19336417,TriTrypDB,,
TcCLB.506281.134,19336417,TriTrypDB,,
TcCLB.506295.120,20190075,TriTrypDB,,
TcCLB.506295.80,20653091,TriTrypDB,,
TcCLB.506297.110,30378479,TriTrypDB,,
TcCLB.506301.60,32010635,TriTrypDB,,
TcCLB.506303.60,16164760,TriTrypDB,,
TcCLB.506315.90,16164760,TriTrypDB,,
TcCLB.506321.120,19336417,TriTrypDB,,
TcCLB.506321.140,19336417,TriTrypDB,,
TcCLB.506321.20,19336417,TriTrypDB,,
TcCLB.506321.200,19336417,TriTrypDB,,
TcCLB.506321.320,19911988,TriTrypDB,,
TcCLB.506321.50,19336417,TriTrypDB,,
TcCLB.506327.70,20685283,TriTrypDB,,
TcCLB.506327.90,16164760,TriTrypDB,,
TcCLB.506329.59,19336417,TriTrypDB,,
TcCLB.506329.79,19336417,TriTrypDB,,
TcCLB.506329.9,19336417,TriTrypDB,,
TcCLB.506331.130,22039427,TriTrypDB,,
TcCLB.506331.139,19336417,TriTrypDB,,
TcCLB.506331.90,22039427,TriTrypDB,,
TcCLB.506335.100,19336417,TriTrypDB,,
TcCLB.506335.130,22039427,TriTrypDB,,
TcCLB.506335.150,19336417,TriTrypDB,,
TcCLB.506335.50,19336417,TriTrypDB,,
TcCLB.506335.69,19336417,TriTrypDB,,
TcCLB.506337.100,20957201,TriTrypDB,,
TcCLB.506337.80,20957201,TriTrypDB,,
TcCLB.506337.90,20957201,TriTrypDB,,
TcCLB.506339.10,22039427,TriTrypDB,,
TcCLB.506339.40,19336417,TriTrypDB,,
TcCLB.506427.10,22039427,TriTrypDB,,
TcCLB.506435.50,30506377,TriTrypDB,,
TcCLB.506443.100,22039427,TriTrypDB,,
TcCLB.506445.100,21264253,TriTrypDB,,
TcCLB.506445.110,30251664,TriTrypDB,,
TcCLB.506459.10,19336417,TriTrypDB,,
TcCLB.506459.130,19336417,TriTrypDB,,
TcCLB.506459.149,19336417,TriTrypDB,,
TcCLB.506459.180,22039427,TriTrypDB,,
TcCLB.506459.230,22039427,TriTrypDB,,
TcCLB.506459.299,19336417,TriTrypDB,,
TcCLB.506469.30,16164760,TriTrypDB,,
TcCLB.506469.80,16164760,TriTrypDB,,
TcCLB.506471.100,22039427,TriTrypDB,,
TcCLB.506471.120,22039427,TriTrypDB,,
TcCLB.506471.30,22039427,TriTrypDB,,
TcCLB.506475.14,20382188,TriTrypDB,,
TcCLB.506477.60,16164760,TriTrypDB,,
TcCLB.506479.120,20382188,TriTrypDB,,
TcCLB.506479.130,20382188,TriTrypDB,,
TcCLB.506489.50,18039372,TriTrypDB,,
TcCLB.506509.60,31795916,TriTrypDB,,
TcCLB.506537.200,22039427,TriTrypDB,,
TcCLB.506537.80,22039427,TriTrypDB,,
TcCLB.506559.129,25658109,TriTrypDB,,
TcCLB.506559.190,18039372,TriTrypDB,,
TcCLB.506559.420,20382188,TriTrypDB,,
TcCLB.506559.430,30506377,TriTrypDB,,
TcCLB.506573.5,20957201,TriTrypDB,,
TcCLB.506575.60,20382188,TriTrypDB,,
TcCLB.506575.9,33168716,TriTrypDB,,
TcCLB.506577.80,22039427,TriTrypDB,,
TcCLB.506581.10,10329621,TriTrypDB,,
TcCLB.506583.40,12034456,TriTrypDB,,
TcCLB.506593.60,21819459,TriTrypDB,,
TcCLB.506595.40,22039427,TriTrypDB,,
TcCLB.506611.10,19336417,TriTrypDB,,
TcCLB.506611.40,19336417,TriTrypDB,,
TcCLB.506613.110,19336417,TriTrypDB,,
TcCLB.506613.20,19336417,TriTrypDB,,
TcCLB.506613.40,22039427,TriTrypDB,,
TcCLB.506613.50,19336417,TriTrypDB,,
TcCLB.506615.100,19336417,TriTrypDB,,
TcCLB.506615.150,22039427,TriTrypDB,,
TcCLB.506615.29,19336417,TriTrypDB,,
TcCLB.506617.10,30870417,TriTrypDB,,
TcCLB.506617.20,30870417,TriTrypDB,,
TcCLB.506629.120,33168716,TriTrypDB,,
TcCLB.506629.200,18364711,TriTrypDB,,
TcCLB.506643.10,19336417,TriTrypDB,,
TcCLB.506679.80,16164760,TriTrypDB,,
TcCLB.506681.10,18840477,TriTrypDB,,
TcCLB.506681.70,19497128,TriTrypDB,,
TcCLB.506711.10,23877697,TriTrypDB,,
TcCLB.506723.20,22039427,TriTrypDB,,
TcCLB.506751.100,19336417,TriTrypDB,,
TcCLB.506751.20,19336417,TriTrypDB,,
TcCLB.506751.50,22039427,TriTrypDB,,
TcCLB.506781.19,19336417,TriTrypDB,,
TcCLB.506781.39,19336417,TriTrypDB,,
TcCLB.506783.39,19336417,TriTrypDB,,
TcCLB.506785.14,19336417,TriTrypDB,,
TcCLB.506787.19,19336417,TriTrypDB,,
TcCLB.506789.11,19336417,TriTrypDB,,
TcCLB.506789.150,32010635,TriTrypDB,,
TcCLB.506789.20,22039427,TriTrypDB,,
TcCLB.506789.50,19336417,TriTrypDB,,
TcCLB.506791.70,18367671,TriTrypDB,,
TcCLB.506805.10,19336417,TriTrypDB,,
TcCLB.506815.20,30870417,TriTrypDB,,
TcCLB.506815.40,22396527,TriTrypDB,,
TcCLB.506817.79,22396527,TriTrypDB,,
TcCLB.506821.30,20382188,TriTrypDB,,
TcCLB.506831.40,14699057,TriTrypDB,,
TcCLB.506831.60,33168716,TriTrypDB,,
TcCLB.506831.66,33168716,TriTrypDB,,
TcCLB.506833.30,18039372,TriTrypDB,,
TcCLB.506839.10,16164760,TriTrypDB,,
TcCLB.506841.20,22039427,TriTrypDB,,
TcCLB.506851.10,16608878,TriTrypDB,,
TcCLB.506853.30,17601874,TriTrypDB,,
TcCLB.506855.340,19429779,TriTrypDB,,
TcCLB.506955.14,19336417,TriTrypDB,,
TcCLB.506955.150,19336417,TriTrypDB,,
TcCLB.506955.184,19336417,TriTrypDB,,
TcCLB.506955.212,19336417,TriTrypDB,,
TcCLB.506955.240,22039427,TriTrypDB,,
TcCLB.506955.244,19336417,TriTrypDB,,
TcCLB.506955.270,22039427,TriTrypDB,,
TcCLB.506955.70,19336417,TriTrypDB,,
TcCLB.506955.99,19336417,TriTrypDB,,
TcCLB.506959.64,20382188,TriTrypDB,,
TcCLB.506975.80,22039427,TriTrypDB,,
TcCLB.506975.90,22039427,TriTrypDB,,
TcCLB.506977.10,18039372,TriTrypDB,,
TcCLB.506977.60,30415698,TriTrypDB,,
TcCLB.506993.130,19336417,TriTrypDB,,
TcCLB.506993.180,19336417,TriTrypDB,,
TcCLB.506993.31,19336417,TriTrypDB,,
TcCLB.506993.86,19336417,TriTrypDB,,
TcCLB.506995.70,19336417,TriTrypDB,,
TcCLB.506999.180,16164760,TriTrypDB,,
TcCLB.507007.40,30415698,TriTrypDB,,
TcCLB.507019.10,16164760,TriTrypDB,,
TcCLB.507019.40,20132829,TriTrypDB,,
TcCLB.507019.60,33168716,TriTrypDB,,
TcCLB.507021.10,16164760,TriTrypDB,,
TcCLB.507023.180,16164760,TriTrypDB,,
TcCLB.507023.280,23409202,TriTrypDB,,
TcCLB.507023.40,16164760,TriTrypDB,,
TcCLB.507025.50,18840477,TriTrypDB,,
TcCLB.507025.60,18840477,TriTrypDB,,
TcCLB.507031.60,15743819,TriTrypDB,,
TcCLB.507049.190,19122194,TriTrypDB,,
TcCLB.507049.70,30415698,TriTrypDB,,
TcCLB.507053.120,30506377,TriTrypDB,,
TcCLB.507053.140,30415698,TriTrypDB,,
TcCLB.507057.20,15657034,TriTrypDB,,
TcCLB.507057.30,20418380,TriTrypDB,,
TcCLB.507059.20,22039427,TriTrypDB,,
TcCLB.507059.50,22039427,TriTrypDB,,
TcCLB.507061.20,33168716,TriTrypDB,,
TcCLB.507063.130,16164760,TriTrypDB,,
TcCLB.507063.180,30506377,TriTrypDB,,
TcCLB.507063.340,19336417,TriTrypDB,,
TcCLB.507063.70,22039427,TriTrypDB,,
TcCLB.507065.127,19336417,TriTrypDB,,
TcCLB.507065.29,19336417,TriTrypDB,,
TcCLB.507065.60,19336417,TriTrypDB,,
TcCLB.507067.30,19336417,TriTrypDB,,
TcCLB.507067.60,19336417,TriTrypDB,,
TcCLB.507069.10,19336417,TriTrypDB,,
TcCLB.507069.130,19336417,TriTrypDB,,
TcCLB.507069.150,19336417,TriTrypDB,,
TcCLB.507069.160,22039427,TriTrypDB,,
TcCLB.507069.180,19336417,TriTrypDB,,
TcCLB.507069.220,19336417,TriTrypDB,,
TcCLB.507069.40,22039427,TriTrypDB,,
TcCLB.507069.50,19336417,TriTrypDB,,
TcCLB.507069.94,19336417,TriTrypDB,,
TcCLB.507071.10,22039427,TriTrypDB,,
TcCLB.507071.100,19336417,TriTrypDB,,
TcCLB.507071.120,19336417,TriTrypDB,,
TcCLB.507071.140,19336417,TriTrypDB,,
TcCLB.507071.180,19336417,TriTrypDB,,
TcCLB.507071.190,22039427,TriTrypDB,,
TcCLB.507071.20,19336417,TriTrypDB,,
TcCLB.507071.220,19336417,TriTrypDB,,
TcCLB.507071.230,22039427,TriTrypDB,,
TcCLB.507071.240,19336417,TriTrypDB,,
TcCLB.507071.310,19336417,TriTrypDB,,
TcCLB.507071.349,19336417,TriTrypDB,,
TcCLB.507071.380,19336417,TriTrypDB,,
TcCLB.507071.390,22039427,TriTrypDB,,
TcCLB.507071.70,19336417,TriTrypDB,,
TcCLB.507071.80,22039427,TriTrypDB,,
TcCLB.507081.130,18364711,TriTrypDB,,
TcCLB.507081.50,18039372,TriTrypDB,,
TcCLB.507085.150,19336417,TriTrypDB,,
TcCLB.507085.30,22039427,TriTrypDB,,
TcCLB.507085.70,19336417,TriTrypDB,,
TcCLB.507167.80,22039427,TriTrypDB,,
TcCLB.507205.10,19336417,TriTrypDB,,
TcCLB.507209.10,30956813,TriTrypDB,,
TcCLB.507221.20,21743004,TriTrypDB,,
TcCLB.507233.10,22039427,TriTrypDB,,
TcCLB.507241.30,10625703,TriTrypDB,,
TcCLB.507491.151,7818488,TriTrypDB,,
TcCLB.507491.162,7818488,TriTrypDB,,
TcCLB.507491.59,21264253,TriTrypDB,,
TcCLB.507491.90,16164760,TriTrypDB,,
TcCLB.507513.100,33168716,TriTrypDB,,
TcCLB.507601.10,18039372,TriTrypDB,,
TcCLB.507605.13,19336417,TriTrypDB,,
TcCLB.507609.40,16403015,TriTrypDB,,
TcCLB.507609.60,20382188,TriTrypDB,,
TcCLB.507623.90,16164760,TriTrypDB,,
TcCLB.507633.110,19336417,TriTrypDB,,
TcCLB.507633.21,19336417,TriTrypDB,,
TcCLB.507633.59,19336417,TriTrypDB,,
TcCLB.507633.80,22039427,TriTrypDB,,
TcCLB.507637.150,19336417,TriTrypDB,,
TcCLB.507637.180,19336417,TriTrypDB,,
TcCLB.507637.45,19336417,TriTrypDB,,
TcCLB.507681.20,18364711,TriTrypDB,,
TcCLB.507681.70,33168716,TriTrypDB,,
TcCLB.507687.70,19336417,TriTrypDB,,
TcCLB.507723.100,17012283,TriTrypDB,,
TcCLB.507723.50,22039427,TriTrypDB,,
TcCLB.507753.10,22039427,TriTrypDB,,
TcCLB.507765.100,30415698,TriTrypDB,,
TcCLB.507765.20,19714224,TriTrypDB,,
TcCLB.507767.10,18364711,TriTrypDB,,
TcCLB.507769.30,30378479,TriTrypDB,,
TcCLB.507773.10,22039427,TriTrypDB,,
TcCLB.507801.179,25964650,TriTrypDB,,
TcCLB.507801.240,19336417,TriTrypDB,,
TcCLB.507801.70,16164760,TriTrypDB,,
TcCLB.507857.50,18039372,TriTrypDB,,
TcCLB.507857.70,18039372,TriTrypDB,,
TcCLB.507891.29,7818488,TriTrypDB,,
TcCLB.507891.38,7818488,TriTrypDB,,
TcCLB.507891.47,7818488,TriTrypDB,,
TcCLB.507891.56,7818488,TriTrypDB,,
TcCLB.507895.124,1694571,TriTrypDB,,
TcCLB.507897.20,24789335,TriTrypDB,,
TcCLB.507897.30,16164760,TriTrypDB,,
TcCLB.507897.4,18364711,TriTrypDB,,
TcCLB.507913.20,20382188,TriTrypDB,,
TcCLB.507937.20,19336417,TriTrypDB,,
TcCLB.507937.50,19336417,TriTrypDB,,
TcCLB.507949.210,22039427,TriTrypDB,,
TcCLB.507949.219,19336417,TriTrypDB,,
TcCLB.507951.114,21854779,TriTrypDB,,
TcCLB.507951.160,19122194,TriTrypDB,,
TcCLB.507951.299,21247153,TriTrypDB,,
TcCLB.507969.30,18364711,TriTrypDB,,
TcCLB.507991.123,19122194,TriTrypDB,,
TcCLB.507991.20,16164760,TriTrypDB,,
TcCLB.508045.120,22039427,TriTrypDB,,
TcCLB.508061.20,22039427,TriTrypDB,,
TcCLB.508065.70,19444208,TriTrypDB,,
TcCLB.508111.30,9480915,TriTrypDB,,
TcCLB.508117.20,19336417,TriTrypDB,,
TcCLB.508119.20,19336417,TriTrypDB,,
TcCLB.508139.130,22039427,TriTrypDB,,
TcCLB.508139.240,22039427,TriTrypDB,,
TcCLB.508139.250,22039427,TriTrypDB,,
TcCLB.508153.1040,15657034,TriTrypDB,,
TcCLB.508153.1090,33168716,TriTrypDB,,
TcCLB.508153.210,18039372,TriTrypDB,,
TcCLB.508153.330,18637903,TriTrypDB,,
TcCLB.508153.340,31838765,TriTrypDB,,
TcCLB.508153.380,22532828,TriTrypDB,,
TcCLB.508153.400,16164760,TriTrypDB,,
TcCLB.508153.510,16164760,TriTrypDB,,
TcCLB.508153.570,16164760,TriTrypDB,,
TcCLB.508153.840,18039372,TriTrypDB,,
TcCLB.508171.10,22039427,TriTrypDB,,
TcCLB.508173.120,26565791,TriTrypDB,,
TcCLB.508175.80,16164760,TriTrypDB,,
TcCLB.508219.10,19336417,TriTrypDB,,
TcCLB.508219.110,19336417,TriTrypDB,,
TcCLB.508219.20,22039427,TriTrypDB,,
TcCLB.508219.70,19336417,TriTrypDB,,
TcCLB.508221.1010,19336417,TriTrypDB,,
TcCLB.508221.104,19336417,TriTrypDB,,
TcCLB.508221.150,19336417,TriTrypDB,,
TcCLB.508221.170,19336417,TriTrypDB,,
TcCLB.508221.180,22039427,TriTrypDB,,
TcCLB.508221.210,19336417,TriTrypDB,,
TcCLB.508221.30,19336417,TriTrypDB,,
TcCLB.508221.320,19336417,TriTrypDB,,
TcCLB.508221.329,19336417,TriTrypDB,,
TcCLB.508221.360,19336417,TriTrypDB,,
TcCLB.508221.381,19336417,TriTrypDB,,
TcCLB.508221.400,22039427,TriTrypDB,,
TcCLB.508221.420,19336417,TriTrypDB,,
TcCLB.508221.460,19336417,TriTrypDB,,
TcCLB.508221.490,19336417,TriTrypDB,,
TcCLB.508221.509,19336417,TriTrypDB,,
TcCLB.508221.550,19336417,TriTrypDB,,
TcCLB.508221.580,19336417,TriTrypDB,,
TcCLB.508221.590,22039427,TriTrypDB,,
TcCLB.508221.600,19336417,TriTrypDB,,
TcCLB.508221.650,22039427,TriTrypDB,,
TcCLB.508221.660,19336417,TriTrypDB,,
TcCLB.508221.750,22039427,TriTrypDB,,
TcCLB.508221.790,22039427,TriTrypDB,,
TcCLB.508221.810,19336417,TriTrypDB,,
TcCLB.508221.820,19336417,TriTrypDB,,
TcCLB.508221.860,19336417,TriTrypDB,,
TcCLB.508221.870,22039427,TriTrypDB,,
TcCLB.508221.894,19336417,TriTrypDB,,
TcCLB.508221.920,19336417,TriTrypDB,,
TcCLB.508221.960,19336417,TriTrypDB,,
TcCLB.508221.970,19336417,TriTrypDB,,
TcCLB.508231.74,21743004,TriTrypDB,,
TcCLB.508243.10,19336417,TriTrypDB,,
TcCLB.508243.50,19336417,TriTrypDB,,
TcCLB.508245.40,19336417,TriTrypDB,,
TcCLB.508245.70,19336417,TriTrypDB,,
TcCLB.508247.130,19336417,TriTrypDB,,
TcCLB.508247.50,19336417,TriTrypDB,,
TcCLB.508247.80,19336417,TriTrypDB,,
TcCLB.508247.90,22039427,TriTrypDB,,
TcCLB.508251.31,19336417,TriTrypDB,,
TcCLB.508251.50,19336417,TriTrypDB,,
TcCLB.508257.104,33168716,TriTrypDB,,
TcCLB.508257.140,15294911,TriTrypDB,,
TcCLB.508257.210,18039372,TriTrypDB,,
TcCLB.508257.230,16164760,TriTrypDB,,
TcCLB.508261.130,19336417,TriTrypDB,,
TcCLB.508261.15,19336417,TriTrypDB,,
TcCLB.508261.50,19336417,TriTrypDB,,
TcCLB.508261.70,19336417,TriTrypDB,,
TcCLB.508305.20,19336417,TriTrypDB,,
TcCLB.508305.40,22039427,TriTrypDB,,
TcCLB.508305.50,19336417,TriTrypDB,,
TcCLB.508319.40,21687672,TriTrypDB,,
TcCLB.508355.100,20382188,TriTrypDB,,
TcCLB.508355.114,30415698,TriTrypDB,,
TcCLB.508355.190,20382188,TriTrypDB,,
TcCLB.508355.70,20382188,TriTrypDB,,
TcCLB.508355.80,22039427,TriTrypDB,,
TcCLB.508365.114,19336417,TriTrypDB,,
TcCLB.508365.160,19336417,TriTrypDB,,
TcCLB.508365.190,22039427,TriTrypDB,,
TcCLB.508365.200,19336417,TriTrypDB,,
TcCLB.508365.284,19336417,TriTrypDB,,
TcCLB.508365.4,19336417,TriTrypDB,,
TcCLB.508365.40,19336417,TriTrypDB,,
TcCLB.508397.40,19122194,TriTrypDB,,
TcCLB.508409.150,16164760,TriTrypDB,,
TcCLB.508409.160,19945457,TriTrypDB,,
TcCLB.508411.90,17259543,TriTrypDB,,
TcCLB.508413.40,18039372,TriTrypDB,,
TcCLB.508427.20,19336417,TriTrypDB,,
TcCLB.508427.40,19336417,TriTrypDB,,
TcCLB.508429.40,19336417,TriTrypDB,,
TcCLB.508433.10,19336417,TriTrypDB,,
TcCLB.508433.120,19336417,TriTrypDB,,
TcCLB.508433.180,19336417,TriTrypDB,,
TcCLB.508433.220,19336417,TriTrypDB,,
TcCLB.508433.233,19336417,TriTrypDB,,
TcCLB.508433.30,19336417,TriTrypDB,,
TcCLB.508433.40,22039427,TriTrypDB,,
TcCLB.508433.70,22039427,TriTrypDB,,
TcCLB.508433.90,19336417,TriTrypDB,,
TcCLB.508435.10,19336417,TriTrypDB,,
TcCLB.508435.30,19336417,TriTrypDB,,
TcCLB.508435.40,19336417,TriTrypDB,,
TcCLB.508435.70,19336417,TriTrypDB,,
TcCLB.508441.30,16164760,TriTrypDB,,
TcCLB.508445.30,16164760,TriTrypDB,,
TcCLB.508455.20,22039427,TriTrypDB,,
TcCLB.508457.20,30506377,TriTrypDB,,
TcCLB.508457.30,19961881,TriTrypDB,,
TcCLB.508461.230,16164760,TriTrypDB,,
TcCLB.508461.280,16164760,TriTrypDB,,
TcCLB.508461.290,21764780,TriTrypDB,,
TcCLB.508461.310,12117493,TriTrypDB,,
TcCLB.508461.340,33168716,TriTrypDB,,
TcCLB.508461.400,21354216,TriTrypDB,,
TcCLB.508479.280,30506377,TriTrypDB,,
TcCLB.508479.310,33168716,TriTrypDB,,
TcCLB.508493.110,19336417,TriTrypDB,,
TcCLB.508493.20,19336417,TriTrypDB,,
TcCLB.508493.50,19336417,TriTrypDB,,
TcCLB.508495.100,22039427,TriTrypDB,,
TcCLB.508495.150,19336417,TriTrypDB,,
TcCLB.508495.210,19336417,TriTrypDB,,
TcCLB.508495.80,19336417,TriTrypDB,,
TcCLB.508495.9,19336417,TriTrypDB,,
TcCLB.508499.20,19336417,TriTrypDB,,
TcCLB.508499.30,19336417,TriTrypDB,,
TcCLB.508501.280,33168716,TriTrypDB,,
TcCLB.508501.80,19336417,TriTrypDB,,
TcCLB.508503.60,16164760,TriTrypDB,,
TcCLB.508521.100,22039427,TriTrypDB,,
TcCLB.508521.20,22039427,TriTrypDB,,
TcCLB.508521.70,19336417,TriTrypDB,,
TcCLB.508523.30,22039427,TriTrypDB,,
TcCLB.508523.50,22039427,TriTrypDB,,
TcCLB.508523.80,25724722,TriTrypDB,,
TcCLB.508543.20,16164760,TriTrypDB,,
TcCLB.508543.60,18039372,TriTrypDB,,
TcCLB.508547.40,33168716,TriTrypDB,,
TcCLB.508593.10,22039427,TriTrypDB,,
TcCLB.508593.20,22039427,TriTrypDB,,
TcCLB.508601.50,18534909,TriTrypDB,,
TcCLB.508601.90,20097201,TriTrypDB,,
TcCLB.508613.74,19336417,TriTrypDB,,
TcCLB.508621.10,16164760,TriTrypDB,,
TcCLB.508629.120,19336417,TriTrypDB,,
TcCLB.508637.10,22039427,TriTrypDB,,
TcCLB.508637.160,18039372,TriTrypDB,,
TcCLB.508637.90,16037487,TriTrypDB,,
TcCLB.508645.40,30251664,TriTrypDB,,
TcCLB.508649.10,14711591,TriTrypDB,,
TcCLB.508661.60,12958211,TriTrypDB,,
TcCLB.508677.40,22039427,TriTrypDB,,
TcCLB.508689.50,12958211,TriTrypDB,,
TcCLB.508689.50,20382188,TriTrypDB,,
TcCLB.508693.20,15478803,TriTrypDB,,
TcCLB.508695.20,20382188,TriTrypDB,,
TcCLB.508707.170,20126266,TriTrypDB,,
TcCLB.508707.20,15220340,TriTrypDB,,
TcCLB.508707.200,18534579,TriTrypDB,,
TcCLB.508711.30,18534909,TriTrypDB,,
TcCLB.508713.20,19240117,TriTrypDB,,
TcCLB.508735.30,19336417,TriTrypDB,,
TcCLB.508737.10,20957201,TriTrypDB,,
TcCLB.508737.170,30415698,TriTrypDB,,
TcCLB.508741.100,33168716,TriTrypDB,,
TcCLB.508741.170,18364711,TriTrypDB,,
TcCLB.508741.320,16164760,TriTrypDB,,
TcCLB.508741.440,20957201,TriTrypDB,,
TcCLB.508743.10,20957201,TriTrypDB,,
TcCLB.508799.150,30251664,TriTrypDB,,
TcCLB.508799.270,19444208,TriTrypDB,,
TcCLB.508799.280,19444208,TriTrypDB,,
TcCLB.508801.10,19444208,TriTrypDB,,
TcCLB.508815.170,16164760,TriTrypDB,,
TcCLB.508815.60,33168716,TriTrypDB,,
TcCLB.508817.80,16164760,TriTrypDB,,
TcCLB.508823.70,20497506,TriTrypDB,,
TcCLB.508851.100,33168716,TriTrypDB,,
TcCLB.508853.10,19336417,TriTrypDB,,
TcCLB.508853.20,22039427,TriTrypDB,,
TcCLB.508857.150,30378479,TriTrypDB,,
TcCLB.508857.30,22039427,TriTrypDB,,
TcCLB.508869.20,19336417,TriTrypDB,,
TcCLB.508869.59,19336417,TriTrypDB,,
TcCLB.508871.10,22039427,TriTrypDB,,
TcCLB.508871.110,22039427,TriTrypDB,,
TcCLB.508871.150,19336417,TriTrypDB,,
TcCLB.508871.170,22039427,TriTrypDB,,
TcCLB.508871.40,19336417,TriTrypDB,,
TcCLB.508871.60,19336417,TriTrypDB,,
TcCLB.508873.10,19336417,TriTrypDB,,
TcCLB.508873.103,19336417,TriTrypDB,,
TcCLB.508873.160,19336417,TriTrypDB,,
TcCLB.508873.210,19336417,TriTrypDB,,
TcCLB.508873.250,19336417,TriTrypDB,,
TcCLB.508873.280,19336417,TriTrypDB,,
TcCLB.508873.30,19336417,TriTrypDB,,
TcCLB.508873.330,22039427,TriTrypDB,,
TcCLB.508873.344,19336417,TriTrypDB,,
TcCLB.508873.390,22039427,TriTrypDB,,
TcCLB.508873.450,19336417,TriTrypDB,,
TcCLB.508873.460,19336417,TriTrypDB,,
TcCLB.508873.510,19336417,TriTrypDB,,
TcCLB.508873.580,19336417,TriTrypDB,,
TcCLB.508873.60,22039427,TriTrypDB,,
TcCLB.508873.70,19336417,TriTrypDB,,
TcCLB.508875.20,19336417,TriTrypDB,,
TcCLB.508879.170,22396527,TriTrypDB,,
TcCLB.508883.10,19336417,TriTrypDB,,
TcCLB.508883.39,19336417,TriTrypDB,,
TcCLB.508885.5,19336417,TriTrypDB,,
TcCLB.508887.24,19336417,TriTrypDB,,
TcCLB.508889.4,16020724,TriTrypDB,,
TcCLB.508891.10,20382188,TriTrypDB,,
TcCLB.508897.110,7540135,TriTrypDB,,
TcCLB.508901.10,33168716,TriTrypDB,,
TcCLB.508909.190,33168716,TriTrypDB,,
TcCLB.508909.330,16164760,TriTrypDB,,
TcCLB.508909.90,16164760,TriTrypDB,,
TcCLB.508913.25,22039427,TriTrypDB,,
TcCLB.508917.10,16164760,TriTrypDB,,
TcCLB.508919.70,16164760,TriTrypDB,,
TcCLB.508963.30,22039427,TriTrypDB,,
TcCLB.508965.50,18039372,TriTrypDB,,
TcCLB.508979.15,19336417,TriTrypDB,,
TcCLB.508979.50,22039427,TriTrypDB,,
TcCLB.508979.60,19336417,TriTrypDB,,
TcCLB.508983.10,19336417,TriTrypDB,,
TcCLB.508985.10,19336417,TriTrypDB,,
TcCLB.508999.127,19336417,TriTrypDB,,
TcCLB.508999.150,19336417,TriTrypDB,,
TcCLB.508999.70,19336417,TriTrypDB,,
TcCLB.508999.80,19336417,TriTrypDB,,
TcCLB.509023.130,21829589,TriTrypDB,,
TcCLB.509027.60,16164760,TriTrypDB,,
TcCLB.509027.70,16164760,TriTrypDB,,
TcCLB.509029.10,18039372,TriTrypDB,,
TcCLB.509029.90,18039372,TriTrypDB,,
TcCLB.509033.60,33168716,TriTrypDB,,
TcCLB.509047.110,10477173,TriTrypDB,,
TcCLB.509053.100,16164760,TriTrypDB,,
TcCLB.509053.130,33168716,TriTrypDB,,
TcCLB.509053.140,19122194,TriTrypDB,,
TcCLB.509065.180,16164760,TriTrypDB,,
TcCLB.509065.20,16164760,TriTrypDB,,
TcCLB.509105.120,16164760,TriTrypDB,,
TcCLB.509113.10,19336417,TriTrypDB,,
TcCLB.509115.20,22039427,TriTrypDB,,
TcCLB.509115.30,19336417,TriTrypDB,,
TcCLB.509117.19,16164760,TriTrypDB,,
TcCLB.509161.50,33168716,TriTrypDB,,
TcCLB.509163.70,16164760,TriTrypDB,,
TcCLB.509179.100,17627608,TriTrypDB,,
TcCLB.509207.130,20580912,TriTrypDB,,
TcCLB.509211.30,18039372,TriTrypDB,,
TcCLB.509213.140,22396527,TriTrypDB,,
TcCLB.509213.160,16164760,TriTrypDB,,
TcCLB.509213.170,32428081,TriTrypDB,,
TcCLB.509217.40,22039427,TriTrypDB,,
TcCLB.509217.90,19336417,TriTrypDB,,
TcCLB.509227.20,19336417,TriTrypDB,,
TcCLB.509251.20,22039427,TriTrypDB,,
TcCLB.509251.70,19336417,TriTrypDB,,
TcCLB.509251.80,22039427,TriTrypDB,,
TcCLB.509251.9,19336417,TriTrypDB,,
TcCLB.509253.30,18364711,TriTrypDB,,
TcCLB.509257.10,22039427,TriTrypDB,,
TcCLB.509259.30,19336417,TriTrypDB,,
TcCLB.509287.110,19336417,TriTrypDB,,
TcCLB.509287.20,16164760,TriTrypDB,,
TcCLB.509287.230,22039427,TriTrypDB,,
TcCLB.509287.50,21185333,TriTrypDB,,
TcCLB.509287.80,22039427,TriTrypDB,,
TcCLB.509289.39,16914442,TriTrypDB,,
TcCLB.509317.80,19122194,TriTrypDB,,
TcCLB.509319.50,33168716,TriTrypDB,,
TcCLB.509321.10,18039372,TriTrypDB,,
TcCLB.509333.10,22039427,TriTrypDB,,
TcCLB.509353.10,21264253,TriTrypDB,,
TcCLB.509353.20,23221899,TriTrypDB,,
TcCLB.509387.10,22039427,TriTrypDB,,
TcCLB.509395.20,20382188,TriTrypDB,,
TcCLB.509399.120,18039372,TriTrypDB,,
TcCLB.509399.160,18442996,TriTrypDB,,
TcCLB.509409.10,16164760,TriTrypDB,,
TcCLB.509437.160,22039427,TriTrypDB,,
TcCLB.509463.30,20382188,TriTrypDB,,
TcCLB.509493.100,19336417,TriTrypDB,,
TcCLB.509495.30,22039427,TriTrypDB,,
TcCLB.509525.10,19336417,TriTrypDB,,
TcCLB.509525.160,19336417,TriTrypDB,,
TcCLB.509525.230,19336417,TriTrypDB,,
TcCLB.509525.240,19336417,TriTrypDB,,
TcCLB.509525.360,19336417,TriTrypDB,,
TcCLB.509525.390,19336417,TriTrypDB,,
TcCLB.509525.410,19336417,TriTrypDB,,
TcCLB.509525.432,19336417,TriTrypDB,,
TcCLB.509525.94,19336417,TriTrypDB,,
TcCLB.509527.120,22039427,TriTrypDB,,
TcCLB.509527.154,19336417,TriTrypDB,,
TcCLB.509527.80,19336417,TriTrypDB,,
TcCLB.509539.30,20382188,TriTrypDB,,
TcCLB.509539.40,31795916,TriTrypDB,,
TcCLB.509545.10,19336417,TriTrypDB,,
TcCLB.509545.50,19336417,TriTrypDB,,
TcCLB.509545.79,19336417,TriTrypDB,,
TcCLB.509547.40,19336417,TriTrypDB,,
TcCLB.509553.50,19779567,TriTrypDB,,
TcCLB.509571.10,33168716,TriTrypDB,,
TcCLB.509601.59,20979346,TriTrypDB,,
TcCLB.509601.90,18364711,TriTrypDB,,
TcCLB.509607.50,16164760,TriTrypDB,,
TcCLB.509607.70,16164760,TriTrypDB,,
TcCLB.509611.150,30415698,TriTrypDB,,
TcCLB.509611.20,17418434,TriTrypDB,,
TcCLB.509627.40,19122194,TriTrypDB,,
TcCLB.509629.10,22039427,TriTrypDB,,
TcCLB.509637.36,26565791,TriTrypDB,,
TcCLB.509639.10,26565791,TriTrypDB,,
TcCLB.509653.10,19336417,TriTrypDB,,
TcCLB.509657.30,19336417,TriTrypDB,,
TcCLB.509657.50,19336417,TriTrypDB,,
TcCLB.509663.50,22039427,TriTrypDB,,
TcCLB.509665.20,19336417,TriTrypDB,,
TcCLB.509665.30,22039427,TriTrypDB,,
TcCLB.509683.110,30251664,TriTrypDB,,
TcCLB.509693.70,7969265,TriTrypDB,,
TcCLB.509693.90,16164760,TriTrypDB,,
TcCLB.509695.190,11254958,TriTrypDB,,
TcCLB.509713.10,19444208,TriTrypDB,,
TcCLB.509713.20,19444208,TriTrypDB,,
TcCLB.509719.50,16164760,TriTrypDB,,
TcCLB.509745.60,16091631,TriTrypDB,,
TcCLB.509745.60,16416120,TriTrypDB,,
TcCLB.509747.110,24747213,TriTrypDB,,
TcCLB.509747.30,33168716,TriTrypDB,,
TcCLB.509751.28,19336417,TriTrypDB,,
TcCLB.509753.100,19336417,TriTrypDB,,
TcCLB.509753.140,19336417,TriTrypDB,,
TcCLB.509753.194,19336417,TriTrypDB,,
TcCLB.509753.210,19336417,TriTrypDB,,
TcCLB.509753.250,19336417,TriTrypDB,,
TcCLB.509753.310,19336417,TriTrypDB,,
TcCLB.509753.60,19336417,TriTrypDB,,
TcCLB.509753.70,19336417,TriTrypDB,,
TcCLB.509755.10,22039427,TriTrypDB,,
TcCLB.509755.40,19336417,TriTrypDB,,
TcCLB.509755.50,22039427,TriTrypDB,,
TcCLB.509771.10,22039427,TriTrypDB,,
TcCLB.509789.10,16164760,TriTrypDB,,
TcCLB.509791.120,19497120,TriTrypDB,,
TcCLB.509793.10,19497120,TriTrypDB,,
TcCLB.509793.40,19497120,TriTrypDB,,
TcCLB.509799.70,16766053,TriTrypDB,,
TcCLB.509867.20,19336417,TriTrypDB,,
TcCLB.509867.60,19336417,TriTrypDB,,
TcCLB.509867.70,22039427,TriTrypDB,,
TcCLB.509875.120,22039427,TriTrypDB,,
TcCLB.509875.80,22039427,TriTrypDB,,
TcCLB.509897.110,22039427,TriTrypDB,,
TcCLB.509897.124,19336417,TriTrypDB,,
TcCLB.509897.140,22039427,TriTrypDB,,
TcCLB.509897.150,19336417,TriTrypDB,,
TcCLB.509897.170,19336417,TriTrypDB,,
TcCLB.509897.20,22039427,TriTrypDB,,
TcCLB.509897.200,22039427,TriTrypDB,,
TcCLB.509897.210,19336417,TriTrypDB,,
TcCLB.509897.270,22039427,TriTrypDB,,
TcCLB.509897.279,19336417,TriTrypDB,,
TcCLB.509897.30,19336417,TriTrypDB,,
TcCLB.509897.70,22039427,TriTrypDB,,
TcCLB.509897.80,19336417,TriTrypDB,,
TcCLB.509899.100,22039427,TriTrypDB,,
TcCLB.509899.50,19336417,TriTrypDB,,
TcCLB.509931.20,22039427,TriTrypDB,,
TcCLB.509937.130,16164760,TriTrypDB,,
TcCLB.509937.220,16164760,TriTrypDB,,
TcCLB.509937.30,20382188,TriTrypDB,,
TcCLB.509937.39,18039372,TriTrypDB,,
TcCLB.509941.120,16164760,TriTrypDB,,
TcCLB.509969.31,19336417,TriTrypDB,,
TcCLB.509971.44,19336417,TriTrypDB,,
TcCLB.509989.10,20382188,TriTrypDB,,
TcCLB.509991.29,20614016,TriTrypDB,,
TcCLB.509997.20,20838923,TriTrypDB,,
TcCLB.509999.110,16164760,TriTrypDB,,
TcCLB.510003.30,20382188,TriTrypDB,,
TcCLB.510033.14,19336417,TriTrypDB,,
TcCLB.510033.30,22039427,TriTrypDB,,
TcCLB.510037.10,19336417,TriTrypDB,,
TcCLB.510039.30,19336417,TriTrypDB,,
TcCLB.510045.30,16164760,TriTrypDB,,
TcCLB.510047.100,19336417,TriTrypDB,,
TcCLB.510047.120,19336417,TriTrypDB,,
TcCLB.510047.60,19336417,TriTrypDB,,
TcCLB.510047.80,22039427,TriTrypDB,,
TcCLB.510069.20,19444208,TriTrypDB,,
TcCLB.510097.10,22039427,TriTrypDB,,
TcCLB.510099.90,18039372,TriTrypDB,,
TcCLB.510121.130,16164760,TriTrypDB,,
TcCLB.510121.150,16164760,TriTrypDB,,
TcCLB.510121.190,33168716,TriTrypDB,,
TcCLB.510129.11,26565791,TriTrypDB,,
TcCLB.510129.20,26565791,TriTrypDB,,
TcCLB.510129.30,26565791,TriTrypDB,,
TcCLB.510155.160,16164760,TriTrypDB,,
TcCLB.510187.100,17904661,TriTrypDB,,
TcCLB.510187.234,21514274,TriTrypDB,,
TcCLB.510187.330,30506377,TriTrypDB,,
TcCLB.510187.340,31795916,TriTrypDB,,
TcCLB.510187.400,18039372,TriTrypDB,,
TcCLB.510187.404,20382188,TriTrypDB,,
TcCLB.510187.430,32373549,TriTrypDB,,
TcCLB.510187.480,22676716,TriTrypDB,,
TcCLB.510193.10,19336417,TriTrypDB,,
TcCLB.510197.130,22039427,TriTrypDB,,
TcCLB.510197.160,19336417,TriTrypDB,,
TcCLB.510197.180,22039427,TriTrypDB,,
TcCLB.510197.190,19336417,TriTrypDB,,
TcCLB.510197.20,19336417,TriTrypDB,,
TcCLB.510197.220,19336417,TriTrypDB,,
TcCLB.510197.30,22039427,TriTrypDB,,
TcCLB.510199.30,19336417,TriTrypDB,,
TcCLB.510201.10,22039427,TriTrypDB,,
TcCLB.510201.20,19336417,TriTrypDB,,
TcCLB.510201.5,19336417,TriTrypDB,,
TcCLB.510203.34,19336417,TriTrypDB,,
TcCLB.510219.5,19336417,TriTrypDB,,
TcCLB.510221.30,33168716,TriTrypDB,,
TcCLB.510225.20,18039372,TriTrypDB,,
TcCLB.510237.120,19336417,TriTrypDB,,
TcCLB.510237.40,19336417,TriTrypDB,,
TcCLB.510237.70,19336417,TriTrypDB,,
TcCLB.510237.80,22039427,TriTrypDB,,
TcCLB.510239.40,19336417,TriTrypDB,,
TcCLB.510239.70,19336417,TriTrypDB,,
TcCLB.510239.80,22039427,TriTrypDB,,
TcCLB.510265.70,18039372,TriTrypDB,,
TcCLB.510299.50,20382188,TriTrypDB,,
TcCLB.510301.80,30956813,TriTrypDB,,
TcCLB.510303.250,18039372,TriTrypDB,,
TcCLB.510329.130,12972544,TriTrypDB,,
TcCLB.510329.200,20382188,TriTrypDB,,
TcCLB.510329.210,16164760,TriTrypDB,,
TcCLB.510329.70,16164760,TriTrypDB,,
TcCLB.510331.10,22039427,TriTrypDB,,
TcCLB.510355.41,19336417,TriTrypDB,,
TcCLB.510359.130,30378479,TriTrypDB,,
TcCLB.510359.380,19336417,TriTrypDB,,
TcCLB.510359.460,19336417,TriTrypDB,,
TcCLB.510359.480,19336417,TriTrypDB,,
TcCLB.510359.520,19336417,TriTrypDB,,
TcCLB.510359.530,22039427,TriTrypDB,,
TcCLB.510359.550,19336417,TriTrypDB,,
TcCLB.510359.570,19336417,TriTrypDB,,
TcCLB.510359.600,19336417,TriTrypDB,,
TcCLB.510359.610,22039427,TriTrypDB,,
TcCLB.510359.650,19336417,TriTrypDB,,
TcCLB.510359.680,19336417,TriTrypDB,,
TcCLB.510359.690,19336417,TriTrypDB,,
TcCLB.510361.10,22039427,TriTrypDB,,
TcCLB.510361.110,19336417,TriTrypDB,,
TcCLB.510361.190,19336417,TriTrypDB,,
TcCLB.510361.209,19336417,TriTrypDB,,
TcCLB.510361.240,19336417,TriTrypDB,,
TcCLB.510361.260,19336417,TriTrypDB,,
TcCLB.510361.30,19336417,TriTrypDB,,
TcCLB.510361.50,19336417,TriTrypDB,,
TcCLB.510361.80,22039427,TriTrypDB,,
TcCLB.510363.160,19336417,TriTrypDB,,
TcCLB.510363.220,19336417,TriTrypDB,,
TcCLB.510363.250,22039427,TriTrypDB,,
TcCLB.510363.260,19336417,TriTrypDB,,
TcCLB.510363.280,19336417,TriTrypDB,,
TcCLB.510363.320,19336417,TriTrypDB,,
TcCLB.510363.70,19336417,TriTrypDB,,
TcCLB.510363.80,19336417,TriTrypDB,,
TcCLB.510387.40,19336417,TriTrypDB,,
TcCLB.510391.20,19336417,TriTrypDB,,
TcCLB.510391.50,19336417,TriTrypDB,,
TcCLB.510417.20,19336417,TriTrypDB,,
TcCLB.510417.40,19336417,TriTrypDB,,
TcCLB.510419.11,19336417,TriTrypDB,,
TcCLB.510419.20,22039427,TriTrypDB,,
TcCLB.510421.150,16164760,TriTrypDB,,
TcCLB.510421.240,20382188,TriTrypDB,,
TcCLB.510433.20,30870417,TriTrypDB,,
TcCLB.510435.40,20382188,TriTrypDB,,
TcCLB.510483.120,19336417,TriTrypDB,,
TcCLB.510483.154,19336417,TriTrypDB,,
TcCLB.510483.180,19336417,TriTrypDB,,
TcCLB.510483.20,19336417,TriTrypDB,,
TcCLB.510483.220,19336417,TriTrypDB,,
TcCLB.510483.230,19336417,TriTrypDB,,
TcCLB.510483.240,19336417,TriTrypDB,,
TcCLB.510483.310,19336417,TriTrypDB,,
TcCLB.510483.360,22039427,TriTrypDB,,
TcCLB.510483.60,22039427,TriTrypDB,,
TcCLB.510483.70,19336417,TriTrypDB,,
TcCLB.510487.50,19336417,TriTrypDB,,
TcCLB.510487.79,19336417,TriTrypDB,,
TcCLB.510489.20,19336417,TriTrypDB,,
TcCLB.510489.36,19336417,TriTrypDB,,
TcCLB.510489.5,19336417,TriTrypDB,,
TcCLB.510519.40,16164760,TriTrypDB,,
TcCLB.510519.70,18951088,TriTrypDB,,
TcCLB.510571.30,12810043,TriTrypDB,,
TcCLB.510571.39,12810043,TriTrypDB,,
TcCLB.510573.10,12810043,TriTrypDB,,
TcCLB.510585.10,19336417,TriTrypDB,,
TcCLB.510587.20,19336417,TriTrypDB,,
TcCLB.510623.20,19336417,TriTrypDB,,
TcCLB.510623.39,19336417,TriTrypDB,,
TcCLB.510623.50,19336417,TriTrypDB,,
TcCLB.510625.109,19336417,TriTrypDB,,
TcCLB.510625.150,19336417,TriTrypDB,,
TcCLB.510625.19,19336417,TriTrypDB,,
TcCLB.510625.190,19336417,TriTrypDB,,
TcCLB.510625.30,19336417,TriTrypDB,,
TcCLB.510625.40,22039427,TriTrypDB,,
TcCLB.510625.54,19336417,TriTrypDB,,
TcCLB.510625.88,19336417,TriTrypDB,,
TcCLB.510627.110,19336417,TriTrypDB,,
TcCLB.510627.128,19336417,TriTrypDB,,
TcCLB.510627.150,19336417,TriTrypDB,,
TcCLB.510627.190,19336417,TriTrypDB,,
TcCLB.510627.60,19336417,TriTrypDB,,
TcCLB.510627.80,19336417,TriTrypDB,,
TcCLB.510629.10,19336417,TriTrypDB,,
TcCLB.510629.150,19336417,TriTrypDB,,
TcCLB.510629.240,19336417,TriTrypDB,,
TcCLB.510629.290,19336417,TriTrypDB,,
TcCLB.510629.30,19336417,TriTrypDB,,
TcCLB.510629.310,19336417,TriTrypDB,,
TcCLB.510629.350,19336417,TriTrypDB,,
TcCLB.510629.70,19336417,TriTrypDB,,
TcCLB.510635.10,22039427,TriTrypDB,,
TcCLB.510643.40,22039427,TriTrypDB,,
TcCLB.510643.90,19336417,TriTrypDB,,
TcCLB.510645.9,16164760,TriTrypDB,,
TcCLB.510655.110,21743004,TriTrypDB,,
TcCLB.510659.120,20382188,TriTrypDB,,
TcCLB.510659.250,20382188,TriTrypDB,,
TcCLB.510659.50,22532828,TriTrypDB,,
TcCLB.510659.70,16164760,TriTrypDB,,
TcCLB.510661.190,16164760,TriTrypDB,,
TcCLB.510679.40,32010635,TriTrypDB,,
TcCLB.510687.40,18039372,TriTrypDB,,
TcCLB.510693.130,19336417,TriTrypDB,,
TcCLB.510693.150,19336417,TriTrypDB,,
TcCLB.510693.163,19336417,TriTrypDB,,
TcCLB.510693.19,19336417,TriTrypDB,,
TcCLB.510693.190,19336417,TriTrypDB,,
TcCLB.510693.230,19336417,TriTrypDB,,
TcCLB.510693.240,22039427,TriTrypDB,,
TcCLB.510693.270,22039427,TriTrypDB,,
TcCLB.510693.280,19336417,TriTrypDB,,
TcCLB.510693.320,19336417,TriTrypDB,,
TcCLB.510693.91,19336417,TriTrypDB,,
TcCLB.510697.10,19336417,TriTrypDB,,
TcCLB.510697.130,19336417,TriTrypDB,,
TcCLB.510697.40,19336417,TriTrypDB,,
TcCLB.510697.50,22039427,TriTrypDB,,
TcCLB.510697.60,19336417,TriTrypDB,,
TcCLB.510697.80,19336417,TriTrypDB,,
TcCLB.510699.20,19336417,TriTrypDB,,
TcCLB.510699.80,19336417,TriTrypDB,,
TcCLB.510699.89,19336417,TriTrypDB,,
TcCLB.510701.10,19336417,TriTrypDB,,
TcCLB.510701.40,19336417,TriTrypDB,,
TcCLB.510705.10,19336417,TriTrypDB,,
TcCLB.510705.20,19336417,TriTrypDB,,
TcCLB.510709.10,19336417,TriTrypDB,,
TcCLB.510709.60,19336417,TriTrypDB,,
TcCLB.510709.70,22039427,TriTrypDB,,
TcCLB.510713.110,19336417,TriTrypDB,,
TcCLB.510713.130,19336417,TriTrypDB,,
TcCLB.510713.160,22039427,TriTrypDB,,
TcCLB.510713.170,19336417,TriTrypDB,,
TcCLB.510713.30,22039427,TriTrypDB,,
TcCLB.510713.90,22039427,TriTrypDB,,
TcCLB.510715.100,19336417,TriTrypDB,,
TcCLB.510715.140,19336417,TriTrypDB,,
TcCLB.510715.150,22039427,TriTrypDB,,
TcCLB.510715.20,22039427,TriTrypDB,,
TcCLB.510715.30,19336417,TriTrypDB,,
TcCLB.510715.40,19336417,TriTrypDB,,
TcCLB.510715.64,19336417,TriTrypDB,,
TcCLB.510715.90,22039427,TriTrypDB,,
TcCLB.510729.110,16289356,TriTrypDB,,
TcCLB.510729.140,16164760,TriTrypDB,,
TcCLB.510729.280,22039427,TriTrypDB,,
TcCLB.510729.299,16164760,TriTrypDB,,
TcCLB.510731.59,18039372,TriTrypDB,,
TcCLB.510787.10,22039427,TriTrypDB,,
TcCLB.510791.30,19336417,TriTrypDB,,
TcCLB.510791.60,19336417,TriTrypDB,,
TcCLB.510817.50,22039427,TriTrypDB,,
TcCLB.510819.40,33168716,TriTrypDB,,
TcCLB.510831.10,19336417,TriTrypDB,,
TcCLB.510889.110,21257796,TriTrypDB,,
TcCLB.510889.30,16164760,TriTrypDB,,
TcCLB.510889.330,30378479,TriTrypDB,,
TcCLB.510889.50,12467979,TriTrypDB,,
TcCLB.510901.120,16164760,TriTrypDB,,
TcCLB.510901.200,16164760,TriTrypDB,,
TcCLB.510901.70,22396527,TriTrypDB,,
TcCLB.510915.10,19336417,TriTrypDB,,
TcCLB.510943.184,18039372,TriTrypDB,,
TcCLB.510943.40,16164760,TriTrypDB,,
TcCLB.510943.50,25623067,TriTrypDB,,
TcCLB.510945.30,30961931,TriTrypDB,,
TcCLB.510945.70,18602174,TriTrypDB,,
TcCLB.510947.10,14718535,TriTrypDB,,
TcCLB.510979.10,19336417,TriTrypDB,,
TcCLB.510979.40,22039427,TriTrypDB,,
TcCLB.510979.50,19336417,TriTrypDB,,
TcCLB.511003.60,24828104,TriTrypDB,,
TcCLB.511021.10,18039372,TriTrypDB,,
TcCLB.511025.30,16164760,TriTrypDB,,
TcCLB.511029.20,20363262,TriTrypDB,,
TcCLB.511153.90,18039372,TriTrypDB,,
TcCLB.511165.100,16164760,TriTrypDB,,
TcCLB.511165.80,16164760,TriTrypDB,,
TcCLB.511233.130,19336417,TriTrypDB,,
TcCLB.511233.140,22039427,TriTrypDB,,
TcCLB.511239.159,8708965,TriTrypDB,,
TcCLB.511245.240,16164760,TriTrypDB,,
TcCLB.511247.18,33168716,TriTrypDB,,
TcCLB.511249.60,16164760,TriTrypDB,,
TcCLB.511255.10,22039427,TriTrypDB,,
TcCLB.511255.130,19336417,TriTrypDB,,
TcCLB.511255.169,19336417,TriTrypDB,,
TcCLB.511255.190,22039427,TriTrypDB,,
TcCLB.511255.200,19336417,TriTrypDB,,
TcCLB.511255.230,19336417,TriTrypDB,,
TcCLB.511255.280,19336417,TriTrypDB,,
TcCLB.511255.30,19336417,TriTrypDB,,
TcCLB.511255.330,19336417,TriTrypDB,,
TcCLB.511255.350,22039427,TriTrypDB,,
TcCLB.511255.360,19336417,TriTrypDB,,
TcCLB.511255.420,19336417,TriTrypDB,,
TcCLB.511255.50,19336417,TriTrypDB,,
TcCLB.511255.540,19336417,TriTrypDB,,
TcCLB.511255.580,19336417,TriTrypDB,,
TcCLB.511255.630,19336417,TriTrypDB,,
TcCLB.511255.670,19336417,TriTrypDB,,
TcCLB.511255.690,19336417,TriTrypDB,,
TcCLB.511255.700,22039427,TriTrypDB,,
TcCLB.511255.80,19336417,TriTrypDB,,
TcCLB.511257.90,19336417,TriTrypDB,,
TcCLB.511259.149,19336417,TriTrypDB,,
TcCLB.511259.18,19336417,TriTrypDB,,
TcCLB.511259.180,19336417,TriTrypDB,,
TcCLB.511259.200,19336417,TriTrypDB,,
TcCLB.511259.220,19336417,TriTrypDB,,
TcCLB.511259.70,19336417,TriTrypDB,,
TcCLB.511267.30,20382188,TriTrypDB,,
TcCLB.511269.40,19733234,TriTrypDB,,
TcCLB.511269.50,16164760,TriTrypDB,,
TcCLB.511273.59,16020724,TriTrypDB,,
TcCLB.511277.10,16730080,TriTrypDB,,
TcCLB.511277.140,16164760,TriTrypDB,,
TcCLB.511277.483,33168716,TriTrypDB,,
TcCLB.511277.539,33168716,TriTrypDB,,
TcCLB.511283.120,18039372,TriTrypDB,,
TcCLB.511283.280,16164760,TriTrypDB,,
TcCLB.511287.124,19185591,TriTrypDB,,
TcCLB.511287.49,20595031,TriTrypDB,,
TcCLB.511289.50,16164760,TriTrypDB,,
TcCLB.511291.40,16164760,TriTrypDB,,
TcCLB.511295.50,32428081,TriTrypDB,,
TcCLB.511299.70,16164760,TriTrypDB,,
TcCLB.511301.160,22039427,TriTrypDB,,
TcCLB.511301.90,16164760,TriTrypDB,,
TcCLB.511323.10,22039427,TriTrypDB,,
TcCLB.511367.330,31091170,TriTrypDB,,
TcCLB.511389.80,16164760,TriTrypDB,,
TcCLB.511389.90,33168716,TriTrypDB,,
TcCLB.511391.170,33168716,TriTrypDB,,
TcCLB.511391.210,31064825,TriTrypDB,,
TcCLB.511403.40,19336417,TriTrypDB,,
TcCLB.511459.60,30415698,TriTrypDB,,
TcCLB.511487.170,19336417,TriTrypDB,,
TcCLB.511487.90,22039427,TriTrypDB,,
TcCLB.511491.130,20382188,TriTrypDB,,
TcCLB.511491.80,16164760,TriTrypDB,,
TcCLB.511509.30,16164760,TriTrypDB,,
TcCLB.511511.150,17290222,TriTrypDB,,
TcCLB.511517.150,26589870,TriTrypDB,,
TcCLB.511519.9,19953351,TriTrypDB,,
TcCLB.511523.14,19122194,TriTrypDB,,
TcCLB.511633.70,16164760,TriTrypDB,,
TcCLB.511643.10,19122194,TriTrypDB,,
TcCLB.511643.110,22039427,TriTrypDB,,
TcCLB.511643.130,19336417,TriTrypDB,,
TcCLB.511643.40,22039427,TriTrypDB,,
TcCLB.511643.50,19336417,TriTrypDB,,
TcCLB.511643.70,22039427,TriTrypDB,,
TcCLB.511643.73,19336417,TriTrypDB,,
TcCLB.511645.10,19336417,TriTrypDB,,
TcCLB.511653.20,18039372,TriTrypDB,,
TcCLB.511667.30,22039427,TriTrypDB,,
TcCLB.511667.50,19336417,TriTrypDB,,
TcCLB.511669.10,22039427,TriTrypDB,,
TcCLB.511671.100,33168716,TriTrypDB,,
TcCLB.511671.70,21531872,TriTrypDB,,
TcCLB.511671.80,16164760,TriTrypDB,,
TcCLB.511717.209,20382188,TriTrypDB,,
TcCLB.511719.10,20382188,TriTrypDB,,
TcCLB.511725.230,16164760,TriTrypDB,,
TcCLB.511725.240,18039372,TriTrypDB,,
TcCLB.511727.290,29107485,TriTrypDB,,
TcCLB.511727.300,17640865,TriTrypDB,,
TcCLB.511755.119,30956813,TriTrypDB,,
TcCLB.511757.70,22039427,TriTrypDB,,
TcCLB.511761.10,20482518,TriTrypDB,,
TcCLB.511809.120,30956813,TriTrypDB,,
TcCLB.511811.30,30956813,TriTrypDB,,
TcCLB.511815.40,19228586,TriTrypDB,,
TcCLB.511817.210,16164760,TriTrypDB,,
TcCLB.511817.80,16164760,TriTrypDB,,
TcCLB.511823.70,20382188,TriTrypDB,,
TcCLB.511825.170,18039372,TriTrypDB,,
TcCLB.511827.110,22039427,TriTrypDB,,
TcCLB.511833.10,22039427,TriTrypDB,,
TcCLB.511835.10,22039427,TriTrypDB,,
TcCLB.511837.70,16164760,TriTrypDB,,
TcCLB.511837.90,16164760,TriTrypDB,,
TcCLB.511839.20,19336417,TriTrypDB,,
TcCLB.511839.30,19336417,TriTrypDB,,
TcCLB.511839.40,22039427,TriTrypDB,,
TcCLB.511843.10,19336417,TriTrypDB,,
TcCLB.511843.70,22039427,TriTrypDB,,
TcCLB.511849.15,19336417,TriTrypDB,,
TcCLB.511849.30,19336417,TriTrypDB,,
TcCLB.511851.44,19336417,TriTrypDB,,
TcCLB.511851.61,19336417,TriTrypDB,,
TcCLB.511853.21,19336417,TriTrypDB,,
TcCLB.511855.60,18039372,TriTrypDB,,
TcCLB.511855.70,16164760,TriTrypDB,,
TcCLB.511861.100,19336417,TriTrypDB,,
TcCLB.511861.120,20957201,TriTrypDB,,
TcCLB.511861.20,22039427,TriTrypDB,,
TcCLB.511861.50,22039427,TriTrypDB,,
TcCLB.511863.10,19336417,TriTrypDB,,
TcCLB.511881.20,18039372,TriTrypDB,,
TcCLB.511885.20,22039427,TriTrypDB,,
TcCLB.511891.10,22039427,TriTrypDB,,
TcCLB.511903.40,24828104,TriTrypDB,,
TcCLB.511907.160,19336417,TriTrypDB,,
TcCLB.511907.240,16164760,TriTrypDB,,
TcCLB.511909.40,19122194,TriTrypDB,,
TcCLB.511919.10,19336417,TriTrypDB,,
TcCLB.511919.20,22039427,TriTrypDB,,
TcCLB.511921.140,19336417,TriTrypDB,,
TcCLB.511921.150,22039427,TriTrypDB,,
TcCLB.511921.29,19336417,TriTrypDB,,
TcCLB.511921.50,22039427,TriTrypDB,,
TcCLB.511921.90,19336417,TriTrypDB,,
TcCLB.511923.10,19336417,TriTrypDB,,
TcCLB.511923.130,19122194,TriTrypDB,,
TcCLB.511923.30,22039427,TriTrypDB,,
TcCLB.511923.49,19336417,TriTrypDB,,
TcCLB.511923.60,22039427,TriTrypDB,,
TcCLB.511923.80,19336417,TriTrypDB,,
LbrM.01.0250,20614016,TriTrypDB,,
LbrM.02.0130,20382188,TriTrypDB,,
LbrM.02.0160,16464509,TriTrypDB,,
LbrM.02.0210,16464509,TriTrypDB,,
LbrM.02.0220,16464509,TriTrypDB,,
LbrM.02.0230,16464509,TriTrypDB,,
LbrM.02.0240,17188763,TriTrypDB,,
LbrM.02.0250,16464509,TriTrypDB,,
LbrM.02.0260,16464509,TriTrypDB,,
LbrM.02.0480,18364711,TriTrypDB,,
LbrM.05.0950,12419809,TriTrypDB,,
LbrM.05.0970,12419809,TriTrypDB,,
LbrM.05.1160,20382188,TriTrypDB,,
LbrM.06.0100,20614016,TriTrypDB,,
LbrM.06.0290,18796316,TriTrypDB,,
LbrM.06.0720,19497128,TriTrypDB,,
LbrM.06.0760,18840477,TriTrypDB,,
LbrM.07.0240,12604613,TriTrypDB,,
LbrM.07.0450,20145708,TriTrypDB,,
LbrM.07.0460,20145708,TriTrypDB,,
LbrM.07.0580,17026746,TriTrypDB,,
LbrM.07.0740,17026746,TriTrypDB,,
LbrM.07.1160,16403015,TriTrypDB,,
LbrM.08.0010,18252798,TriTrypDB,,
LbrM.08.0910,19911988,TriTrypDB,,
LbrM.08.0970,21465610,TriTrypDB,,
LbrM.09.0170,19066473,TriTrypDB,,
LbrM.09.0180,19066473,TriTrypDB,,
LbrM.10.0370,18796316,TriTrypDB,,
LbrM.10.0380,18796316,TriTrypDB,,
LbrM.10.0390,18796316,TriTrypDB,,
LbrM.10.0400,18796316,TriTrypDB,,
LbrM.10.0410,18796316,TriTrypDB,,
LbrM.10.0640,10743613,TriTrypDB,,
LbrM.11.0150,20180988,TriTrypDB,,
LbrM.11.0320,17542917,TriTrypDB,,
LbrM.11.0510,19714224,TriTrypDB,,
LbrM.12.0400,20180988,TriTrypDB,,
LbrM.12.0490,7870131,TriTrypDB,,
LbrM.12.0630,19443056,TriTrypDB,,
LbrM.12.0640,21257796,TriTrypDB,,
LbrM.12.0670,12467979,TriTrypDB,,
LbrM.13.0990,15478805,TriTrypDB,,
LbrM.13.1420,16112905,TriTrypDB,,
LbrM.13.1470,21124853,TriTrypDB,,
LbrM.13.1500,17548090,TriTrypDB,,
LbrM.13.1550,19444208,TriTrypDB,,
LbrM.14.0130,8702965,TriTrypDB,,
LbrM.14.1340,16112905,TriTrypDB,,
LbrM.14.1370,20382188,TriTrypDB,,
LbrM.14.1490,16876889,TriTrypDB,,
LbrM.14.1510,16403015,TriTrypDB,,
LbrM.14.1540,20382188,TriTrypDB,,
LbrM.14.1540,11849714,TriTrypDB,,
LbrM.14.1540,19497128,TriTrypDB,,
LbrM.15.0030,19961654,TriTrypDB,,
LbrM.15.1000,23221899,TriTrypDB,,
LbrM.15.1010,21264253,TriTrypDB,,
LbrM.15.1050,9199326,TriTrypDB,,
LbrM.15.1060,17062572,TriTrypDB,,
LbrM.15.1080,22098136,TriTrypDB,,
LbrM.15.1190,21264253,TriTrypDB,,
LbrM.15.1260,19136005,TriTrypDB,,
LbrM.15.1450,20382188,TriTrypDB,,
LbrM.16.0040,20418380,TriTrypDB,,
LbrM.16.0250,21357738,TriTrypDB,,
LbrM.16.0350,18364711,TriTrypDB,,
LbrM.16.0550,16600626,TriTrypDB,,
LbrM.16.1090,21264253,TriTrypDB,,
LbrM.16.1240,20614016,TriTrypDB,,
LbrM.16.1340,20382188,TriTrypDB,,
LbrM.16.1670,19888987,TriTrypDB,,
LbrM.17.0230,19296828,TriTrypDB,,
LbrM.17.0690,16164760,TriTrypDB,,
LbrM.17.1070,20713053,TriTrypDB,,
LbrM.17.1270,19906649,TriTrypDB,,
LbrM.18.0880,16730080,TriTrypDB,,
LbrM.18.0940,20614016,TriTrypDB,,
LbrM.18.0960,20382188,TriTrypDB,,
LbrM.18.1050,16611637,TriTrypDB,,
LbrM.18.1100,16020724,TriTrypDB,,
LbrM.18.1140,20382188,TriTrypDB,,
LbrM.18.1190,19733234,TriTrypDB,,
LbrM.18.1450,20180988,TriTrypDB,,
LbrM.19.0380,19185591,TriTrypDB,,
LbrM.19.0430,17026746,TriTrypDB,,
LbrM.19.0790,15743819,TriTrypDB,,
LbrM.19.1140,19066473,TriTrypDB,,
LbrM.19.1170,19066473,TriTrypDB,,
LbrM.19.1180,19066473,TriTrypDB,,
LbrM.19.1470,17188680,TriTrypDB,,
LbrM.19.1660,16753168,TriTrypDB,,
LbrM.19.1690,9497047,TriTrypDB,,
LbrM.19.1890,19066473,TriTrypDB,,
LbrM.20.0010,16750864,TriTrypDB,,
LbrM.20.0050,14622299,TriTrypDB,,
LbrM.20.0210,24596667,TriTrypDB,,
LbrM.20.1100,20599983,TriTrypDB,,
LbrM.20.1450,20599983,TriTrypDB,,
LbrM.20.1690,18039372,TriTrypDB,,
LbrM.20.1920,20382188,TriTrypDB,,
LbrM.20.2280,12958211,TriTrypDB,,
LbrM.20.2280,20382188,TriTrypDB,,
LbrM.20.2430,17244817,TriTrypDB,,
LbrM.20.2560,18534579,TriTrypDB,,
LbrM.20.3020,18611247,TriTrypDB,,
LbrM.20.3170,20382188,TriTrypDB,,
LbrM.20.4190,9497041,TriTrypDB,,
LbrM.20.5120,20614016,TriTrypDB,,
LbrM.21.0010,12604613,TriTrypDB,,
LbrM.21.0700,16037487,TriTrypDB,,
LbrM.21.1340,19429779,TriTrypDB,,
LbrM.21.1750,16608878,TriTrypDB,,
LbrM.21.1830,17601874,TriTrypDB,,
LbrM.21.1910,18951088,TriTrypDB,,
LbrM.21.1990,20180988,TriTrypDB,,
LbrM.21.2050,17543398,TriTrypDB,,
LbrM.22.0240,20678187,TriTrypDB,,
LbrM.22.0480,20580912,TriTrypDB,,
LbrM.22.0580,19228586,TriTrypDB,,
LbrM.22.0910,17347153,TriTrypDB,,
LbrM.22.1180,19066473,TriTrypDB,,
LbrM.22.1240,20382188,TriTrypDB,,
LbrM.22.1330,20614016,TriTrypDB,,
LbrM.23.0050,22098136,TriTrypDB,,
LbrM.23.0060,20614016,TriTrypDB,,
LbrM.23.0120,11447107,TriTrypDB,,
LbrM.23.0140,20614016,TriTrypDB,,
LbrM.23.0280,17213267,TriTrypDB,,
LbrM.23.0410,18364711,TriTrypDB,,
LbrM.23.0420,21255121,TriTrypDB,,
LbrM.23.0650,21743004,TriTrypDB,,
LbrM.23.0840,20382188,TriTrypDB,,
LbrM.23.1110,20927190,TriTrypDB,,
LbrM.23.1720,18364711,TriTrypDB,,
LbrM.24.0690,19497128,TriTrypDB,,
LbrM.24.0690,7565702,TriTrypDB,,
LbrM.24.1570,20614016,TriTrypDB,,
LbrM.24.2090,20382188,TriTrypDB,,
LbrM.24.2140,15149284,TriTrypDB,,
LbrM.25.0080,20675580,TriTrypDB,,
LbrM.25.1320,23877697,TriTrypDB,,
LbrM.25.1570,18364711,TriTrypDB,,
LbrM.25.2210,18713834,TriTrypDB,,
LbrM.25.2250,22396527,TriTrypDB,,
LbrM.25.2460,18776036,TriTrypDB,,
LbrM.25.2550,22396527,TriTrypDB,,
LbrM.26.0300,16112905,TriTrypDB,,
LbrM.26.1160,22396527,TriTrypDB,,
LbrM.26.2410,20382188,TriTrypDB,,
LbrM.27.0510,17558452,TriTrypDB,,
LbrM.27.0740,18364347,TriTrypDB,,
LbrM.27.1560,20382188,TriTrypDB,,
LbrM.27.1700,20382188,TriTrypDB,,
LbrM.27.1990,19074134,TriTrypDB,,
LbrM.28.0250,16806528,TriTrypDB,,
LbrM.28.1380,20887755,TriTrypDB,,
LbrM.28.1630,17026746,TriTrypDB,,
LbrM.28.1640,17026746,TriTrypDB,,
LbrM.28.1980,22396527,TriTrypDB,,
LbrM.28.2010,18364711,TriTrypDB,,
LbrM.28.2220,18534909,TriTrypDB,,
LbrM.28.2560,16876889,TriTrypDB,,
LbrM.28.2970,21871099,TriTrypDB,,
LbrM.28.3070,16750864,TriTrypDB,,
LbrM.29.0080,17026746,TriTrypDB,,
LbrM.29.0510,19945457,TriTrypDB,,
LbrM.29.0600,17259543,TriTrypDB,,
LbrM.29.1220,20838623,TriTrypDB,,
LbrM.29.1540,20382188,TriTrypDB,,
LbrM.29.2000,20382188,TriTrypDB,,
LbrM.29.2130,16164760,TriTrypDB,,
LbrM.29.2470,16497676,TriTrypDB,,
LbrM.29.2520,22532828,TriTrypDB,,
LbrM.30.0030,20614016,TriTrypDB,,
LbrM.30.0130,12944391,TriTrypDB,,
LbrM.30.0480,20382188,TriTrypDB,,
LbrM.30.2550,19450731,TriTrypDB,,
LbrM.30.2700,19953351,TriTrypDB,,
LbrM.30.2890,17548090,TriTrypDB,,
LbrM.30.2950,1435864,TriTrypDB,,
LbrM.30.3080,22966087,TriTrypDB,,
LbrM.30.3100,11734561,TriTrypDB,,
LbrM.30.3180,10861207,TriTrypDB,,
LbrM.31.0050,20614016,TriTrypDB,,
LbrM.31.0550,15056070,TriTrypDB,,
LbrM.31.0800,22396527,TriTrypDB,,
LbrM.31.1020,16112905,TriTrypDB,,
LbrM.31.1030,16556218,TriTrypDB,,
LbrM.31.1650,12946844,TriTrypDB,,
LbrM.31.2190,20838623,TriTrypDB,,
LbrM.31.2270,27606425,TriTrypDB,,
LbrM.31.3290,18364711,TriTrypDB,,
LbrM.31.3310,20382188,TriTrypDB,,
LbrM.32.0120,17026746,TriTrypDB,,
LbrM.32.1620,20382188,TriTrypDB,,
LbrM.32.1750,11084042,TriTrypDB,,
LbrM.32.2520,18364711,TriTrypDB,,
LbrM.32.2790,20382188,TriTrypDB,,
LbrM.32.2910,22396527,TriTrypDB,,
LbrM.32.3150,20126266,TriTrypDB,,
LbrM.32.3460,18534909,TriTrypDB,,
LbrM.32.3540,17548090,TriTrypDB,,
LbrM.32.4000,18364711,TriTrypDB,,
LbrM.33.0870,12958211,TriTrypDB,,
LbrM.33.1360,20180988,TriTrypDB,,
LbrM.33.1610,17026746,TriTrypDB,,
LbrM.33.1650,17548090,TriTrypDB,,
LbrM.33.1900,20614016,TriTrypDB,,
LbrM.33.2000,22396527,TriTrypDB,,
LbrM.33.2010,18523291,TriTrypDB,,
LbrM.33.2680,17188763,TriTrypDB,,
LbrM.33.3330,20659295,TriTrypDB,,
LbrM.33.3490,27849219,TriTrypDB,,
LbrM.33.3550,18364711,TriTrypDB,,
LbrM.34.0010,8078522,TriTrypDB,,
LbrM.34.0040,8078522,TriTrypDB,,
LbrM.34.0060,8078522,TriTrypDB,,
LbrM.34.0120,20190075,TriTrypDB,,
LbrM.34.0170,20653091,TriTrypDB,,
LbrM.34.0630,26891179,TriTrypDB,,
LbrM.34.1400,19393161,TriTrypDB,,
LbrM.34.1490,17901875,TriTrypDB,,
LbrM.34.1620,20614016,TriTrypDB,,
LbrM.34.2090,291031,TriTrypDB,,
LbrM.34.2290,21743004,TriTrypDB,,
LbrM.34.2610,17026746,TriTrypDB,,
LbrM.34.2760,22532828,TriTrypDB,,
LbrM.34.2840,20382188,TriTrypDB,,
LbrM.34.2930,20382188,TriTrypDB,,
LbrM.34.3400,17026746,TriTrypDB,,
LbrM.34.3570,20614016,TriTrypDB,,
LbrM.34.3890,16790017,TriTrypDB,,
LbrM.34.3960,21764780,TriTrypDB,,
LbrM.34.4570,20382188,TriTrypDB,,
LbrM.34.4730,20614016,TriTrypDB,,
LbrM.34.4950,17548090,TriTrypDB,,
LbrM.34.5190,20382188,TriTrypDB,,
LbrM.35.0010,12604613,TriTrypDB,,
LbrM.35.0040,12604613,TriTrypDB,,
LbrM.35.0060,12604613,TriTrypDB,,
LbrM.35.0090,20180988,TriTrypDB,,
LbrM.35.0300,10329621,TriTrypDB,,
LbrM.35.0390,20382188,TriTrypDB,,
LbrM.35.0770,12958211,TriTrypDB,,
LbrM.35.0840,17548090,TriTrypDB,,
LbrM.35.1330,20382188,TriTrypDB,,
LbrM.35.1390,10551371,TriTrypDB,,
LbrM.35.1680,20685283,TriTrypDB,,
LbrM.35.1900,20382188,TriTrypDB,,
LbrM.35.2010,16112905,TriTrypDB,,
LbrM.35.2270,20382188,TriTrypDB,,
LbrM.35.2550,17904661,TriTrypDB,,
LbrM.35.2580,19443056,TriTrypDB,,
LbrM.35.2600,18485498,TriTrypDB,,
LbrM.35.2750,18364711,TriTrypDB,,
LbrM.35.3170,18364711,TriTrypDB,,
LbrM.35.3350,20614016,TriTrypDB,,
LbrM.35.3820,19296828,TriTrypDB,,
LbrM.35.4170,16091631,TriTrypDB,,
LbrM.35.4170,16416120,TriTrypDB,,
LbrM.35.4220,22532828,TriTrypDB,,
LbrM.35.4430,20382188,TriTrypDB,,
LbrM.35.5020,22396527,TriTrypDB,,
LbrM.35.6180,16112905,TriTrypDB,,
LbrM.35.6370,15694484,TriTrypDB,,
LbrM.35.6380,21437209,TriTrypDB,,
LbrM.35.6680,21743004,TriTrypDB,,
LbrM.35.6720,17032644,TriTrypDB,,
LbrM.35.7010,15096219,TriTrypDB,,
LbrM.35.7330,16403015,TriTrypDB,,
LbrM.35.7390,17012283,TriTrypDB,,
LmxM.01.0620,30030284,TriTrypDB,,
LmxM.02.0310,31242261,TriTrypDB,,
LmxM.04.0310,25763714,TriTrypDB,,
LmxM.04.0550,31242261,TriTrypDB,,
LmxM.05.0010,31795916,TriTrypDB,,
LmxM.05.0380,32719012,TriTrypDB,,
LmxM.05.1020,31242261,TriTrypDB,,
LmxM.06.0770,18840477,TriTrypDB,,
LmxM.06.0820,17026746,TriTrypDB,,
LmxM.06.1040,30030284,TriTrypDB,,
LmxM.08_29.0590,17259543,TriTrypDB,,
LmxM.08_29.1150,20838623,TriTrypDB,,
LmxM.08_29.2030,20382188,TriTrypDB,,
LmxM.08_29.2150,16164760,TriTrypDB,,
LmxM.08_29.2320,16467378,TriTrypDB,,
LmxM.09.0100,26746239,TriTrypDB,,
LmxM.09.0250,21829589,TriTrypDB,,
LmxM.09.1260,35831302,TriTrypDB,,
LmxM.09.1530,26667778,TriTrypDB,,
LmxM.10.0290,32980452,TriTrypDB,,
LmxM.10.0490,16467378,TriTrypDB,,
LmxM.10.0960,30030284,TriTrypDB,,
LmxM.10.1150,32719012,TriTrypDB,,
LmxM.10.1230,31513773,TriTrypDB,,
LmxM.10.1240,31513773,TriTrypDB,,
LmxM.10.1250,31513773,TriTrypDB,,
LmxM.10.1260,31513773,TriTrypDB,,
LmxM.10.1270,31513773,TriTrypDB,,
LmxM.10.1280,31513773,TriTrypDB,,
LmxM.10.1290,31513773,TriTrypDB,,
LmxM.11.0660a,19444208,TriTrypDB,,
LmxM.12.0380,20180988,TriTrypDB,,
LmxM.12.0530,7870131,TriTrypDB,,
LmxM.12.0630,19443056,TriTrypDB,,
LmxM.12.0670,12467979,TriTrypDB,,
LmxM.12.0980,27223609,TriTrypDB,,
LmxM.13.0130,26667778,TriTrypDB,,
LmxM.13.0240,31242261,TriTrypDB,,
LmxM.13.0430,26667778,TriTrypDB,,
LmxM.13.1610,21124853,TriTrypDB,,
LmxM.13.1640,17548090,TriTrypDB,,
LmxM.14.1160,17382932,TriTrypDB,,
LmxM.14.1430,31242261,TriTrypDB,,
LmxM.15.0540,30030284,TriTrypDB,,
LmxM.15.0825,31795916,TriTrypDB,,
LmxM.15.0960,23221899,TriTrypDB,,
LmxM.16.1430,26667778,TriTrypDB,,
LmxM.16.1550,31242261,TriTrypDB,,
LmxM.17.0430,31795916,TriTrypDB,,
LmxM.17.0900,31242261,TriTrypDB,,
LmxM.18.0790,16730080,TriTrypDB,,
LmxM.18.1010,26667778,TriTrypDB,,
LmxM.19.0010,17026746,TriTrypDB,,
LmxM.19.0250,26667778,TriTrypDB,,
LmxM.19.0320,26667778,TriTrypDB,,
LmxM.19.0520,31242261,TriTrypDB,,
LmxM.19.1390,16753168,TriTrypDB,,
LmxM.19.1440,20178803,TriTrypDB,,
LmxM.20.0940,20614016,TriTrypDB,,
LmxM.20_36.6470,9564044,TriTrypDB,,
LmxM.21.0560,17026746,TriTrypDB,,
LmxM.21.1580,29906288,TriTrypDB,,
LmxM.22.0010,29438445,TriTrypDB,,
LmxM.22.0900,31242261,TriTrypDB,,
LmxM.22.1010,17347153,TriTrypDB,,
LmxM.22.1620,31242261,TriTrypDB,,
LmxM.23.0380,21255121,TriTrypDB,,
LmxM.23.1610,31795916,TriTrypDB,,
LmxM.24.0840,31242261,TriTrypDB,,
LmxM.24.0850,8125090,TriTrypDB,,
LmxM.24.1770,15554964,TriTrypDB,,
LmxM.25.1460,23877697,TriTrypDB,,
LmxM.25.1600,31242261,TriTrypDB,,
LmxM.25.1920,31242261,TriTrypDB,,
LmxM.26.0650,31242261,TriTrypDB,,
LmxM.26.0690,17026746,TriTrypDB,,
LmxM.27.0630,18364347,TriTrypDB,,
LmxM.27.1630,26667778,TriTrypDB,,
LmxM.27.1850,19074134,TriTrypDB,,
LmxM.28.0580,17548090,TriTrypDB,,
LmxM.28.1990,26746239,TriTrypDB,,
LmxM.29.0370,17548090,TriTrypDB,,
LmxM.29.1810,31242261,TriTrypDB,,
LmxM.29.2910,17548090,TriTrypDB,,
LmxM.29.3090,22966087,TriTrypDB,,
LmxM.30.0020,16135234,TriTrypDB,,
LmxM.30.1960,20838623,TriTrypDB,,
LmxM.30.1970,20838623,TriTrypDB,,
LmxM.30.2010,27606425,TriTrypDB,,
LmxM.30.2090,28742133,TriTrypDB,,
LmxM.30.2310,21827749,TriTrypDB,,
LmxM.30.3060,17000865,TriTrypDB,,
LmxM.30.3070,17000865,TriTrypDB,,
LmxM.30.3150,31242261,TriTrypDB,,
LmxM.31.0380,32719012,TriTrypDB,,
LmxM.31.1060,26667778,TriTrypDB,,
LmxM.31.1980,31242261,TriTrypDB,,
LmxM.31.2900,30030284,TriTrypDB,,
LmxM.31.3250,17548090,TriTrypDB,,
LmxM.32.1380,17548090,TriTrypDB,,
LmxM.32.2070,15720564,TriTrypDB,,
LmxM.32.2220,31242261,TriTrypDB,,
LmxM.32.2260,31472179,TriTrypDB,,
LmxM.32.2440,32719012,TriTrypDB,,
LmxM.32.2550,32980452,TriTrypDB,,
LmxM.32.2830,31472179,TriTrypDB,,
LmxM.32.2835,10585865,TriTrypDB,,
LmxM.32.2850,31472179,TriTrypDB,,
LmxM.33.0070,15850459,TriTrypDB,,
LmxM.33.0070,20060805,TriTrypDB,,
LmxM.33.0680,26746239,TriTrypDB,,
LmxM.33.0690,26746239,TriTrypDB,,
LmxM.33.2190,18039372,TriTrypDB,,
LmxM.33.2480,31242261,TriTrypDB,,
LmxM.33.2570,26746239,TriTrypDB,,
LmxM.33.2730,12958211,TriTrypDB,,
LmxM.33.2730,20382188,TriTrypDB,,
LmxM.33.2810,17244817,TriTrypDB,,
LmxM.33.2980,18534579,TriTrypDB,,
LmxM.33.4000,31472179,TriTrypDB,,
LmxM.34.0180,31795916,TriTrypDB,,
LmxM.34.1480,21232540,TriTrypDB,,
LmxM.34.1720,20614016,TriTrypDB,,
LmxM.34.1810,26667778,TriTrypDB,,
LmxM.34.2210,20512252,TriTrypDB,,
LmxM.34.2220,20512252,TriTrypDB,,
LmxM.34.2221,20512252,TriTrypDB,,
LmxM.34.4890,16289356,TriTrypDB,,
LmxM.34.5010,17548090,TriTrypDB,,
LmxM.36.0720,17548090,TriTrypDB,,
LmxM.36.0860,20178803,TriTrypDB,,
LmxM.36.1910,31242261,TriTrypDB,,
LmxM.36.1960,22676716,TriTrypDB,,
LmxM.36.2100,31795916,TriTrypDB,,
LmxM.36.3930,16091631,TriTrypDB,,
LmxM.36.3930,16416120,TriTrypDB,,
LmxM.36.5850,32719012,TriTrypDB,,
LmxM.36.5850,23766511,TriTrypDB,,
LmxM.36.5870,31242261,TriTrypDB,,
LmxM.36.5970,26746239,TriTrypDB,,
LmxM.36.6060,15694484,TriTrypDB,,
LmxM.36.6280,12651954,TriTrypDB,,
LmxM.36.6280,20601430,TriTrypDB,,
LmxM.36.6280,9786920,TriTrypDB,,
LmxM.36.6290,12651954,TriTrypDB,,
LmxM.36.6290,20601430,TriTrypDB,,
LmxM.36.6290,9786920,TriTrypDB,,
LmxM.36.6300,12651954,TriTrypDB,,
LmxM.36.6995,17012283,TriTrypDB,,
Tbg.972.2.2410,19074134,TriTrypDB,,
Tbg972.1.2660,12467979,TriTrypDB,,
Tbg972.1.930,20614016,TriTrypDB,,
Tbg972.10.10130,17012283,TriTrypDB,,
Tbg972.10.10570,18442996,TriTrypDB,,
Tbg972.10.11380,16766053,TriTrypDB,,
Tbg972.10.11500,18812192,TriTrypDB,,
Tbg972.10.1330,7557404,TriTrypDB,,
Tbg972.10.16080,16730080,TriTrypDB,,
Tbg972.10.19550,16753168,TriTrypDB,,
Tbg972.10.4520,25503798,TriTrypDB,,
Tbg972.10.8420,24891501,TriTrypDB,,
Tbg972.11.11440,16091631,TriTrypDB,,
Tbg972.11.11440,16416120,TriTrypDB,,
Tbg972.11.11840,15694484,TriTrypDB,,
Tbg972.11.1320,18364347,TriTrypDB,,
Tbg972.11.15650,17921352,TriTrypDB,,
Tbg972.11.15650,26121669,TriTrypDB,,
Tbg972.11.15650,9247926,TriTrypDB,,
Tbg972.11.17370,8132566,TriTrypDB,,
Tbg972.11.18990,19240117,TriTrypDB,,
Tbg972.11.3650,21124853,TriTrypDB,,
Tbg972.11.6300,23533609,TriTrypDB,,
Tbg972.11.9960,18534909,TriTrypDB,,
Tbg972.3.2660,16510441,TriTrypDB,,
Tbg972.3.5040,20382188,TriTrypDB,,
Tbg972.3.5200,16164760,TriTrypDB,,
Tbg972.3.5720,20838923,TriTrypDB,,
Tbg972.3.5740,17259543,TriTrypDB,,
Tbg972.3.770,23877697,TriTrypDB,,
Tbg972.4.1630,18534579,TriTrypDB,,
Tbg972.4.1750,17244817,TriTrypDB,,
Tbg972.4.1840,12958211,TriTrypDB,,
Tbg972.4.1840,20382188,TriTrypDB,,
Tbg972.4.2420,18039372,TriTrypDB,,
Tbg972.4.3420,16914442,TriTrypDB,,
Tbg972.4.4020,21124853,TriTrypDB,,
Tbg972.5.3480,17077271,TriTrypDB,,
Tbg972.6.2930,30058168,TriTrypDB,,
Tbg972.7.2770,20580912,TriTrypDB,,
Tbg972.7.6230,18840477,TriTrypDB,,
Tbg972.8.4270,18534579,TriTrypDB,,
Tbg972.8.4990,20382188,TriTrypDB,,
Tbg972.8.6370,30506377,TriTrypDB,,
Tbg972.8.8270,24741115,TriTrypDB,,
Tbg972.8.8690,21124853,TriTrypDB,,
Tbg972.9.3150,23221899,TriTrypDB,,
Tbg972.9.6840,15994309,TriTrypDB,,
TcIL3000.11.10670,16091631,TriTrypDB,,
TcIL3000.11.10670,16416120,TriTrypDB,,
TcIL3000.11.11150,15694484,TriTrypDB,,
TcIL3000.11.1200,18364347,TriTrypDB,,
TcIL3000.11.1420,28871083,TriTrypDB,,
TcIL3000.11.210,28871083,TriTrypDB,,
TcIL3000.11.3100,21124853,TriTrypDB,,
TcIL3000_0_19510,28871083,TriTrypDB,,
TcIL3000_0_22050,28871083,TriTrypDB,,
TcIL3000_0_41350,31795916,TriTrypDB,,
TcIL3000_0_54360,20614016,TriTrypDB,,
TcIL3000_0_54590,20838923,TriTrypDB,,
TcIL3000_0_57630,16914442,TriTrypDB,,
TcIL3000_10_11410,16730080,TriTrypDB,,
TcIL3000_10_13600,31751595,TriTrypDB,,
TcIL3000_10_13790,16753168,TriTrypDB,,
TcIL3000_10_2580,31751595,TriTrypDB,,
TcIL3000_10_2930,23319650,TriTrypDB,,
TcIL3000_10_3510,31795916,TriTrypDB,,
TcIL3000_10_5670,31795916,TriTrypDB,,
TcIL3000_10_7180,17012283,TriTrypDB,,
TcIL3000_10_7500,18442996,TriTrypDB,,
TcIL3000_10_880,7557404,TriTrypDB,,
TcIL3000_10_9440,23192033,TriTrypDB,,
TcIL3000_1_1080,20614016,TriTrypDB,,
TcIL3000_1_1680,12467979,TriTrypDB,,
TcIL3000_2_740,19074134,TriTrypDB,,
TcIL3000_3_1570,16510441,TriTrypDB,,
TcIL3000_3_280,23877697,TriTrypDB,,
TcIL3000_3_2870,16164760,TriTrypDB,,
TcIL3000_3_3090,17259543,TriTrypDB,,
TcIL3000_4_1360,18534579,TriTrypDB,,
TcIL3000_4_1500,17244817,TriTrypDB,,
TcIL3000_4_1630,12958211,TriTrypDB,,
TcIL3000_4_1630,20382188,TriTrypDB,,
TcIL3000_4_2340,18039372,TriTrypDB,,
TcIL3000_5_5210,31795916,TriTrypDB,,
TcIL3000_6_3860,22966087,TriTrypDB,,
TcIL3000_8_2230,21291918,TriTrypDB,,
TcIL3000_8_4290,18534579,TriTrypDB,,
TcIL3000_8_4580,19683530,TriTrypDB,,
TcIL3000_9_2050,23221899,TriTrypDB,,
TcIL3000_9_2060,23221899,TriTrypDB,,
TcIL3000_9_5770,28871083,TriTrypDB,,
LdBPK_040070.1,21186185,TriTrypDB,,
LdBPK_040300.1,25763714,TriTrypDB,,
LdBPK_060800.1,18840477,TriTrypDB,,
LdBPK_090400.1,21829589,TriTrypDB,,
LdBPK_100760.1,22994895,TriTrypDB,,
LdBPK_100770.1,22994895,TriTrypDB,,
LdBPK_111100.1,25768284,TriTrypDB,,
LdBPK_120105.1,19064633,TriTrypDB,,
LdBPK_120580.1,19443056,TriTrypDB,,
LdBPK_120620.1,12467979,TriTrypDB,,
LdBPK_120730.1,27812217,TriTrypDB,,
LdBPK_130940.1,20675366,TriTrypDB,,
LdBPK_131350.1,21124853,TriTrypDB,,
LdBPK_131590.1,16785229,TriTrypDB,,
LdBPK_151020.1,23221899,TriTrypDB,,
LdBPK_170870.1,7159467,TriTrypDB,,
LdBPK_180270.1,19710909,TriTrypDB,,
LdBPK_180790.1,16730080,TriTrypDB,,
LdBPK_181490.1,2469011,TriTrypDB,,
LdBPK_181490.1,2828921,TriTrypDB,,
LdBPK_181500.1,2469011,TriTrypDB,,
LdBPK_181500.1,2828921,TriTrypDB,,
LdBPK_181510.1,2469011,TriTrypDB,,
LdBPK_181510.1,2828921,TriTrypDB,,
LdBPK_191430.1,16753168,TriTrypDB,,
LdBPK_210990.1,10567419,TriTrypDB,,
LdBPK_212210.1,12387850,TriTrypDB,,
LdBPK_220830.1,17347153,TriTrypDB,,
LdBPK_230430.1,21255121,TriTrypDB,,
LdBPK_241790.1,21458414,TriTrypDB,,
LdBPK_251520.1,23877697,TriTrypDB,,
LdBPK_252330.1,9032236,TriTrypDB,,
LdBPK_271630.1,24086735,TriTrypDB,,
LdBPK_271750.1,19074134,TriTrypDB,,
LdBPK_280550.1,27288586,TriTrypDB,,
LdBPK_290610.1,17259543,TriTrypDB,,
LdBPK_290770.1,18178267,TriTrypDB,,
LdBPK_290950.1,10806117,TriTrypDB,,
LdBPK_291240.1,20838623,TriTrypDB,,
LdBPK_292150.1,20382188,TriTrypDB,,
LdBPK_292260.1,16164760,TriTrypDB,,
LdBPK_303130.1,22966087,TriTrypDB,,
LdBPK_310860.1,20349119,TriTrypDB,,
LdBPK_312000.1,20838623,TriTrypDB,,
LdBPK_312050.1,27606425,TriTrypDB,,
LdBPK_312140.1,28742133,TriTrypDB,,
LdBPK_312350.1,15479452,TriTrypDB,,
LdBPK_320540.1,16785229,TriTrypDB,,
LdBPK_323050.1,20126266,TriTrypDB,,
LdBPK_324020.1,19121339,TriTrypDB,,
LdBPK_330160.1,16766053,TriTrypDB,,
LdBPK_332450.1,32413071,TriTrypDB,,
LdBPK_340350.1,19880510,TriTrypDB,,
LdBPK_341950.1,18039372,TriTrypDB,,
LdBPK_342060.1,26713845,TriTrypDB,,
LdBPK_342560.1,12958211,TriTrypDB,,
LdBPK_342560.1,20382188,TriTrypDB,,
LdBPK_342670.1,17244817,TriTrypDB,,
LdBPK_342810.1,18534579,TriTrypDB,,
LdBPK_351710.1,20614016,TriTrypDB,,
LdBPK_354540.1,25948161,TriTrypDB,,
LdBPK_360780.1,17548090,TriTrypDB,,
LdBPK_362040.1,10783393,TriTrypDB,,
LdBPK_364120.1,16091631,TriTrypDB,,
LdBPK_364120.1,16416120,TriTrypDB,,
LdBPK_366320.1,15694484,TriTrypDB,,
LdBPK_366490.1,10806117,TriTrypDB,,
LdBPK_367350.1,17012283,TriTrypDB,,
TvY486_0019400,31795916,TriTrypDB,,
TvY486_0100790,20614016,TriTrypDB,,
TvY486_0101720,19443056,TriTrypDB,,
TvY486_0101810,12467979,TriTrypDB,,
TvY486_0102170,20382188,TriTrypDB,,
TvY486_0201150,19074134,TriTrypDB,,
TvY486_0300430,23877697,TriTrypDB,,
TvY486_0301900,16510441,TriTrypDB,,
TvY486_0301940,31751595,TriTrypDB,,
TvY486_0302300,11292348,TriTrypDB,,
TvY486_0303156,20838923,TriTrypDB,,
TvY486_0303850,20382188,TriTrypDB,,
TvY486_0304050,16164760,TriTrypDB,,
TvY486_0304470,17259543,TriTrypDB,,
TvY486_0401440,18534579,TriTrypDB,,
TvY486_0401560,17244817,TriTrypDB,,
TvY486_0401700,12958211,TriTrypDB,,
TvY486_0401700,20382188,TriTrypDB,,
TvY486_0402340,18039372,TriTrypDB,,
TvY486_0403220,16914442,TriTrypDB,,
TvY486_0500790,18489261,TriTrypDB,,
TvY486_0502340,19911988,TriTrypDB,,
TvY486_0503940,31795916,TriTrypDB,,
TvY486_0603830,22966087,TriTrypDB,,
TvY486_0702320,20580912,TriTrypDB,,
TvY486_0705418,18840477,TriTrypDB,,
TvY486_0706450,31795916,TriTrypDB,,
TvY486_0802340,31795916,TriTrypDB,,
TvY486_0803990,18534579,TriTrypDB,,
TvY486_0804710,20382188,TriTrypDB,,
TvY486_0807220,24741115,TriTrypDB,,
TvY486_0902240,23221899,TriTrypDB,,
TvY486_0904120,16289356,TriTrypDB,,
TvY486_1001010,7557404,TriTrypDB,,
TvY486_1003100,31751595,TriTrypDB,,
TvY486_1004280,20190075,TriTrypDB,,
TvY486_1006570,31795916,TriTrypDB,,
TvY486_1008180,17012283,TriTrypDB,,
TvY486_1008510,18442996,TriTrypDB,,
TvY486_1012900,16730080,TriTrypDB,,
TvY486_1015180,31751595,TriTrypDB,,
TvY486_1015370,16753168,TriTrypDB,,
TvY486_1101170,18364347,TriTrypDB,,
TvY486_1103360,21124853,TriTrypDB,,
TvY486_1109420,18534909,TriTrypDB,,
TvY486_1111040,16091631,TriTrypDB,,
TvY486_1111040,16416120,TriTrypDB,,
TvY486_1111450,15694484,TriTrypDB,,
TvY486_1117840,19240117,TriTrypDB,,
