pmid,gene_id,paper_available,alias_in_text,Summary,generatePDs,verifyPDs
32602891,NF0009070,True,True,True,True,True
32602891,NF0006040,True,True,True,True,True
32602891,NF0083570,True,True,True,True,True
32602891,NF0063980,True,True,True,True,True
32602891,ACA1_028650,True,True,True,True,True
32602891,ACA1_293850,True,True,True,True,True
32602891,ACA1_096990,True,True,True,True,True
32602891,ACA1_500059,True,False,False,False,False
32602891,NF0068660,True,True,True,True,True
32602891,NF0124690,True,True,True,True,True
32602891,ACA1_068800,True,True,True,True,True
32602891,NF0010730,True,True,True,True,True
32602891,NF0006140,True,True,True,True,True
32602891,NF0131350,True,True,True,True,True
32602891,ACA1_171780,True,True,True,True,True
32602891,NF0019060,True,True,True,True,True
32602891,NF0046290,True,True,True,True,True
32602891,NF0113850,True,True,True,True,True
32602891,ACA1_053870,True,True,True,True,True
32602891,ACA1_053820,True,True,True,True,True
32602891,ACA1_141980,True,True,True,True,True
32602891,ACA1_297780,True,True,True,True,True
32602891,ACA1_174700,True,True,True,True,True
32602891,NF0009920,True,True,True,True,True
32602891,ACA1_054130,True,True,True,True,True
32602891,ACA1_191530,True,True,True,True,True
32602891,ACA1_053960,True,True,True,True,True
32602891,ACA1_151280,True,True,True,True,True
32602891,ACA1_279800,True,True,True,True,True
32602891,ACA1_260000,True,True,True,True,True
32602891,ACA1_276870,True,True,True,True,True
32602891,NF0116880,True,True,True,True,True
19346560,Tb927.2.2720,True,False,False,False,False
19346560,Tb927.10.15020,True,True,True,True,True
19346560,Tb927.11.5860,True,False,False,False,False
19346560,Tb927.10.1460,True,False,False,False,False
19346560,Tb927.3.1850,True,True,True,True,True
19346560,Tb927.3.2060,True,True,True,True,True
19346560,Tb927.9.2350,True,False,False,False,False
19346560,Tb927.1.3130,True,False,False,False,False
19346560,Tb05.5K5.80,True,True,True,False,False
19346560,Tb927.10.3340,True,False,False,False,False
19346560,Tb927.11.790,True,True,True,True,True
19346560,Tb927.8.5500,True,False,False,False,False
19346560,Tb927.10.16160,True,False,False,False,False
19346560,Tb927.9.2140,True,False,False,False,False
19346560,Tb927.3.1570,True,False,False,False,False
19346560,Tb927.11.6690,True,False,False,False,False
29474435,Tb927.9.1410,True,False,False,False,False
29474435,Tb927.7.3740,True,False,False,False,False
29474435,Tb927.11.14650,True,False,False,False,False
29474435,Tb927.11.13480,True,False,False,False,False
29474435,Tb927.7.7270,True,False,False,False,False
29474435,Tb927.11.4350,True,False,False,False,False
29474435,Tb927.3.1660,True,False,False,False,False
29474435,Tb927.8.3720,True,False,False,False,False
29474435,Tb11.02.5440b,True,False,False,False,False
29474435,Tb927.4.2600,True,False,False,False,False
29474435,Tb927.10.2920,True,False,False,False,False
29474435,Tb927.6.2570,True,False,False,False,False
29474435,Tb927.1.4410,True,False,False,False,False
29474435,Tb927.10.15830,True,False,False,False,False
29474435,Tb927.2.2090,True,False,False,False,False
29474435,Tb11.02.5440,True,False,False,False,False
29474435,Tb927.11.5620,True,False,False,False,False
29474435,Tb927.11.5750,True,False,False,False,False
29474435,Tb927.11.11380,True,False,False,False,False
29474435,Tb927.7.5690,True,False,False,False,False
29474435,Tb927.11.4340,True,False,False,False,False
29474435,Tb927.11.7920,True,False,False,False,False
29474435,Tb927.11.16960,True,False,False,False,False
29474435,Tb927.9.7690,True,True,True,True,True
29474435,Tb11.v5.0497,True,False,False,False,False
29474435,Tb927.4.4180,True,False,False,False,False
29474435,Tb927.4.4940,True,False,False,False,False
29474435,Tb927.8.1050,True,False,False,False,False
29474435,Tb927.10.8800,True,False,False,False,False
29474435,Tb927.7.2450,True,False,False,False,False
29474435,Tb11.v5.0630,True,False,False,False,False
29474435,Tb927.8.8160,True,False,False,False,False
29474435,Tb07.11L3.100,True,False,False,False,False
29474435,Tb927.11.16470,True,False,False,False,False
29474435,Tb927.8.770,True,False,False,False,False
29474435,Tb927.10.1390,True,False,False,False,False
29474435,Tb11.v5.0739,True,False,False,False,False
29474435,Tb927.7.6390,True,False,False,False,False
29474435,Tb927.10.8840,True,False,False,False,False
29474435,Tb927.8.5670,True,False,False,False,False
29474435,Tb927.11.5410,True,False,False,False,False
29474435,Tb927.3.3620,True,False,False,False,False
29474435,Tb927.7.2150,True,False,False,False,False
29474435,Tb927.8.1290,True,False,False,False,False
29474435,Tb927.3.2730,True,False,False,False,False
29474435,Tb927.3.3170,True,False,False,False,False
29474435,Tb927.9.4550,True,False,False,False,False
29474435,Tb927.8.2620,True,False,False,False,False
20838601,Tb4.NT.19,True,False,False,False,False
20838601,Tb2.NT.58,True,False,False,False,False
20838601,Tb7.NT.24,True,False,False,False,False
20838601,Tb10.NT.27,True,False,False,False,False
20838601,Tb11.NT.178,True,False,False,False,False
20838601,Tb10.NT.169,True,False,False,False,False
20838601,Tb5.NT.67,True,False,False,False,False
20838601,Tb8.NT.42,True,False,False,False,False
20838601,Tb10.NT.154,True,False,False,False,False
20838601,Tb7.NT.76,True,False,False,False,False
20838601,Tb2.NT.41,True,False,False,False,False
20838601,Tb5.NT.86,True,False,False,False,False
20838601,Tb4.NT.41,True,False,False,False,False
20838601,Tb8.NT.11,True,False,False,False,False
20838601,Tb927.9.4227,True,False,False,False,False
20838601,Tb9.NT.34,True,False,False,False,False
20838601,Tb3.NT.66,True,False,False,False,False
20838601,Tb4.NT.42,True,False,False,False,False
20838601,Tb8.NT.99,True,False,False,False,False
20838601,Tb11.NT.99,True,False,False,False,False
20838601,Tb5.NT.60,True,False,False,False,False
20838601,Tb8.NT.41,True,False,False,False,False
20838601,Tb11.NT.26,True,False,False,False,False
20838601,Tb7.NT.62,True,False,False,False,False
20838601,Tb11.NT.97,True,False,False,False,False
20838601,Tb11.NT.73,True,False,False,False,False
20838601,Tb8.NT.18,True,False,False,False,False
20838601,Tb11.NT.84,True,False,False,False,False
20838601,Tb11.NT.179,True,False,False,False,False
20838601,Tb5.NT.35,True,False,False,False,False
20838601,Tb11.NT.31,True,False,False,False,False
20838601,Tb1.NT.25,True,False,False,False,False
20838601,Tb2.NT.57,True,False,False,False,False
20838601,Tb11.NT.40,True,False,False,False,False
20838601,Tb10.NT.102,True,False,False,False,False
20838601,Tb10.NT.66,True,False,False,False,False
20838601,Tb5.NT.75,True,False,False,False,False
20838601,Tb2.NT.50,True,False,False,False,False
20838601,Tb10.NT.91,True,False,False,False,False
20838601,Tb4.NT.58,True,False,False,False,False
20838601,Tb6.NT.39,True,False,False,False,False
20838601,Tb6.NT.40,True,False,False,False,False
20838601,Tb8.NT.13,True,False,False,False,False
20838601,Tb2.NT.37,True,False,False,False,False
20838601,Tb5.NT.61,True,False,False,False,False
20838601,Tb9.NT.32,True,False,False,False,False
20838601,Tb8.NT.128,True,False,False,False,False
20838601,Tb10.NT.103,True,False,False,False,False
20838601,Tb4.NT.21,True,False,False,False,False
20838601,Tb6.NT.65,True,False,False,False,False
20838601,Tb11.NT.33,True,False,False,False,False
20838601,Tb11.NT.18,True,False,False,False,False
20838601,Tb10.NT.18,True,False,False,False,False
20838601,Tb9.NT.68,True,False,False,False,False
20838601,Tb2.NT.8,True,False,False,False,False
20838601,Tb11.NT.185,True,False,False,False,False
20838601,Tb11.NT.60,True,False,False,False,False
20838601,Tb10.NT.33,True,False,False,False,False
20838601,Tb10.NT.73,True,False,False,False,False
20838601,Tb11.NT.81,True,False,False,False,False
20838601,Tb5.NT.17,True,False,False,False,False
20838601,Tb11.NT.96,True,False,False,False,False
20838601,Tb10.NT.68,True,False,False,False,False
20838601,Tb7.NT.10,True,False,False,False,False
20838601,Tb8.NT.97,True,False,False,False,False
20838601,Tb927.9.4207,True,False,False,False,False
20838601,Tb9.NT.6,True,False,False,False,False
20838601,Tb11.NT.122,True,False,False,False,False
20838601,Tb8.NT.9,True,False,False,False,False
20838601,Tb8.NT.8,True,False,False,False,False
20838601,Tb3.NT.21,True,False,False,False,False
20838601,Tb5.NT.81,True,False,False,False,False
20838601,Tb7.NT.17,True,False,False,False,False
20838601,Tb3.NT.36,True,False,False,False,False
20838601,Tb11.NT.192,True,False,False,False,False
20838601,Tb1.NT.24,True,False,False,False,False
20838601,Tb11.NT.176,True,False,False,False,False
20838601,Tb6.NT.66,True,False,False,False,False
20838601,Tb2.NT.3,True,False,False,False,False
20838601,Tb10.NT.168,True,False,False,False,False
20838601,Tb2.NT.1,True,False,False,False,False
20838601,Tb10.NT.95,True,False,False,False,False
20838601,Tb2.NT.51,True,False,False,False,False
20838601,Tb8.NT.138,True,False,False,False,False
20838601,Tb10.NT.22,True,False,False,False,False
20838601,Tb11.NT.27,True,False,False,False,False
20838601,Tb11.NT.146,True,False,False,False,False
20838601,Tb8.NT.129,True,False,False,False,False
20838601,Tb5.NT.46,True,False,False,False,False
20838601,Tb4.NT.45,True,False,False,False,False
20838601,Tb11.NT.158,True,False,False,False,False
20838601,Tb11.NT.54,True,False,False,False,False
20838601,Tb11.NT.208,True,False,False,False,False
20838601,Tb10.NT.148,True,False,False,False,False
20838601,Tb11.NT.1,True,False,False,False,False
20838601,Tb10.NT.166,True,False,False,False,False
20838601,Tb11.NT.94,True,False,False,False,False
20838601,Tb2.NT.63,True,False,False,False,False
20838601,Tb11.NT.210,True,False,False,False,False
20838601,Tb1.NT.27,True,False,False,False,False
20838601,Tb2.NT.61,True,False,False,False,False
20838601,Tb7.NT.53,True,False,False,False,False
15840815,Tb927_09_v4.snoRNA.0048,False,False,False,False,False
15840815,Tb927_09_v4.snoRNA.0106,False,False,False,False,False
15840815,Tb927_09_v4.snoRNA.0085,False,False,False,False,False
15840815,Tb927_09_v4.snoRNA.0006,False,False,False,False,False
15840815,Tb927_10_v4.snoRNA.0033:snoRNA,False,False,False,False,False
15840815,Tb927_08_v4.snoRNA.0034,False,False,False,False,False
15840815,Tb927_06_v4.snoRNA.0012,False,False,False,False,False
15840815,Tb927_09_v4.snoRNA.0050,False,False,False,False,False
15840815,Tb927_06_v4.snoRNA.0032,False,False,False,False,False
15840815,Tb927_08_v4.snoRNA.0036,False,False,False,False,False
15840815,Tb927_09_v4.snoRNA.0042,False,False,False,False,False
15840815,Tb927_09_v4.snoRNA.0038,False,False,False,False,False
15840815,Tb927_09_v4.snoRNA.0056,False,False,False,False,False
15840815,Tb927_10_v4.snoRNA.0058:snoRNA,False,False,False,False,False
15840815,Tb927_10_v4.snoRNA.0077:snoRNA,False,False,False,False,False
15840815,Tb927_09_v4.snoRNA.0117,False,False,False,False,False
15840815,Tb927_10_v4.snoRNA.0066:snoRNA,False,False,False,False,False
15840815,Tb927_06_v4.snoRNA.0027,False,False,False,False,False
15840815,Tb927_09_v4.snoRNA.0071,False,False,False,False,False
15840815,Tb927_09_v4.snoRNA.0103,False,False,False,False,False
15840815,Tb927_10_v4.snoRNA.0024:snoRNA,False,False,False,False,False
15840815,Tb927_10_v4.snoRNA.0040:snoRNA,False,False,False,False,False
15840815,Tb927_06_v4.snoRNA.0014,False,False,False,False,False
15840815,Tb927_10_v4.snoRNA.0052:snoRNA,False,False,False,False,False
15840815,Tb927_09_v4.snoRNA.0070,False,False,False,False,False
15840815,Tb927_09_v4.snoRNA.0072,False,False,False,False,False
15840815,Tb927_09_v4.snoRNA.0007,False,False,False,False,False
15840815,Tb927_09_v4.snoRNA.0039,False,False,False,False,False
15840815,Tb927_10_v4.snoRNA.0014:snoRNA,False,False,False,False,False
15840815,Tb927_09_v4.snoRNA.0034,False,False,False,False,False
15840815,Tb927_06_v4.snoRNA.0038,False,False,False,False,False
15840815,Tb927_08_v4.snoRNA.0003,False,False,False,False,False
15840815,Tb927_08_v4.snoRNA.0011,False,False,False,False,False
15840815,Tb927_09_v4.snoRNA.0092,False,False,False,False,False
15840815,Tb927_06_v4.snoRNA.0041,False,False,False,False,False
15840815,Tb927_05_v4.snoRNA.0003,False,False,False,False,False
15840815,Tb927_10_v4.snoRNA.0060:snoRNA,False,False,False,False,False
15840815,Tb927_10_v4.snoRNA.0076:snoRNA,False,False,False,False,False
15840815,Tb927_10_v4.snoRNA.0059:snoRNA,False,False,False,False,False
15840815,Tb927_10_v4.snoRNA.0030:snoRNA,False,False,False,False,False
15840815,Tb927_08_v4.snoRNA.0035,False,False,False,False,False
15840815,Tb927_08_v4.snoRNA.0002,False,False,False,False,False
15840815,Tb927_06_v4.snoRNA.0037,False,False,False,False,False
15840815,Tb927_06_v4.snoRNA.0015,False,False,False,False,False
15840815,Tb927_10_v4.snoRNA.0049:snoRNA,False,False,False,False,False
15840815,Tb927_10_v4.snoRNA.0037:snoRNA,False,False,False,False,False
15840815,Tb927_10_v4.snoRNA.0020:snoRNA,False,False,False,False,False
15840815,Tb927_10_v4.snoRNA.0028:snoRNA,False,False,False,False,False
15840815,Tb927_09_v4.snoRNA.0015,False,False,False,False,False
15840815,Tb927_09_v4.snoRNA.0027,False,False,False,False,False
15840815,Tb927_10_v4.snoRNA.0006:snoRNA,False,False,False,False,False
15840815,Tb927_09_v4.snoRNA.0113,False,False,False,False,False
15840815,Tb927_08_v4.snoRNA.0040,False,False,False,False,False
15840815,Tb927_10_v4.snoRNA.0043:snoRNA,False,False,False,False,False
15840815,Tb927_06_v4.snoRNA.0025,False,False,False,False,False
15840815,Tb927_09_v4.snoRNA.0059,False,False,False,False,False
15840815,Tb927_09_v4.snoRNA.0101,False,False,False,False,False
15840815,Tb927_10_v4.snoRNA.0003:snoRNA,False,False,False,False,False
15840815,Tb927_10_v4.snoRNA.0004:snoRNA,False,False,False,False,False
15840815,Tb927_09_v4.snoRNA.0002,False,False,False,False,False
15840815,Tb927_10_v4.snoRNA.0069:snoRNA,False,False,False,False,False
15840815,Tb927_05_v4.snoRNA.0002,False,False,False,False,False
15840815,Tb927_06_v4.snoRNA.0007,False,False,False,False,False
15840815,Tb927_09_v4.snoRNA.0108,False,False,False,False,False
15840815,Tb927_10_v4.snoRNA.0027:snoRNA,False,False,False,False,False
15840815,Tb927_09_v4.snoRNA.0025,False,False,False,False,False
15840815,Tb927_10_v4.snoRNA.0035:snoRNA,False,False,False,False,False
15840815,Tb927_08_v4.snoRNA.0026,False,False,False,False,False
15840815,Tb927_09_v4.snoRNA.0119,False,False,False,False,False
15840815,Tb927_08_v4.snoRNA.0021,False,False,False,False,False
15840815,Tb927_08_v4.snoRNA.0024,False,False,False,False,False
15840815,Tb927_10_v4.snoRNA.0017:snoRNA,False,False,False,False,False
15840815,Tb927_09_v4.snoRNA.0010,False,False,False,False,False
15840815,Tb927_09_v4.snoRNA.0022,False,False,False,False,False
15840815,Tb927_09_v4.snoRNA.0069,False,False,False,False,False
15840815,Tb927_06_v4.snoRNA.0026,False,False,False,False,False
15840815,Tb927_10_v4.snoRNA.0029:snoRNA,False,False,False,False,False
15840815,Tb927_09_v4.snoRNA.0094,False,False,False,False,False
15840815,Tb927_09_v4.snoRNA.0031,False,False,False,False,False
15840815,Tb10_snoRNA_0084:snoRNA,False,False,False,False,False
15840815,Tb927_08_v4.snoRNA.0028,False,False,False,False,False
15840815,Tb927_10_v4.snoRNA.0011:snoRNA,False,False,False,False,False
15840815,Tb927_10_v4.snoRNA.0038:snoRNA,False,False,False,False,False
15840815,Tb927_06_v4.snoRNA.0011,False,False,False,False,False
15840815,Tb927_09_v4.snoRNA.0066,False,False,False,False,False
15840815,Tb927_08_v4.snoRNA.0006,False,False,False,False,False
15840815,Tb927_06_v4.snoRNA.0017,False,False,False,False,False
15840815,Tb927_10_v4.snoRNA.0063:snoRNA,False,False,False,False,False
15840815,Tb927_08_v4.snoRNA.0037,False,False,False,False,False
15840815,Tb927_09_v4.snoRNA.0075,False,False,False,False,False
15840815,Tb927_10_v4.snoRNA.0016:snoRNA,False,False,False,False,False
15840815,Tb927_09_v4.snoRNA.0016,False,False,False,False,False
15840815,Tb927_09_v4.snoRNA.0076,False,False,False,False,False
15840815,Tb927_08_v4.snoRNA.0014,False,False,False,False,False
15840815,Tb927_10_v4.snoRNA.0034:snoRNA,False,False,False,False,False
15840815,Tb927_09_v4.snoRNA.0102,False,False,False,False,False
15840815,Tb927_09_v4.snoRNA.0057,False,False,False,False,False
15840815,Tb927_09_v4.snoRNA.0017,False,False,False,False,False
15840815,Tb927_06_v4.snoRNA.0030,False,False,False,False,False
15840815,Tb927_09_v4.snoRNA.0051,False,False,False,False,False
15840815,Tb927_08_v4.snoRNA.0038,False,False,False,False,False
15840815,Tb927_09_v4.snoRNA.0014,False,False,False,False,False
15840815,Tb927_06_v4.snoRNA.0040,False,False,False,False,False
15840815,Tb927_09_v4.snoRNA.0068,False,False,False,False,False
15840815,Tb927_09_v4.snoRNA.0009,False,False,False,False,False
15840815,Tb927_10_v4.snoRNA.0065:snoRNA,False,False,False,False,False
15840815,Tb927_06_v4.snoRNA.0003,False,False,False,False,False
15840815,Tb927_08_v4.snoRNA.0005,False,False,False,False,False
15840815,Tb927_08_v4.snoRNA.0031,False,False,False,False,False
15840815,Tb927_09_v4.snoRNA.0091,False,False,False,False,False
15840815,Tb927_10_v4.snoRNA.0041:snoRNA,False,False,False,False,False
15840815,Tb927_09_v4.snoRNA.0008,False,False,False,False,False
15840815,Tb927_06_v4.snoRNA.0024,False,False,False,False,False
15840815,Tb927_10_v4.snoRNA.0018:snoRNA,False,False,False,False,False
15840815,Tb927_10_v4.snoRNA.0045:snoRNA,False,False,False,False,False
15840815,Tb927_09_v4.snoRNA.0045,False,False,False,False,False
15840815,Tb927_06_v4.snoRNA.0039,False,False,False,False,False
15840815,Tb927_08_v4.snoRNA.0019,False,False,False,False,False
15840815,Tb927_06_v4.snoRNA.0006,False,False,False,False,False
15840815,Tb927_06_v4.snoRNA.0021,False,False,False,False,False
15840815,Tb927_09_v4.snoRNA.0021,False,False,False,False,False
15840815,Tb927_08_v4.snoRNA.0007,False,False,False,False,False
15840815,Tb927_09_v4.snoRNA.0087,False,False,False,False,False
15840815,Tb927_10_v4.snoRNA.0054:snoRNA,False,False,False,False,False
15840815,Tb927_10_v4.snoRNA.0048:snoRNA,False,False,False,False,False
15840815,Tb927_10_v4.snoRNA.0075:snoRNA,False,False,False,False,False
15840815,Tb927_10_v4.snoRNA.0013:snoRNA,False,False,False,False,False
15840815,Tb927_09_v4.snoRNA.0065,False,False,False,False,False
15840815,Tb927_06_v4.snoRNA.0022,False,False,False,False,False
15840815,Tb927_09_v4.snoRNA.0054,False,False,False,False,False
15840815,Tb927_09_v4.snoRNA.0089,False,False,False,False,False
15840815,Tb927_09_v4.snoRNA.0095,False,False,False,False,False
15840815,Tb927_09_v4.snoRNA.0098,False,False,False,False,False
15840815,Tb927_10_v4.snoRNA.0023:snoRNA,False,False,False,False,False
15840815,Tb927_10_v4.snoRNA.0022:snoRNA,False,False,False,False,False
15840815,Tb927_09_v4.snoRNA.0032,False,False,False,False,False
15840815,Tb927_10_v4.snoRNA.0050:snoRNA,False,False,False,False,False
15840815,Tb927_10_v4.snoRNA.0001:snoRNA,False,False,False,False,False
15840815,Tb927_10_v4.snoRNA.0026:snoRNA,False,False,False,False,False
15840815,Tb927_10_v4.snoRNA.0062:snoRNA,False,False,False,False,False
15840815,Tb927_06_v4.snoRNA.0033,False,False,False,False,False
15840815,Tb927_08_v4.snoRNA.0043,False,False,False,False,False
15840815,Tb927_10_v4.snoRNA.0015:snoRNA,False,False,False,False,False
15840815,Tb927_09_v4.snoRNA.0088,False,False,False,False,False
15840815,Tb927_10_v4.snoRNA.0042:snoRNA,False,False,False,False,False
15840815,Tb927_09_v4.snoRNA.0112,False,False,False,False,False
15840815,Tb927_09_v4.snoRNA.0090,False,False,False,False,False
15840815,Tb927_10_v4.snoRNA.0007:snoRNA,False,False,False,False,False
15840815,Tb927_06_v4.snoRNA.0013,False,False,False,False,False
15840815,Tb927_10_v4.snoRNA.0047:snoRNA,False,False,False,False,False
15840815,Tb927_09_v4.snoRNA.0061,False,False,False,False,False
15840815,Tb927_09_v4.snoRNA.0077,False,False,False,False,False
15840815,Tb927_09_v4.snoRNA.0018,False,False,False,False,False
15840815,Tb927_06_v4.snoRNA.0018,False,False,False,False,False
15840815,Tb927_09_v4.snoRNA.0047,False,False,False,False,False
15840815,Tb927_09_v4.snoRNA.0049,False,False,False,False,False
15840815,Tb927_10_v4.snoRNA.0019:snoRNA,False,False,False,False,False
15840815,Tb927_09_v4.snoRNA.0033,False,False,False,False,False
15840815,Tb927_08_v4.snoRNA.0009,False,False,False,False,False
15840815,Tb927_09_v4.snoRNA.0073,False,False,False,False,False
15840815,Tb927_09_v4.snoRNA.0005,False,False,False,False,False
15840815,Tb927_06_v4.snoRNA.0010,False,False,False,False,False
15840815,Tb927_08_v4.snoRNA.0020,False,False,False,False,False
15840815,Tb927_10_v4.snoRNA.0025:snoRNA,False,False,False,False,False
15840815,Tb927_08_v4.snoRNA.0013,False,False,False,False,False
15840815,Tb927_09_v4.snoRNA.0093,False,False,False,False,False
15840815,Tb927_09_v4.snoRNA.0080,False,False,False,False,False
15840815,Tb927_06_v4.snoRNA.0002,False,False,False,False,False
15840815,Tb927_05_v4.snoRNA.0001,False,False,False,False,False
15840815,Tb927_08_v4.snoRNA.0004,False,False,False,False,False
15840815,Tb927_06_v4.snoRNA.0028,False,False,False,False,False
15840815,Tb927_06_v4.snoRNA.0020,False,False,False,False,False
15840815,Tb927_09_v4.snoRNA.0004,False,False,False,False,False
15840815,Tb927_09_v4.snoRNA.0052,False,False,False,False,False
15840815,Tb927_09_v4.snoRNA.0063,False,False,False,False,False
15840815,Tb927_09_v4.snoRNA.0044,False,False,False,False,False
15840815,Tb927_09_v4.snoRNA.0105,False,False,False,False,False
15840815,Tb927_08_v4.snoRNA.0010,False,False,False,False,False
15840815,Tb927_10_v4.snoRNA.0080:snoRNA,False,False,False,False,False
15840815,Tb927_06_v4.snoRNA.0023,False,False,False,False,False
15840815,Tb927_09_v4.snoRNA.0037,False,False,False,False,False
15840815,Tb927_09_v4.snoRNA.0082,False,False,False,False,False
15840815,Tb927_10_v4.snoRNA.0053:snoRNA,False,False,False,False,False
15840815,Tb927_09_v4.snoRNA.0058,False,False,False,False,False
15840815,Tb927_09_v4.snoRNA.0104,False,False,False,False,False
15840815,Tb927_09_v4.snoRNA.0064,False,False,False,False,False
15840815,Tb927_09_v4.snoRNA.0023,False,False,False,False,False
15840815,Tb927_10_v4.snoRNA.0064:snoRNA,False,False,False,False,False
15840815,Tb927_10_v4.snoRNA.0002:snoRNA,False,False,False,False,False
15840815,Tb927_10_v4.snoRNA.0031:snoRNA,False,False,False,False,False
15840815,Tb927_10_v4.snoRNA.0074:snoRNA,False,False,False,False,False
15840815,Tb927_10_v4.snoRNA.0079:snoRNA,False,False,False,False,False
15840815,Tb927_09_v4.snoRNA.0060,False,False,False,False,False
15840815,Tb927_06_v4.snoRNA.0019,False,False,False,False,False
15840815,Tb927_06_v4.snoRNA.0034,False,False,False,False,False
15840815,Tb927_08_v4.snoRNA.0030,False,False,False,False,False
15840815,Tb927_10_v4.snoRNA.0055:snoRNA,False,False,False,False,False
15840815,Tb927_09_v4.snoRNA.0078,False,False,False,False,False
15840815,Tb927_10_v4.snoRNA.0078:snoRNA,False,False,False,False,False
15840815,Tb927_09_v4.snoRNA.0062,False,False,False,False,False
15840815,Tb927_08_v4.snoRNA.0018,False,False,False,False,False
15840815,Tb927_10_v4.snoRNA.0039:snoRNA,False,False,False,False,False
15840815,Tb927_10_v4.snoRNA.0067:snoRNA,False,False,False,False,False
15840815,Tb927_10_v4.snoRNA.0061:snoRNA,False,False,False,False,False
15840815,Tb927_09_v4.snoRNA.0040,False,False,False,False,False
15840815,Tb927_09_v4.snoRNA.0029,False,False,False,False,False
15840815,Tb927_09_v4.snoRNA.0079,False,False,False,False,False
15840815,Tb927_09_v4.snoRNA.0035,False,False,False,False,False
15840815,Tb927_09_v4.snoRNA.0109,False,False,False,False,False
15840815,Tb927_10_v4.snoRNA.0009:snoRNA,False,False,False,False,False
15840815,Tb927_10_v4.snoRNA.0005:snoRNA,False,False,False,False,False
15840815,Tb927_09_v4.snoRNA.0096,False,False,False,False,False
15840815,Tb927_08_v4.snoRNA.0023,False,False,False,False,False
15840815,Tb927_09_v4.snoRNA.0003,False,False,False,False,False
15840815,Tb927_08_v4.snoRNA.0016,False,False,False,False,False
15840815,Tb927_10_v4.snoRNA.0008:snoRNA,False,False,False,False,False
15840815,Tb927_09_v4.snoRNA.0020,False,False,False,False,False
15840815,Tb927_08_v4.snoRNA.0042,False,False,False,False,False
15840815,Tb927_09_v4.snoRNA.0097,False,False,False,False,False
15840815,Tb927_09_v4.snoRNA.0081,False,False,False,False,False
15840815,Tb927_09_v4.snoRNA.0120,False,False,False,False,False
15840815,Tb927_10_v4.snoRNA.0073:snoRNA,False,False,False,False,False
15840815,Tb927_06_v4.snoRNA.0031,False,False,False,False,False
15840815,Tb927_06_v4.snoRNA.0016,False,False,False,False,False
15840815,Tb927_10_v4.snoRNA.0070:snoRNA,False,False,False,False,False
15840815,Tb927_09_v4.snoRNA.0114,False,False,False,False,False
15840815,Tb927_09_v4.snoRNA.0086,False,False,False,False,False
15840815,Tb927_09_v4.snoRNA.0001,False,False,False,False,False
15840815,Tb927_08_v4.snoRNA.0001,False,False,False,False,False
15840815,Tb927_09_v4.snoRNA.0083,False,False,False,False,False
15840815,Tb927_06_v4.snoRNA.0005,False,False,False,False,False
15840815,Tb927_10_v4.snoRNA.0012:snoRNA,False,False,False,False,False
15840815,Tb927_10_v4.snoRNA.0071:snoRNA,False,False,False,False,False
15840815,Tb927_09_v4.snoRNA.0111,False,False,False,False,False
15840815,Tb927_08_v4.snoRNA.0029,False,False,False,False,False
15840815,Tb927_10_v4.snoRNA.0021:snoRNA,False,False,False,False,False
15840815,Tb927_08_v4.snoRNA.0032,False,False,False,False,False
15840815,Tb927_10_v4.snoRNA.0051:snoRNA,False,False,False,False,False
15840815,Tb927_09_v4.snoRNA.0019,False,False,False,False,False
15840815,Tb927_06_v4.snoRNA.0009,False,False,False,False,False
15840815,Tb927_09_v4.snoRNA.0074,False,False,False,False,False
15840815,Tb927_09_v4.snoRNA.0116,False,False,False,False,False
15840815,Tb927_08_v4.snoRNA.0017,False,False,False,False,False
15840815,Tb927_10_v4.snoRNA.0081:snoRNA,False,False,False,False,False
15840815,Tb927_09_v4.snoRNA.0013,False,False,False,False,False
15840815,Tb927_10_v4.snoRNA.0068:snoRNA,False,False,False,False,False
15840815,Tb927_10_v4.snoRNA.0056:snoRNA,False,False,False,False,False
15840815,Tb927_06_v4.snoRNA.0036,False,False,False,False,False
15840815,Tb927_09_v4.snoRNA.0053,False,False,False,False,False
15840815,Tb927_09_v4.snoRNA.0107,False,False,False,False,False
15840815,Tb927_10_v4.snoRNA.0010:snoRNA,False,False,False,False,False
15840815,Tb927_09_v4.snoRNA.0026,False,False,False,False,False
15840815,Tb927_09_v4.snoRNA.0100,False,False,False,False,False
15840815,Tb927_09_v4.snoRNA.0115,False,False,False,False,False
15840815,Tb927_10_v4.snoRNA.0032:snoRNA,False,False,False,False,False
15840815,Tb927_10_v4.snoRNA.0036:snoRNA,False,False,False,False,False
15840815,Tb927_08_v4.snoRNA.0044,False,False,False,False,False
15840815,Tb927_10_v4.snoRNA.0072:snoRNA,False,False,False,False,False
15840815,Tb927_09_v4.snoRNA.0028,False,False,False,False,False
15840815,Tb927_08_v4.snoRNA.0012,False,False,False,False,False
15840815,Tb927_08_v4.snoRNA.0039,False,False,False,False,False
15840815,Tb927_09_v4.snoRNA.0012,False,False,False,False,False
15840815,Tb927_08_v4.snoRNA.0033,False,False,False,False,False
15840815,Tb927_08_v4.snoRNA.0041,False,False,False,False,False
15840815,Tb927_09_v4.snoRNA.0030,False,False,False,False,False
15840815,Tb927_06_v4.snoRNA.0029,False,False,False,False,False
15840815,Tb927_08_v4.snoRNA.0008,False,False,False,False,False
15840815,Tb927_06_v4.snoRNA.0035,False,False,False,False,False
15840815,Tb927_09_v4.snoRNA.0043,False,False,False,False,False
15840815,Tb927_09_v4.snoRNA.0099,False,False,False,False,False
15840815,Tb927_09_v4.snoRNA.0067,False,False,False,False,False
15840815,Tb927_09_v4.snoRNA.0036,False,False,False,False,False
15840815,Tb927_09_v4.snoRNA.0024,False,False,False,False,False
15840815,Tb927_08_v4.snoRNA.0022,False,False,False,False,False
15840815,Tb927_06_v4.snoRNA.0008,False,False,False,False,False
15840815,Tb927_09_v4.snoRNA.0084,False,False,False,False,False
15840815,Tb927_08_v4.snoRNA.0027,False,False,False,False,False
15840815,Tb927_06_v4.snoRNA.0004,False,False,False,False,False
15840815,Tb927_09_v4.snoRNA.0046,False,False,False,False,False
15840815,Tb927_09_v4.snoRNA.0041,False,False,False,False,False
15840815,Tb927_10_v4.snoRNA.0044:snoRNA,False,False,False,False,False
15840815,Tb927_09_v4.snoRNA.0110,False,False,False,False,False
15840815,Tb927_10_v4.snoRNA.0046:snoRNA,False,False,False,False,False
15840815,Tb927_10_v4.snoRNA.0057:snoRNA,False,False,False,False,False
15840815,Tb927_09_v4.snoRNA.0011,False,False,False,False,False
15840815,Tb927_08_v4.snoRNA.0015,False,False,False,False,False
15840815,Tb927_09_v4.snoRNA.0055,False,False,False,False,False
15840815,Tb927_06_v4.snoRNA.0001,False,False,False,False,False
15840815,Tb927_08_v4.snoRNA.0025,False,False,False,False,False
15840815,Tb927_09_v4.snoRNA.0118,False,False,False,False,False
23221899,Tbg972.9.3150,False,False,False,False,False
23221899,Tb927.11.13180,False,False,False,False,False
23221899,Tb927.9.2320,False,False,False,False,False
23221899,Tb927.9.13120,False,False,False,False,False
23221899,Tb927.9.6060,False,False,False,False,False
23221899,Tb927.7.7210,False,False,False,False,False
23221899,LdBPK_151020.1,False,False,False,False,False
23221899,Tb927.4.1540,False,False,False,False,False
23221899,Tb927.2.5530,False,False,False,False,False
23221899,Tb11.02.5105,False,False,False,False,False
23221899,Tb927.9.2670,False,False,False,False,False
23221899,Tb927.8.2280,False,False,False,False,False
23221899,LmjF.15.0960,False,False,False,False,False
23221899,Tb927.11.5600,False,False,False,False,False
23221899,TvY486_0902240,False,False,False,False,False
23221899,Tb927.11.7780,False,False,False,False,False
23221899,Tb927.8.6080,False,False,False,False,False
23221899,Tb927.8.2070,False,False,False,False,False
23221899,TcCLB.509353.20,False,False,False,False,False
23221899,Tb927.6.3680,False,False,False,False,False
23221899,Tb927.3.3520,False,False,False,False,False
23221899,TcIL3000_9_2050,False,False,False,False,False
23221899,Tb927.10.510,False,False,False,False,False
23221899,Tb927.7.4890,False,False,False,False,False
23221899,Tb927.8.4380,False,False,False,False,False
23221899,TcIL3000_9_2060,False,False,False,False,False
23221899,Tb927.2.5610,False,False,False,False,False
23221899,Tb927.1.3800,False,False,False,False,False
23221899,Tb927.3.3130,False,False,False,False,False
23221899,Tb927.4.1670,False,False,False,False,False
23221899,Tb927.7.5470,False,False,False,False,False
23221899,Tb927.9.9080,False,False,False,False,False
23221899,Tb927.8.2260,False,False,False,False,False
23221899,Tb927.11.3100,False,False,False,False,False
23221899,TcCLB.430605.40,False,False,False,False,False
23221899,LbrM.15.1000,False,False,False,False,False
23221899,Tb927.11.2750,False,False,False,False,False
23221899,Tb927.6.1550,False,False,False,False,False
23221899,Tb927.8.5130,False,False,False,False,False
23221899,LmxM.15.0960,False,False,False,False,False
23221899,Tb927.7.2960,False,False,False,False,False
23221899,Tb927.9.10560,False,False,False,False,False
23221899,Tb927.11.2580,False,False,False,False,False
23221899,Tb927.11.12880,False,False,False,False,False
23221899,Tb927.10.11030,False,False,False,False,False
23221899,Tb927.11.11460,False,False,False,False,False
23221899,TcCLB.505843.49,False,False,False,False,False
23221899,Tb927.9.12500,False,False,False,False,False
23221899,Tb927.6.4180,False,False,False,False,False
23221899,Tb927.8.2270,False,False,False,False,False
23221899,Tb927.9.2650,False,False,False,False,False
23221899,Tb927.4.1590,False,False,False,False,False
23221899,Tb927.3.1080,False,False,False,False,False
23221899,Tb927.10.9140,False,False,False,False,False
23221899,Tb927.7.4980,False,False,False,False,False
23221899,Tb927.8.1470,False,False,False,False,False
23221899,Tb927.3.4640,False,False,False,False,False
26572691,Tb11.02.5390,True,True,True,True,True
26572691,Tb927.2.3800,True,True,True,True,True
26572691,Tb927.4.4160,True,True,True,True,True
26572691,Tb927.10.10130,True,True,True,True,True
26572691,Tb927.2.1860,True,True,True,True,True
26572691,Tb927.7.2570,True,True,True,True,True
26572691,Tb927.5.3010,True,True,True,True,True
26572691,Tb927.8.8170,True,True,True,True,True
26572691,Tb927.8.8180,True,True,True,True,True
26572691,Tb927.10.11870,True,True,True,True,True
26572691,Tb927.7.800,True,True,True,True,True
26572691,Tb927.11.9140,True,True,True,True,True
26572691,Tb927.11.16860,True,True,True,True,True
18073385,Tb927.1.3010,False,False,False,False,False
18073385,Tb927.4.4150,False,False,False,False,False
18073385,Tb11.02.5390,False,False,False,False,False
37410820,Tb927.4.4160,True,True,True,True,True
37410820,Tb927.10.1730,True,False,False,False,False
37410820,Tb927.10.10130,True,True,True,True,True
37410820,Tb927.8.8170,True,True,True,True,True
37410820,Tb927.7.800,True,True,True,True,True
37410820,Tb927.11.9140,True,True,True,True,True
37410820,Tb927.2.3800,True,True,True,True,True
37410820,Tb927.1.3010,True,True,True,False,False
37410820,Tb927.10.10830,True,True,True,True,True
37410820,Tb927.4.4150,True,False,False,False,False
37410820,Tb927.10.7910,True,False,False,False,False
37410820,Tb927.6.1200,True,False,False,False,False
37410820,Tb927.5.3010,True,True,True,True,True
37410820,Tb927.8.8180,True,False,False,False,False
37410820,Tb11.02.5390b,True,True,True,True,True
37410820,Tb927.2.1860,True,True,True,True,True
37410820,Tb927.9.7260,True,True,True,True,True
37410820,Tb927.7.2570,True,True,True,True,True
37410820,Tb927.1.1730,True,True,True,False,False
37410820,Tb927.10.11870,True,True,True,True,True
37410820,Tb927.11.16860,True,True,True,True,True
20497506,TcCLB.508823.70,True,True,True,False,False
20497506,LmjF.28.0980,True,True,True,True,True
20497506,Tb11.0400,True,True,True,True,True
17972917,Tb927.5.970,False,False,False,False,False
17972917,Tb927.8.4030,False,False,False,False,False
17972917,Tb927.11.1390,False,False,False,False,False
17972917,Tb11.0845,False,False,False,False,False
17972917,Tb927.11.8310,False,False,False,False,False
17972917,Tb927.11.18680,False,False,False,False,False
17972917,Tb927.11.1410,False,False,False,False,False
17972917,Tb927.8.4130,False,False,False,False,False
17972917,Tb927.9.12450,False,False,False,False,False
17227795,Tb927.10.450,False,False,False,False,False
17227795,Tb927.6.5030,False,False,False,False,False
17227795,Tb927.10.14880,False,False,False,False,False
17227795,Tb927.3.5540,False,False,False,False,False
17227795,Tb927.10.9870,False,False,False,False,False
17227795,Tb927.4.2140,False,False,False,False,False
17227795,Tb927.11.13980,False,False,False,False,False
17227795,Tb927.1.3560,False,False,False,False,False
17227795,Tb927.9.10490,False,False,False,False,False
17227795,Tb927.11.2270,False,False,False,False,False
17227795,Tb927.10.10090,False,False,False,False,False
17227795,Tb927.7.2790,False,False,False,False,False
17227795,Tb927.7.3560,False,False,False,False,False
17227795,Tb927.2.4810,False,False,False,False,False
17227795,Tb927.11.7450,False,False,False,False,False
17227795,Tb927.8.4640,False,False,False,False,False
17227795,Tb927.11.3360,False,False,False,False,False
17227795,Tb927.10.3310,False,False,False,False,False
17227795,Tb927.3.4230,False,False,False,False,False
17227795,Tb927.10.7690,False,False,False,False,False
17227795,Tb927.11.11650,False,False,False,False,False
17227795,Tb927.11.9440,False,False,False,False,False
17227795,Tb927.4.1740,False,False,False,False,False
17227795,Tb927.10.650,False,False,False,False,False
17227795,Tb927.5.2270,False,False,False,False,False
17227795,Tb927.3.1060,False,False,False,False,False
17227795,Tb927.10.16110,False,False,False,False,False
17227795,Tb927.4.5370,False,False,False,False,False
17227795,Tb927.8.4870,False,False,False,False,False
17227795,Tb927.11.1430,False,False,False,False,False
17227795,Tb927.2.3020,False,False,False,False,False
17227795,Tb927.11.7240,False,False,False,False,False
17227795,Tb927.9.11260,False,False,False,False,False
17227795,Tb927.4.1720,False,False,False,False,False
17227795,Tb927.4.3130,False,False,False,False,False
17227795,Tb927.11.7560,False,False,False,False,False
17227795,Tb927.11.10900,False,False,False,False,False
17227795,Tb11.1230,False,False,False,False,False
17227795,Tb927.5.2440,False,False,False,False,False
17227795,Tb927.5.2950,False,False,False,False,False
17227795,Tb927.7.730,False,False,False,False,False
35447115,Tb927.11.15140,True,True,True,True,True
35447115,Tb927.6.5070,True,True,True,True,True
35447115,Tb927.4.1300,True,True,True,True,True
35447115,Tb11.1380,True,True,True,True,True
35447115,Tb927.10.5880,True,True,True,False,False
35447115,Tb927.10.15760,True,True,True,True,True
35447115,Tb927.3.1010,True,True,True,True,True
35447115,Tb927.11.720,True,True,True,True,True
35447115,Tb927.7.3440,True,True,True,True,True
35447115,Tb927.11.4280,True,True,True,True,True
35447115,Tb927.11.1840,True,True,True,True,True
35447115,Tb927.9.6920,True,True,True,False,False
35447115,Tb927.11.2610,True,True,True,True,True
34407985,Tb927.7.4380,True,True,True,True,True
34407985,Tb927.5.2770,True,True,True,True,True
34407985,Tb11.v5.0422,True,True,True,True,True
34407985,Tb927.4.2440,True,True,True,True,True
34407985,Tb927.10.3730,True,False,False,False,False
34407985,Tb927.11.2120,True,True,True,False,False
34407985,Tb927.10.9680,True,False,False,False,False
34407985,Tb927.6.3610,True,False,False,False,False
34407985,Tb927.10.12830,True,True,True,True,True
34407985,Tb927.8.6470,True,True,True,True,True
34407985,Tb927.6.910,True,False,False,False,False
34407985,Tb927.11.5870,True,True,True,True,True
34407985,Tb927.7.5620,True,False,False,False,False
34407985,Tb11.v5.0520,True,True,True,True,True
34407985,Tb927.8.3140,True,True,True,True,True
34407985,Tb927.10.4600,True,False,False,False,False
34407985,Tb927.3.3370,True,False,False,False,False
34407985,Tb927.11.10070,True,True,True,True,True
34407985,Tb927.10.12880,True,False,False,False,False
34407985,Tb927.9.12780,True,True,True,True,True
34407985,Tb11.v5.0388,True,True,True,True,True
34407985,Tb927.9.13470,True,True,True,True,True
34407985,Tb927.10.8100,True,True,True,True,True
34407985,Tb927.8.6530,True,False,False,False,False
34407985,Tb11.v5.0590,True,True,True,True,True
34407985,Tb927.3.2140,True,True,True,True,True
34407985,Tb11.v5.0794,True,True,True,False,False
34407985,Tb927.11.14190,True,True,True,True,True
34407985,Tb927.1.3400,True,True,True,True,True
34407985,Tb927.3.1860,True,True,True,True,True
34407985,Tb927.7.660,True,True,True,True,True
34407985,Tb927.1.4720,True,False,False,False,False
34407985,Tb927.11.13560,True,False,False,False,False
34407985,Tb927.8.2490,True,True,True,True,True
34407985,Tb927.9.1510,True,True,True,True,True
34407985,Tb927.11.5120,True,False,False,False,False
34407985,Tb927.11.1760,True,True,True,True,True
34407985,Tb927.5.2280,True,True,True,True,True
34407985,Tb927.5.3500,True,False,False,False,False
34407985,Tb927.11.1190,True,True,True,True,True
34407985,Tb927.10.11130,True,False,False,False,False
34407985,Tb927.8.2690,True,False,False,False,False
34407985,Tb927.10.11720,True,True,True,True,True
34407985,Tb927.11.2000,True,True,True,True,True
34407985,Tb927.4.3310,True,False,False,False,False
34407985,Tb927.1.4490,True,True,True,True,True
34407985,Tb927.3.750,True,True,True,True,True
34407985,Tb927.8.2710,True,False,False,False,False
34407985,Tb927.9.10100,True,False,False,False,False
34407985,Tb11.v5.0267,True,True,True,True,True
34407985,Tb927.11.13400,True,True,True,True,True
34407985,Tb927.7.4540,True,True,True,True,True
34407985,Tb927.10.8060,True,False,False,False,False
34407985,Tb927.11.6350,True,True,True,True,True
34407985,Tb927.10.9930,True,True,True,True,True
29931198,Tb927.4.4950,True,False,False,False,False
29931198,Tb927.5.1870,True,True,True,True,True
29931198,Tb927.1.1030,True,False,False,False,False
29931198,Tb927.11.9690,True,True,True,True,True
29931198,Tb927.5.840,True,False,False,False,False
29931198,Tb927.8.1270,True,True,True,True,True
29931198,Tb927.11.2640,True,False,False,False,False
29931198,Tb927.8.3870,True,True,True,True,True
29931198,Tb927.8.1260,True,True,True,True,True
29931198,Tb927.11.6790,True,False,False,False,False
29931198,Tb927.8.3750,True,False,False,False,False
29931198,Tb927.4.1730,True,True,True,True,True
29931198,Tb927.7.650,True,True,True,True,True
29931198,Tb927.9.2900,True,True,True,True,True
29931198,Tb927.7.4450,True,True,True,True,True
29931198,Tb927.11.1080,True,False,False,False,False
29931198,Tb927.10.1560,True,False,False,False,False
29931198,Tb927.11.9080,True,False,False,False,False
29931198,Tb927.9.6110,True,True,True,True,True
29931198,Tb927.7.2170,True,False,False,False,False
29931198,Tb927.11.6620,True,True,True,True,True
29931198,Tb927.7.700,True,False,False,False,False
29931198,Tb927.11.8370,True,True,True,True,True
19386623,Tb927.1.1080,True,True,True,True,True
19386623,Tb927.10.14210,True,True,True,True,True
19386623,Tb927.11.16070,True,True,True,True,True
19386623,Tb927.11.14110,True,True,True,True,True
19386623,Tb927.11.9430,True,True,True,True,True
28049148,Tb927.11.15450,True,False,False,False,False
28049148,Tb927.11.15070,True,False,False,False,False
28049148,Tb927.10.5990,True,True,True,True,True
28049148,Tb927.1.3560,True,True,True,False,False
28049148,Tb927.3.5450,True,False,False,False,False
28049148,Tb927.7.7400,True,False,False,False,False
28049148,Tb927.10.7600,True,False,False,False,False
28049148,Tb927.1.1100,True,False,False,False,False
28049148,Tb927.10.2860,True,False,False,False,False
28049148,Tb927.11.2700,True,False,False,False,False
28049148,Tb927.5.3280,True,False,False,False,False
28049148,Tb927.10.14520,True,False,False,False,False
28049148,Tb927.10.3140,True,False,False,False,False
28049148,Tb927.10.12870,True,False,False,False,False
28049148,Tb927.7.3880,True,False,False,False,False
28049148,Tb927.10.350,True,False,False,False,False
28049148,Tb927.8.4210,True,False,False,False,False
28049148,Tb927.10.12950,True,False,False,False,False
28049148,Tb927.10.10280,True,False,False,False,False
28049148,Tb927.7.6250,True,True,True,False,False
28049148,Tb927.8.2590,True,False,False,False,False
28049148,Tb927.11.11650,True,True,True,True,True
28049148,Tb927.8.6490,True,False,False,False,False
28049148,Tb927.3.4400,True,False,False,False,False
28049148,Tb927.3.5160,True,False,False,False,False
28049148,Tb927.11.10660,True,False,False,False,False
28049148,Tb927.11.13700,True,True,True,True,True
28049148,Tb927.10.15190,True,False,False,False,False
28049148,Tb927.10.14110,True,False,False,False,False
28049148,Tb927.10.5910,True,False,False,False,False
28049148,Tb927.8.4580,True,True,True,True,True
28049148,Tb927.10.4210,True,False,False,False,False
28049148,Tb927.11.8920,True,True,True,True,True
28049148,Tb927.5.2440,True,True,True,True,True
28049148,Tb927.11.6560,True,True,True,True,True
21474072,Tb927.6.610,True,False,False,False,False
21474072,Tb927.11.14380,True,True,True,True,True
21474072,Tb927.8.4860,True,False,False,False,False
21474072,Tb927.10.13200,True,False,False,False,False
21474072,Tb927.8.3170,True,True,True,False,False
21474072,Tb927.1.2990,True,False,False,False,False
21474072,Tb927.7.3460,True,False,False,False,False
21474072,Tb927.3.5240,True,False,False,False,False
21474072,Tb927.3.4550,True,False,False,False,False
21474072,Tb927.4.2790,True,False,False,False,False
21474072,Tb927.9.5300,True,False,False,False,False
21474072,Tb927.8.6040,True,False,False,False,False
21474072,Tb927.11.11470,True,False,False,False,False
21474072,Tb927.2.4460,True,False,False,False,False
21474072,Tb927.11.4650,True,False,False,False,False
21474072,Tb927.7.2490,True,False,False,False,False
21474072,Tb927.11.5500,True,True,True,True,True
21474072,Tb927.10.380,True,False,False,False,False
21474072,Tb927.4.4720,True,False,False,False,False
21474072,Tb927.1.1160,True,False,False,False,False
21474072,Tb927.2.3180,True,True,True,True,True
21474072,Tb927.7.5280,True,False,False,False,False
21474072,Tb927.3.3050,True,False,False,False,False
21474072,Tb927.10.11820,True,False,False,False,False
32679035,Tb927.11.5880,False,False,False,False,False
32679035,Tb927.7.4210,False,False,False,False,False
32679035,Tb927.6.3420,False,False,False,False,False
32679035,Tb927.7.3510,False,False,False,False,False
32679035,Tb927.6.3600,False,False,False,False,False
32679035,Tb927.11.16990,False,False,False,False,False
32679035,Tb927.11.5990,False,False,False,False,False
32679035,Tb927.4.4610,False,False,False,False,False
32679035,Tb927.5.3870,False,False,False,False,False
32679035,Tb927.9.14050,False,False,False,False,False
32679035,Tb927.9.9150,False,False,False,False,False
32679035,Tb927.11.12930,False,False,False,False,False
32679035,Tb927.8.3170,False,False,False,False,False
32679035,Tb927.10.15860,False,False,False,False,False
32679035,Tb927.8.6560,False,False,False,False,False
32679035,Tb927.9.12850,False,False,False,False,False
32679035,Tb927.11.10050,False,False,False,False,False
32679035,Tb927.7.1640,False,False,False,False,False
32679035,Tb927.8.3300,False,False,False,False,False
32679035,Tb927.1.1160,False,False,False,False,False
32679035,Tb927.10.13170,False,False,False,False,False
32679035,Tb927.5.2070,False,False,False,False,False
32679035,Tb927.7.5740,False,False,False,False,False
32679035,Tb927.11.164,False,False,False,False,False
18364347,Tb927.9.11880,False,False,False,False,False
18364347,Tb927.11.6000,False,False,False,False,False
18364347,Tb927.11.7790,False,False,False,False,False
18364347,LmxM.27.0630,False,False,False,False,False
18364347,Tb927.4.1810,False,False,False,False,False
18364347,Tb927.9.6510,False,False,False,False,False
18364347,Tb927.5.3110,False,False,False,False,False
18364347,Tb927.10.3580,False,False,False,False,False
18364347,Tb927.2.4740,False,False,False,False,False
18364347,TcIL3000.11.1200,False,False,False,False,False
18364347,Tb927.7.3050,False,False,False,False,False
18364347,Tb927.6.4560,False,False,False,False,False
18364347,Tb927.10.6850,False,False,False,False,False
18364347,Tb927.11.15500,False,False,False,False,False
18364347,Tb927.9.3640,False,False,False,False,False
18364347,Tb927.11.3640,False,False,False,False,False
18364347,Tb927.9.5300,False,False,False,False,False
18364347,Tb927.10.2800,False,False,False,False,False
18364347,Tb927.10.10400,False,False,False,False,False
18364347,Tb927.9.11300,False,False,False,False,False
18364347,Tb927.8.4550,False,False,False,False,False
18364347,Tb927.11.10170,False,False,False,False,False
18364347,Tb927.11.9450,False,False,False,False,False
18364347,Tb927.7.4710,False,False,False,False,False
18364347,Tb927.11.10150,False,False,False,False,False
18364347,Tb927.1.1200,False,False,False,False,False
18364347,LbrM.27.0740,False,False,False,False,False
18364347,Tb927.11.2530,False,False,False,False,False
18364347,Tb927.3.1710,False,False,False,False,False
18364347,Tb927.11.10570,False,False,False,False,False
18364347,Tbg972.11.1320,False,False,False,False,False
18364347,Tb927.8.1430,False,False,False,False,False
18364347,Tb927.4.1800,False,False,False,False,False
18364347,Tb927.11.8040,False,False,False,False,False
18364347,Tb927.3.2260,False,False,False,False,False
18364347,Tb927.11.1630,False,False,False,False,False
18364347,Tb927.6.4580,False,False,False,False,False
18364347,Tb927.10.600,False,False,False,False,False
18364347,Tb927.5.3640,False,False,False,False,False
18364347,Tb927.8.5860,False,False,False,False,False
18364347,Tb927.6.4040,False,False,False,False,False
18364347,Tb927.10.13300,False,False,False,False,False
18364347,Tb927.7.4550,False,False,False,False,False
18364347,Tb927.10.1870,False,False,False,False,False
18364347,Tb927.5.1510,False,False,False,False,False
18364347,Tb927.4.3690,False,False,False,False,False
18364347,Tb927.11.5530,False,False,False,False,False
18364347,Tb927.6.3930,False,False,False,False,False
18364347,Tb927.6.1440,False,False,False,False,False
18364347,Tb927.8.1880,False,False,False,False,False
18364347,Tb927.10.12050,False,False,False,False,False
18364347,Tb927.6.2180,False,False,False,False,False
18364347,TvY486_1101170,False,False,False,False,False
18364347,Tb927.7.4140,False,False,False,False,False
18364347,Tb927.11.10080,False,False,False,False,False
18364347,Tb927.3.5610,False,False,False,False,False
18364347,Tb927.10.11350,False,False,False,False,False
18364347,Tb927.8.5200,False,False,False,False,False
18364347,Tb927.6.4200,False,False,False,False,False
18364347,Tb927.3.820,False,False,False,False,False
18364347,Tb927.7.3960,False,False,False,False,False
18364347,Tb927.3.5240,False,False,False,False,False
18364347,Tb927.10.6090,False,False,False,False,False
18364347,Tb927.10.11050,False,False,False,False,False
18364347,Tb927.4.1070,False,False,False,False,False
18364347,Tb927.5.4040,False,False,False,False,False
18364347,Tb927.2.4400,False,False,False,False,False
18364347,TcCLB.503703.70,False,False,False,False,False
18364347,Tb927.5.3360,False,False,False,False,False
18364347,Tb927.6.2480,False,False,False,False,False
18364347,Tb927.7.3430,False,False,False,False,False
18364347,Tb927.11.4650,False,False,False,False,False
18364347,Tb927.11.5500,False,False,False,False,False
18364347,Tb927.10.3250,False,False,False,False,False
18364347,Tb927.11.1250,False,False,False,False,False
18364347,Tb927.11.11870,False,False,False,False,False
18364347,Tb927.7.2630,False,False,False,False,False
18364347,Tb927.7.3240,False,False,False,False,False
18364347,Tb927.8.3110,False,False,False,False,False
18364347,Tb927.10.11260,False,False,False,False,False
18364347,Tb927.10.11820,False,False,False,False,False
18364347,Tb927.7.2620,False,False,False,False,False
18364347,Tb927.10.13820,False,False,False,False,False
18364347,Tb927.7.2760,False,False,False,False,False
18364347,Tb927.6.3600,False,False,False,False,False
18364347,Tb927.9.11120,False,False,False,False,False
18364347,Tb927.5.3980,False,False,False,False,False
18364347,Tb927.5.4120,False,False,False,False,False
18364347,Tb927.8.5280,False,False,False,False,False
18364347,Tb927.9.7170,False,False,False,False,False
18364347,Tb927.8.2760,False,False,False,False,False
18364347,Tb927.11.5990,False,False,False,False,False
18364347,Tb927.4.4600,False,False,False,False,False
18364347,LmjF.27.0630,False,False,False,False,False
18364347,Tb927.9.13780,False,False,False,False,False
18364347,Tb927.4.930,False,False,False,False,False
18364347,Tb927.3.770,False,False,False,False,False
18364347,Tb927.9.8290,False,False,False,False,False
18364347,Tb927.4.2720,False,False,False,False,False
18364347,Tb927.7.2990,False,False,False,False,False
18364347,Tb927.11.11630,False,False,False,False,False
18364347,Tb927.10.7380,False,False,False,False,False
18364347,Tb927.7.6800,False,False,False,False,False
18364347,Tb927.5.3410,False,False,False,False,False
18364347,Tb927.6.4080,False,False,False,False,False
18364347,Tb927.11.11470,False,False,False,False,False
18364347,Tb927.5.1790,False,False,False,False,False
18364347,Tb927.10.6300,False,False,False,False,False
18364347,Tb927.11.10400,False,False,False,False,False
18364347,Tb927.6.2080,False,False,False,False,False
18364347,Tb927.11.14980,False,False,False,False,False
18364347,Tb927.2.4890,False,False,False,False,False
18364347,Tb927.10.380,False,False,False,False,False
18364347,Tb927.6.1250,False,False,False,False,False
18364347,Tb927.11.9830,False,False,False,False,False
18364347,Tb927.7.7010,False,False,False,False,False
18364347,Tb927.11.870,False,False,False,False,False
20382188,Tb927.3.4570,True,True,True,True,True
20382188,Tb927.9.9200,True,True,True,True,True
20382188,Tb927.9.4230,True,True,True,True,True
20382188,Tb927.5.890,True,True,True,True,True
20382188,LmxM.08_29.2030,True,False,False,False,False
20382188,TcCLB.511267.30,True,False,False,False,False
20382188,TcCLB.410961.10,True,False,False,False,False
20382188,Tb927.2.2260,True,False,False,False,False
20382188,Tb927.5.900,True,False,False,False,False
20382188,LbrM.34.2930,True,False,False,False,False
20382188,LdBPK_292150.1,True,False,False,False,False
20382188,Tb927.3.1700,True,False,False,False,False
20382188,Tb927.4.800,True,False,False,False,False
20382188,TcCLB.506357.120,True,False,False,False,False
20382188,Tb927.4.4070,True,True,True,True,True
20382188,TcCLB.510283.140,True,False,False,False,False
20382188,TcCLB.510349.50,True,False,False,False,False
20382188,TcCLB.508997.20,True,False,False,False,False
20382188,LbrM.35.0390,True,False,False,False,False
20382188,LmjF.18.0900,True,False,False,False,False
20382188,TcCLB.508993.10,True,False,False,False,False
20382188,TcCLB.508689.50,True,True,True,True,True
20382188,TcCLB.511719.10,True,False,False,False,False
20382188,LbrM.35.2270,True,False,False,False,False
20382188,TvY486_0401700,True,True,True,True,True
20382188,LmjF.35.5250,True,True,True,True,True
20382188,TcCLB.510877.180,True,True,True,True,True
20382188,LmjF.35.4590,True,False,False,False,False
20382188,TcCLB.503639.10,True,False,False,False,False
20382188,TcCLB.503467.30,True,False,False,False,False
20382188,TcCLB.511067.4,True,False,False,False,False
20382188,Tb927.4.2230,True,True,True,True,True
20382188,LmjF.27.1560,True,False,False,False,False
20382188,LmjF.35.3020,True,False,False,False,False
20382188,LmjF.20.0560,True,False,False,False,False
20382188,TcCLB.509989.10,True,False,False,False,False
20382188,TcCLB.508695.20,True,False,False,False,False
20382188,LdBPK_342560.1,True,True,True,True,True
20382188,Tb927.10.13210,True,True,True,True,True
20382188,TcCLB.507639.100,True,False,False,False,False
20382188,Tb927.9.12700,True,True,True,True,True
20382188,LbrM.18.0960,True,False,False,False,False
20382188,TcCLB.503527.40,True,True,True,True,True
20382188,Tb927.10.3260,True,True,True,True,True
20382188,LbrM.20.3170,True,False,False,False,False
20382188,TcCLB.509463.30,True,False,False,False,False
20382188,LbrM.29.2000,True,False,False,False,False
20382188,Tb927.6.1820,True,True,True,True,True
20382188,TcCLB.506575.60,True,False,False,False,False
20382188,LmjF.02.0120,True,False,False,False,False
20382188,Tb927.10.4700,True,True,True,True,True
20382188,TcCLB.507527.4,True,False,False,False,False
20382188,LmjF.20.1120,True,False,False,False,False
20382188,TcCLB.508355.70,True,False,False,False,False
20382188,Tb927.10.6140,True,True,True,True,True
20382188,Tb927.9.4210,True,True,True,True,True
20382188,TcCLB.503891.110,True,False,False,False,False
20382188,Tb927.9.10080,True,True,True,True,True
20382188,Tbg972.3.5040,True,False,False,False,False
20382188,LmjF.29.2030,True,False,False,False,False
20382188,TcCLB.510329.200,True,False,False,False,False
20382188,LmjF.34.3590,True,False,False,False,False
20382188,Tb927.10.210,True,False,False,False,False
20382188,Tb927.8.5140,True,True,True,True,True
20382188,LbrM.34.5190,True,False,False,False,False
20382188,LmjF.27.1590,True,False,False,False,False
20382188,TcCLB.505987.70,True,False,False,False,False
20382188,TcCLB.509805.220,True,False,False,False,False
20382188,Tb927.3.4020,True,False,False,False,False
20382188,LbrM.15.1450,True,False,False,False,False
20382188,LmjF.36.4180,True,False,False,False,False
20382188,TcCLB.509539.30,True,False,False,False,False
20382188,TcCLB.507467.90,True,False,False,False,False
20382188,LmjF.32.1960,True,False,False,False,False
20382188,Tb927.10.13290,True,True,True,True,True
20382188,Tb927.8.7120,True,True,True,True,True
20382188,LmjF.26.2480,True,False,False,False,False
20382188,Tb927.1.4830,True,True,True,True,True
20382188,Tb927.9.5170,True,True,True,True,True
20382188,Tb927.10.13860,True,False,False,False,False
20382188,TcCLB.507609.60,True,False,False,False,False
20382188,TcCLB.503781.20,True,False,False,False,False
20382188,TcCLB.511217.30,True,False,False,False,False
20382188,TcCLB.509395.20,True,False,False,False,False
20382188,LbrM.32.2790,True,True,True,True,True
20382188,TcCLB.505163.80,True,False,False,False,False
20382188,LmjF.15.1460,True,False,False,False,False
20382188,Tb927.11.2210,True,False,False,False,False
20382188,LbrM.31.3310,True,False,False,False,False
20382188,LbrM.35.1330,True,True,True,True,True
20382188,LbrM.27.1560,True,False,False,False,False
20382188,LmjF.32.1460,True,False,False,False,False
20382188,TcCLB.507913.20,True,False,False,False,False
20382188,TcCLB.506559.420,True,False,False,False,False
20382188,LbrM.29.1540,True,False,False,False,False
20382188,TvY486_0804710,True,False,False,False,False
20382188,LmxM.33.2730,True,True,True,False,False
20382188,Tb927.11.2090,True,True,True,False,False
20382188,TcCLB.507531.19,True,False,False,False,False
20382188,Tb927.7.3760,True,True,True,True,True
20382188,TcCLB.503925.80,True,False,False,False,False
20382188,LbrM.16.1340,True,False,False,False,False
20382188,TcCLB.508891.10,True,False,False,False,False
20382188,TcCLB.510181.9,True,False,False,False,False
20382188,TvY486_0303850,True,False,False,False,False
20382188,LbrM.27.1700,True,False,False,False,False
20382188,TcCLB.510435.40,True,True,True,True,True
20382188,TcCLB.507533.10,True,False,False,False,False
20382188,TcCLB.503681.20,True,False,False,False,False
20382188,TcCLB.511823.70,True,False,False,False,False
20382188,LbrM.14.1370,True,False,False,False,False
20382188,Tb927.11.15150,True,True,True,True,True
20382188,TcCLB.510421.240,True,False,False,False,False
20382188,Tb927.11.10450,True,True,True,True,True
20382188,Tb927.1.1930,True,False,False,False,False
20382188,LbrM.32.1620,True,False,False,False,False
20382188,LbrM.35.1900,True,False,False,False,False
20382188,TcCLB.506223.120,True,False,False,False,False
20382188,LbrM.14.1540,True,True,True,True,True
20382188,TcCLB.510003.30,True,False,False,False,False
20382188,LbrM.18.1140,True,False,False,False,False
20382188,TcCLB.504215.20,True,False,False,False,False
20382188,LmjF.36.1710,True,False,False,False,False
20382188,LbrM.05.1160,True,False,False,False,False
20382188,TcCLB.510659.120,True,False,False,False,False
20382188,TcIL3000_4_1630,True,True,True,True,True
20382188,TcCLB.510997.10,True,False,False,False,False
20382188,TcCLB.509937.30,True,False,False,False,False
20382188,TcCLB.506479.120,True,False,False,False,False
20382188,LmjF.36.1200,True,True,True,True,True
20382188,LmjF.23.0690,True,False,False,False,False
20382188,LbrM.26.2410,True,False,False,False,False
20382188,TcCLB.511545.190,True,True,True,True,True
20382188,TcCLB.407335.9,True,False,False,False,False
20382188,TcCLB.507467.70,True,False,False,False,False
20382188,Tb927.10.12810,True,True,True,True,True
20382188,LbrM.34.2840,True,False,False,False,False
20382188,LmjF.35.0330,True,False,False,False,False
20382188,TcCLB.510187.404,True,True,True,True,True
20382188,LmjF.22.1360,True,False,False,False,False
20382188,TcCLB.511717.209,True,False,False,False,False
20382188,TvY486_0102170,True,False,False,False,False
20382188,Tb927.7.3360,True,True,True,True,True
20382188,Tb927.9.1610,True,True,True,True,True
20382188,TcCLB.506885.10,True,False,False,False,False
20382188,TcCLB.503923.50,True,True,True,True,True
20382188,Tb927.10.4040,True,True,True,True,True
20382188,Tb927.10.5560,True,True,True,True,True
20382188,Tb927.11.14680,True,False,False,False,False
20382188,LmjF.34.2730,True,True,True,False,False
20382188,LmjF.27.1420,True,False,False,False,False
20382188,Tbg972.4.1840,True,True,True,True,True
20382188,TcCLB.508323.9,True,False,False,False,False
20382188,TcCLB.510299.50,True,True,True,True,True
20382188,TcCLB.506795.40,True,False,False,False,False
20382188,TcCLB.503823.104,True,False,False,False,False
20382188,LbrM.34.4570,True,False,False,False,False
20382188,LbrM.20.2280,True,True,True,True,True
20382188,Tb927.11.15760,True,True,True,True,True
20382188,TcCLB.506475.14,True,False,False,False,False
20382188,TcCLB.506717.10,True,False,False,False,False
20382188,TcCLB.508355.190,True,False,False,False,False
20382188,TcCLB.511491.130,True,False,False,False,False
20382188,Tb927.6.1140,True,True,True,True,True
20382188,TcCLB.503865.80,True,False,False,False,False
20382188,Tb927.4.1920,True,True,True,True,True
20382188,TcCLB.508355.100,True,False,False,False,False
20382188,TcCLB.510743.60,True,False,False,False,False
20382188,LbrM.35.4430,True,False,False,False,False
20382188,TcCLB.511065.50,True,False,False,False,False
20382188,TcCLB.507013.10,True,False,False,False,False
20382188,TcCLB.506479.130,True,False,False,False,False
20382188,Tbg972.8.4990,True,False,False,False,False
20382188,Tb927.8.6210,True,True,True,True,True
20382188,TcCLB.509551.149,True,False,False,False,False
20382188,LmjF.18.1330,True,False,False,False,False
20382188,TcCLB.510659.250,True,False,False,False,False
20382188,Tb927.4.420,True,False,False,False,False
20382188,TcCLB.506533.34,True,False,False,False,False
20382188,LmjF.35.1160,True,False,False,False,False
20382188,LmjF.29.1450,True,False,False,False,False
20382188,LbrM.24.2090,True,False,False,False,False
20382188,LbrM.23.0840,True,False,False,False,False
20382188,TcCLB.506959.64,True,False,False,False,False
20382188,TcCLB.508277.140,True,False,False,False,False
20382188,TcCLB.510287.20,True,False,False,False,False
20382188,TcCLB.510091.7,True,False,False,False,False
20382188,LmjF.14.1360,True,True,True,True,True
20382188,Tb927.5.910,True,False,False,False,False
20382188,Tb927.2.6000,True,True,True,True,True
20382188,TcCLB.508369.20,True,False,False,False,False
20382188,LbrM.30.0480,True,False,False,False,False
20382188,LbrM.02.0130,True,False,False,False,False
20382188,Tb927.9.12790,True,True,True,True,True
20382188,Tb927.4.1140,True,True,True,True,True
20382188,TcCLB.506821.30,True,False,False,False,False
20382188,LmjF.24.2010,True,False,False,False,False
20382188,Tb927.8.2540,True,True,True,True,True
20382188,LmjF.05.1170,True,False,False,False,False
20382188,LbrM.22.1240,True,False,False,False,False
20382188,Tb927.9.4190,True,True,True,True,True
20382188,Tb927.1.1240,True,True,True,True,True
20382188,LbrM.20.1920,True,False,False,False,False
20382188,TcCLB.510507.20,True,False,False,False,False
20382188,Tb927.6.1500,True,True,True,True,True
24453978,Tb927.9.1500,True,False,False,False,False
24453978,Tb927.4.4590,True,False,False,False,False
24453978,Tb927.10.9600,True,False,False,False,False
24453978,Tb927.11.6990,True,False,False,False,False
24453978,Tb927.7.2750,True,True,True,True,True
24453978,Tb927.4.800,True,False,False,False,False
24453978,Tb927.6.2450,True,False,False,False,False
24453978,Tb927.11.14270,True,False,False,False,False
24453978,Tb927.3.690,True,True,True,True,True
24453978,Tb927.7.3880,True,False,False,False,False
24453978,Tb927.10.350,True,False,False,False,False
24453978,Tb927.5.4430,True,False,False,False,False
24453978,Tb927.10.13490,True,False,False,False,False
24453978,Tb927.3.5400,True,True,True,True,True
24453978,Tb927.6.3110,True,False,False,False,False
24453978,Tb927.8.6930,True,False,False,False,False
24453978,Tb927.4.3770,True,False,False,False,False
24453978,Tb927.9.9320,True,False,False,False,False
24453978,Tb927.11.2040,True,True,True,True,True
24453978,Tb927.7.4090,True,False,False,False,False
24453978,Tb927.10.5950,True,False,False,False,False
24453978,Tb927.8.1780,True,False,False,False,False
24453978,Tb927.11.4470,True,True,True,True,True
24453978,Tb927.9.12400,True,False,False,False,False
24453978,Tb927.10.13480,True,False,False,False,False
24453978,Tb927.8.1690,True,False,False,False,False
24453978,Tb927.9.10920,True,True,True,True,True
24453978,Tb927.10.15880,True,False,False,False,False
24453978,Tb927.11.9270,True,True,True,False,False
24453978,Tb927.5.3320,True,False,False,False,False
24453978,Tb927.6.1780,True,False,False,False,False
24453978,Tb927.11.7010,True,False,False,False,False
24453978,Tb927.7.5220,True,False,False,False,False
24453978,Tb927.11.7210,True,False,False,False,False
24453978,Tb927.11.3140,True,False,False,False,False
24453978,Tb927.3.2440,True,True,True,True,True
24453978,Tb927.7.6220,True,True,True,True,True
24453978,Tb927.7.2420,True,False,False,False,False
24453978,Tb927.2.1820,True,False,False,False,False
24453978,Tb927.8.6810,True,False,False,False,False
24453978,Tb927.10.13010,True,False,False,False,False
24453978,Tb927.3.3290,True,False,False,False,False
24453978,Tb927.5.2820,True,False,False,False,False
24453978,Tb927.7.960,True,False,False,False,False
24453978,Tb927.10.10870,True,False,False,False,False
24453978,Tb927.8.1670,True,False,False,False,False
24453978,Tb927.11.15010,True,False,False,False,False
24453978,Tb927.9.3120,True,False,False,False,False
24453978,Tb927.8.7110,True,True,True,True,True
24453978,Tb927.3.4560,True,False,False,False,False
24453978,Tb927.6.5100,True,False,False,False,False
24453978,Tb927.10.16030,True,False,False,False,False
24453978,Tb927.8.5730,True,True,True,True,True
24453978,Tb927.2.4200,True,False,False,False,False
24453978,Tb927.9.1570,True,False,False,False,False
24453978,Tb927.9.1670,True,True,True,True,True
24453978,Tb927.9.12880,True,True,True,True,True
24453978,Tb927.5.1650,True,False,False,False,False
24453978,Tb927.10.3900,True,False,False,False,False
24453978,Tb927.6.2840,True,True,True,True,True
24453978,Tb927.10.14420,True,False,False,False,False
24453978,Tb927.11.9290,True,False,False,False,False
24453978,Tb927.9.2240,True,False,False,False,False
24453978,Tb927.7.3210,True,True,True,True,True
24453978,Tb927.10.15300,True,True,True,True,True
24453978,Tb927.10.1910,True,False,False,False,False
24453978,Tb927.5.3150,True,False,False,False,False
24453978,Tb927.10.15020,True,False,False,False,False
24453978,Tb927.3.3920,True,False,False,False,False
24453978,Tb927.11.12420,True,True,True,False,False
24453978,Tb927.1.1930,True,True,True,True,True
24453978,Tb927.1.1530,True,False,False,False,False
24453978,Tb927.3.3190,True,False,False,False,False
24453978,Tb927.7.6680,True,False,False,False,False
24453978,Tb927.3.5650,True,False,False,False,False
24453978,Tb927.10.10350,True,False,False,False,False
24453978,Tb927.7.3650,True,False,False,False,False
24453978,Tb927.11.5340,True,True,True,True,True
24453978,Tb927.8.6490,True,False,False,False,False
24453978,Tb927.3.2690,True,False,False,False,False
24453978,Tb927.2.5230,True,False,False,False,False
24453978,Tb927.10.1940,True,False,False,False,False
24453978,Tb927.8.870,True,True,True,True,True
24453978,Tb927.6.2250,True,False,False,False,False
24453978,Tb927.2.2120,True,False,False,False,False
24453978,Tb927.10.2040,True,True,True,True,True
24453978,Tb927.3.1610,True,False,False,False,False
24453978,Tb927.8.1100,True,True,True,True,True
24453978,Tb927.10.5940,True,False,False,False,False
24453978,Tb927.11.11110,True,False,False,False,False
24453978,Tb927.4.2460,True,False,False,False,False
24453978,TcCLB.504047.60,True,False,False,False,False
24453978,Tb927.6.3430,True,False,False,False,False
24453978,Tb927.9.4910,True,True,True,True,True
24453978,Tb927.11.1180,True,True,True,True,True
24453978,Tb927.4.5310,True,True,True,True,True
24453978,Tb927.10.1380,True,False,False,False,False
24453978,Tb927.10.5930,True,False,False,False,False
24453978,Tb927.7.1900,True,False,False,False,False
24453978,Tb927.3.3080,True,False,False,False,False
24453978,Tb927.4.1700,True,False,False,False,False
24453978,Tb927.11.14070,True,True,True,True,True
24453978,Tb927.7.3580,True,False,False,False,False
24453978,Tb927.10.14800,True,False,False,False,False
24453978,Tb927.11.14500,True,False,False,False,False
24453978,Tb927.6.2030,True,False,False,False,False
24453978,Tb927.8.5390,True,False,False,False,False
24453978,LmjF.25.1990,True,False,False,False,False
24453978,Tb927.9.10040,True,False,False,False,False
24453978,Tb927.11.12410,True,True,True,True,True
24453978,Tb927.7.3190,True,False,False,False,False
24453978,Tb927.8.3550,True,False,False,False,False
24453978,Tb927.10.3230,True,False,False,False,False
24453978,Tb927.11.8150,True,True,True,True,True
20614016,LbrM.01.0250,True,False,False,False,False
20614016,LbrM.34.1620,True,False,False,False,False
20614016,LmjF.22.1450,True,True,True,True,True
20614016,LmjF.23.0050,True,True,True,True,True
20614016,LbrM.23.0060,True,False,False,False,False
20614016,LbrM.35.3350,True,False,False,False,False
20614016,Tb927.1.1720,True,False,False,False,False
20614016,LmjF.16.1200,True,True,True,True,True
20614016,LmjF.31.0050,True,True,True,True,True
20614016,LmjF.35.3610,True,True,True,True,True
20614016,LmxM.34.1720,True,False,False,False,False
20614016,LbrM.16.1240,True,False,False,False,False
20614016,LbrM.06.0100,True,True,True,True,True
20614016,LmjF.18.0880,True,True,True,True,True
20614016,LmjF.30.0020,True,True,True,True,True
20614016,LmxM.20.0940,True,False,False,False,False
20614016,LbrM.20.5120,True,False,False,False,False
20614016,LmjF.33.1630,True,True,True,True,True
20614016,LmjF.20.0940,True,True,True,True,True
20614016,TcCLB.509991.29,True,False,False,False,False
20614016,LbrM.23.0140,True,False,False,False,False
20614016,LmjF.24.1315,True,True,True,True,True
20614016,LbrM.31.0050,True,False,False,False,False
20614016,TvY486_0100790,True,False,False,False,False
20614016,LmjF.35.4770,True,True,True,True,True
20614016,LbrM.34.3570,True,False,False,False,False
20614016,TcIL3000_1_1080,True,False,False,False,False
20614016,LbrM.34.4730,True,True,True,True,True
20614016,TcCLB.511429.20,True,False,False,False,False
20614016,LbrM.22.1330,True,False,False,False,False
20614016,LbrM.18.0940,True,False,False,False,False
20614016,LmjF.06.0120,True,True,True,True,True
20614016,LdBPK_351710.1,True,False,False,False,False
20614016,Tbg972.1.930,True,False,False,False,False
20614016,LbrM.24.1570,True,False,False,False,False
20614016,LmjF.23.0125,True,True,True,True,True
20614016,LbrM.30.0030,True,False,False,False,False
20614016,LbrM.33.1900,True,False,False,False,False
20614016,TcIL3000_0_54360,True,False,False,False,False
20614016,LmjF.01.0220,True,True,True,True,True
20614016,LmjF.36.3130,True,True,True,True,True
20614016,LmjF.35.1720,True,True,True,True,True
25225332,Tb927.10.1730,False,False,False,False,False
25225332,Tb927.1.3010,False,False,False,False,False
25225332,Tb927.1.1730,False,False,False,False,False
25225332,Tb927.6.1200,False,False,False,False,False
19766148,Tb927.1.2120,False,False,False,False,False
19766148,Tb927.1.2150,False,False,False,False,False
19766148,Tb927.1.2110,False,False,False,False,False
19766148,Tb927.1.2160,False,False,False,False,False
19766148,Tb927.1.2100,False,False,False,False,False
16315106,Tb927.1.2260,False,False,False,False,False
16315106,Tb927.1.2160,False,False,False,False,False
16315106,Tb927.1.2230,False,False,False,False,False
16315106,Tb927.1.2150,False,False,False,False,False
31536395,Tb927.10.12300,False,False,False,False,False
31536395,Tb927.8.2300,False,False,False,False,False
31536395,Tb927.8.3090,False,False,False,False,False
31536395,Tb927.9.8710,False,False,False,False,False
31536395,Tb927.1.2320,False,False,False,False,False
31536395,Tb927.4.330,False,False,False,False,False
31536395,Tb927.10.13600,False,False,False,False,False
31536395,Tb927.4.1760,False,False,False,False,False
12821657,Tb927.11.11030,False,False,False,False,False
12821657,Tb927.1.2580,False,False,False,False,False
12821657,Tb927.11.16600,False,False,False,False,False
12821657,Tb927.7.5460,False,False,False,False,False
12821657,Tb927.6.670,False,False,False,False,False
19714224,LbrM.11.0510,True,False,False,False,False
19714224,LmjF.11.0720,True,False,False,False,False
19714224,TcCLB.507765.20,True,False,False,False,False
19714224,TcCLB.510101.470,True,False,False,False,False
19714224,Tb927.11.6550,True,True,True,True,True
19714224,Tb927.1.2600,True,True,True,True,True
16607017,Tb927.11.1150,False,False,False,False,False
16607017,Tb927.10.13960,False,False,False,False,False
16607017,Tb927.1.2670,False,False,False,False,False
16882690,Tb927.10.13960,False,False,False,False,False
16882690,Tb927.1.2670,False,False,False,False,False
16882690,Tb927.11.5000,False,False,False,False,False
27863903,Tb927.1.2710,True,False,False,False,False
27863903,Tb927.9.2075,True,False,False,False,False
27863903,Tb927.4.5330,True,False,False,False,False
27863903,Tb927.6.840,True,False,False,False,False
27863903,Tb927.11.11240,True,False,False,False,False
27863903,Tb927.9.8180,True,False,False,False,False
27863903,Tb927.4.1960,True,False,False,False,False
27863903,Tb927.1.5030,True,False,False,False,False
27863903,Tb927.10.12470,True,False,False,False,False
27863903,Tb927.4.5000,True,False,False,False,False
27863903,Tb927.10.12630,True,False,False,False,False
27863903,Tb927.11.2070,True,False,False,False,False
27863903,Tb927.8.5350,True,False,False,False,False
27863903,Tb927.11.3400,True,False,False,False,False
27863903,Tb927.10.11360,True,False,False,False,False
27863903,Tb927.9.8330,True,False,False,False,False
27863903,Tb927.10.13740,True,False,False,False,False
27863903,Tb927.9.8650,True,False,False,False,False
27863903,Tb927.8.7420,True,False,False,False,False
31515389,Tb927.8.3130,False,False,False,False,False
31515389,Tb927.9.9310,False,False,False,False,False
31515389,Tb927.9.2620,False,False,False,False,False
31515389,Tb927.6.610,False,False,False,False,False
31515389,Tb927.10.16170,False,False,False,False,False
31515389,Tb927.11.5060,False,False,False,False,False
31515389,Tb927.7.3100,False,False,False,False,False
31515389,Tb927.11.3670,False,False,False,False,False
31515389,Tb927.8.4860,False,False,False,False,False
31515389,Tb927.3.860,False,False,False,False,False
31515389,Tb927.7.7080,False,False,False,False,False
31515389,Tb927.10.15650,False,False,False,False,False
31515389,Tb927.11.7214,False,False,False,False,False
31515389,Tb927.10.8370,False,False,False,False,False
31515389,Tb927.9.3470,False,False,False,False,False
31515389,Tb927.8.2650,False,False,False,False,False
31515389,Tb927.1.2990,False,False,False,False,False
31515389,Tb927.11.10600,False,False,False,False,False
31515389,Tb927.4.1470,False,False,False,False,False
31515389,Tb927.10.1820,False,False,False,False,False
31515389,Tb927.5.770,False,False,False,False,False
31515389,Tb927.10.2590,False,False,False,False,False
31515389,Tb927.11.410,False,False,False,False,False
31515389,Tb927.3.970,False,False,False,False,False
31515389,Tb927.8.6040,False,False,False,False,False
31515389,Tb927.11.170,False,False,False,False,False
31515389,Tb927.11.2220,False,False,False,False,False
31515389,Tb927.4.1370,False,False,False,False,False
31515389,Tb927.7.1010,False,False,False,False,False
31515389,Tb927.11.15850,False,False,False,False,False
31515389,Tb927.11.11870,False,False,False,False,False
31515389,Tb927.6.2070,False,False,False,False,False
31515389,Tb927.10.11820,False,False,False,False,False
23533609,Tb927.10.10330,True,True,True,True,True
23533609,Tbg972.11.6300,True,True,True,True,True
23533609,Tb927.11.5590,True,True,True,True,True
23533609,Tb927.8.4140,True,True,True,True,True
23533609,Tb927.9.10170,True,True,True,True,True
23533609,Tb927.7.5750,True,True,True,True,True
23533609,Tb927.1.3910,True,True,True,True,True
19443056,TvY486_0101720,False,False,False,False,False
19443056,LbrM.35.2580,False,False,False,False,False
19443056,LmxM.12.0630,False,False,False,False,False
19443056,LmjF.12.0630,False,False,False,False,False
19443056,LdBPK_120580.1,False,False,False,False,False
19443056,Tb927.10.11970,False,False,False,False,False
19443056,LbrM.12.0630,False,False,False,False,False
19443056,Tb927.1.3950,False,False,False,False,False
12467979,TcIL3000_1_1680,False,False,False,False,False
12467979,LbrM.12.0670,False,False,False,False,False
12467979,LmxM.12.0670,False,False,False,False,False
12467979,TcCLB.510889.50,False,False,False,False,False
12467979,LdBPK_120620.1,False,False,False,False,False
12467979,Tbg972.1.2660,False,False,False,False,False
12467979,TvY486_0101810,False,False,False,False,False
12467979,LmjF.12.0670,False,False,False,False,False
12467979,TcCLB.506529.360,False,False,False,False,False
12467979,Tb927.1.4100,False,False,False,False,False
26721397,Tb927.6.2020,False,False,False,False,False
26721397,Tb927.7.4515,False,False,False,False,False
26721397,Tb927.11.14470,False,False,False,False,False
26721397,Tb927.11.12450,False,False,False,False,False
26721397,Tb927.1.4140,False,False,False,False,False
26721397,Tb927.9.10670,False,False,False,False,False
26721397,Tb927.3.3640,False,False,False,False,False
26721397,Tb927.10.6830,False,False,False,False,False
36169304,Tb927.1.4250,True,True,True,True,True
36169304,Tb927.3.2350,True,True,True,True,True
36169304,Tb927.11.13820,True,True,True,True,True
36169304,Tb927.11.11840,True,True,True,True,True
17920137,Tb927.1.4650,False,False,False,False,False
17920137,Tb927.1.4600,False,False,False,False,False
17920137,Tb927.1.4560,False,False,False,False,False
17920137,Tb927.1.4580,False,False,False,False,False
17920137,Tb927.1.4540,False,False,False,False,False
17920137,Tb927.1.4630,False,False,False,False,False
28034897,Tb927.5.4520,True,True,True,True,True
28034897,Tb927.11.12480,True,True,True,True,True
28034897,Tb927.1.4680,True,False,False,False,False
28034897,Tb927.5.1320,True,True,True,True,True
28034897,Tb927.7.6630,True,True,True,True,True
28034897,Tb927.7.3080,True,True,True,True,True
28034897,Tb927.10.6700,True,True,True,True,True
17940067,Tb927.1.630,False,False,False,False,False
17940067,Tb927.4.5180,False,False,False,False,False
17940067,Tb927.8.5890,False,False,False,False,False
3004970,Tb927.1.720,False,False,False,False,False
3004970,Tb927.1.700,False,False,False,False,False
3004970,Tb927.1.710,False,False,False,False,False
21610103,Tb927.5.3350,False,False,False,False,False
21610103,Tb927.9.11660,False,False,False,False,False
21610103,Tb927.11.3530,False,False,False,False,False
21610103,Tb927.11.6980,False,False,False,False,False
21610103,Tb927.6.2010,False,False,False,False,False
21610103,Tb927.1.730,False,False,False,False,False
21610103,Tb927.10.4130,False,False,False,False,False
21610103,Tb927.10.12540,False,False,False,False,False
21610103,Tb927.7.7410,False,False,False,False,False
21610103,Tb927.11.7212,False,False,False,False,False
21610103,Tb927.9.1400,False,False,False,False,False
21610103,Tb927.9.8410,False,False,False,False,False
21610103,Tb927.2.1680,False,False,False,False,False
21610103,Tb927.3.860,False,False,False,False,False
21610103,Tb927.7.7330,False,False,False,False,False
21610103,Tb927.8.5560,False,False,False,False,False
21610103,Tb927.9.15270,False,False,False,False,False
21610103,Tb927.10.14860,False,False,False,False,False
21610103,Tb927.9.9700,False,False,False,False,False
21610103,Tb927.4.440,False,False,False,False,False
21610103,Tb927.5.450,False,False,False,False,False
21610103,Tb927.10.4280,False,False,False,False,False
21610103,Tb927.9.1950,False,False,False,False,False
21610103,Tb927.6.1410,False,False,False,False,False
21610103,Tb927.9.6710,False,False,False,False,False
21610103,Tb927.4.4300,False,False,False,False,False
21610103,Tb927.11.15820,False,False,False,False,False
21610103,Tb927.9.15010,False,False,False,False,False
21610103,Tb927.11.16870,False,False,False,False,False
21610103,Tb927.8.2530,False,False,False,False,False
21610103,Tb927.3.3660,False,False,False,False,False
21610103,Tb927.11.16220,False,False,False,False,False
21610103,Tb927.9.7190,False,False,False,False,False
21610103,Tb927.11.13910,False,False,False,False,False
21610103,Tb927.11.8910,False,False,False,False,False
21610103,Tb927.2.4380,False,False,False,False,False
21610103,Tb927.10.13620,False,False,False,False,False
21610103,Tb927.7.6350,False,False,False,False,False
21610103,Tb927.11.15810,False,False,False,False,False
21610103,Tb927.8.4250,False,False,False,False,False
21610103,Tb927.9.15380,False,False,False,False,False
21610103,Tb927.7.3910,False,False,False,False,False
21610103,Tb927.10.7610,False,False,False,False,False
21610103,Tb927.10.1160,False,False,False,False,False
35500022,Tb927.11.17010,True,True,True,True,True
35500022,Tb927.7.1570,True,True,True,True,True
35500022,Tb927.10.4760,True,True,True,True,True
35500022,Tb927.1.860,True,True,True,True,True
19074134,Tbg.972.2.2410,True,True,True,True,True
19074134,Tb927.10.13330,True,True,True,True,True
19074134,Tb927.8.3790,True,True,True,True,True
19074134,TvY486_0201150,True,True,True,True,True
19074134,LdBPK_271750.1,True,True,True,True,True
19074134,Tb927.8.1550,True,True,True,True,True
19074134,Tb927.8.5000,True,False,False,False,False
19074134,Tb927.11.14880,True,True,True,True,True
19074134,Tb927.10.10140,True,True,True,True,True
19074134,Tb927.7.1920,True,True,True,True,True
19074134,LbrM.27.1990,True,True,True,True,True
19074134,Tb927.3.3770,True,True,True,True,True
19074134,Tb927.11.15100,True,True,True,True,True
19074134,Tb927.10.9570,True,True,True,True,True
19074134,Tb927.8.6660,True,True,True,True,True
19074134,Tb927.2.2160,True,True,True,True,True
19074134,Tb927.3.3750,True,True,True,True,True
19074134,Tb927.6.3670,True,True,True,True,True
19074134,Tb927.2.4330,True,True,True,True,True
19074134,Tb927.2.3660,True,True,True,True,True
19074134,Tb927.11.11210,True,True,True,True,True
19074134,LmxM.27.1850,True,True,True,True,True
19074134,Tb927.10.8930,True,True,True,True,True
19074134,Tb927.2.950,True,True,True,True,True
19074134,Tb927.11.4740,True,True,True,True,True
19074134,Tb927.6.4140,True,True,True,True,True
19074134,TcCLB.509099.30,True,True,True,True,True
19074134,Tb927.8.4970,True,True,True,True,True
19074134,LmjF.27.1850,True,True,True,True,True
19074134,Tb927.11.13500,True,True,True,True,True
19074134,Tb927.10.15250,True,True,True,True,True
19074134,TcIL3000_2_740,True,True,True,True,True
19074134,Tb927.8.4980,True,False,False,False,False
19074134,Tb927.8.5010,True,False,False,False,False
19074134,Tb927.10.11300,True,True,True,True,True
19074134,Tb927.8.4990,True,False,False,False,False
20592024,LmjF.05.0540,False,False,False,False,False
20592024,Tb927.10.10170,False,False,False,False,False
20592024,LmjF.34.3860,False,False,False,False,False
20592024,Tb927.9.5150,False,False,False,False,False
20592024,Tb927.2.5240,False,False,False,False,False
37633952,Tb927.11.4880,True,True,True,True,True
37633952,Tb927.9.8190,True,False,False,False,False
37633952,Tb927.4.2840,True,False,False,False,False
37633952,Tb927.11.2770,True,True,True,True,True
37633952,Tb927.7.4910,True,False,False,False,False
37633952,Tb927.10.7120,True,True,True,True,True
37633952,Tb927.8.6230,True,False,False,False,False
37633952,Tb927.10.10370,True,False,False,False,False
37633952,Tb927.9.5410,True,False,False,False,False
37633952,Tb927.11.7600,True,False,False,False,False
37633952,Tb927.11.4920,True,True,True,True,True
37633952,Tb927.11.10800,True,False,False,False,False
37633952,Tb927.4.4690,True,False,False,False,False
37633952,Tb927.11.8030,True,False,False,False,False
37633952,Tb927.3.3200,True,True,True,True,True
37633952,Tb927.10.2190,True,True,True,True,True
37633952,Tb927.8.4580,True,True,True,True,True
37633952,Tb927.11.7560,True,True,True,True,True
37633952,Tb927.11.11010,True,True,True,False,False
19463859,Tb927.10.4910,False,False,False,False,False
19463859,Tb927.3.2980,False,False,False,False,False
19463859,Tb927.10.13120,False,False,False,False,False
19463859,Tb927.9.12140,False,False,False,False,False
19463859,Tb927.2.2970,False,False,False,False,False
19463859,Tb927.9.11040,False,False,False,False,False
19463859,Tb927.4.1660,False,False,False,False,False
19463859,Tb927.11.13440,False,False,False,False,False
19463859,Tb927.9.10310,False,False,False,False,False
19463859,Tb927.11.270,False,False,False,False,False
19463859,Tb927.10.15710,False,False,False,False,False
19463859,Tb927.11.5290,False,False,False,False,False
19463859,Tb927.8.4440,False,False,False,False,False
19463859,Tb927.10.10440,False,False,False,False,False
19463859,Tb927.11.14350,False,False,False,False,False
19463859,Tb927.5.1550,False,False,False,False,False
19463859,Tb927.10.12840,False,False,False,False,False
19463859,Tb927.8.5810,False,False,False,False,False
19463859,Tb927.8.1310,False,False,False,False,False
19463859,Tb927.10.14280,False,False,False,False,False
19463859,Tb927.7.3940,False,False,False,False,False
19463859,Tb927.10.14820,False,False,False,False,False
19463859,Tb927.11.14360,False,False,False,False,False
19463859,Tb927.8.3330,False,False,False,False,False
25040552,Tb927.9.10360,False,False,False,False,False
25040552,Tb927.10.1690,False,False,False,False,False
25040552,Tb927.7.1500,False,False,False,False,False
25040552,Tb927.8.720,False,False,False,False,False
25040552,Tb927.8.3920,False,False,False,False,False
25040552,Tb927.8.3500,False,False,False,False,False
25040552,Tb927.4.1950,False,False,False,False,False
25040552,Tb927.10.10650,False,False,False,False,False
25040552,Tb927.8.3860,False,False,False,False,False
25040552,Tb927.8.1750,False,False,False,False,False
25931509,Tb927.2.1700,True,True,True,True,True
25931509,Tb927.5.4010,True,True,True,True,True
25931509,Tb927.9.9390,True,False,False,False,False
25931509,Tb927.2.5280,True,True,True,True,True
25931509,Tb927.7.4260,True,True,True,True,True
25931509,Tb927.10.990,True,False,False,False,False
25931509,Tb927.5.291b,True,True,True,True,True
25931509,Tb927.7.6570,True,True,True,True,True
25931509,Tb927.5.4570,True,True,True,True,True
25931509,Tb927.11.7050,True,True,True,True,True
25931509,Tb927.8.6730,True,False,False,False,False
25931509,Tb927.7.4230,True,True,True,True,True
25931509,Tb927.10.1230,True,False,False,False,False
25931509,Tb927.9.11480,True,False,False,False,False
25931509,Tb927.10.5700,True,False,False,False,False
25931509,Tb927.10.10840,True,True,True,True,True
25931509,Tb927.10.5090,True,True,True,True,True
25931509,Tb927.7.470,True,False,False,False,False
25931509,Tb927.11.8830,True,True,True,True,True
25931509,Tb927.4.3040,True,False,False,False,False
25931509,Tb927.10.11680,True,False,False,False,False
25931509,Tb927.10.13930,True,False,False,False,False
25931509,Tb927.10.530,True,False,False,False,False
25808593,Tb927.10.11030,True,True,True,True,True
25808593,Tb927.11.11460,True,True,True,True,True
25808593,Tb927.11.5600,True,True,True,True,True
25808593,Tb927.9.9660,True,True,True,True,True
25808593,Tb927.11.7780,True,True,True,True,True
25808593,Tb927.8.4380,True,True,True,True,True
27181928,Tb927.10.11160,False,False,False,False,False
27181928,Tb927.7.1720,False,False,False,False,False
27181928,Tb927.10.5290,False,False,False,False,False
16339728,Tb927.4.4230,False,False,False,False,False
16339728,Tb927.7.1180,False,False,False,False,False
16339728,Tb927.8.6650,False,False,False,False,False
16339728,Tb927.5.3750,False,False,False,False,False
16339728,Tb927.11.12100,False,False,False,False,False
16339728,Tb927.6.3870,False,False,False,False,False
16339728,Tb927.11.12120,False,False,False,False,False
16339728,Tb927.10.3200,False,False,False,False,False
16339728,Tb927.3.5460,False,False,False,False,False
16339728,Tb927.10.13570,False,False,False,False,False
16339728,Tb927.11.16590,False,False,False,False,False
16339728,Tb927.8.710,False,False,False,False,False
16339728,Tb927.3.2000,False,False,False,False,False
16339728,Tb927.10.13540,False,False,False,False,False
16339728,Tb927.10.3500,False,False,False,False,False
16339728,Tb927.11.14100,False,False,False,False,False
16339728,Tb927.11.16020,False,False,False,False,False
16339728,Tb927.9.12360,False,False,False,False,False
16339728,Tb927.3.3480,False,False,False,False,False
16339728,Tb927.10.8300,False,False,False,False,False
16339728,Tb927.10.8280,False,False,False,False,False
16339728,TcCLB.509591.50,False,False,False,False,False
16339728,Tb927.6.4530,False,False,False,False,False
16339728,Tb927.10.12090,False,False,False,False,False
16339728,Tb927.8.2780,False,False,False,False,False
16339728,Tb927.11.15350,False,False,False,False,False
16339728,Tb927.5.1080,False,False,False,False,False
16339728,Tb927.9.4560,False,False,False,False,False
16339728,Tb927.9.6870,False,False,False,False,False
16339728,Tb927.7.880,False,False,False,False,False
16339728,Tb927.10.7470,False,False,False,False,False
16339728,Tb927.3.3940,False,False,False,False,False
16339728,Tb927.10.12100,False,False,False,False,False
16339728,Tb927.10.11270,False,False,False,False,False
16339728,Tb927.7.1390,False,False,False,False,False
16339728,Tb927.8.4170,False,False,False,False,False
16339728,Tb927.3.2930,False,False,False,False,False
16339728,Tb927.8.4450,False,False,False,False,False
16339728,Tb927.3.3670,False,False,False,False,False
16339728,Tb927.11.950,False,False,False,False,False
16339728,Tb927.11.5850,False,False,False,False,False
16339728,Tb927.3.1030,False,False,False,False,False
16339728,Tb927.10.13720,False,False,False,False,False
16339728,Tb927.6.2550,False,False,False,False,False
16339728,Tb927.7.1170,False,False,False,False,False
16339728,TcCLB.503999.90,False,False,False,False,False
16339728,Tb927.7.3730,False,False,False,False,False
16339728,Tb927.6.3480,False,False,False,False,False
16339728,Tb927.8.6440,False,False,False,False,False
16339728,Tb927.7.320,False,False,False,False,False
16339728,Tb927.11.3340,False,False,False,False,False
18094047,Tb927.3.3000,False,False,False,False,False
18094047,Tb927.10.1170,False,False,False,False,False
18094047,Tb927.5.3030,False,False,False,False,False
18094047,Tb927.3.1110,False,False,False,False,False
18094047,Tb927.11.1740,False,False,False,False,False
18094047,Tb927.10.11310,False,False,False,False,False
18094047,Tb927.3.5490,False,False,False,False,False
18094047,Tb927.6.3290,False,False,False,False,False
18094047,Tb927.10.14990,False,False,False,False,False
18094047,Tb927.10.14470,False,False,False,False,False
18094047,Tb927.10.5380,False,False,False,False,False
18094047,Tb927.10.14980,False,False,False,False,False
18094047,Tb927.11.260,False,False,False,False,False
27991487,Tb927.8.4150,True,True,True,True,True
27991487,Tb927.9.11220,True,False,False,False,False
27991487,Tb927.11.5390,True,True,True,True,True
27991487,Tb927.10.11520,True,False,False,False,False
27991487,Tb927.5.3340,True,False,False,False,False
27991487,Tb927.7.2200,True,True,True,True,True
27991487,Tb927.3.1600,True,True,True,True,True
29244877,LmjF.04.1000,True,False,False,False,False
29244877,Tb927.11.16690,True,True,True,True,True
29244877,Tb927.9.8540,True,True,True,True,True
29244877,Tb927.10.11680,True,True,True,True,True
30415698,Tb927.11.6470,False,False,False,False,False
30415698,Tb927.10.1580,False,False,False,False,False
30415698,LmjF.07.1110,False,False,False,False,False
30415698,LmjF.21.0735,False,False,False,False,False
30415698,Tb927.2.2940,False,False,False,False,False
30415698,LmjF.27.1530,False,False,False,False,False
30415698,Tb927.4.630,False,False,False,False,False
30415698,Tb927.8.580,False,False,False,False,False
30415698,TcCLB.509551.100,False,False,False,False,False
30415698,LmjF.34.4100,False,False,False,False,False
30415698,Tb927.11.2190,False,False,False,False,False
30415698,LmjF.35.4510,False,False,False,False,False
30415698,TcCLB.507053.140,False,False,False,False,False
30415698,LmjF.11.0800,False,False,False,False,False
30415698,LmjF.35.0890,False,False,False,False,False
30415698,TcCLB.508539.20,False,False,False,False,False
30415698,LmjF.02.0650,False,False,False,False,False
30415698,Tb927.5.690,False,False,False,False,False
30415698,TcCLB.511459.60,False,False,False,False,False
30415698,TcCLB.507049.70,False,False,False,False,False
30415698,Tb927.10.11900,False,False,False,False,False
30415698,TcCLB.510857.4,False,False,False,False,False
30415698,Tb927.9.10160,False,False,False,False,False
30415698,TcCLB.506567.90,False,False,False,False,False
30415698,TcCLB.507007.40,False,False,False,False,False
30415698,LmjF.33.1280,False,False,False,False,False
30415698,TcCLB.507765.100,False,False,False,False,False
30415698,TcCLB.509611.150,False,False,False,False,False
30415698,TcCLB.509127.80,False,False,False,False,False
30415698,TcCLB.506977.60,False,False,False,False,False
30415698,TcCLB.508737.170,False,False,False,False,False
30415698,TcCLB.510101.390,False,False,False,False,False
30415698,TcCLB.508355.114,False,False,False,False,False
30415698,TcCLB.507467.104,False,False,False,False,False
32084124,Tb927.10.11960,True,True,True,True,True
32084124,Tb927.10.4800,True,True,True,True,True
32084124,Tb927.11.16360,True,True,True,True,True
17026746,LmjF.21.0050,True,False,False,False,False
17026746,LbrM.07.0740,True,False,False,False,False
17026746,LbrM.33.1610,True,False,False,False,False
17026746,LmjF.28.1470,True,True,True,True,True
17026746,LbrM.19.0430,True,False,False,False,False
17026746,LmxM.26.0690,True,False,False,False,False
17026746,LmjF.25.0090,True,True,True,True,True
17026746,Tb927.9.13030,True,False,False,False,False
17026746,LmjF.17.0380,True,False,False,False,False
17026746,LbrM.32.0120,True,False,False,False,False
17026746,LmjF.32.0070,True,True,True,True,True
17026746,LmjF.32.2890,True,True,True,True,True
17026746,LbrM.29.0080,True,False,False,False,False
17026746,LmxM.21.0560,True,False,False,False,False
17026746,LmjF.29.0070,True,True,True,True,True
17026746,LmjF.34.0540,True,True,True,True,True
17026746,LmjF.25.2180,True,True,True,True,True
17026746,LbrM.07.0580,True,False,False,False,False
17026746,LmjF.36.0460,True,True,True,True,True
17026746,LmjF.32.2160,True,True,True,True,True
17026746,LmjF.20.1690,True,True,True,True,True
17026746,LbrM.28.1630,True,False,False,False,False
17026746,LmjF.29.0630,True,True,True,True,True
17026746,LmjF.23.1740,True,False,False,False,False
17026746,LbrM.34.2610,True,False,False,False,False
17026746,LmjF.06.0820,True,True,True,True,True
17026746,Tb927.10.11980,True,False,False,False,False
17026746,LmjF.36.2230,True,True,True,True,True
17026746,LbrM.28.1640,True,False,False,False,False
17026746,LmjF.21.0560,True,True,True,True,True
17026746,LmxM.06.0820,True,False,False,False,False
17026746,LmjF.26.2360,True,True,True,True,True
17026746,LmjF.26.0690,True,False,False,False,False
17026746,LmjF.07.0520,True,False,False,False,False
17026746,LmjF.19.0010,True,False,False,False,False
17026746,LmxM.19.0010,True,False,False,False,False
17026746,LmjF.19.0120,True,True,True,True,True
17026746,LbrM.34.3400,True,False,False,False,False
17026746,LmjF.26.2260,True,True,True,True,True
17026746,LmjF.28.1480,True,True,True,True,True
17026746,LmjF.35.2720,True,True,True,True,True
17026746,LmjF.08.0030,True,False,False,False,False
17026746,LmjF.35.2120,True,True,True,True,True
17026746,LmjF.23.1750,True,False,False,False,False
17026746,LmjF.07.0670,True,False,False,False,False
37475965,Tb927.11.7180,True,True,True,True,True
37475965,Tb927.11.3910,True,True,True,True,True
37475965,Tb927.7.4510,True,True,True,True,True
37475965,Tb927.10.12390,True,True,True,True,True
37475965,Tb927.11.16210,True,True,True,True,True
37475965,Tb927.8.4640,True,True,True,True,True
37475965,Tb927.10.1740,True,True,True,True,True
37475965,Tb927.7.2320,True,True,True,True,True
20444260,TcCLB.504085.70,True,False,False,False,False
20444260,Tb927.8.4020,True,False,False,False,False
20444260,Tb927.3.790,True,False,False,False,False
20444260,Tb927.6.4720,True,False,False,False,False
20444260,Tb927.10.12740,True,False,False,False,False
20444260,Tb927.10.14930,True,True,True,False,False
20444260,Tb927.7.4980,True,True,True,True,True
20444260,Tb927.7.930,True,True,True,True,True
20444260,Tb927.11.7890,True,False,False,False,False
20444260,Tb927.11.16550,True,False,False,False,False
20444260,Tb927.6.4050,True,False,False,False,False
20444260,Tb927.10.14950,True,False,False,False,False
20444260,TcCLB.507089.30,True,False,False,False,False
27226595,Tb927.8.7070,False,False,False,False,False
27226595,Tb927.11.9290,False,False,False,False,False
27226595,Tb927.3.3300,False,False,False,False,False
27226595,Tb927.10.12920,False,False,False,False,False
27226595,Tb927.9.14290,False,False,False,False,False
19733234,TcCLB.511269.40,False,False,False,False,False
19733234,Tb927.10.13000,False,False,False,False,False
19733234,LbrM.18.1190,False,False,False,False,False
19733234,TcCLB.509805.20,False,False,False,False,False
24879126,Tb927.10.13040,False,False,False,False,False
24879126,Tb927.9.15660,False,False,False,False,False
24879126,Tb927.7.7470,False,False,False,False,False
24879126,Tb927.11.17040,False,False,False,False,False
24879126,Tb927.11.13740,False,False,False,False,False
24879126,Tb927.10.16190,False,False,False,False,False
16730080,TcIL3000_10_11410,False,False,False,False,False
16730080,Tb927.3.1250,False,False,False,False,False
16730080,LmxM.18.0790,False,False,False,False,False
16730080,TvY486_1012900,False,False,False,False,False
16730080,TcCLB.511277.10,False,False,False,False,False
16730080,LmjF.18.0790,False,False,False,False,False
16730080,LbrM.18.0880,False,False,False,False,False
16730080,Tbg972.10.16080,False,False,False,False,False
16730080,LdBPK_180790.1,False,False,False,False,False
16730080,Tb927.11.200,False,False,False,False,False
16730080,Tb927.10.13310,False,False,False,False,False
16730080,TcCLB.506357.100,False,False,False,False,False
24033548,Tb927.10.13360,False,False,False,False,False
24033548,Tb927.3.1070,False,False,False,False,False
24033548,Tb927.3.3630,False,False,False,False,False
24033548,Tb927.10.5010,False,False,False,False,False
23437089,Tb927.10.13780,True,True,True,True,True
23437089,Tb927.10.14780,True,True,True,True,True
23437089,Tb927.5.800,True,True,True,True,True
23437089,Tb927.3.1570,True,True,True,True,True
23437089,Tb927.4.5180,True,True,True,True,True
32105215,Tb927.9.13530,True,True,True,True,True
32105215,Tb927.8.6310,True,True,True,True,True
32105215,Tb927.10.13830,True,True,True,True,True
23443657,Tb927.11.16560,False,False,False,False,False
23443657,Tb927.6.3960,False,False,False,False,False
23443657,Tb927.4.1640,False,False,False,False,False
23443657,Tb927.10.13900,False,False,False,False,False
17646387,Tb927.10.13990,False,False,False,False,False
17646387,Tb927.10.2030,False,False,False,False,False
17646387,Tb927.11.5500,False,False,False,False,False
17646387,Tb927.6.4190,False,False,False,False,False
17646387,Tb927.7.1350,False,False,False,False,False
17646387,Tb927.2.3180,False,False,False,False,False
17646387,Tb927.11.14380,False,False,False,False,False
17646387,Tb927.9.12770,False,False,False,False,False
17646387,Tb927.6.4450,False,False,False,False,False
17646387,Tb927.11.7218,False,False,False,False,False
17646387,Tb927.11.14440,False,False,False,False,False
17646387,Tb927.11.640,False,False,False,False,False
17646387,Tb927.6.4400,False,False,False,False,False
17646387,Tb927.11.15570,False,False,False,False,False
17646387,Tb927.10.810,False,False,False,False,False
15294911,Tb927.6.1520,False,False,False,False,False
15294911,Tb927.10.14160,False,False,False,False,False
15294911,TcCLB.508257.140,False,False,False,False,False
15294911,Tb927.10.14170,False,False,False,False,False
19525551,Tb927.11.2670,True,True,True,True,True
19525551,Tb927.11.15560,True,True,True,True,True
19525551,Tb927.3.3180,True,True,True,True,True
19525551,Tb927.10.8910,True,True,True,True,True
19525551,Tb927.7.2300,True,True,True,True,True
19525551,Tb927.10.7630,True,True,True,True,True
19525551,Tb927.9.14240,True,True,True,True,True
19525551,Tb927.4.4310,True,True,True,True,True
19525551,Tb927.11.3380,True,True,True,True,True
19525551,Tb927.7.5760,True,True,True,True,True
19525551,Tb927.9.3760,True,True,True,True,True
19525551,Tb927.11.11090,True,True,True,True,True
19525551,Tb927.10.2900,True,True,True,True,True
19525551,Tb927.4.5200,True,True,True,True,True
19525551,Tb927.9.1340,True,True,True,True,True
19525551,Tb927.11.330,True,True,True,True,True
19525551,Tb927.11.15990,True,True,True,True,True
19525551,Tb927.10.14180,True,True,True,True,True
19525551,Tb927.3.3540,True,True,True,True,True
19525551,Tb927.10.8170,True,True,True,True,True
19525551,Tb927.4.2880,True,True,True,True,True
19525551,Tb927.6.2640,True,True,True,True,True
19525551,Tb927.8.8050,True,True,True,True,True
19525551,Tb927.3.1120,True,True,True,True,True
19525551,Tb927.11.15370,True,True,True,True,True
19525551,Tb927.10.7060,True,True,True,True,True
19525551,Tb927.11.2950,True,True,True,True,True
19525551,Tb927.11.11080,True,True,True,True,True
19525551,Tb927.11.980,True,True,True,True,True
19525551,Tb927.11.4540,True,True,True,True,True
25736289,Tb927.4.2060,True,True,True,True,True
25736289,Tb927.10.840,True,True,True,True,True
25736289,Tb927.10.14320,True,True,True,True,True
25736289,Tb927.10.8830,True,True,True,True,True
25736289,Tb927.11.12530,True,True,True,True,True
25736289,Tb927.7.3330,True,False,False,False,False
25736289,Tb927.9.10530,True,True,True,True,True
25736289,Tb927.10.15390,True,True,True,True,True
19208769,Tb927.10.14440,False,False,False,False,False
19208769,Tb927.11.380,False,False,False,False,False
19208769,Tb927.8.3430,False,False,False,False,False
32675283,TcCLB.507867.80,False,False,False,False,False
32675283,LmjF.05.1190,False,False,False,False,False
32675283,Tb927.10.1450,False,False,False,False,False
32675283,Tb927.5.570,False,False,False,False,False
19185591,TcCLB.503833.30,False,False,False,False,False
19185591,Tb927.10.14720,False,False,False,False,False
19185591,TcCLB.511287.124,False,False,False,False,False
19185591,LbrM.19.0380,False,False,False,False,False
19185591,LmjF.19.0070,False,False,False,False,False
35013170,Tb927.11.9950,True,True,True,True,True
35013170,Tb927.9.13970,True,True,True,True,True
35013170,Tb927.3.3740,True,True,True,True,True
35013170,Tb927.4.3150,True,True,True,True,True
35013170,Tb927.10.14750,True,True,True,True,True
23074217,Tb927.10.14840,False,False,False,False,False
23074217,Tb927.10.14820,False,False,False,False,False
23074217,Tb927.10.14830,False,False,False,False,False
32532821,Tb927.10.1490,False,False,False,False,False
32532821,Tb927.7.2780,False,False,False,False,False
32532821,Tb927.6.4770,False,False,False,False,False
18442996,Tb927.10.8720,True,True,True,True,True
18442996,Tb927.10.1510,True,True,True,True,True
18442996,Tb927.8.1960,True,True,True,True,True
18442996,TcCLB.509399.160,True,False,False,False,False
18442996,Tb927.10.3990,True,True,True,True,True
18442996,Tb927.4.410,True,True,True,False,False
18442996,Tb927.3.1920,True,True,True,True,True
18442996,TvY486_1008510,True,False,False,False,False
18442996,LmjF.12.0350,True,False,False,False,False
18442996,TcIL3000_10_7500,True,False,False,False,False
18442996,Tb927.6.850,True,True,True,True,True
18442996,TcCLB.510073.70,True,False,False,False,False
18442996,Tb927.6.600,True,True,True,True,True
18442996,Tbg972.10.10570,True,False,False,False,False
15743819,Tb927.6.1970,False,False,False,False,False
15743819,TcCLB.507031.60,False,False,False,False,False
15743819,Tb927.10.2990,False,False,False,False,False
15743819,LbrM.19.0790,False,False,False,False,False
15743819,Tb927.3.1340,False,False,False,False,False
15743819,Tb927.10.15210,False,False,False,False,False
15743819,LmjF.19.0470,False,False,False,False,False
15743819,TcCLB.507963.50,False,False,False,False,False
19369410,Tb927.7.6360,False,False,False,False,False
19369410,Tb927.11.7350,False,False,False,False,False
19369410,Tb927.10.15350,False,False,False,False,False
19369410,Tb927.2.2670,False,False,False,False,False
16321390,Tb927.10.2560,False,False,False,False,False
16321390,Tb927.10.2550,False,False,False,False,False
16321390,Tb927.10.15410,False,False,False,False,False
17640865,Tb927.10.15490,False,False,False,False,False
17640865,TcCLB.510027.10,False,False,False,False,False
17640865,TcCLB.511727.300,False,False,False,False,False
17640865,Tb927.11.13990,False,False,False,False,False
16055738,Tb927.10.15570,False,False,False,False,False
16055738,Tb927.5.3910,False,False,False,False,False
16055738,Tb927.10.4840,False,False,False,False,False
16055738,Tb927.10.7070,False,False,False,False,False
23326569,Tb927.11.5280,True,True,True,True,True
23326569,Tb927.7.1470,True,True,True,True,True
23326569,Tb927.10.1570,True,True,True,True,True
23235159,Tb927.9.9730,False,False,False,False,False
23235159,Tb927.4.3440,False,False,False,False,False
23235159,Tb927.10.15750,False,False,False,False,False
23235159,Tb927.4.3130,False,False,False,False,False
31751595,TvY486_1003100,False,False,False,False,False
31751595,Tb927.3.2650,False,False,False,False,False
31751595,Tb927.10.15790,False,False,False,False,False
31751595,TcIL3000_10_2580,False,False,False,False,False
31751595,TcIL3000_10_13600,False,False,False,False,False
31751595,TvY486_0301940,False,False,False,False,False
31751595,TvY486_1015180,False,False,False,False,False
31751595,Tb927.10.3120,False,False,False,False,False
16388862,Tb927.3.2410,False,False,False,False,False
16388862,Tb927.10.15850,False,False,False,False,False
16388862,Tb927.5.3920,False,False,False,False,False
17188680,LbrM.19.1470,False,False,False,False,False
17188680,LmjF.19.1250,False,False,False,False,False
17188680,TcCLB.503641.19,False,False,False,False,False
17188680,TcCLB.503809.20,False,False,False,False,False
17188680,Tb927.10.15850,False,False,False,False,False
16753168,TcCLB.511355.7,False,False,False,False,False
16753168,Tbg972.10.19550,False,False,False,False,False
16753168,LmjF.19.1390,False,False,False,False,False
16753168,LmxM.19.1390,False,False,False,False,False
16753168,TcIL3000_10_13790,False,False,False,False,False
16753168,TcCLB.503809.149,False,False,False,False,False
16753168,LbrM.19.1660,False,False,False,False,False
16753168,LdBPK_191430.1,False,False,False,False,False
16753168,TvY486_1015370,False,False,False,False,False
16753168,Tb927.10.15950,False,False,False,False,False
17543398,TcCLB.511145.80,False,False,False,False,False
17543398,Tb927.10.160,False,False,False,False,False
17543398,LbrM.21.2050,False,False,False,False,False
17543398,TcCLB.504069.100,False,False,False,False,False
20178803,Tb927.10.16030,False,False,False,False,False
20178803,LmxM.19.1440,False,False,False,False,False
20178803,LmxM.36.0860,False,False,False,False,False
20178803,TcCLB.506483.69,False,False,False,False,False
35042777,Tb927.5.1720,False,False,False,False,False
35042777,Tb927.10.16090,False,False,False,False,False
35042777,Tb927.11.12350,False,False,False,False,False
35042777,Tb927.10.9110,False,False,False,False,False
35042777,Tb927.7.3280,False,False,False,False,False
35042777,Tb927.9.11900,False,False,False,False,False
19436713,Tb927.10.5050,True,True,True,True,True
19436713,Tb927.7.7430,True,True,True,True,True
19436713,Tb927.10.180,True,True,True,True,True
19436713,Tb927.6.4990,True,True,True,True,True
19436713,Tb927.3.1380,True,True,True,True,True
19436713,Tb927.7.7420,True,True,True,True,True
19436713,Tb927.10.8030,True,True,True,True,True
19436713,Tb927.8.3320,True,True,True,True,True
30228243,Tb927.11.4260,True,True,True,True,True
30228243,Tb927.10.300,True,True,True,True,True
30228243,Tb927.10.2150,True,True,True,True,True
26891179,LmjF.35.0630,True,True,True,True,True
26891179,Tb927.10.9650,True,True,True,True,True
26891179,Tb927.10.3810,True,True,True,True,True
26891179,Tb927.11.9780,True,True,True,True,True
26891179,Tb927.10.2320,True,True,True,True,True
26891179,Tb927.8.6250,True,True,True,True,True
26891179,Tb927.9.1340,True,False,False,False,False
26891179,Tb927.11.330,True,True,True,True,True
26891179,LbrM.34.0630,True,True,True,True,True
12062425,Tb927.6.930,False,False,False,False,False
12062425,Tb927.10.2440,False,False,False,False,False
12062425,Tb927.11.3220,False,False,False,False,False
30171070,Tb927.10.5870,False,False,False,False,False
30171070,Tb927.10.9700,False,False,False,False,False
30171070,Tb927.9.9960,False,False,False,False,False
30171070,Tb927.10.720,False,False,False,False,False
30171070,Tb927.11.8350,False,False,False,False,False
30171070,Tb927.7.5240,False,False,False,False,False
30171070,Tb927.10.2880,False,False,False,False,False
30171070,Tb927.10.870,False,False,False,False,False
30171070,Tb927.10.6360,False,False,False,False,False
30171070,Tb927.3.4710,False,False,False,False,False
23264645,Tb927.7.7000,False,False,False,False,False
23264645,Tb927.10.850,False,False,False,False,False
23264645,Tb927.10.3010,False,False,False,False,False
23264645,Tb927.7.3330,False,False,False,False,False
23264645,Tb927.8.3010,False,False,False,False,False
23264645,Tb927.10.8820,False,False,False,False,False
23264645,Tb927.4.5340,False,False,False,False,False
25503798,Tb927.10.3640,True,True,True,True,True
25503798,Tbg972.10.4520,True,False,False,False,False
25503798,Tb927.8.1870,True,True,True,True,True
31795916,TcIL3000_5_5210,True,True,True,True,True
31795916,TvY486_0706450,True,True,True,True,True
31795916,TcIL3000_10_5670,True,True,True,True,True
31795916,Tb927.10.4200,True,True,True,True,True
31795916,TcCLB.509539.40,True,True,True,True,True
31795916,LmxM.17.0430,True,True,True,True,True
31795916,Tb927.9.6420,True,True,True,True,True
31795916,LmxM.15.0825,True,True,True,True,True
31795916,TvY486_0802340,True,True,True,True,True
31795916,Tb927.10.6600,True,True,True,True,True
31795916,TcIL3000_10_3510,True,True,True,True,True
31795916,TcCLB.506509.60,True,True,True,True,True
31795916,LmxM.05.0010,True,True,True,True,True
31795916,LmxM.23.1610,True,True,True,True,True
31795916,TcIL3000_0_41350,True,True,True,True,True
31795916,Tb927.9.13970,True,True,True,True,True
31795916,TcCLB.511467.50,True,True,True,True,True
31795916,LmxM.36.2100,True,True,True,True,True
31795916,TvY486_0019400,True,True,True,True,True
31795916,Tb927.4.3150,True,True,True,True,True
31795916,TvY486_0503940,True,True,True,True,True
31795916,TcCLB.504427.170,True,True,True,True,True
31795916,Tb927.8.2830,True,True,True,True,True
31795916,Tb927.3.3160,True,False,False,False,False
31795916,LmxM.34.0180,True,True,True,True,True
31795916,TvY486_1006570,True,True,True,True,True
31795916,Tb927.9.7820,True,False,False,False,False
31795916,TcCLB.510055.70,True,True,True,True,True
31795916,TcCLB.510187.340,True,True,True,True,True
31795916,Tb927.11.3340,True,False,False,False,False
20653091,LbrM.34.0170,True,True,True,True,True
20653091,TcCLB.506295.80,True,True,True,True,True
20653091,LmjF.35.0130,True,True,True,True,True
20653091,Tb927.10.4250,True,True,True,True,True
20653091,TcCLB.511469.24,True,True,True,True,True
20190075,TcCLB.506295.120,False,False,False,False,False
20190075,TvY486_1004280,False,False,False,False,False
20190075,TcCLB.511469.60,False,False,False,False,False
20190075,LmjF.35.0080,False,False,False,False,False
20190075,Tb927.10.4300,False,False,False,False,False
20190075,LbrM.34.0120,False,False,False,False,False
19683530,Tb927.10.4310,False,False,False,False,False
19683530,TcIL3000_8_4580,False,False,False,False,False
19683530,Tb927.8.4810,False,False,False,False,False
16608878,LbrM.21.1750,False,False,False,False,False
16608878,TcCLB.506851.10,False,False,False,False,False
16608878,Tb927.10.460,False,False,False,False,False
10329621,Tb927.10.4610,False,False,False,False,False
10329621,LbrM.35.0300,False,False,False,False,False
10329621,TcCLB.506581.10,False,False,False,False,False
10329621,LmjF.36.0220,False,False,False,False,False
24962368,Tb927.5.1490,True,True,True,True,True
24962368,Tb927.11.6010,True,False,False,False,False
24962368,Tb927.9.5460,True,True,True,True,True
24962368,Tb927.10.5020,True,True,True,True,True
12958211,LmjF.36.0650,False,False,False,False,False
12958211,TcCLB.510293.79,False,False,False,False,False
12958211,LmjF.34.2730,False,False,False,False,False
12958211,Tb927.4.1920,False,False,False,False,False
12958211,TcCLB.508689.50,False,False,False,False,False
12958211,Tbg972.4.1840,False,False,False,False,False
12958211,TcIL3000_4_1630,False,False,False,False,False
12958211,LdBPK_342560.1,False,False,False,False,False
12958211,TvY486_0401700,False,False,False,False,False
12958211,TcCLB.503923.50,False,False,False,False,False
12958211,TcCLB.510877.180,False,False,False,False,False
12958211,TcCLB.508661.60,False,False,False,False,False
12958211,LbrM.20.2280,False,False,False,False,False
12958211,Tb927.10.5080,False,False,False,False,False
12958211,LbrM.33.0870,False,False,False,False,False
12958211,LmxM.33.2730,False,False,False,False,False
12958211,LbrM.35.0770,False,False,False,False,False
36220811,Tb927.3.2880,True,False,False,False,False
36220811,Tb927.10.9830,True,True,True,True,True
36220811,Tb927.3.1690,True,False,False,False,False
36220811,Tb927.11.6250,True,True,True,True,True
36220811,Tb927.2.3610,True,False,False,False,False
36220811,Tb927.4.720,True,False,False,False,False
36220811,Tb927.3.2180,True,True,True,True,True
36220811,Tb927.4.3450,True,False,False,False,False
36220811,Tb927.7.840,True,False,False,False,False
36220811,Tb927.11.1270,True,True,True,True,True
36220811,Tb927.5.2930,True,False,False,False,False
36220811,Tb927.5.3090,True,True,True,True,True
36220811,Tb927.11.2245,True,True,True,True,True
36220811,Tb927.6.590,True,True,True,True,True
36220811,Tb927.10.8030,True,True,True,True,True
36220811,Tb927.10.520,True,True,True,True,True
36220811,Tb927.11.600,True,False,False,False,False
17259543,Tb927.8.5980,False,False,False,False,False
17259543,LdBPK_290610.1,False,False,False,False,False
17259543,TcIL3000_3_3090,False,False,False,False,False
17259543,Tb927.10.5210,False,False,False,False,False
17259543,LbrM.29.0600,False,False,False,False,False
17259543,Tb927.3.5100,False,False,False,False,False
17259543,Tbg972.3.5740,False,False,False,False,False
17259543,TvY486_0304470,False,False,False,False,False
17259543,Tb927.8.6540,False,False,False,False,False
17259543,TcCLB.508411.90,False,False,False,False,False
17259543,LmjF.29.0590,False,False,False,False,False
17259543,LmxM.08_29.0590,False,False,False,False,False
30097558,Tb927.10.8580,True,False,False,False,False
30097558,Tb927.6.3650,True,False,False,False,False
30097558,Tb927.10.5230,True,True,True,True,True
26378228,Tb927.2.1810,True,True,True,True,True
26378228,Tb927.10.5450,True,True,True,True,True
26378228,Tb927.11.10330,True,True,True,True,True
26378228,Tb927.7.1060,True,True,True,True,True
22158713,Tb927.11.15440,False,False,False,False,False
22158713,Tb927.10.5500,False,False,False,False,False
22158713,Tb927.8.6960,False,False,False,False,False
22158713,Tb927.11.4490,False,False,False,False,False
22158713,Tb927.11.9930,False,False,False,False,False
19605687,Tb927.11.14310,False,False,False,False,False
19605687,Tb927.2.4540,False,False,False,False,False
19605687,Tb927.11.13960,False,False,False,False,False
19605687,Tb927.11.15000,False,False,False,False,False
19605687,Tb927.10.5640,False,False,False,False,False
19605687,Tb927.11.10750,False,False,False,False,False
20685283,TcCLB.506327.70,False,False,False,False,False
20685283,TcCLB.509599.164,False,False,False,False,False
20685283,LmjF.36.1540,False,False,False,False,False
20685283,Tb927.10.5960,False,False,False,False,False
20685283,LbrM.35.1680,False,False,False,False,False
18554326,Tb927.9.4900,True,False,False,False,False
18554326,Tb927.10.6010,True,False,False,False,False
18554326,Tb927.3.3110,True,False,False,False,False
18554326,Tb927.7.6900,True,True,True,True,True
23178943,Tb927.8.4010,False,False,False,False,False
23178943,Tb927.8.4100,False,False,False,False,False
23178943,Tb927.8.4050,False,False,False,False,False
23178943,Tb927.8.4110,False,False,False,False,False
23178943,Tb927.10.6180,False,False,False,False,False
17077271,Tb927.5.2450,False,False,False,False,False
17077271,Tb927.8.2810,False,False,False,False,False
17077271,Tb927.10.6220,False,False,False,False,False
17077271,Tbg972.5.3480,False,False,False,False,False
17077271,Tb927.7.4900,False,False,False,False,False
16112905,LbrM.14.1340,False,False,False,False,False
16112905,LbrM.13.1420,False,False,False,False,False
16112905,LbrM.35.2010,False,False,False,False,False
16112905,LmjF.05.0030,False,False,False,False,False
16112905,LbrM.31.1020,False,False,False,False,False
16112905,Tb927.11.2640,False,False,False,False,False
16112905,Tb927.7.3790,False,False,False,False,False
16112905,LmjF.13.1560,False,False,False,False,False
16112905,LbrM.26.0300,False,False,False,False,False
16112905,Tb927.11.6030,False,False,False,False,False
16112905,Tb927.10.8920,False,False,False,False,False
16112905,Tb927.5.4500,False,False,False,False,False
16112905,LmjF.14.1170,False,False,False,False,False
16112905,Tb927.11.3320,False,False,False,False,False
16112905,Tb927.7.1640,False,False,False,False,False
16112905,Tb927.4.4220,False,False,False,False,False
16112905,LmjF.31.0860,False,False,False,False,False
16112905,LmjF.26.0270,False,False,False,False,False
16112905,Tb927.3.5550,False,False,False,False,False
16112905,LbrM.35.6180,False,False,False,False,False
16112905,Tb927.10.6240,False,False,False,False,False
16112905,Tb927.11.12950,False,False,False,False,False
24582333,Tb927.9.3800,True,True,True,True,True
24582333,Tb927.6.3760,True,True,True,True,True
24582333,Tb927.8.1150,True,True,True,True,True
24582333,Tb927.7.2110,True,True,True,True,True
24582333,Tb927.10.7240,True,True,True,True,True
24582333,Tb927.4.5110,True,True,True,True,True
24582333,Tb927.11.12410,True,True,True,True,True
24582333,Tb927.11.12420,True,True,True,True,True
24582333,Tb927.8.3680,True,True,True,True,True
24582333,Tb927.9.10920,True,True,True,True,True
24582333,Tb927.10.6330,True,True,True,True,True
24582333,Tb927.8.1680,True,True,True,True,True
24582333,Tb927.11.1030,True,True,True,True,True
24582333,Tb927.11.1000,True,True,True,True,True
24582333,Tb927.6.1210,True,True,True,True,True
24582333,Tb927.7.4850,True,True,True,True,True
24582333,Tb927.11.10520,True,True,True,True,True
24582333,Tb927.7.4860,True,True,True,True,True
17601874,LmjF.21.1450,False,False,False,False,False
17601874,Tb927.10.640,False,False,False,False,False
17601874,TcCLB.508781.129,False,False,False,False,False
17601874,TcCLB.506853.30,False,False,False,False,False
17601874,LbrM.21.1830,False,False,False,False,False
22676716,Tb927.10.6440,True,True,True,True,True
22676716,LmjF.36.1960,True,True,True,True,True
22676716,Tb927.8.980,True,True,True,True,True
22676716,TcCLB.510187.480,True,True,True,False,False
22676716,TcCLB.508569.80,True,True,True,False,False
22676716,LmxM.36.1960,True,True,True,True,True
22676716,LmjF.07.0805,True,True,True,False,False
22676716,TcCLB.503733.70,True,True,True,False,False
26224545,Tb927.10.9770,True,True,True,True,True
26224545,Tb927.6.2400,True,True,True,True,True
26224545,Tb927.11.11340,True,True,True,True,True
26224545,Tb927.10.6790,True,True,True,True,True
18951088,Tb927.11.2530,True,False,False,False,False
18951088,Tb927.10.6850,True,False,False,False,False
18951088,LbrM.21.1910,True,False,False,False,False
18951088,TcCLB.510519.70,True,False,False,False,False
18951088,LmjF.21.1620,True,False,False,False,False
18951088,Tb927.11.7218,True,False,False,False,False
2040304,Tb927.6.4300,False,False,False,False,False
2040304,Tb927.10.6880,False,False,False,False,False
2040304,Tb927.6.4280,False,False,False,False,False
31289266,Tb927.11.13380,True,True,True,True,True
31289266,Tb927.11.4970,True,True,True,True,True
31289266,Tb927.8.3980,True,True,True,True,True
31289266,Tb927.10.7050,True,True,True,True,True
16403015,TcCLB.507609.40,False,False,False,False,False
16403015,LmjF.36.6950,False,False,False,False,False
16403015,LmjF.07.1090,False,False,False,False,False
16403015,LbrM.07.1160,False,False,False,False,False
16403015,LbrM.35.7330,False,False,False,False,False
16403015,Tb927.10.7100,False,False,False,False,False
16403015,LmjF.14.1340,False,False,False,False,False
16403015,LbrM.14.1510,False,False,False,False,False
16403015,TcCLB.510181.20,False,False,False,False,False
26133384,Tb927.5.3460,True,True,True,True,True
26133384,Tb927.10.7210,True,True,True,True,True
26133384,Tb927.11.1340,True,True,True,True,True
26133384,Tb927.11.15800,True,True,True,True,True
24741115,TcCLB.510773.100,False,False,False,False,False
24741115,Tb927.10.7230,False,False,False,False,False
24741115,Tb927.9.13440,False,False,False,False,False
24741115,Tb927.2.5760,False,False,False,False,False
24741115,Tb927.8.7950,False,False,False,False,False
24741115,Tbg972.8.8270,False,False,False,False,False
24741115,Tb927.8.4780,False,False,False,False,False
24741115,Tb927.10.7290,False,False,False,False,False
24741115,Tb927.3.5020,False,False,False,False,False
24741115,TvY486_0807220,False,False,False,False,False
18364711,TcCLB.507081.130,True,False,False,False,False
18364711,LmjF.32.2290,True,True,True,True,True
18364711,TcCLB.509767.90,True,False,False,False,False
18364711,LmjF.02.0500,True,True,True,True,True
18364711,LbrM.33.3550,True,False,False,False,False
18364711,TcCLB.506629.200,True,False,False,False,False
18364711,LmjF.28.1840,True,True,True,True,True
18364711,LbrM.23.0410,True,False,False,False,False
18364711,Tb927.5.1280,True,False,False,False,False
18364711,TcCLB.507969.30,True,False,False,False,False
18364711,LmjF.36.2540,True,True,True,True,True
18364711,LmjF.32.3760,True,True,True,True,True
18364711,LbrM.16.0350,True,False,False,False,False
18364711,LbrM.35.3170,True,False,False,False,False
18364711,TcCLB.507897.4,True,False,False,False,False
18364711,LmjF.20.0970,True,True,True,True,True
18364711,LbrM.31.3290,True,False,False,False,False
18364711,LmjF.23.0370,True,True,True,True,True
18364711,Tb927.11.1560,True,False,False,False,False
18364711,LbrM.32.4000,True,False,False,False,False
18364711,TcCLB.507681.20,True,False,False,False,False
18364711,TcCLB.509139.10,True,False,False,False,False
18364711,LmjF.16.0340,True,True,True,True,True
18364711,LbrM.32.2520,True,False,False,False,False
18364711,LbrM.28.2010,True,False,False,False,False
18364711,TcCLB.509601.90,True,False,False,False,False
18364711,LbrM.25.1570,True,False,False,False,False
18364711,LmjF.23.1480,True,True,True,True,True
18364711,LmjF.32.1530,True,True,True,True,True
18364711,Tb927.10.7410,True,False,False,False,False
18364711,TcCLB.509269.19,True,False,False,False,False
18364711,TcCLB.506367.30,True,False,False,False,False
18364711,TcCLB.506743.200,True,False,False,False,False
18364711,LmjF.33.3270,True,True,True,True,True
18364711,LbrM.23.1720,True,False,False,False,False
18364711,TcCLB.503991.39,True,False,False,False,False
18364711,LmjF.31.2920,True,True,True,True,True
18364711,LmjF.36.2950,True,True,True,True,True
18364711,TcCLB.507767.10,True,False,False,False,False
18364711,TcCLB.509253.30,True,False,False,False,False
18364711,LbrM.35.2750,True,False,False,False,False
18364711,LmjF.25.2010,True,True,True,True,True
18364711,LbrM.02.0480,True,False,False,False,False
18364711,TcCLB.508741.170,True,False,False,False,False
18364711,LmjF.34.4600,True,True,True,True,True
11447124,Tb927.2.2180,False,False,False,False,False
11447124,Tb927.10.7450,False,False,False,False,False
11447124,Tb927.4.1630,False,False,False,False,False
11447124,Tb927.6.670,False,False,False,False,False
11447124,Tb927.5.1200,False,False,False,False,False
27956554,Tb927.10.7490,False,False,False,False,False
27956554,Tb927.9.4620,False,False,False,False,False
27956554,Tb927.2.4020,False,False,False,False,False
27956554,Tb927.8.5970,False,False,False,False,False
27956554,Tb927.4.2540,False,False,False,False,False
27956554,Tb927.11.11430,False,False,False,False,False
27956554,Tb927.4.4760,False,False,False,False,False
27956554,Tb927.8.5210,False,False,False,False,False
19759175,Tb927.10.7740,False,False,False,False,False
19759175,Tb927.8.3660,False,False,False,False,False
19759175,Tb927.3.5420,False,False,False,False,False
19759175,Tb927.3.1210,False,False,False,False,False
15863726,Tb927.10.8300,True,True,True,True,True
15863726,Tb927.10.8280,True,True,True,True,True
15863726,Tb927.3.1090,True,True,True,True,True
15863726,Tb927.8.4830,True,True,True,True,True
19429779,Tb927.10.960,False,False,False,False,False
19429779,TcCLB.511131.50,False,False,False,False,False
19429779,LbrM.21.1340,False,False,False,False,False
19429779,Tb927.5.1340,False,False,False,False,False
19429779,Tb927.8.5180,False,False,False,False,False
19429779,TcCLB.506855.340,False,False,False,False,False
19429779,Tb927.11.15690,False,False,False,False,False
19429779,Tb927.2.5240,False,False,False,False,False
19429779,Tb927.9.3480,False,False,False,False,False
19429779,Tb927.10.8300,False,False,False,False,False
19429779,Tb927.10.8280,False,False,False,False,False
19429779,Tb927.10.9660,False,False,False,False,False
17012283,TvY486_1008180,True,False,False,False,False
17012283,LmjF.36.6995,True,False,False,False,False
17012283,TcCLB.507611.280,True,False,False,False,False
17012283,Tbg972.10.10130,True,False,False,False,False
17012283,LdBPK_367350.1,True,False,False,False,False
17012283,TcIL3000_10_7180,True,False,False,False,False
17012283,Tb927.10.8320,True,True,True,True,True
17012283,TcCLB.507723.100,True,False,False,False,False
17012283,LmxM.36.6995,True,False,False,False,False
17012283,LbrM.35.7390,True,False,False,False,False
21743004,Tb927.9.13510,False,False,False,False,False
21743004,LmjF.23.1630,False,False,False,False,False
21743004,TcCLB.506251.100,False,False,False,False,False
21743004,Tb927.8.2850,False,False,False,False,False
21743004,LbrM.34.2290,False,False,False,False,False
21743004,TcCLB.510655.110,False,False,False,False,False
21743004,LbrM.35.6680,False,False,False,False,False
21743004,TcCLB.510751.10,False,False,False,False,False
21743004,LmjF.36.6350,False,False,False,False,False
21743004,TcCLB.507221.20,False,False,False,False,False
21743004,Tb927.10.8360,False,False,False,False,False
21743004,TcCLB.504427.200,False,False,False,False,False
21743004,TcCLB.508231.74,False,False,False,False,False
21743004,LbrM.23.0650,False,False,False,False,False
18796613,Tb927.4.420,False,False,False,False,False
18796613,Tb927.11.620,False,False,False,False,False
18796613,Tb927.8.3200,False,False,False,False,False
18796613,Tb927.10.8420,False,False,False,False,False
16914442,Tb927.5.860,True,True,True,True,True
16914442,TvY486_0403220,True,True,True,True,True
16914442,Tb927.4.3410,True,True,True,True,True
16914442,Tb927.10.8700,True,True,True,True,True
16914442,TcCLB.507485.100,True,True,True,True,True
16914442,TcCLB.509289.39,True,False,False,False,False
16914442,TcIL3000_0_57630,True,False,False,False,False
16914442,LmjF.34.0950,True,True,True,True,True
16914442,Tbg972.4.3420,True,True,True,True,True
21437209,LmjF.36.6070,True,False,False,False,False
21437209,TcCLB.506025.50,True,True,True,True,True
21437209,TcCLB.508723.80,True,True,True,True,True
21437209,Tb927.10.8770,True,False,False,False,False
21437209,LbrM.35.6380,True,False,False,False,False
27820863,Tb927.10.880,True,True,True,True,True
27820863,Tb927.9.10830,True,True,True,True,True
27820863,Tb927.9.3000,True,True,True,True,True
26833087,Tb927.10.9000,True,True,True,True,True
26833087,Tb927.11.9150,True,True,True,True,True
26833087,Tb927.3.2770,True,True,True,True,True
16766053,LmjF.36.5540,False,False,False,False,False
16766053,Tb927.10.9290,False,False,False,False,False
16766053,TcCLB.509799.70,False,False,False,False,False
16766053,Tbg972.10.11380,False,False,False,False,False
16766053,LdBPK_330160.1,False,False,False,False,False
18812192,Tbg972.10.11500,False,False,False,False,False
18812192,LmjF.36.5410,False,False,False,False,False
18812192,Tb927.10.9410,False,False,False,False,False
16920028,TcCLB.504147.180,False,False,False,False,False
16920028,Tb927.10.9760,False,False,False,False,False
16920028,LmjF.36.4380,False,False,False,False,False
16091631,LbrM.35.4170,True,True,True,True,True
16091631,TvY486_1111040,True,True,True,True,True
16091631,Tbg972.11.11440,True,True,True,True,True
16091631,LmxM.36.3930,True,True,True,False,False
16091631,TcCLB.510719.200,True,True,True,True,True
16091631,TcCLB.509745.60,True,True,True,True,True
16091631,LmjF.36.3930,True,True,True,True,True
16091631,LdBPK_364120.1,True,True,True,True,True
16091631,Tb927.11.10190,True,True,True,True,True
16091631,TcIL3000.11.10670,True,True,True,True,True
22532828,LmjF.36.3980,True,False,False,False,False
22532828,TcCLB.434259.10,True,False,False,False,False
22532828,Tb927.9.12900,True,True,True,True,True
22532828,TcCLB.508153.380,True,False,False,False,False
22532828,Tb927.3.3220,True,True,True,True,True
22532828,TcCLB.510719.250,True,False,False,False,False
22532828,TcCLB.405737.4,True,False,False,False,False
22532828,TcCLB.506275.9,True,False,False,False,False
22532828,LbrM.29.2520,True,False,False,False,False
22532828,LbrM.35.4220,True,False,False,False,False
22532828,Tb927.11.10230,True,True,True,True,True
22532828,TcCLB.510659.50,True,False,False,False,False
22532828,LbrM.34.2760,True,False,False,False,False
22532828,TcCLB.510321.10,True,False,False,False,False
18421378,Tb927.11.12230,True,True,True,True,True
18421378,Tb927.11.10240,True,True,True,True,True
18421378,Tb927.5.1520,True,True,True,True,True
29186511,Tb927.11.15580,True,True,True,True,True
29186511,Tb927.11.1040,True,True,True,True,True
29186511,Tb927.2.5030,True,True,True,True,True
29186511,Tb927.11.3705,True,True,True,True,True
21799014,Tb927.11.11640,False,False,False,False,False
21799014,Tb927.9.2030,False,False,False,False,False
21799014,Tb927.4.4680,False,False,False,False,False
21799014,Tb927.11.2710,False,False,False,False,False
21799014,Tb927.9.4990,False,False,False,False,False
21799014,Tb927.11.12250,False,False,False,False,False
21799014,Tb927.11.10460,False,False,False,False,False
21799014,Tb927.11.5570,False,False,False,False,False
21799014,Tb927.3.4810,False,False,False,False,False
21799014,Tb927.11.16140,False,False,False,False,False
15694484,LdBPK_366320.1,False,False,False,False,False
15694484,LmjF.36.6060,False,False,False,False,False
15694484,LmjF.16.1600,False,False,False,False,False
15694484,Tbg972.11.11840,False,False,False,False,False
15694484,TcIL3000.11.11150,False,False,False,False,False
15694484,LmjF.27.1620,False,False,False,False,False
15694484,TvY486_1111450,False,False,False,False,False
15694484,TcCLB.504827.130,False,False,False,False,False
15694484,LbrM.35.6370,False,False,False,False,False
15694484,LmxM.36.6060,False,False,False,False,False
15694484,LmjF.28.2500,False,False,False,False,False
15694484,Tb927.11.10560,False,False,False,False,False
15694484,TcCLB.510285.100,False,False,False,False,False
18242729,Tb927.11.3150,False,False,False,False,False
18242729,Tb927.11.11270,False,False,False,False,False
18242729,Tb927.9.5220,False,False,False,False,False
24336212,Tb927.9.13530,True,False,False,False,False
24336212,Tb927.11.1640,True,False,False,False,False
24336212,Tb927.9.4080,True,False,False,False,False
24336212,Tb927.11.11470,True,False,False,False,False
24336212,Tb927.6.2360,True,False,False,False,False
24336212,Tb927.4.670,True,False,False,False,False
23395961,Tb927.11.11725,True,False,False,False,False
23395961,Tb927.11.13007,True,False,False,False,False
23395961,Tb927.11.13003,True,False,False,False,False
23395961,Tb927.11.7685,True,False,False,False,False
23395961,Tb927.11.11475,True,False,False,False,False
23395961,Tb927.11.7675,True,False,False,False,False
18776036,LbrM.25.2460,False,False,False,False,False
18776036,TcCLB.506543.90,False,False,False,False,False
18776036,Tb927.11.12040,False,False,False,False,False
18776036,Tb927.3.1890,False,False,False,False,False
18776036,LmjF.25.1810,False,False,False,False,False
22267727,Tb927.8.1740,False,False,False,False,False
22267727,Tb927.9.11220,False,False,False,False,False
22267727,Tb927.11.5600,False,False,False,False,False
22267727,Tb927.11.12740,False,False,False,False,False
22267727,Tb927.9.7830,False,False,False,False,False
22267727,Tb927.3.3330,False,False,False,False,False
23877697,Tb927.7.5340,True,True,True,True,True
23877697,LdBPK_251520.1,True,True,True,True,True
23877697,TcCLB.509455.130,True,True,True,True,True
23877697,LmjF.25.1460,True,True,True,True,True
23877697,Tb927.11.12860,True,True,True,True,True
23877697,LmxM.25.1460,True,True,True,True,True
23877697,Tb927.3.1060,True,True,True,True,True
23877697,LbrM.25.1320,True,True,True,True,True
23877697,Tbg972.3.770,True,True,True,True,True
23877697,TcIL3000_3_280,True,True,True,True,True
23877697,TvY486_0300430,True,True,True,True,True
23877697,TcCLB.506711.10,True,True,True,True,True
26121669,Tbg972.11.15650,True,True,True,True,True
26121669,Tb927.11.14020,True,True,True,True,True
26121669,Tb927.11.14000,True,True,True,True,True
25524563,Tb927.3.1930,True,True,True,True,True
25524563,Tb927.9.5880,True,True,True,True,True
25524563,Tb927.11.14150,True,True,True,True,True
25524563,Tb927.5.2060,True,True,True,True,True
26727667,Tb927.6.1830,False,False,False,False,False
26727667,Tb927.8.8210,False,False,False,False,False
26727667,Tb927.5.4320,False,False,False,False,False
26727667,Tb927.7.1620,False,False,False,False,False
26727667,Tb927.8.7490,False,False,False,False,False
26727667,Tb927.11.230,False,False,False,False,False
26727667,Tb927.11.14560,False,False,False,False,False
24839125,Tb927.8.4500,False,False,False,False,False
24839125,Tb927.7.1670,False,False,False,False,False
24839125,Tb927.11.14590,False,False,False,False,False
18545648,Tb927.7.5040,True,True,True,True,True
18545648,Tb927.11.2880,True,True,True,True,True
18545648,Tb927.6.4820,True,True,True,True,True
18545648,Tb927.11.14840,True,True,True,True,True
17052765,Tb927.3.2470,False,False,False,False,False
17052765,Tb927.6.820,False,False,False,False,False
17052765,Tb927.11.14960,False,False,False,False,False
16413404,Tb927.11.15910,False,False,False,False,False
16413404,Tb927.5.3350,False,False,False,False,False
16413404,Tb927.11.15020,False,False,False,False,False
16413404,Tb927.11.15820,False,False,False,False,False
26504079,Tb927.11.15140,False,False,False,False,False
26504079,Tb927.8.6370,False,False,False,False,False
26504079,Tb927.11.2590,False,False,False,False,False
26504079,Tb927.5.4340,False,False,False,False,False
26504079,Tb927.8.6980,False,False,False,False,False
26504079,Tb927.11.3300,False,False,False,False,False
26504079,Tb927.3.1020,False,False,False,False,False
26504079,Tb927.7.3550,False,False,False,False,False
8132566,Tbg972.11.17370,False,False,False,False,False
8132566,Tb927.11.15490,False,False,False,False,False
8132566,TcCLB.509269.4,False,False,False,False,False
20624217,Tb927.11.15600,True,True,True,True,True
20624217,Tb927.5.2900,True,True,True,True,True
20624217,Tb927.2.2190,True,True,True,True,True
22396527,TcCLB.510257.100,True,False,False,False,False
22396527,LmjF.32.2670,True,True,True,True,True
22396527,LbrM.33.2000,True,False,False,False,False
22396527,LbrM.32.2910,True,False,False,False,False
22396527,TcCLB.506817.79,True,False,False,False,False
22396527,TcCLB.507105.20,True,False,False,False,False
22396527,TcCLB.510089.110,True,False,False,False,False
22396527,LmjF.26.1140,True,True,True,True,True
22396527,LbrM.35.5020,True,False,False,False,False
22396527,TcCLB.510901.70,True,False,False,False,False
22396527,TcCLB.509895.10,True,False,False,False,False
22396527,LbrM.25.2550,True,False,False,False,False
22396527,Tb927.11.15640,True,True,True,True,True
22396527,Tb927.2.6070,True,True,True,True,True
22396527,TcCLB.509213.140,True,False,False,False,False
22396527,LmjF.25.1740,True,True,True,True,True
22396527,LmjF.36.4770,True,True,True,True,True
22396527,LbrM.25.2250,True,False,False,False,False
22396527,TcCLB.510091.110,True,False,False,False,False
22396527,TcCLB.508307.80,True,False,False,False,False
22396527,Tb927.3.1820,True,True,True,True,True
22396527,Tb927.4.4150,True,True,True,True,True
22396527,LmjF.25.1540,True,True,True,True,True
22396527,TcCLB.506815.40,True,False,False,False,False
22396527,LmjF.28.1810,True,True,True,True,True
22396527,LbrM.28.1980,True,False,False,False,False
22396527,Tb927.5.3010,True,True,True,True,True
22396527,TcCLB.511545.70,True,False,False,False,False
22396527,LbrM.26.1160,True,False,False,False,False
22396527,LbrM.31.0800,True,False,False,False,False
22396527,TcCLB.508879.170,True,False,False,False,False
22396527,LmjF.33.1730,True,True,True,True,True
22396527,TcCLB.506135.110,True,False,False,False,False
20876299,Tb927.8.2360,False,False,False,False,False
20876299,Tb927.9.10930,False,False,False,False,False
20876299,Tb927.11.650,False,False,False,False,False
20876299,Tb927.11.15710,False,False,False,False,False
20876299,Tb927.4.2960,False,False,False,False,False
20876299,Tb927.11.7090,False,False,False,False,False
20876299,Tb927.4.3030,False,False,False,False,False
20876299,Tb927.3.5170,False,False,False,False,False
18534909,Tb927.11.16870,False,False,False,False,False
18534909,LbrM.32.3460,False,False,False,False,False
18534909,TcCLB.509067.40,False,False,False,False,False
18534909,TcCLB.511801.34,False,False,False,False,False
18534909,Tb927.11.15810,False,False,False,False,False
18534909,Tbg972.11.9960,False,False,False,False,False
18534909,TcCLB.508711.30,False,False,False,False,False
18534909,LbrM.28.2220,False,False,False,False,False
18534909,TvY486_1109420,False,False,False,False,False
18534909,TcCLB.508601.50,False,False,False,False,False
18534909,Tb927.11.8910,False,False,False,False,False
18534909,LmjF.28.2030,False,False,False,False,False
18534909,LmjF.32.3170,False,False,False,False,False
30030284,Tb927.5.1900,False,False,False,False,False
30030284,LmxM.01.0620,False,False,False,False,False
30030284,Tb927.7.5660,False,False,False,False,False
30030284,LmxM.15.0540,False,False,False,False,False
30030284,Tb927.8.4400,False,False,False,False,False
30030284,Tb927.11.16090,False,False,False,False,False
30030284,Tb927.9.4420,False,False,False,False,False
30030284,LmxM.31.2900,False,False,False,False,False
30030284,LmxM.06.1040,False,False,False,False,False
30030284,LmxM.10.0960,False,False,False,False,False
19066473,LmjF.09.0152,True,False,False,False,False
19066473,LmjF.19.0846,True,False,False,False,False
19066473,LbrM.09.0180,True,True,True,True,True
19066473,LmjF.19.0844,True,True,True,True,True
19066473,LmjF.09.0154,True,False,False,False,False
19066473,LmjF.09.0164,True,False,False,False,False
19066473,LmjF.19.0850,True,True,True,True,True
19066473,LmjF.19.0840,True,True,True,True,True
19066473,Tb927.11.16290,True,True,True,True,True
19066473,LmjF.19.0860,True,True,True,True,True
19066473,LmjF.09.0156,True,False,False,False,False
19066473,LmjF.09.0170,True,False,False,False,False
19066473,LbrM.19.1890,True,True,True,False,False
19066473,LmjF.09.0174,True,False,False,False,False
19066473,LmjF.19.0820,True,False,False,False,False
19066473,Tb927.7.3320,True,True,True,True,True
19066473,LmjF.19.0848,True,False,False,False,False
19066473,LmjF.09.0160,True,False,False,False,False
19066473,LmjF.32.3890,True,True,True,True,True
19066473,LbrM.09.0170,True,False,False,False,False
19066473,LmjF.09.0180,True,False,False,False,False
19066473,LbrM.22.1180,True,True,True,True,True
19066473,LmjF.09.0166,True,False,False,False,False
19066473,LmjF.19.0842,True,False,False,False,False
19066473,LmjF.22.1300,True,True,True,True,True
19066473,LmjF.19.0900,True,False,False,False,False
19066473,LmjF.31.3105,True,True,True,True,True
19066473,LmjF.09.0150,True,True,True,True,True
19066473,LbrM.19.1170,True,False,False,False,False
19066473,LmjF.09.0162,True,False,False,False,False
19066473,LmjF.19.0880,True,False,False,False,False
19066473,LmjF.19.1630,True,True,True,True,True
19066473,LbrM.19.1180,True,False,False,False,False
19066473,LmjF.30.0980,True,True,True,True,True
19066473,LbrM.19.1140,True,True,True,True,True
19066473,LmjF.09.0158,True,False,False,False,False
19066473,LmjF.19.0870,True,False,False,False,False
19066473,LmjF.09.0172,True,False,False,False,False
19066473,LmjF.19.0910,True,False,False,False,False
19240117,TvY486_1117840,False,False,False,False,False
19240117,TcCLB.511535.20,False,False,False,False,False
19240117,Tbg972.11.18990,False,False,False,False,False
19240117,TcCLB.508713.20,False,False,False,False,False
19240117,Tb927.11.16830,False,False,False,False,False
23133390,Tb927.11.1790,True,False,False,False,False
23133390,Tb927.11.1880,True,False,False,False,False
23133390,Tb927.11.1860,True,False,False,False,False
23133390,Tb927.11.1870,True,False,False,False,False
23133390,Tb927.11.1800,True,False,False,False,False
23560737,Tb927.11.2370,False,False,False,False,False
23560737,Tb927.7.5760,False,False,False,False,False
23560737,Tb927.9.13520,False,False,False,False,False
18039372,TcCLB.504175.40,True,False,False,False,False
18039372,TcCLB.509591.20,True,False,False,False,False
18039372,TcCLB.511127.340,True,False,False,False,False
18039372,LmjF.13.0770,True,False,False,False,False
18039372,TcCLB.506737.30,True,False,False,False,False
18039372,LmjF.28.2670,True,False,False,False,False
18039372,LmjF.33.2840,True,False,False,False,False
18039372,LmjF.04.0840,True,False,False,False,False
18039372,TcCLB.506977.10,True,False,False,False,False
18039372,LmjF.24.0270,True,False,False,False,False
18039372,TcCLB.504741.170,True,False,False,False,False
18039372,TcCLB.508777.60,True,False,False,False,False
18039372,LmjF.22.1490,True,False,False,False,False
18039372,TcCLB.510687.40,True,True,True,True,True
18039372,TcCLB.506369.60,True,False,False,False,False
18039372,LmjF.28.0170,True,False,False,False,False
18039372,TcCLB.507093.330,True,False,False,False,False
18039372,TcCLB.511537.40,True,False,False,False,False
18039372,TcCLB.508637.160,True,False,False,False,False
18039372,TcCLB.511021.10,True,True,True,True,True
18039372,TcCLB.506525.120,True,False,False,False,False
18039372,TcCLB.511283.120,True,False,False,False,False
18039372,LmjF.29.0440,True,False,False,False,False
18039372,LmjF.32.1010,True,False,False,False,False
18039372,TcCLB.511653.20,True,False,False,False,False
18039372,TvY486_0402340,True,False,False,False,False
18039372,LmjF.05.0720,True,False,False,False,False
18039372,TcCLB.507601.10,True,False,False,False,False
18039372,TcCLB.506925.150,True,False,False,False,False
18039372,TcCLB.510949.10,True,False,False,False,False
18039372,TcCLB.506465.50,True,False,False,False,False
18039372,LdBPK_341950.1,True,False,False,False,False
18039372,TcCLB.507669.60,True,False,False,False,False
18039372,TcCLB.508585.29,True,False,False,False,False
18039372,LmjF.13.1570,True,False,False,False,False
18039372,TcCLB.504021.20,True,False,False,False,False
18039372,LmjF.08.0100,True,False,False,False,False
18039372,TcCLB.505193.10,True,False,False,False,False
18039372,TcCLB.511621.160,True,False,False,False,False
18039372,TcCLB.504075.6,True,False,False,False,False
18039372,TcCLB.503583.80,True,False,False,False,False
18039372,TcCLB.510303.250,True,False,False,False,False
18039372,TcCLB.504867.114,True,False,False,False,False
18039372,LmjF.22.0250,True,False,False,False,False
18039372,LmjF.34.1430,True,False,False,False,False
18039372,LmjF.27.2320,True,False,False,False,False
18039372,TcCLB.507081.50,True,False,False,False,False
18039372,TcCLB.506559.190,True,False,False,False,False
18039372,TcCLB.507677.140,True,False,False,False,False
18039372,TcCLB.506201.120,True,False,False,False,False
18039372,TcCLB.508075.14,True,False,False,False,False
18039372,TcCLB.510943.184,True,False,False,False,False
18039372,LmjF.28.0690,True,False,False,False,False
18039372,TcCLB.511855.60,True,False,False,False,False
18039372,LmjF.26.2530,True,False,False,False,False
18039372,LmjF.21.0700,True,False,False,False,False
18039372,TcCLB.509453.50,True,False,False,False,False
18039372,TcCLB.511881.20,True,False,False,False,False
18039372,TcCLB.510099.90,True,False,False,False,False
18039372,LmjF.27.2210,True,False,False,False,False
18039372,TcCLB.510731.59,True,False,False,False,False
18039372,TcCLB.510879.160,True,False,False,False,False
18039372,TcCLB.504625.50,True,False,False,False,False
18039372,LmjF.36.2050,True,False,False,False,False
18039372,TcCLB.508543.60,True,False,False,False,False
18039372,LmjF.13.1510,True,False,False,False,False
18039372,TcCLB.509937.39,True,False,False,False,False
18039372,TcCLB.506863.80,True,False,False,False,False
18039372,LmjF.35.4650,True,False,False,False,False
18039372,TcCLB.506779.110,True,False,False,False,False
18039372,TcCLB.505009.30,True,False,False,False,False
18039372,Tb927.6.640,True,False,False,False,False
18039372,TcCLB.508153.840,True,False,False,False,False
18039372,TcCLB.511825.170,True,False,False,False,False
18039372,TcCLB.508181.124,True,False,False,False,False
18039372,TcCLB.504797.120,True,True,True,True,True
18039372,TcCLB.504411.30,True,False,False,False,False
18039372,TcCLB.509779.60,True,False,False,False,False
18039372,LmjF.09.0420,True,False,False,False,False
18039372,TcCLB.510755.138,True,False,False,False,False
18039372,TcCLB.506637.100,True,False,False,False,False
18039372,TcCLB.504033.170,True,False,False,False,False
18039372,TcCLB.509007.70,True,False,False,False,False
18039372,TcCLB.509029.10,True,False,False,False,False
18039372,TcCLB.506833.30,True,False,False,False,False
18039372,TcCLB.506489.50,True,False,False,False,False
18039372,TcCLB.511153.90,True,False,False,False,False
18039372,TcCLB.511725.240,True,False,False,False,False
18039372,TcCLB.509321.10,True,False,False,False,False
18039372,TcCLB.508965.50,True,False,False,False,False
18039372,TcCLB.504163.10,True,True,True,True,True
18039372,Tb927.3.1240,True,False,False,False,False
18039372,TcCLB.509211.30,True,False,False,False,False
18039372,TcCLB.503657.70,True,False,False,False,False
18039372,TcIL3000_4_2340,True,False,False,False,False
18039372,TcCLB.507857.70,True,False,False,False,False
18039372,TcCLB.506933.98,True,False,False,False,False
18039372,TcCLB.511211.60,True,False,False,False,False
18039372,LmjF.09.0470,True,False,False,False,False
18039372,TcCLB.508153.210,True,False,False,False,False
18039372,LmjF.25.1320,True,False,False,False,False
18039372,TcCLB.508413.40,True,False,False,False,False
18039372,LmjF.25.0570,True,False,False,False,False
18039372,LmjF.32.3040,True,False,False,False,False
18039372,LmjF.04.0560,True,False,False,False,False
18039372,LmjF.12.0050,True,False,False,False,False
18039372,LmjF.05.0100,True,False,False,False,False
18039372,TcCLB.508257.210,True,False,False,False,False
18039372,TcCLB.510265.70,True,False,False,False,False
18039372,Tb927.11.290,True,False,False,False,False
18039372,TcCLB.504741.200,True,False,False,False,False
18039372,TcCLB.508323.190,True,False,False,False,False
18039372,TcCLB.504109.50,True,False,False,False,False
18039372,TcCLB.509029.90,True,False,False,False,False
18039372,TcCLB.510747.10,True,False,False,False,False
18039372,TcCLB.507669.80,True,False,False,False,False
18039372,Tb927.4.2460,True,False,False,False,False
18039372,LbrM.20.1690,True,False,False,False,False
18039372,TcCLB.510311.40,True,False,False,False,False
18039372,LmjF.30.3280,True,False,False,False,False
18039372,LmjF.25.0230,True,False,False,False,False
18039372,TcCLB.504129.40,True,False,False,False,False
18039372,TcCLB.506887.69,True,False,False,False,False
18039372,TcCLB.507857.50,True,False,False,False,False
18039372,TcCLB.507093.20,True,False,False,False,False
18039372,LmjF.25.0750,True,True,True,True,True
18039372,LmjF.32.0640,True,False,False,False,False
18039372,TcCLB.510225.20,True,False,False,False,False
18039372,LmjF.28.0790,True,False,False,False,False
18039372,TcCLB.504185.30,True,False,False,False,False
18039372,LmjF.34.4190,True,True,True,True,True
18039372,TcCLB.510323.110,True,False,False,False,False
18039372,TcCLB.509099.20,True,True,True,True,True
18039372,TcCLB.511467.30,True,False,False,False,False
18039372,TcCLB.511577.19,True,False,False,False,False
18039372,TcCLB.510351.150,True,False,False,False,False
18039372,TcCLB.511127.400,True,False,False,False,False
18039372,TcCLB.510187.400,True,False,False,False,False
18039372,LmxM.33.2190,True,False,False,False,False
18039372,TcCLB.511731.30,True,False,False,False,False
18039372,TcCLB.506795.29,True,False,False,False,False
18039372,LmjF.27.1180,True,False,False,False,False
18039372,LmjF.26.2100,True,False,False,False,False
18039372,TcCLB.509399.120,True,False,False,False,False
18039372,TcCLB.511621.190,True,False,False,False,False
18039372,TcCLB.506401.140,True,False,False,False,False
18039372,LmjF.34.2190,True,False,False,False,False
18039372,TcCLB.508385.40,True,False,False,False,False
18039372,Tbg972.4.2420,True,False,False,False,False
18039372,TcCLB.510075.30,True,False,False,False,False
18039372,LmjF.03.0510,True,False,False,False,False
34850936,Tb927.2.3400,True,True,True,True,True
34850936,Tb927.5.3020,True,True,True,True,True
34850936,Tb927.11.2960,True,True,True,True,True
21124853,Tbg972.8.8690,True,True,True,True,True
21124853,Tb927.9.9870,True,False,False,False,False
21124853,LbrM.13.1470,True,False,False,False,False
21124853,Tbg972.11.3650,True,False,False,False,False
21124853,Tbg972.4.4020,True,False,False,False,False
21124853,Tb927.8.8350,True,True,True,True,True
21124853,TcCLB.503999.20,True,False,False,False,False
21124853,Tb927.11.3280,True,False,False,False,False
21124853,LdBPK_131350.1,True,False,False,False,False
21124853,Tb927.11.5300,True,True,True,True,True
21124853,LmjF.13.1610,True,False,False,False,False
21124853,TcIL3000.11.3100,True,False,False,False,False
21124853,Tb927.4.3910,True,True,True,True,True
21124853,TvY486_1103360,True,False,False,False,False
21124853,TcCLB.509589.30,True,False,False,False,False
21124853,TcCLB.510841.10,True,True,True,True,True
21124853,LmxM.13.1610,True,False,False,False,False
21105905,Tb927.11.5450,False,False,False,False,False
21105905,Tb927.11.5440,False,False,False,False,False
21105905,TcCLB.505183.20,False,False,False,False,False
21105905,TcCLB.508647.280,False,False,False,False,False
30378479,LmjF.36.3360,False,False,False,False,False
30378479,LmjF.14.0360,False,False,False,False,False
30378479,LmjF.12.0430,False,False,False,False,False
30378479,TcCLB.508857.150,False,False,False,False,False
30378479,Tb927.11.6350,False,False,False,False,False
30378479,TcCLB.510889.330,False,False,False,False,False
30378479,TcCLB.507769.30,False,False,False,False,False
30378479,TcCLB.510359.130,False,False,False,False,False
30378479,LmjF.09.1260,False,False,False,False,False
30378479,LmjF.11.0910,False,False,False,False,False
30378479,TcCLB.506297.110,False,False,False,False,False
16164760,TcCLB.506505.40,True,False,False,False,False
16164760,TvY486_0304050,True,False,False,False,False
16164760,TcCLB.509777.90,True,False,False,False,False
16164760,TcCLB.509719.50,True,False,False,False,False
16164760,LmjF.26.1730,True,False,False,False,False
16164760,TcCLB.511301.90,True,False,False,False,False
16164760,LmjF.21.0130,True,False,False,False,False
16164760,TcCLB.503473.10,True,False,False,False,False
16164760,TcCLB.506737.20,True,False,False,False,False
16164760,TcCLB.505071.30,True,False,False,False,False
16164760,TcCLB.506869.60,True,False,False,False,False
16164760,LmjF.35.2320,True,False,False,False,False
16164760,TcCLB.507021.10,True,True,True,True,True
16164760,LmjF.36.1530,True,False,False,False,False
16164760,LmjF.17.0790,True,True,True,True,True
16164760,LmjF.16.0990,True,False,False,False,False
16164760,TcCLB.511395.60,True,False,False,False,False
16164760,TcCLB.425855.9,True,False,False,False,False
16164760,TcCLB.509937.220,True,False,False,False,False
16164760,TcCLB.510121.130,True,False,False,False,False
16164760,TcCLB.506483.69,True,False,False,False,False
16164760,LmjF.29.2020,True,False,False,False,False
16164760,TcCLB.508543.20,True,False,False,False,False
16164760,TcCLB.511715.20,True,False,False,False,False
16164760,LmjF.29.2150,True,False,False,False,False
16164760,LmjF.07.0690,True,False,False,False,False
16164760,LmjF.07.0170,True,False,False,False,False
16164760,TcCLB.508215.3,True,False,False,False,False
16164760,TcCLB.510077.30,True,False,False,False,False
16164760,TcCLB.511299.70,True,False,False,False,False
16164760,TcCLB.504167.30,True,True,True,True,True
16164760,LmjF.07.0900,True,False,False,False,False
16164760,LmjF.33.1980,True,False,False,False,False
16164760,TcCLB.427247.10,True,False,False,False,False
16164760,TcCLB.510889.30,True,False,False,False,False
16164760,LmjF.19.0590,True,False,False,False,False
16164760,TcCLB.506695.30,True,False,False,False,False
16164760,TcCLB.511283.280,True,False,False,False,False
16164760,TcCLB.510257.130,True,False,False,False,False
16164760,TcCLB.507063.130,True,True,True,True,True
16164760,TcCLB.509965.260,True,False,False,False,False
16164760,LmjF.03.0780,True,False,False,False,False
16164760,TcCLB.507023.40,True,False,False,False,False
16164760,TcCLB.508917.10,True,True,True,True,True
16164760,LmjF.26.2570,True,False,False,False,False
16164760,LmjF.24.2320,True,False,False,False,False
16164760,LmjF.01.0750,True,False,False,False,False
16164760,TcCLB.507801.70,True,False,False,False,False
16164760,TcCLB.476421.9,True,False,False,False,False
16164760,LmjF.05.0550,True,False,False,False,False
16164760,TcCLB.464807.10,True,False,False,False,False
16164760,TcCLB.503953.30,True,True,True,True,True
16164760,TcCLB.508951.4,True,False,False,False,False
16164760,TcCLB.510729.140,True,False,False,False,False
16164760,TcCLB.508409.150,True,True,True,True,True
16164760,TcCLB.506303.60,True,False,False,False,False
16164760,LmjF.21.1650,True,False,False,False,False
16164760,TcCLB.505941.30,True,False,False,False,False
16164760,TcCLB.509999.110,True,False,False,False,False
16164760,LbrM.29.2130,True,False,False,False,False
16164760,TcCLB.511165.80,True,False,False,False,False
16164760,TcCLB.509937.130,True,False,False,False,False
16164760,TcCLB.506205.40,True,False,False,False,False
16164760,TcCLB.410199.4,True,False,False,False,False
16164760,TcCLB.510565.70,True,False,False,False,False
16164760,TcCLB.510609.70,True,False,False,False,False
16164760,TcCLB.506839.10,True,False,False,False,False
16164760,LmjF.03.0210,True,False,False,False,False
16164760,TcCLB.507023.180,True,False,False,False,False
16164760,TcCLB.508995.10,True,False,False,False,False
16164760,Tbg972.3.5200,True,False,False,False,False
16164760,TcCLB.506777.120,True,False,False,False,False
16164760,LmjF.14.1070,True,False,False,False,False
16164760,TcCLB.509607.70,True,False,False,False,False
16164760,TcCLB.509895.40,True,False,False,False,False
16164760,TcCLB.508621.10,True,False,False,False,False
16164760,TcCLB.506715.10,True,False,False,False,False
16164760,TcCLB.506493.70,True,False,False,False,False
16164760,TcCLB.507275.10,True,False,False,False,False
16164760,TcCLB.505071.60,True,False,False,False,False
16164760,TcCLB.511395.90,True,False,False,False,False
16164760,TcCLB.511249.60,True,False,False,False,False
16164760,TcCLB.511817.210,True,False,False,False,False
16164760,TcCLB.506469.30,True,False,False,False,False
16164760,TcCLB.508153.510,True,True,True,True,True
16164760,LdBPK_292260.1,True,False,False,False,False
16164760,LmxM.08_29.2150,True,False,False,False,False
16164760,LmjF.27.1800,True,False,False,False,False
16164760,LmjF.25.1560,True,False,False,False,False
16164760,LmjF.36.0900,True,False,False,False,False
16164760,LmjF.22.0950,True,False,False,False,False
16164760,TcCLB.463451.10,True,False,False,False,False
16164760,TcCLB.511753.70,True,True,True,True,True
16164760,TcCLB.504001.6,True,False,False,False,False
16164760,TcCLB.508441.30,True,False,False,False,False
16164760,TcCLB.510519.40,True,False,False,False,False
16164760,TcCLB.511127.320,True,False,False,False,False
16164760,TcCLB.509789.10,True,False,False,False,False
16164760,TcCLB.506801.120,True,False,False,False,False
16164760,TcCLB.508153.400,True,True,True,True,True
16164760,TcCLB.508909.90,True,False,False,False,False
16164760,TcCLB.507683.40,True,False,False,False,False
16164760,LmjF.14.0830,True,False,False,False,False
16164760,LmjF.29.1330,True,False,False,False,False
16164760,LmjF.28.3000,True,False,False,False,False
16164760,TcCLB.511633.70,True,False,False,False,False
16164760,TcCLB.508817.80,True,False,False,False,False
16164760,LmjF.31.3160,True,False,False,False,False
16164760,LmjF.19.0180,True,False,False,False,False
16164760,TcCLB.503673.9,True,False,False,False,False
16164760,TcCLB.506679.80,True,False,False,False,False
16164760,LmjF.11.0250,True,False,False,False,False
16164760,LmjF.35.1730,True,False,False,False,False
16164760,TcCLB.510045.30,True,False,False,False,False
16164760,TcCLB.509551.10,True,False,False,False,False
16164760,TcCLB.509027.70,True,False,False,False,False
16164760,TcCLB.509409.10,True,False,False,False,False
16164760,LmjF.20.0770,True,False,False,False,False
16164760,TcCLB.506953.30,True,False,False,False,False
16164760,TcCLB.509027.60,True,False,False,False,False
16164760,LmjF.32.1810,True,False,False,False,False
16164760,LmjF.16.0300,True,False,False,False,False
16164760,LmjF.15.1550,True,False,False,False,False
16164760,TcCLB.506493.50,True,False,False,False,False
16164760,LmjF.04.0440,True,False,False,False,False
16164760,LmjF.33.1830,True,False,False,False,False
16164760,LmjF.30.0600,True,False,False,False,False
16164760,LmjF.02.0290,True,False,False,False,False
16164760,TcCLB.508741.320,True,False,False,False,False
16164760,TcCLB.440099.28,True,False,False,False,False
16164760,TcCLB.506343.10,True,False,False,False,False
16164760,LmjF.30.0370,True,False,False,False,False
16164760,LmjF.27.2460,True,False,False,False,False
16164760,LmjF.27.2470,True,False,False,False,False
16164760,TcCLB.511751.50,True,False,False,False,False
16164760,TcCLB.510745.40,True,False,False,False,False
16164760,LmjF.30.1780,True,False,False,False,False
16164760,Tb927.3.4670,True,False,False,False,False
16164760,LmjF.15.0770,True,False,False,False,False
16164760,TcCLB.511165.100,True,False,False,False,False
16164760,TcCLB.503617.10,True,False,False,False,False
16164760,LmjF.36.2290,True,False,False,False,False
16164760,LmjF.35.3960,True,False,False,False,False
16164760,TcCLB.506943.10,True,False,False,False,False
16164760,LmjF.26.2510,True,False,False,False,False
16164760,TcIL3000_3_2870,True,False,False,False,False
16164760,TcCLB.511531.59,True,False,False,False,False
16164760,TcCLB.509693.90,True,False,False,False,False
16164760,TcCLB.510329.70,True,False,False,False,False
16164760,TcCLB.506513.160,True,True,True,True,True
16164760,TcCLB.510525.10,True,False,False,False,False
16164760,TcCLB.509065.20,True,False,False,False,False
16164760,TcCLB.510861.140,True,False,False,False,False
16164760,TcCLB.511837.70,True,False,False,False,False
16164760,TcCLB.508919.70,True,False,False,False,False
16164760,TcCLB.510055.160,True,False,False,False,False
16164760,TcCLB.503575.60,True,False,False,False,False
16164760,TcCLB.506517.14,True,False,False,False,False
16164760,TcCLB.504089.54,True,False,False,False,False
16164760,LmjF.35.0490,True,False,False,False,False
16164760,TcCLB.507991.20,True,False,False,False,False
16164760,TcCLB.503599.10,True,False,False,False,False
16164760,LmjF.20.1340,True,False,False,False,False
16164760,Tb927.11.7160,True,False,False,False,False
16164760,LmjF.18.1080,True,False,False,False,False
16164760,TcCLB.511393.60,True,False,False,False,False
16164760,LmjF.06.0640,True,False,False,False,False
16164760,LmjF.08.1280,True,False,False,False,False
16164760,TcCLB.506315.90,True,False,False,False,False
16164760,LmjF.32.0780,True,False,False,False,False
16164760,TcCLB.508205.30,True,False,False,False,False
16164760,TcCLB.509941.120,True,False,False,False,False
16164760,TcCLB.510645.9,True,False,False,False,False
16164760,TcCLB.510349.80,True,False,False,False,False
16164760,TcCLB.511751.170,True,False,False,False,False
16164760,TcCLB.509805.10,True,False,False,False,False
16164760,LmjF.07.0880,True,False,False,False,False
16164760,TcCLB.508175.80,True,False,False,False,False
16164760,TcCLB.507897.30,True,False,False,False,False
16164760,TcCLB.510409.10,True,False,False,False,False
16164760,LmjF.29.2670,True,True,True,True,True
16164760,LmjF.07.0160,True,False,False,False,False
16164760,LmjF.30.3580,True,False,False,False,False
16164760,LmjF.35.5190,True,False,False,False,False
16164760,TcCLB.510943.40,True,False,False,False,False
16164760,LmjF.24.1730,True,False,False,False,False
16164760,LmjF.35.1050,True,False,False,False,False
16164760,LmjF.35.1860,True,False,False,False,False
16164760,TcCLB.503925.30,True,False,False,False,False
16164760,TcCLB.507547.80,True,False,False,False,False
16164760,TcCLB.508815.170,True,False,False,False,False
16164760,TcCLB.506543.10,True,False,False,False,False
16164760,TcCLB.511245.240,True,False,False,False,False
16164760,LmjF.33.1380,True,False,False,False,False
16164760,TcCLB.507491.90,True,False,False,False,False
16164760,TcCLB.503513.10,True,False,False,False,False
16164760,LmjF.18.0640,True,False,False,False,False
16164760,TcCLB.506123.30,True,False,False,False,False
16164760,TcCLB.511907.240,True,False,False,False,False
16164760,TcCLB.508277.20,True,False,False,False,False
16164760,TcCLB.509169.39,True,False,False,False,False
16164760,LmjF.32.0260,True,False,False,False,False
16164760,TcCLB.416891.9,True,False,False,False,False
16164760,TcCLB.511277.140,True,False,False,False,False
16164760,TcCLB.506999.180,True,False,False,False,False
16164760,LmjF.36.4250,True,False,False,False,False
16164760,LmjF.30.2910,True,False,False,False,False
16164760,LmjF.08.0930,True,True,True,True,True
16164760,TcCLB.511725.230,True,False,False,False,False
16164760,TcCLB.509599.130,True,False,False,False,False
16164760,TcCLB.510141.4,True,True,True,True,True
16164760,LmjF.30.2130,True,False,False,False,False
16164760,TcCLB.510421.150,True,False,False,False,False
16164760,TcCLB.510089.130,True,False,False,False,False
16164760,TcCLB.508909.330,True,False,False,False,False
16164760,LmjF.13.0780,True,True,True,True,True
16164760,TcCLB.508725.4,True,False,False,False,False
16164760,TcCLB.503715.40,True,False,False,False,False
16164760,TcCLB.506211.180,True,False,False,False,False
16164760,TcCLB.511585.170,True,False,False,False,False
16164760,LmjF.22.0490,True,False,False,False,False
16164760,TcCLB.506477.60,True,False,False,False,False
16164760,LmjF.25.0870,True,False,False,False,False
16164760,TcCLB.510901.200,True,False,False,False,False
16164760,LmjF.26.0040,True,True,True,True,True
16164760,TcCLB.511001.60,True,False,False,False,False
16164760,TcCLB.508503.60,True,False,False,False,False
16164760,TcCLB.504057.170,True,False,False,False,False
16164760,TcCLB.506519.60,True,False,False,False,False
16164760,TcCLB.508445.30,True,False,False,False,False
16164760,TcCLB.509231.20,True,False,False,False,False
16164760,TcCLB.507211.20,True,False,False,False,False
16164760,TcCLB.510155.160,True,False,False,False,False
16164760,TcCLB.511855.70,True,False,False,False,False
16164760,TcCLB.510759.40,True,False,False,False,False
16164760,LmjF.14.1410,True,False,False,False,False
16164760,LmjF.26.2440,True,False,False,False,False
16164760,TcCLB.508675.9,True,False,False,False,False
16164760,TcCLB.509117.19,True,False,False,False,False
16164760,TcCLB.511389.80,True,False,False,False,False
16164760,TcCLB.509607.50,True,False,False,False,False
16164760,TcCLB.506457.50,True,False,False,False,False
16164760,TcCLB.511491.80,True,False,False,False,False
16164760,TcCLB.506529.340,True,False,False,False,False
16164760,TcCLB.511837.90,True,False,False,False,False
16164760,TcCLB.510123.20,True,False,False,False,False
16164760,LmjF.28.0620,True,False,False,False,False
16164760,TcCLB.504113.10,True,False,False,False,False
16164760,LmjF.21.0270,True,False,False,False,False
16164760,TcCLB.508257.230,True,False,False,False,False
16164760,TcCLB.510525.139,True,False,False,False,False
16164760,TcCLB.506775.190,True,False,False,False,False
16164760,LmjF.26.0980,True,False,False,False,False
16164760,LmjF.02.0360,True,False,False,False,False
16164760,LmjF.30.1000,True,False,False,False,False
16164760,LmjF.33.1710,True,False,False,False,False
16164760,LmjF.09.0400,True,False,False,False,False
16164760,LmjF.22.0810,True,False,False,False,False
16164760,TcCLB.511671.80,True,False,False,False,False
16164760,TcCLB.511269.50,True,False,False,False,False
16164760,LmjF.24.0230,True,False,False,False,False
16164760,TcCLB.503463.30,True,False,False,False,False
16164760,LmjF.05.0390,True,False,False,False,False
16164760,LmjF.21.0823,True,False,False,False,False
16164760,TcCLB.509287.20,True,False,False,False,False
16164760,Tb927.8.5950,True,False,False,False,False
16164760,TcCLB.511025.30,True,False,False,False,False
16164760,TcCLB.510729.299,True,False,False,False,False
16164760,LmjF.07.0250,True,False,False,False,False
16164760,LmjF.32.1020,True,False,False,False,False
16164760,TcCLB.506327.90,True,False,False,False,False
16164760,TcCLB.511291.40,True,False,False,False,False
16164760,LmjF.28.1760,True,False,False,False,False
16164760,LmjF.34.3020,True,False,False,False,False
16164760,LmjF.29.2570,True,True,True,True,True
16164760,TcCLB.508461.230,True,False,False,False,False
16164760,LmjF.20.1330,True,False,False,False,False
16164760,TcCLB.510659.70,True,False,False,False,False
16164760,TcCLB.509599.150,True,False,False,False,False
16164760,LmjF.32.3250,True,False,False,False,False
16164760,LmjF.34.0030,True,False,False,False,False
16164760,TcCLB.505037.60,True,False,False,False,False
16164760,LmjF.17.0490,True,False,False,False,False
16164760,LmjF.36.6470,True,False,False,False,False
16164760,LmjF.09.0410,True,False,False,False,False
16164760,LmjF.35.4620,True,False,False,False,False
16164760,TcCLB.504883.10,True,False,False,False,False
16164760,TcCLB.505977.13,True,False,False,False,False
16164760,TcCLB.506945.220,True,True,True,True,True
16164760,LmjF.17.0390,True,False,False,False,False
16164760,TcCLB.506469.80,True,False,False,False,False
16164760,TcCLB.509167.190,True,False,False,False,False
16164760,TcCLB.509105.120,True,False,False,False,False
16164760,TcCLB.506697.30,True,True,True,True,True
16164760,LmjF.28.1670,True,False,False,False,False
16164760,LmjF.27.1370,True,False,False,False,False
16164760,LmjF.17.0670,True,False,False,False,False
16164760,TcCLB.506743.160,True,False,False,False,False
16164760,TcCLB.503685.10,True,False,False,False,False
16164760,TcCLB.510407.9,True,False,False,False,False
16164760,TcCLB.510901.120,True,False,False,False,False
16164760,TcCLB.506885.280,True,False,False,False,False
16164760,LbrM.17.0690,True,True,True,True,True
16164760,LmjF.29.0240,True,True,True,True,True
16164760,TcCLB.510971.60,True,False,False,False,False
16164760,TcCLB.507019.10,True,False,False,False,False
16164760,LmjF.30.3050,True,False,False,False,False
16164760,LmjF.21.0853,True,False,False,False,False
16164760,TcCLB.503635.10,True,False,False,False,False
16164760,TcCLB.506739.190,True,False,False,False,False
16164760,TcCLB.506825.180,True,False,False,False,False
16164760,LmjF.17.0060,True,False,False,False,False
16164760,TcCLB.510741.70,True,False,False,False,False
16164760,TcCLB.510879.229,True,False,False,False,False
16164760,LmjF.29.0370,True,False,False,False,False
16164760,LmjF.35.4050,True,False,False,False,False
16164760,LmjF.33.1400,True,False,False,False,False
16164760,TcCLB.511351.30,True,False,False,False,False
16164760,LmjF.35.3170,True,False,False,False,False
16164760,LmjF.29.2720,True,False,False,False,False
16164760,LmjF.27.0100,True,False,False,False,False
16164760,TcCLB.510761.60,True,False,False,False,False
16164760,TcCLB.510347.60,True,False,False,False,False
16164760,TcCLB.511817.80,True,False,False,False,False
16164760,LmjF.19.0360,True,False,False,False,False
16164760,TcCLB.477079.10,True,False,False,False,False
16164760,TcCLB.511509.30,True,False,False,False,False
16164760,TcCLB.510231.10,True,False,False,False,False
16164760,TcCLB.511127.330,True,False,False,False,False
16164760,TcCLB.506513.50,True,False,False,False,False
16164760,TcCLB.480785.10,True,False,False,False,False
16164760,LmjF.15.0180,True,False,False,False,False
16164760,TcCLB.506811.180,True,False,False,False,False
16164760,TcCLB.509053.100,True,False,False,False,False
16164760,TcCLB.506885.120,True,False,False,False,False
16164760,LmjF.14.1300,True,False,False,False,False
16164760,LmjF.35.5010,True,False,False,False,False
16164760,TcCLB.510661.190,True,False,False,False,False
16164760,LmjF.05.0130,True,False,False,False,False
16164760,LmjF.33.2290,True,False,False,False,False
16164760,TcCLB.510329.210,True,False,False,False,False
16164760,TcCLB.507797.18,True,False,False,False,False
16164760,TcCLB.503799.4,True,False,False,False,False
16164760,LmjF.15.1200,True,True,True,True,True
16164760,TcCLB.506401.110,True,False,False,False,False
16164760,TcCLB.505071.140,True,False,False,False,False
16164760,Tb927.11.850,True,False,False,False,False
16164760,LmjF.31.1530,True,False,False,False,False
16164760,TcCLB.508153.570,True,False,False,False,False
16164760,TcCLB.507623.90,True,False,False,False,False
16164760,TcCLB.510431.140,True,False,False,False,False
16164760,LmjF.08.1228,True,False,False,False,False
16164760,TcCLB.511289.50,True,False,False,False,False
16164760,TcCLB.509213.160,True,False,False,False,False
16164760,TcCLB.508831.110,True,False,False,False,False
16164760,TcCLB.506945.350,True,False,False,False,False
16164760,LmjF.21.0150,True,False,False,False,False
16164760,TcCLB.509065.180,True,False,False,False,False
16164760,LmjF.35.4010,True,False,False,False,False
16164760,TcCLB.508461.280,True,False,False,False,False
16164760,LmjF.11.0060,True,False,False,False,False
16164760,TcCLB.506925.260,True,False,False,False,False
16164760,TcCLB.503613.10,True,False,False,False,False
16164760,TcCLB.510121.150,True,False,False,False,False
16164760,LmjF.36.1520,True,False,False,False,False
16164760,LmjF.30.1360,True,True,True,True,True
16164760,TcCLB.509163.70,True,True,True,True,True
16164760,LmjF.30.1560,True,False,False,False,False
16806528,LmjF.28.0240,False,False,False,False,False
16806528,LbrM.28.0250,False,False,False,False,False
16806528,Tb927.11.7380,False,False,False,False,False
19228586,TcCLB.506859.70,False,False,False,False,False
19228586,Tb927.7.2570,False,False,False,False,False
19228586,LmjF.22.0650,False,False,False,False,False
19228586,TcCLB.413977.10,False,False,False,False,False
19228586,LbrM.22.0580,False,False,False,False,False
19228586,TcCLB.511815.40,False,False,False,False,False
19228586,Tb927.2.3800,False,False,False,False,False
17166831,Tb927.2.3910,False,False,False,False,False
17166831,Tb927.3.860,False,False,False,False,False
17166831,Tb927.8.6410,False,False,False,False,False
17166831,Tb927.7.7410,False,False,False,False,False
17166831,Tb927.9.7190,False,False,False,False,False
17166831,Tb927.2.5210,False,False,False,False,False
31082713,Tb927.8.3220,False,False,False,False,False
31082713,Tb927.7.1090,False,False,False,False,False
31082713,Tb927.7.4080,False,False,False,False,False
31082713,Tb927.2.4390,False,False,False,False,False
15657034,Tb927.2.5660,False,False,False,False,False
15657034,Tb927.9.8450,False,False,False,False,False
15657034,LmjF.16.0020,False,False,False,False,False
15657034,Tb927.5.3970,False,False,False,False,False
15657034,TcCLB.507057.20,False,False,False,False,False
15657034,TcCLB.508153.1040,False,False,False,False,False
14990572,Tb927.5.4030,False,False,False,False,False
14990572,Tb927.7.7380,False,False,False,False,False
14990572,Tb927.3.1780,False,False,False,False,False
35766104,Tb927.3.2490,False,False,False,False,False
35766104,Tb927.8.1950,False,False,False,False,False
35766104,Tb927.6.2880,False,False,False,False,False
35766104,Tb927.9.15470,False,False,False,False,False
16510441,TvY486_0301900,False,False,False,False,False
16510441,Tbg972.3.2660,False,False,False,False,False
16510441,TcCLB.506691.22,False,False,False,False,False
16510441,TcIL3000_3_1570,False,False,False,False,False
16510441,Tb927.3.2610,False,False,False,False,False
20838623,Tb927.3.3760,True,False,False,False,False
20838623,Tb927.3.3780,True,True,True,True,True
20838623,LmjF.31.1970,True,True,True,True,True
20838623,LbrM.29.1220,True,True,True,True,True
20838623,LmjF.31.1960,True,True,True,True,True
20838623,LmxM.08_29.1150,True,True,True,True,True
20838623,LdBPK_312000.1,True,True,True,True,True
20838623,LdBPK_291240.1,True,True,True,True,True
20838623,LmxM.30.1960,True,True,True,True,True
20838623,LmxM.30.1970,True,True,True,True,True
20838623,LbrM.31.2190,True,True,True,True,True
20838623,LmjF.29.1150,True,True,True,True,True
18840477,Tb927.3.3960,False,False,False,False,False
18840477,TcCLB.507025.60,False,False,False,False,False
18840477,LbrM.06.0760,False,False,False,False,False
18840477,TvY486_0705418,False,False,False,False,False
18840477,LmjF.06.0770,False,False,False,False,False
18840477,LmxM.06.0770,False,False,False,False,False
18840477,LmjF.35.1400,False,False,False,False,False
18840477,Tb927.9.13280,False,False,False,False,False
18840477,TcCLB.506681.10,False,False,False,False,False
18840477,LdBPK_060800.1,False,False,False,False,False
18840477,Tb927.4.400,False,False,False,False,False
18840477,TcCLB.507025.50,False,False,False,False,False
18840477,Tb927.5.2100,False,False,False,False,False
18840477,TcCLB.506825.10,False,False,False,False,False
18840477,Tb927.7.5380,False,False,False,False,False
18840477,Tbg972.7.6230,False,False,False,False,False
18840477,Tb927.7.320,False,False,False,False,False
23569205,Tb927.3.4070,False,False,False,False,False
23569205,Tb927.3.4110,False,False,False,False,False
23569205,Tb927.3.4100,False,False,False,False,False
23569205,Tb927.3.4080,False,False,False,False,False
23569205,Tb927.3.4090,False,False,False,False,False
15138073,Tb927.3.4320,False,False,False,False,False
15138073,Tb927.3.4300,False,False,False,False,False
15138073,Tb927.8.5000,False,False,False,False,False
15138073,Tb927.8.4980,False,False,False,False,False
15138073,Tb927.8.5010,False,False,False,False,False
15138073,Tb927.3.4330,False,False,False,False,False
15138073,Tb927.8.4990,False,False,False,False,False
15138073,Tb927.8.4970,False,False,False,False,False
15138073,Tb927.3.4310,False,False,False,False,False
15138073,Tb927.3.4290,False,False,False,False,False
7961827,Tb927.3.4320,False,False,False,False,False
7961827,Tb927.3.4300,False,False,False,False,False
7961827,Tb927.3.4330,False,False,False,False,False
7961827,Tb927.3.4310,False,False,False,False,False
7961827,Tb927.3.4290,False,False,False,False,False
12798502,Tb927.3.4320,False,False,False,False,False
12798502,Tb927.3.4300,False,False,False,False,False
12798502,Tb927.3.4330,False,False,False,False,False
12798502,Tb927.3.4310,False,False,False,False,False
12798502,Tb927.3.4290,False,False,False,False,False
16467378,LmxM.08_29.2320,False,False,False,False,False
16467378,Tb927.3.4860,False,False,False,False,False
16467378,LmxM.10.0490,False,False,False,False,False
20838923,Tb927.3.5090,False,False,False,False,False
20838923,Tbg972.3.5720,False,False,False,False,False
20838923,TvY486_0303156,False,False,False,False,False
20838923,TcCLB.509997.20,False,False,False,False,False
20838923,TcIL3000_0_54590,False,False,False,False,False
16621069,Tb927.4.3810,False,False,False,False,False
16621069,Tb927.3.5500,False,False,False,False,False
16621069,Tb927.4.3490,False,False,False,False,False
28792096,Tb927.9.12470,True,True,True,True,True
28792096,Tb927.4.1050,True,True,True,True,True
28792096,Tb927.7.4400,True,True,True,True,True
15478803,TcCLB.508693.20,False,False,False,False,False
15478803,Tb927.9.6940,False,False,False,False,False
15478803,Tb927.4.1330,False,False,False,False,False
18534579,TcIL3000_4_1360,False,False,False,False,False
18534579,Tb927.4.1720,False,False,False,False,False
18534579,LmxM.33.2980,False,False,False,False,False
18534579,Tb927.8.4510,False,False,False,False,False
18534579,LbrM.20.2560,False,False,False,False,False
18534579,TcCLB.504093.10,False,False,False,False,False
18534579,Tbg972.4.1630,False,False,False,False,False
18534579,LmjF.34.2980,False,False,False,False,False
18534579,LdBPK_342810.1,False,False,False,False,False
18534579,TvY486_0401440,False,False,False,False,False
18534579,TvY486_0803990,False,False,False,False,False
18534579,TcCLB.510879.210,False,False,False,False,False
18534579,TcCLB.508989.100,False,False,False,False,False
18534579,TcIL3000_8_4290,False,False,False,False,False
18534579,TcCLB.508707.200,False,False,False,False,False
18534579,Tbg972.8.4270,False,False,False,False,False
17244817,LbrM.20.2430,False,False,False,False,False
17244817,Tb927.4.1840,False,False,False,False,False
17244817,TcCLB.510879.40,False,False,False,False,False
17244817,LmjF.34.2810,False,False,False,False,False
17244817,LmxM.33.2810,False,False,False,False,False
17244817,TvY486_0401560,False,False,False,False,False
17244817,TcIL3000_4_1500,False,False,False,False,False
17244817,Tbg972.4.1750,False,False,False,False,False
17244817,TcCLB.504013.70,False,False,False,False,False
17244817,LdBPK_342670.1,False,False,False,False,False
35262485,Tb927.6.2600,True,False,False,False,False
35262485,Tb927.7.6260,True,False,False,False,False
35262485,Tb927.7.3000,True,True,True,True,True
35262485,Tb927.4.590,True,False,False,False,False
35262485,Tb927.7.1290,True,False,False,False,False
35262485,Tb927.4.2320,True,False,False,False,False
20599983,Tb927.4.2720,False,False,False,False,False
20599983,LbrM.20.1450,False,False,False,False,False
20599983,LbrM.20.1100,False,False,False,False,False
16949574,Tb927.4.3640,False,False,False,False,False
16949574,Tb927.4.3620,False,False,False,False,False
16949574,Tb927.4.3650,False,False,False,False,False
16949574,Tb927.4.3630,False,False,False,False,False
28628654,Tb927.4.4330,True,True,True,False,False
28628654,Tb927.6.640,True,True,True,True,True
28628654,Tb927.8.8040,True,True,True,False,False
11166383,Tb927.4.4430,False,False,False,False,False
11166383,Tb927.4.4450,False,False,False,False,False
11166383,Tb927.4.4460,False,False,False,False,False
11166383,Tb927.4.4440,False,False,False,False,False
11166383,Tb927.4.4470,False,False,False,False,False
11166383,Tb927.4.4410,False,False,False,False,False
37276216,Tb927.7.3810,True,True,True,True,True
37276216,Tb927.8.7820,True,True,True,True,True
37276216,Tb927.4.4520,True,True,True,True,True
19911988,LbrM.08.0910,False,False,False,False,False
19911988,TcCLB.503777.10,False,False,False,False,False
19911988,TcCLB.506321.320,False,False,False,False,False
19911988,TvY486_0502340,False,False,False,False,False
19911988,Tb927.5.2970,False,False,False,False,False
19945457,TcCLB.508409.160,True,False,False,False,False
19945457,LbrM.29.0510,True,False,False,False,False
19945457,Tb927.7.7500,True,True,True,True,False
19945457,TcCLB.510141.10,True,False,False,False,False
19945457,LmjF.29.0250,True,False,False,False,False
19945457,Tb927.5.300,True,True,True,True,False
26776656,Tb927.8.4110,True,True,True,True,True
26776656,Tb927.5.3460,True,True,True,True,True
26776656,Tb927.8.4060,True,True,True,True,True
20418380,LmjF.16.0030,False,False,False,False,False
20418380,TcCLB.506947.80,False,False,False,False,False
20418380,LbrM.16.0040,False,False,False,False,False
20418380,TcCLB.507057.30,False,False,False,False,False
20418380,Tb927.5.3960,False,False,False,False,False
16923389,Tb927.5.4530,False,False,False,False,False
16923389,Tb927.7.4160,False,False,False,False,False
16923389,Tb927.7.4170,False,False,False,False,False
16923389,LmjF.25.1770,False,False,False,False,False
16923389,Tb927.7.4180,False,False,False,False,False
19953351,LmjF.30.2740,False,False,False,False,False
19953351,TcCLB.511519.9,False,False,False,False,False
19953351,LbrM.30.2700,False,False,False,False,False
19953351,Tb927.6.4000,False,False,False,False,False
19953351,TcCLB.511737.10,False,False,False,False,False
23634831,Tb927.6.4460,True,True,True,True,True
23634831,Tb927.6.4470,True,False,False,False,False
23634831,Tb927.6.4410,True,True,True,True,True
22966087,TcIL3000_6_3860,False,False,False,False,False
22966087,Tb927.6.4440,False,False,False,False,False
22966087,TcCLB.504257.9,False,False,False,False,False
22966087,TcCLB.485683.10,False,False,False,False,False
22966087,TcCLB.509167.140,False,False,False,False,False
22966087,TvY486_0603830,False,False,False,False,False
22966087,LmjF.30.3090,False,False,False,False,False
22966087,LbrM.30.3080,False,False,False,False,False
22966087,LmxM.29.3090,False,False,False,False,False
22966087,LdBPK_303130.1,False,False,False,False,False
30365568,Tb927.6.4850,True,True,True,True,True
30365568,Tb927.6.4910,True,True,True,True,True
30365568,Tb927.6.4860,True,True,True,True,True
30365568,Tb927.6.4880,True,True,True,True,True
30365568,Tb927.6.4840,True,True,True,True,True
30365568,Tb927.6.4870,True,True,True,True,True
30365568,Tb927.6.4900,True,True,True,True,True
30365568,Tb927.6.4890,True,True,True,True,True
30365568,Tb927.6.4920,True,True,True,True,True
19961881,TcCLB.508457.30,False,False,False,False,False
19961881,TcCLB.506885.430,False,False,False,False,False
19961881,Tb927.9.9840,False,False,False,False,False
19961881,Tb927.7.1910,False,False,False,False,False
19961881,LmjF.35.4720,False,False,False,False,False
19961881,LmjF.26.0030,False,False,False,False,False
36996244,Tb927.7.440,True,True,True,True,True
36996244,Tb927.7.360,True,True,True,True,True
36996244,Tb927.7.420,True,True,True,True,True
36996244,Tb927.7.400,True,True,True,True,True
36996244,Tb927.7.380,True,True,True,True,True
8702965,TcCLB.506605.170,False,False,False,False,False
8702965,LbrM.14.0130,False,False,False,False,False
8702965,Tb927.7.4570,False,False,False,False,False
19444208,Tb927.7.5960,True,False,False,False,False
19444208,TcCLB.510811.10,True,False,False,False,False
19444208,Tb927.7.5970,True,False,False,False,False
19444208,TcCLB.510811.20,True,False,False,False,False
19444208,Tb927.7.5980,True,False,False,False,False
19444208,TcCLB.508801.10,True,False,False,False,False
19444208,Tb927.7.5940,True,True,True,True,True
19444208,TcCLB.508065.70,True,False,False,False,False
19444208,TcCLB.508799.270,True,False,False,False,False
19444208,TcCLB.509707.10,True,False,False,False,False
19444208,TcCLB.510103.30,True,False,False,False,False
19444208,TcCLB.510069.20,True,False,False,False,False
19444208,TcCLB.504765.20,True,False,False,False,False
19444208,Tb927.7.5990,True,False,False,False,False
19444208,Tb927.7.6000,True,False,False,False,False
19444208,Tb927.7.5930,True,True,True,True,True
19444208,Tb927.7.5950,True,False,False,False,False
19444208,TcCLB.509713.20,True,False,False,False,False
19444208,LbrM.13.1550,True,False,False,False,False
19444208,TcCLB.506551.10,True,False,False,False,False
19444208,TcCLB.508799.280,True,False,False,False,False
19444208,TcCLB.509713.10,True,False,False,False,False
19444208,LmxM.11.0660a,True,False,False,False,False
18367671,TcCLB.510611.60,False,False,False,False,False
18367671,Tb927.7.7230,False,False,False,False,False
18367671,TcCLB.506791.70,False,False,False,False,False
7557404,TvY486_1001010,False,False,False,False,False
7557404,TcIL3000_10_880,False,False,False,False,False
7557404,Tb927.7.7360,False,False,False,False,False
7557404,Tbg972.10.1330,False,False,False,False,False
14718535,TcCLB.510947.10,False,False,False,False,False
14718535,TcCLB.503589.10,False,False,False,False,False
14718535,Tb927.8.2050,False,False,False,False,False
30091673,Tb927.8.2930,True,False,False,False,False
30091673,Tb927.8.2910,True,True,True,True,True
30091673,Tb927.8.2920,True,False,False,False,False
30091673,Tb927.8.2940,True,False,False,False,False
21357738,TcCLB.506743.120,False,False,False,False,False
21357738,LbrM.16.0250,False,False,False,False,False
21357738,TcCLB.503851.10,False,False,False,False,False
21357738,Tb927.8.3310,False,False,False,False,False
21357738,LmjF.16.0240,False,False,False,False,False
21357738,Tb927.8.5770,False,False,False,False,False
27703008,Tb927.8.3620,True,True,False,False,False
27703008,Tb927.8.3650,True,True,False,False,False
27703008,Tb927.8.3630,True,True,True,True,True
21264253,TcCLB.507275.24,True,True,True,True,True
21264253,Tb927.9.5650,True,True,True,True,True
21264253,TcCLB.505843.40,True,True,True,True,True
21264253,Tb927.8.5380,True,True,True,True,True
21264253,TcCLB.506445.100,True,True,True,True,True
21264253,TcCLB.509353.10,True,True,True,True,True
21264253,Tb927.9.6040,True,True,True,True,True
21264253,LbrM.15.1010,True,True,True,True,True
21264253,LbrM.15.1190,True,True,True,True,True
21264253,LmjF.15.0970,True,True,True,True,True
21264253,TcCLB.507491.59,True,True,True,True,True
21264253,LbrM.16.1090,True,True,True,True,True
21264253,LmjF.15.1250,True,True,True,True,True
21264253,LmjF.16.1065,True,True,True,True,True
7818488,TcCLB.506749.20,False,False,False,False,False
7818488,TcCLB.507491.162,False,False,False,False,False
7818488,Tb927.8.5440,False,False,False,False,False
7818488,Tb927.8.5470,False,False,False,False,False
7818488,TcCLB.509391.30,False,False,False,False,False
7818488,TcCLB.507891.38,False,False,False,False,False
7818488,TcCLB.507891.29,False,False,False,False,False
7818488,TcCLB.507891.56,False,False,False,False,False
7818488,TcCLB.506749.30,False,False,False,False,False
7818488,TcCLB.507491.151,False,False,False,False,False
7818488,TcCLB.509391.20,False,False,False,False,False
7818488,Tb927.8.5465,False,False,False,False,False
7818488,Tb927.8.5460,False,False,False,False,False
7818488,TcCLB.509391.10,False,False,False,False,False
7818488,TcCLB.507891.47,False,False,False,False,False
22994895,Tb927.8.5450,False,False,False,False,False
22994895,LdBPK_100770.1,False,False,False,False,False
22994895,LdBPK_100760.1,False,False,False,False,False
30506377,TcCLB.510091.50,False,False,False,False,False
30506377,TcCLB.510407.80,False,False,False,False,False
30506377,TcCLB.508479.280,False,False,False,False,False
30506377,LmjF.26.2520,False,False,False,False,False
30506377,LmjF.35.4710,False,False,False,False,False
30506377,TcCLB.506559.430,False,False,False,False,False
30506377,TcCLB.507053.120,False,False,False,False,False
30506377,TcCLB.506513.30,False,False,False,False,False
30506377,LmjF.07.0780,False,False,False,False,False
30506377,TcCLB.506887.90,False,False,False,False,False
30506377,TcCLB.507063.180,False,False,False,False,False
30506377,Tb927.8.6310,False,False,False,False,False
30506377,TcCLB.506135.40,False,False,False,False,False
30506377,LmjF.24.1910,False,False,False,False,False
30506377,TcCLB.508457.20,False,False,False,False,False
30506377,TcCLB.507993.30,False,False,False,False,False
30506377,LmjF.26.0940,False,False,False,False,False
30506377,TcCLB.508515.120,False,False,False,False,False
30506377,TcCLB.503833.20,False,False,False,False,False
30506377,TcCLB.503885.70,False,False,False,False,False
30506377,TcCLB.510187.330,False,False,False,False,False
30506377,TcCLB.508989.60,False,False,False,False,False
30506377,TcCLB.508569.120,False,False,False,False,False
30506377,TcCLB.506885.440,False,False,False,False,False
30506377,TcCLB.506435.50,False,False,False,False,False
30506377,TcCLB.506729.50,False,False,False,False,False
30506377,Tbg972.8.6370,False,False,False,False,False
30506377,TcCLB.506287.90,False,False,False,False,False
30506377,LmjF.25.1690,False,False,False,False,False
21764780,LbrM.34.3960,True,False,False,False,False
21764780,Tb927.9.11050,True,False,False,False,False
21764780,LmjF.30.0450,True,True,True,True,True
21764780,LmjF.35.3980,True,True,True,True,True
21764780,LmjF.27.1620,True,True,True,True,True
21764780,TcCLB.508461.290,True,False,False,False,False
18820079,Tb927.9.13820,False,False,False,False,False
18820079,Tb927.9.13795,False,False,False,False,False
18820079,Tb927.9.13920,False,False,False,False,False
18820079,Tb927.9.13860,False,False,False,False,False
18820079,Tb927.9.13785,False,False,False,False,False
17229212,Tb927.9.15550,False,False,False,False,False
17229212,Tb927.9.15540,False,False,False,False,False
17229212,Tb927.9.15610,False,False,False,False,False
17229212,Tb927.9.15590,False,False,False,False,False
17229212,Tb927.9.15620,False,False,False,False,False
17229212,Tb927.9.15640,False,False,False,False,False
17229212,Tb927.9.15520,False,False,False,False,False
17229212,Tb927.9.15510,False,False,False,False,False
17229212,Tb927.9.15560,False,False,False,False,False
17229212,Tb927.9.15570,False,False,False,False,False
17229212,Tb927.9.15530,False,False,False,False,False
17229212,Tb927.9.15580,False,False,False,False,False
17229212,Tb927.9.15600,False,False,False,False,False
17229212,Tb927.9.15630,False,False,False,False,False
21819459,TcCLB.506829.80,False,False,False,False,False
21819459,TcCLB.506593.60,False,False,False,False,False
21819459,Tb927.9.3970,False,False,False,False,False
21819459,LmjF.01.0450,False,False,False,False,False
21819459,Tb927.9.4040,False,False,False,False,False
15478805,LmjF.13.1210,False,False,False,False,False
15478805,Tb927.9.7470,False,False,False,False,False
15478805,LbrM.13.0990,False,False,False,False,False
16289356,LmxM.34.4890,False,False,False,False,False
16289356,Tb927.9.9620,False,False,False,False,False
16289356,TcCLB.510729.110,False,False,False,False,False
16289356,TvY486_0904120,False,False,False,False,False
16289356,TcCLB.506885.310,False,False,False,False,False
33168716,TcCLB.503555.20,True,True,True,True,True
33168716,TcCLB.510533.100,True,True,True,False,False
33168716,TcCLB.503575.54,True,False,False,False,False
33168716,TcCLB.511733.20,True,False,False,False,False
33168716,TcCLB.506831.60,True,True,True,False,False
33168716,TcCLB.510381.70,True,False,False,False,False
33168716,TcCLB.507061.20,True,True,True,True,True
33168716,TcCLB.510719.150,True,False,False,False,False
33168716,TcCLB.508387.40,True,False,False,False,False
33168716,TcCLB.511621.70,True,True,True,True,True
33168716,TcCLB.507709.80,True,False,False,False,False
33168716,TcCLB.507681.70,True,False,False,False,False
33168716,TcCLB.511739.20,True,False,False,False,False
33168716,TcCLB.506629.120,True,True,True,True,True
33168716,TcCLB.511731.80,True,False,False,False,False
33168716,TcCLB.508815.60,True,False,False,False,False
33168716,TcCLB.511389.90,True,False,False,False,False
33168716,TcCLB.510819.40,True,False,False,False,False
33168716,TcCLB.508257.104,True,True,True,True,True
33168716,TcCLB.511051.20,True,False,False,False,False
33168716,TcCLB.510529.10,True,True,True,True,True
33168716,TcCLB.504149.130,True,False,False,False,False
33168716,TcCLB.509269.10,True,False,False,False,False
33168716,TcCLB.511445.130,True,True,True,True,True
33168716,TcCLB.503899.60,True,True,True,True,True
33168716,TcCLB.504105.60,True,True,True,True,True
33168716,TcCLB.511621.200,True,True,True,True,True
33168716,TcCLB.508901.10,True,False,False,False,False
33168716,TcCLB.509319.50,True,False,False,False,False
33168716,TcCLB.507019.60,True,True,True,True,True
33168716,TcCLB.507163.90,True,False,False,False,False
33168716,TcCLB.506895.30,True,True,True,True,True
33168716,TcCLB.507993.89,True,False,False,False,False
33168716,TcCLB.509779.40,True,False,False,False,False
33168716,TcCLB.510989.40,True,False,False,False,False
33168716,TcCLB.507011.90,True,True,True,True,True
33168716,TcCLB.511277.483,True,False,False,False,False
33168716,TcCLB.504129.30,True,True,True,True,True
33168716,TcCLB.510283.100,True,False,False,False,False
33168716,TcCLB.505807.50,True,False,False,False,False
33168716,TcCLB.511041.10,True,False,False,False,False
33168716,TcCLB.507711.50,True,True,True,True,True
33168716,TcCLB.506227.110,True,False,False,False,False
33168716,TcCLB.511685.50,True,False,False,False,False
33168716,TcCLB.509747.30,True,True,True,True,True
33168716,TcCLB.507927.90,True,True,True,True,True
33168716,TcCLB.511217.90,True,True,True,True,True
33168716,TcCLB.506575.9,True,False,False,False,False
33168716,TcCLB.507521.120,True,False,False,False,False
33168716,TcCLB.509053.130,True,True,True,True,True
33168716,TcCLB.511545.70,True,False,False,False,False
33168716,TcCLB.504071.30,True,False,False,False,False
33168716,TcCLB.509979.230,True,True,True,True,True
33168716,TcCLB.507993.36,True,False,False,False,False
33168716,TcCLB.509571.10,True,True,True,False,False
33168716,TcCLB.510531.40,True,False,False,False,False
33168716,TcCLB.506251.110,True,False,False,False,False
33168716,TcCLB.510755.80,True,True,True,True,True
33168716,TcCLB.510121.190,True,False,False,False,False
33168716,TcCLB.506175.80,True,True,True,True,True
33168716,TcCLB.510221.30,True,False,False,False,False
33168716,TcCLB.511277.539,True,False,False,False,False
33168716,TcCLB.503953.40,True,False,False,False,False
33168716,TcCLB.508851.100,True,False,False,False,False
33168716,TcCLB.506363.50,True,False,False,False,False
33168716,TcCLB.507941.10,True,True,True,True,True
33168716,TcCLB.508501.280,True,True,True,True,True
33168716,TcCLB.511391.170,True,False,False,False,False
33168716,TcCLB.506859.130,True,False,False,False,False
33168716,TcCLB.510719.74,True,False,False,False,False
33168716,TcCLB.503955.60,True,False,False,False,False
33168716,TcCLB.511247.18,True,False,False,False,False
33168716,TcCLB.509161.50,True,True,True,True,True
33168716,TcCLB.508647.190,True,True,True,True,True
33168716,TcCLB.507709.110,True,False,False,False,False
33168716,TcCLB.507093.100,True,False,False,False,False
33168716,TcCLB.506357.110,True,True,True,True,True
33168716,TcCLB.511671.100,True,False,False,False,False
33168716,TcCLB.503967.10,True,False,False,False,False
33168716,TcCLB.506657.79,True,False,False,False,False
33168716,TcCLB.509033.60,True,False,False,False,False
33168716,TcCLB.504153.190,True,True,True,True,True
33168716,TcCLB.407477.69,True,False,False,False,False
33168716,TcCLB.508127.9,True,False,False,False,False
33168716,TcCLB.507941.80,True,False,False,False,False
33168716,TcCLB.506673.10,True,False,False,False,False
33168716,TcCLB.504881.40,True,True,True,False,False
33168716,TcCLB.508479.310,True,True,True,True,True
33168716,TcCLB.507667.20,True,False,False,False,False
33168716,TcCLB.508277.200,True,True,True,True,True
33168716,TcCLB.510311.160,True,True,True,True,True
33168716,TcCLB.511409.20,True,False,False,False,False
33168716,TcCLB.506947.100,True,False,False,False,False
33168716,TcCLB.509099.80,True,True,True,False,False
33168716,TcCLB.508741.100,True,False,False,False,False
33168716,TcCLB.511735.20,True,False,False,False,False
33168716,TcCLB.510285.110,True,False,False,False,False
33168716,TcCLB.507993.33,True,True,True,True,True
33168716,TcCLB.469435.4,True,True,True,True,True
33168716,TcCLB.511867.40,True,False,False,False,False
33168716,TcCLB.508813.70,True,True,True,False,False
33168716,TcCLB.510515.110,True,True,True,True,True
33168716,TcCLB.510879.90,True,False,False,False,False
33168716,TcCLB.504051.49,True,False,False,False,False
33168716,TcCLB.510719.170,True,False,False,False,False
33168716,TcCLB.508075.7,True,False,False,False,False
33168716,TcCLB.511803.50,True,True,True,True,True
33168716,TcCLB.506831.66,True,False,False,False,False
33168716,TcCLB.508541.200,True,False,False,False,False
33168716,TcCLB.508547.40,True,True,True,False,False
33168716,TcCLB.511135.40,True,False,False,False,False
33168716,TcCLB.508909.190,True,False,False,False,False
33168716,TcCLB.507513.100,True,True,True,True,True
33168716,TcCLB.508153.1090,True,False,False,False,False
33168716,TcCLB.505555.30,True,True,True,True,True
33168716,TcCLB.510143.60,True,False,False,False,False
33168716,TcCLB.508323.110,True,True,True,True,True
33168716,TcCLB.504255.10,True,False,False,False,False
33168716,TcCLB.511867.100,True,False,False,False,False
33168716,TcCLB.407477.40,True,False,False,False,False
33168716,TcCLB.506625.90,True,False,False,False,False
33168716,TcCLB.510123.10,True,False,False,False,False
33168716,TcCLB.506885.110,True,False,False,False,False
33168716,TcCLB.506925.280,True,False,False,False,False
33168716,TcCLB.508323.94,True,False,False,False,False
33168716,TcCLB.508461.340,True,True,True,True,True
33168716,TcCLB.510529.30,True,True,True,False,False
33168716,TcCLB.506869.40,True,False,False,False,False
19336417,TcCLB.511613.10,True,False,False,False,False
19336417,TcCLB.510497.50,True,False,False,False,False
19336417,TcCLB.504081.400,True,False,False,False,False
19336417,TcCLB.506335.100,True,False,False,False,False
19336417,TcCLB.506173.100,True,False,False,False,False
19336417,TcCLB.510627.128,True,False,False,False,False
19336417,TcCLB.506939.50,True,False,False,False,False
19336417,TcCLB.511871.120,True,False,False,False,False
19336417,TcCLB.506131.190,True,False,False,False,False
19336417,TcCLB.506309.40,True,False,False,False,False
19336417,TcCLB.510497.114,True,False,False,False,False
19336417,TcCLB.508261.15,True,False,False,False,False
19336417,TcCLB.507949.219,True,False,False,False,False
19336417,TcCLB.510017.30,True,False,False,False,False
19336417,TcCLB.510261.10,True,False,False,False,False
19336417,TcCLB.510697.130,True,False,False,False,False
19336417,TcCLB.510833.20,True,False,False,False,False
19336417,TcCLB.511255.230,True,False,False,False,False
19336417,TcCLB.511921.90,True,False,False,False,False
19336417,TcCLB.508081.30,True,False,False,False,False
19336417,TcCLB.504039.130,True,False,False,False,False
19336417,TcCLB.506703.110,True,False,False,False,False
19336417,TcCLB.510627.190,True,False,False,False,False
19336417,TcCLB.510557.60,True,False,False,False,False
19336417,TcCLB.511257.90,True,False,False,False,False
19336417,TcCLB.510715.40,True,False,False,False,False
19336417,TcCLB.506769.30,True,False,False,False,False
19336417,TcCLB.508451.5,True,False,False,False,False
19336417,TcCLB.511921.29,True,False,False,False,False
19336417,TcCLB.506597.20,True,False,False,False,False
19336417,TcCLB.504239.140,True,False,False,False,False
19336417,TcCLB.511089.90,True,False,False,False,False
19336417,TcCLB.510359.480,True,False,False,False,False
19336417,TcCLB.508313.140,True,False,False,False,False
19336417,TcCLB.504669.40,True,False,False,False,False
19336417,TcCLB.511183.200,True,False,False,False,False
19336417,TcCLB.510037.10,True,False,False,False,False
19336417,TcCLB.505567.31,True,False,False,False,False
19336417,TcCLB.504081.460,True,False,False,False,False
19336417,TcCLB.511259.18,True,False,False,False,False
19336417,TcCLB.508873.210,True,False,False,False,False
19336417,TcCLB.510475.120,True,False,False,False,False
19336417,TcCLB.506967.140,True,False,False,False,False
19336417,TcCLB.509897.150,True,False,False,False,False
19336417,TcCLB.508163.270,True,False,False,False,False
19336417,TcCLB.507295.50,True,False,False,False,False
19336417,TcCLB.510701.10,True,False,False,False,False
19336417,TcCLB.508789.80,True,False,False,False,False
19336417,TcCLB.511099.84,True,False,False,False,False
19336417,TcCLB.507487.20,True,False,False,False,False
19336417,TcCLB.508481.20,True,False,False,False,False
19336417,TcCLB.510025.180,True,False,False,False,False
19336417,TcCLB.506329.9,True,False,False,False,False
19336417,TcCLB.505025.10,True,False,False,False,False
19336417,TcCLB.511791.10,True,False,False,False,False
19336417,TcCLB.508221.820,True,False,False,False,False
19336417,TcCLB.508011.20,True,False,False,False,False
19336417,TcCLB.503783.80,True,False,False,False,False
19336417,TcCLB.506409.30,True,False,False,False,False
19336417,TcCLB.503491.19,True,False,False,False,False
19336417,TcCLB.506329.79,True,False,False,False,False
19336417,TcCLB.506973.105,True,False,False,False,False
19336417,TcCLB.505025.90,True,False,False,False,False
19336417,TcCLB.506409.130,True,False,False,False,False
19336417,TcCLB.504039.230,True,False,False,False,False
19336417,TcCLB.511605.5,True,False,False,False,False
19336417,TcCLB.507937.50,True,False,False,False,False
19336417,TcCLB.510487.50,True,False,False,False,False
19336417,TcCLB.510583.114,True,False,False,False,False
19336417,TcCLB.510465.40,True,False,False,False,False
19336417,TcCLB.508165.120,True,False,False,False,False
19336417,TcCLB.416605.10,True,False,False,False,False
19336417,TcCLB.510713.110,True,False,False,False,False
19336417,TcCLB.511403.40,True,False,False,False,False
19336417,TcCLB.510105.310,True,False,False,False,False
19336417,TcCLB.510373.90,True,False,False,False,False
19336417,TcCLB.511787.10,True,False,False,False,False
19336417,TcCLB.506027.10,True,False,False,False,False
19336417,TcCLB.505025.130,True,False,False,False,False
19336417,TcCLB.508747.5,True,False,False,False,False
19336417,TcCLB.506589.89,True,False,False,False,False
19336417,TcCLB.506589.140,True,False,False,False,False
19336417,TcCLB.506613.20,True,False,False,False,False
19336417,TcCLB.511081.41,True,False,False,False,False
19336417,TcCLB.509665.20,True,False,False,False,False
19336417,TcCLB.510361.110,True,False,False,False,False
19336417,TcCLB.511797.260,True,False,False,False,False
19336417,TcCLB.506309.30,True,False,False,False,False
19336417,TcCLB.511797.120,True,False,False,False,False
19336417,TcCLB.506969.3,True,False,False,False,False
19336417,TcCLB.504039.180,True,False,False,False,False
19336417,TcCLB.511149.4,True,False,False,False,False
19336417,TcCLB.508761.70,True,False,False,False,False
19336417,TcCLB.511079.25,True,False,False,False,False
19336417,TcCLB.506281.134,True,False,False,False,False
19336417,TcCLB.511599.90,True,False,False,False,False
19336417,TcCLB.510209.27,True,False,False,False,False
19336417,TcCLB.510627.80,True,False,False,False,False
19336417,TcCLB.508013.10,True,False,False,False,False
19336417,TcCLB.506599.100,True,False,False,False,False
19336417,TcCLB.510489.36,True,False,False,False,False
19336417,TcCLB.511593.30,True,False,False,False,False
19336417,TcCLB.508761.190,True,False,False,False,False
19336417,TcCLB.508109.30,True,False,False,False,False
19336417,TcCLB.510359.600,True,False,False,False,False
19336417,TcCLB.511173.100,True,False,False,False,False
19336417,TcCLB.507237.120,True,False,False,False,False
19336417,TcCLB.506965.70,True,False,False,False,False
19336417,TcCLB.508221.920,True,False,False,False,False
19336417,TcCLB.508293.44,True,False,False,False,False
19336417,TcCLB.507701.4,True,False,False,False,False
19336417,TcCLB.510213.9,True,False,False,False,False
19336417,TcCLB.507955.20,True,False,False,False,False
19336417,TcCLB.511083.39,True,False,False,False,False
19336417,TcCLB.509697.15,True,False,False,False,False
19336417,TcCLB.510011.9,True,False,False,False,False
19336417,TcCLB.509525.432,True,False,False,False,False
19336417,TcCLB.510713.170,True,False,False,False,False
19336417,TcCLB.507085.70,True,False,False,False,False
19336417,TcCLB.508221.600,True,False,False,False,False
19336417,TcCLB.508429.40,True,False,False,False,False
19336417,TcCLB.432443.10,True,False,False,False,False
19336417,TcCLB.511089.130,True,False,False,False,False
19336417,TcCLB.503973.120,True,False,False,False,False
19336417,TcCLB.510557.73,True,False,False,False,False
19336417,TcCLB.511095.5,True,False,False,False,False
19336417,TcCLB.506137.60,True,False,False,False,False
19336417,TcCLB.508885.5,True,False,False,False,False
19336417,TcCLB.510275.340,True,False,False,False,False
19336417,TcCLB.506965.140,True,False,False,False,False
19336417,TcCLB.507071.220,True,False,False,False,False
19336417,TcCLB.508165.110,True,False,False,False,False
19336417,TcCLB.507699.110,True,False,False,False,False
19336417,TcCLB.506067.198,True,False,False,False,False
19336417,TcCLB.506277.10,True,False,False,False,False
19336417,TcCLB.509897.210,True,False,False,False,False
19336417,TcCLB.511603.250,True,False,False,False,False
19336417,TcCLB.508221.210,True,False,False,False,False
19336417,TcCLB.506289.180,True,False,False,False,False
19336417,TcCLB.504239.220,True,False,False,False,False
19336417,TcCLB.510463.150,True,False,False,False,False
19336417,TcCLB.508511.40,True,False,False,False,False
19336417,TcCLB.511603.100,True,False,False,False,False
19336417,TcCLB.504155.43,True,False,False,False,False
19336417,TcCLB.506737.107,True,False,False,False,False
19336417,TcCLB.510693.190,True,False,False,False,False
19336417,TcCLB.511087.10,True,False,False,False,False
19336417,TcCLB.510629.30,True,False,False,False,False
19336417,TcCLB.506787.19,True,False,False,False,False
19336417,TcCLB.507237.170,True,False,False,False,False
19336417,TcCLB.508221.360,True,False,False,False,False
19336417,TcCLB.508735.30,True,False,False,False,False
19336417,TcCLB.510791.60,True,False,False,False,False
19336417,TcCLB.511089.70,True,False,False,False,False
19336417,TcCLB.508761.174,True,False,False,False,False
19336417,TcCLB.506767.110,True,False,False,False,False
19336417,TcCLB.508295.40,True,False,False,False,False
19336417,TcCLB.508221.170,True,False,False,False,False
19336417,TcCLB.506599.420,True,False,False,False,False
19336417,TcCLB.506751.20,True,False,False,False,False
19336417,TcCLB.506973.20,True,False,False,False,False
19336417,TcCLB.509897.279,True,False,False,False,False
19336417,TcCLB.511923.80,True,False,False,False,False
19336417,TcCLB.508687.39,True,False,False,False,False
19336417,TcCLB.511595.30,True,False,False,False,False
19336417,TcCLB.509275.20,True,False,False,False,False
19336417,TcCLB.510377.30,True,False,False,False,False
19336417,TcCLB.510275.400,True,False,False,False,False
19336417,TcCLB.504155.230,True,False,False,False,False
19336417,TcCLB.509093.10,True,False,False,False,False
19336417,TcCLB.507553.41,True,False,False,False,False
19336417,TcCLB.510017.59,True,False,False,False,False
19336417,TcCLB.504239.110,True,False,False,False,False
19336417,TcCLB.506269.79,True,False,False,False,False
19336417,TcCLB.506331.139,True,False,False,False,False
19336417,TcCLB.503741.20,True,False,False,False,False
19336417,TcCLB.506909.140,True,False,False,False,False
19336417,TcCLB.510809.20,True,False,False,False,False
19336417,TcCLB.508977.130,True,False,False,False,False
19336417,TcCLB.511173.460,True,False,False,False,False
19336417,TcCLB.511875.80,True,False,False,False,False
19336417,TcCLB.507071.20,True,False,False,False,False
19336417,TcCLB.511259.70,True,False,False,False,False
19336417,TcCLB.506015.30,True,False,False,False,False
19336417,TcCLB.509549.20,True,False,False,False,False
19336417,TcCLB.510359.690,True,False,False,False,False
19336417,TcCLB.507071.310,True,False,False,False,False
19336417,TcCLB.508539.60,True,False,False,False,False
19336417,TcCLB.506965.130,True,False,False,False,False
19336417,TcCLB.504261.40,True,False,False,False,False
19336417,TcCLB.507833.10,True,False,False,False,False
19336417,TcCLB.508999.80,True,False,False,False,False
19336417,TcCLB.507173.30,True,False,False,False,False
19336417,TcCLB.505621.10,True,False,False,False,False
19336417,TcCLB.507067.60,True,False,False,False,False
19336417,TcCLB.509419.80,True,False,False,False,False
19336417,TcCLB.506761.40,True,False,False,False,False
19336417,TcCLB.507429.40,True,False,False,False,False
19336417,TcCLB.510061.11,True,False,False,False,False
19336417,TcCLB.508163.230,True,False,False,False,False
19336417,TcCLB.503973.190,True,False,False,False,False
19336417,TcCLB.511255.580,True,False,False,False,False
19336417,TcCLB.506309.100,True,False,False,False,False
19336417,TcCLB.506501.240,True,False,False,False,False
19336417,TcCLB.509975.30,True,False,False,False,False
19336417,TcCLB.510959.30,True,False,False,False,False
19336417,TcCLB.511089.10,True,False,False,False,False
19336417,TcCLB.503827.5,True,False,False,False,False
19336417,TcCLB.511061.51,True,False,False,False,False
19336417,TcCLB.511449.30,True,False,False,False,False
19336417,TcCLB.509259.30,True,False,False,False,False
19336417,TcCLB.511255.690,True,False,False,False,False
19336417,TcCLB.511613.110,True,False,False,False,False
19336417,TcCLB.511605.80,True,False,False,False,False
19336417,TcCLB.507523.60,True,False,False,False,False
19336417,TcCLB.503761.40,True,False,False,False,False
19336417,TcCLB.503429.30,True,False,False,False,False
19336417,TcCLB.508493.110,True,False,False,False,False
19336417,TcCLB.504239.420,True,False,False,False,False
19336417,TcCLB.509753.210,True,False,False,False,False
19336417,TcCLB.510237.70,True,False,False,False,False
19336417,TcCLB.508495.80,True,False,False,False,False
19336417,TcCLB.412419.10,True,False,False,False,False
19336417,TcCLB.506763.130,True,False,False,False,False
19336417,TcCLB.510279.120,True,False,False,False,False
19336417,TcCLB.510377.134,True,False,False,False,False
19336417,TcCLB.510627.110,True,False,False,False,False
19336417,TcCLB.511843.10,True,False,False,False,False
19336417,TcCLB.506759.80,True,False,False,False,False
19336417,TcCLB.507231.30,True,False,False,False,False
19336417,TcCLB.506501.50,True,False,False,False,False
19336417,TcCLB.511099.220,True,False,False,False,False
19336417,TcCLB.506451.80,True,False,False,False,False
19336417,TcCLB.510625.19,True,False,False,False,False
19336417,TcCLB.506279.19,True,False,False,False,False
19336417,TcCLB.507633.110,True,False,False,False,False
19336417,TcCLB.507145.84,True,False,False,False,False
19336417,TcCLB.509525.360,True,False,False,False,False
19336417,TcCLB.510715.30,True,False,False,False,False
19336417,TcCLB.506057.81,True,False,False,False,False
19336417,TcCLB.509897.170,True,False,False,False,False
19336417,TcCLB.510355.41,True,False,False,False,False
19336417,TcCLB.506781.19,True,False,False,False,False
19336417,TcCLB.508261.70,True,False,False,False,False
19336417,TcCLB.509113.10,True,False,False,False,False
19336417,TcCLB.506767.70,True,False,False,False,False
19336417,TcCLB.506459.130,True,False,False,False,False
19336417,TcCLB.506307.10,True,False,False,False,False
19336417,TcCLB.504081.50,True,False,False,False,False
19336417,TcCLB.510359.460,True,False,False,False,False
19336417,TcCLB.511099.190,True,False,False,False,False
19336417,TcCLB.510261.31,True,False,False,False,False
19336417,TcCLB.510205.50,True,False,False,False,False
19336417,TcCLB.511255.30,True,False,False,False,False
19336417,TcCLB.506911.20,True,False,False,False,False
19336417,TcCLB.510025.100,True,False,False,False,False
19336417,TcCLB.508435.70,True,False,False,False,False
19336417,TcCLB.506763.30,True,False,False,False,False
19336417,TcCLB.510629.310,True,False,False,False,False
19336417,TcCLB.510715.100,True,False,False,False,False
19336417,TcCLB.511597.40,True,False,False,False,False
19336417,TcCLB.510495.20,True,False,False,False,False
19336417,TcCLB.506599.80,True,False,False,False,False
19336417,TcCLB.508887.24,True,False,False,False,False
19336417,TcCLB.510197.220,True,False,False,False,False
19336417,TcCLB.503849.40,True,False,False,False,False
19336417,TcCLB.507699.130,True,False,False,False,False
19336417,TcCLB.510583.74,True,False,False,False,False
19336417,TcCLB.508165.50,True,False,False,False,False
19336417,TcCLB.503973.240,True,False,False,False,False
19336417,TcCLB.508873.30,True,False,False,False,False
19336417,TcCLB.509195.30,True,False,False,False,False
19336417,TcCLB.453767.50,True,False,False,False,False
19336417,TcCLB.506361.9,True,False,False,False,False
19336417,TcCLB.510369.10,True,False,False,False,False
19336417,TcCLB.506741.140,True,False,False,False,False
19336417,TcCLB.508305.50,True,False,False,False,False
19336417,TcCLB.511399.50,True,False,False,False,False
19336417,TcCLB.503875.30,True,False,False,False,False
19336417,TcCLB.508433.220,True,False,False,False,False
19336417,TcCLB.510193.10,True,False,False,False,False
19336417,TcCLB.511613.40,True,False,False,False,False
19336417,TcCLB.504031.60,True,False,False,False,False
19336417,TcCLB.504769.20,True,False,False,False,False
19336417,TcCLB.508221.104,True,False,False,False,False
19336417,TcCLB.511255.330,True,False,False,False,False
19336417,TcCLB.507957.160,True,False,False,False,False
19336417,TcCLB.507065.127,True,False,False,False,False
19336417,TcCLB.508501.80,True,False,False,False,False
19336417,TcCLB.511603.80,True,False,False,False,False
19336417,TcCLB.503973.50,True,False,False,False,False
19336417,TcCLB.508979.15,True,False,False,False,False
19336417,TcCLB.508013.110,True,False,False,False,False
19336417,TcCLB.508365.284,True,False,False,False,False
19336417,TcCLB.508147.90,True,False,False,False,False
19336417,TcCLB.511183.360,True,False,False,False,False
19336417,TcCLB.510013.260,True,False,False,False,False
19336417,TcCLB.506799.130,True,False,False,False,False
19336417,TcCLB.444331.10,True,False,False,False,False
19336417,TcCLB.506599.310,True,False,False,False,False
19336417,TcCLB.506245.264,True,False,False,False,False
19336417,TcCLB.508261.130,True,False,False,False,False
19336417,TcCLB.511099.30,True,False,False,False,False
19336417,TcCLB.511183.103,True,False,False,False,False
19336417,TcCLB.508365.114,True,False,False,False,False
19336417,TcCLB.508247.130,True,False,False,False,False
19336417,TcCLB.510629.350,True,False,False,False,False
19336417,TcCLB.510377.200,True,False,False,False,False
19336417,TcCLB.510699.80,True,False,False,False,False
19336417,TcCLB.506501.160,True,False,False,False,False
19336417,TcCLB.509095.10,True,False,False,False,False
19336417,TcCLB.506245.41,True,False,False,False,False
19336417,TcCLB.511255.420,True,False,False,False,False
19336417,TcCLB.510561.30,True,False,False,False,False
19336417,TcCLB.508977.99,True,False,False,False,False
19336417,TcCLB.508221.420,True,False,False,False,False
19336417,TcCLB.506971.80,True,False,False,False,False
19336417,TcCLB.511451.59,True,False,False,False,False
19336417,TcCLB.510483.180,True,False,False,False,False
19336417,TcCLB.506501.80,True,False,False,False,False
19336417,TcCLB.508011.110,True,False,False,False,False
19336417,TcCLB.510477.100,True,False,False,False,False
19336417,TcCLB.506615.29,True,False,False,False,False
19336417,TcCLB.506335.150,True,False,False,False,False
19336417,TcCLB.510013.40,True,False,False,False,False
19336417,TcCLB.507867.10,True,False,False,False,False
19336417,TcCLB.509195.70,True,False,False,False,False
19336417,TcCLB.510279.90,True,False,False,False,False
19336417,TcCLB.510483.240,True,False,False,False,False
19336417,TcCLB.506501.110,True,False,False,False,False
19336417,TcCLB.508313.114,True,False,False,False,False
19336417,TcCLB.508243.50,True,False,False,False,False
19336417,TcCLB.507205.10,True,False,False,False,False
19336417,TcCLB.457979.10,True,False,False,False,False
19336417,TcCLB.509979.350,True,False,False,False,False
19336417,TcCLB.510693.280,True,False,False,False,False
19336417,TcCLB.509081.150,True,False,False,False,False
19336417,TcCLB.510921.30,True,False,False,False,False
19336417,TcCLB.508165.420,True,False,False,False,False
19336417,TcCLB.508221.490,True,False,False,False,False
19336417,TcCLB.508389.100,True,False,False,False,False
19336417,TcCLB.508311.31,True,False,False,False,False
19336417,TcCLB.506321.200,True,False,False,False,False
19336417,TcCLB.504787.30,True,False,False,False,False
19336417,TcCLB.508761.90,True,False,False,False,False
19336417,TcCLB.508071.60,True,False,False,False,False
19336417,TcCLB.506763.330,True,False,False,False,False
19336417,TcCLB.506703.20,True,False,False,False,False
19336417,TcCLB.508293.27,True,False,False,False,False
19336417,TcCLB.507959.350,True,False,False,False,False
19336417,TcCLB.506751.100,True,False,False,False,False
19336417,TcCLB.506339.40,True,False,False,False,False
19336417,TcCLB.506769.60,True,False,False,False,False
19336417,TcCLB.508165.300,True,False,False,False,False
19336417,TcCLB.506133.140,True,False,False,False,False
19336417,TcCLB.510203.34,True,False,False,False,False
19336417,TcCLB.508151.20,True,False,False,False,False
19336417,TcCLB.506001.50,True,False,False,False,False
19336417,TcCLB.508167.29,True,False,False,False,False
19336417,TcCLB.509291.20,True,False,False,False,False
19336417,TcCLB.511451.90,True,False,False,False,False
19336417,TcCLB.508761.9,True,False,False,False,False
19336417,TcCLB.511255.280,True,False,False,False,False
19336417,TcCLB.507699.37,True,False,False,False,False
19336417,TcCLB.507679.60,True,False,False,False,False
19336417,TcCLB.511919.10,True,False,False,False,False
19336417,TcCLB.504081.40,True,False,False,False,False
19336417,TcCLB.507953.40,True,False,False,False,False
19336417,TcCLB.507217.30,True,False,False,False,False
19336417,TcCLB.510475.51,True,False,False,False,False
19336417,TcCLB.506459.149,True,False,False,False,False
19336417,TcCLB.510275.370,True,False,False,False,False
19336417,TcCLB.410275.9,True,False,False,False,False
19336417,TcCLB.506133.170,True,False,False,False,False
19336417,TcCLB.510279.349,True,False,False,False,False
19336417,TcCLB.504197.5,True,False,False,False,False
19336417,TcCLB.509525.240,True,False,False,False,False
19336417,TcCLB.503771.10,True,False,False,False,False
19336417,TcCLB.510269.20,True,False,False,False,False
19336417,TcCLB.506737.121,True,False,False,False,False
19336417,TcCLB.507069.150,True,False,False,False,False
19336417,TcCLB.509755.40,True,False,False,False,False
19336417,TcCLB.510831.10,True,False,False,False,False
19336417,TcCLB.509971.44,True,False,False,False,False
19336417,TcCLB.505025.40,True,False,False,False,False
19336417,TcCLB.510377.260,True,False,False,False,False
19336417,TcCLB.510489.20,True,False,False,False,False
19336417,TcCLB.503859.40,True,False,False,False,False
19336417,TcCLB.510693.230,True,False,False,False,False
19336417,TcCLB.508047.70,True,False,False,False,False
19336417,TcCLB.506599.280,True,False,False,False,False
19336417,TcCLB.503649.10,True,False,False,False,False
19336417,TcCLB.504039.200,True,False,False,False,False
19336417,TcCLB.508789.204,True,False,False,False,False
19336417,TcCLB.508509.51,True,False,False,False,False
19336417,TcCLB.510547.14,True,False,False,False,False
19336417,TcCLB.504689.20,True,False,False,False,False
19336417,TcCLB.507905.39,True,False,False,False,False
19336417,TcCLB.508427.40,True,False,False,False,False
19336417,TcCLB.504155.80,True,False,False,False,False
19336417,TcCLB.510047.100,True,False,False,False,False
19336417,TcCLB.510213.70,True,False,False,False,False
19336417,TcCLB.503827.20,True,False,False,False,False
19336417,TcCLB.510363.320,True,False,False,False,False
19336417,TcCLB.510477.80,True,False,False,False,False
19336417,TcCLB.510463.259,True,False,False,False,False
19336417,TcCLB.506671.90,True,False,False,False,False
19336417,TcCLB.506245.302,True,False,False,False,False
19336417,TcCLB.507069.220,True,False,False,False,False
19336417,TcCLB.506973.5,True,False,False,False,False
19336417,TcCLB.508221.460,True,False,False,False,False
19336417,TcCLB.506133.54,True,False,False,False,False
19336417,TcCLB.507747.170,True,False,False,False,False
19336417,TcCLB.511547.10,True,False,False,False,False
19336417,TcCLB.507237.190,True,False,False,False,False
19336417,TcCLB.510693.150,True,False,False,False,False
19336417,TcCLB.511255.200,True,False,False,False,False
19336417,TcCLB.506285.40,True,False,False,False,False
19336417,TcCLB.508389.130,True,False,False,False,False
19336417,TcCLB.510625.30,True,False,False,False,False
19336417,TcCLB.506939.180,True,False,False,False,False
19336417,TcCLB.509899.50,True,False,False,False,False
19336417,TcCLB.505949.20,True,False,False,False,False
19336417,TcCLB.510201.5,True,False,False,False,False
19336417,TcCLB.510697.40,True,False,False,False,False
19336417,TcCLB.510013.170,True,False,False,False,False
19336417,TcCLB.506993.180,True,False,False,False,False
19336417,TcCLB.508375.10,True,False,False,False,False
19336417,TcCLB.510023.30,True,False,False,False,False
19336417,TcCLB.511603.190,True,False,False,False,False
19336417,TcCLB.510307.19,True,False,False,False,False
19336417,TcCLB.506601.40,True,False,False,False,False
19336417,TcCLB.509905.180,True,False,False,False,False
19336417,TcCLB.506955.150,True,False,False,False,False
19336417,TcCLB.508435.30,True,False,False,False,False
19336417,TcCLB.506759.40,True,False,False,False,False
19336417,TcCLB.508495.210,True,False,False,False,False
19336417,TcCLB.510021.210,True,False,False,False,False
19336417,TcCLB.511613.180,True,False,False,False,False
19336417,TcCLB.511449.80,True,False,False,False,False
19336417,TcCLB.506877.60,True,False,False,False,False
19336417,TcCLB.511213.60,True,False,False,False,False
19336417,TcCLB.508359.80,True,False,False,False,False
19336417,TcCLB.510013.290,True,False,False,False,False
19336417,TcCLB.506599.30,True,False,False,False,False
19336417,TcCLB.507471.20,True,False,False,False,False
19336417,TcCLB.508453.10,True,False,False,False,False
19336417,TcCLB.507071.100,True,False,False,False,False
19336417,TcCLB.510625.190,True,False,False,False,False
19336417,TcCLB.510629.10,True,False,False,False,False
19336417,TcCLB.504155.160,True,False,False,False,False
19336417,TcCLB.511091.9,True,False,False,False,False
19336417,TcCLB.506245.200,True,False,False,False,False
19336417,TcCLB.510625.88,True,False,False,False,False
19336417,TcCLB.508163.50,True,False,False,False,False
19336417,TcCLB.508541.130,True,False,False,False,False
19336417,TcCLB.510371.70,True,False,False,False,False
19336417,TcCLB.510791.30,True,False,False,False,False
19336417,TcCLB.509325.10,True,False,False,False,False
19336417,TcCLB.506599.390,True,False,False,False,False
19336417,TcCLB.509867.60,True,False,False,False,False
19336417,TcCLB.511593.80,True,False,False,False,False
19336417,TcCLB.509287.110,True,False,False,False,False
19336417,TcCLB.507237.340,True,False,False,False,False
19336417,TcCLB.506667.10,True,False,False,False,False
19336417,TcCLB.504039.90,True,False,False,False,False
19336417,TcCLB.504039.57,True,False,False,False,False
19336417,TcCLB.509653.10,True,False,False,False,False
19336417,TcCLB.511839.30,True,False,False,False,False
19336417,TcCLB.509115.30,True,False,False,False,False
19336417,TcCLB.506499.210,True,False,False,False,False
19336417,TcCLB.508365.160,True,False,False,False,False
19336417,TcCLB.508227.20,True,False,False,False,False
19336417,TcCLB.510391.50,True,False,False,False,False
19336417,TcCLB.508119.20,True,False,False,False,False
19336417,TcCLB.506133.61,True,False,False,False,False
19336417,TcCLB.418405.10,True,False,False,False,False
19336417,TcCLB.511183.280,True,False,False,False,False
19336417,TcCLB.508999.150,True,False,False,False,False
19336417,TcCLB.506939.10,True,False,False,False,False
19336417,TcCLB.511183.260,True,False,False,False,False
19336417,TcCLB.510021.109,True,False,False,False,False
19336417,TcCLB.510545.30,True,False,False,False,False
19336417,TcCLB.504249.111,True,False,False,False,False
19336417,TcCLB.508081.10,True,False,False,False,False
19336417,TcCLB.508033.39,True,False,False,False,False
19336417,TcCLB.511063.130,True,False,False,False,False
19336417,TcCLB.507633.59,True,False,False,False,False
19336417,TcCLB.429251.10,True,False,False,False,False
19336417,TcCLB.510375.10,True,False,False,False,False
19336417,TcCLB.506615.100,True,False,False,False,False
19336417,TcCLB.511057.60,True,False,False,False,False
19336417,TcCLB.506279.220,True,False,False,False,False
19336417,TcCLB.508873.280,True,False,False,False,False
19336417,TcCLB.503501.70,True,False,False,False,False
19336417,TcCLB.507071.70,True,False,False,False,False
19336417,TcCLB.506955.244,True,False,False,False,False
19336417,TcCLB.510461.30,True,False,False,False,False
19336417,TcCLB.508511.10,True,False,False,False,False
19336417,TcCLB.504239.195,True,False,False,False,False
19336417,TcCLB.511255.630,True,False,False,False,False
19336417,TcCLB.506131.84,True,False,False,False,False
19336417,TcCLB.511645.10,True,False,False,False,False
19336417,TcCLB.511613.80,True,False,False,False,False
19336417,TcCLB.506285.110,True,False,False,False,False
19336417,TcCLB.504493.10,True,False,False,False,False
19336417,TcCLB.416605.30,True,False,False,False,False
19336417,TcCLB.511173.24,True,False,False,False,False
19336417,TcCLB.510013.230,True,False,False,False,False
19336417,TcCLB.508999.70,True,False,False,False,False
19336417,TcCLB.511083.30,True,False,False,False,False
19336417,TcCLB.508427.20,True,False,False,False,False
19336417,TcCLB.506267.90,True,False,False,False,False
19336417,TcCLB.504081.490,True,False,False,False,False
19336417,TcCLB.509081.110,True,False,False,False,False
19336417,TcCLB.506757.150,True,False,False,False,False
19336417,TcCLB.508289.70,True,False,False,False,False
19336417,TcCLB.508875.20,True,False,False,False,False
19336417,TcCLB.508099.9,True,False,False,False,False
19336417,TcCLB.506139.10,True,False,False,False,False
19336417,TcCLB.510219.5,True,False,False,False,False
19336417,TcCLB.511607.110,True,False,False,False,False
19336417,TcCLB.508221.1010,True,False,False,False,False
19336417,TcCLB.506245.70,True,False,False,False,False
19336417,TcCLB.506951.60,True,False,False,False,False
19336417,TcCLB.503507.35,True,False,False,False,False
19336417,TcCLB.506995.70,True,False,False,False,False
19336417,TcCLB.510047.120,True,False,False,False,False
19336417,TcCLB.508873.510,True,False,False,False,False
19336417,TcCLB.510279.210,True,False,False,False,False
19336417,TcCLB.506813.211,True,False,False,False,False
19336417,TcCLB.510197.20,True,False,False,False,False
19336417,TcCLB.511147.10,True,False,False,False,False
19336417,TcCLB.504201.40,True,False,False,False,False
19336417,TcCLB.510199.30,True,False,False,False,False
19336417,TcCLB.507357.90,True,False,False,False,False
19336417,TcCLB.510693.163,True,False,False,False,False
19336417,TcCLB.508221.381,True,False,False,False,False
19336417,TcCLB.506971.60,True,False,False,False,False
19336417,TcCLB.508293.80,True,False,False,False,False
19336417,TcCLB.511173.270,True,False,False,False,False
19336417,TcCLB.508251.31,True,False,False,False,False
19336417,TcCLB.504081.90,True,False,False,False,False
19336417,TcCLB.506133.207,True,False,False,False,False
19336417,TcCLB.508109.10,True,False,False,False,False
19336417,TcCLB.511553.200,True,False,False,False,False
19336417,TcCLB.510625.150,True,False,False,False,False
19336417,TcCLB.509925.10,True,False,False,False,False
19336417,TcCLB.510025.260,True,False,False,False,False
19336417,TcCLB.510489.5,True,False,False,False,False
19336417,TcCLB.507959.110,True,False,False,False,False
19336417,TcCLB.509753.250,True,False,False,False,False
19336417,TcCLB.507237.80,True,False,False,False,False
19336417,TcCLB.510205.80,True,False,False,False,False
19336417,TcCLB.506967.50,True,False,False,False,False
19336417,TcCLB.504081.350,True,False,False,False,False
19336417,TcCLB.506805.10,True,False,False,False,False
19336417,TcCLB.511233.130,True,False,False,False,False
19336417,TcCLB.507637.45,True,False,False,False,False
19336417,TcCLB.506409.90,True,False,False,False,False
19336417,TcCLB.505297.60,True,False,False,False,False
19336417,TcCLB.508165.30,True,False,False,False,False
19336417,TcCLB.508495.9,True,False,False,False,False
19336417,TcCLB.508221.960,True,False,False,False,False
19336417,TcCLB.503585.115,True,False,False,False,False
19336417,TcCLB.508493.20,True,False,False,False,False
19336417,TcCLB.508165.170,True,False,False,False,False
19336417,TcCLB.509419.190,True,False,False,False,False
19336417,TcCLB.510629.240,True,False,False,False,False
19336417,TcCLB.418613.20,True,False,False,False,False
19336417,TcCLB.508759.60,True,False,False,False,False
19336417,TcCLB.507071.380,True,False,False,False,False
19336417,TcCLB.504155.10,True,False,False,False,False
19336417,TcCLB.511449.119,True,False,False,False,False
19336417,TcCLB.508143.80,True,False,False,False,False
19336417,TcCLB.506501.329,True,False,False,False,False
19336417,TcCLB.508873.103,True,False,False,False,False
19336417,TcCLB.506599.150,True,False,False,False,False
19336417,TcCLB.510139.10,True,False,False,False,False
19336417,TcCLB.506269.99,True,False,False,False,False
19336417,TcCLB.511603.300,True,False,False,False,False
19336417,TcCLB.511607.90,True,False,False,False,False
19336417,TcCLB.506281.100,True,False,False,False,False
19336417,TcCLB.508221.580,True,False,False,False,False
19336417,TcCLB.508761.240,True,False,False,False,False
19336417,TcCLB.511599.120,True,False,False,False,False
19336417,TcCLB.507237.250,True,False,False,False,False
19336417,TcCLB.511613.60,True,False,False,False,False
19336417,TcCLB.506453.30,True,False,False,False,False
19336417,TcCLB.510463.240,True,False,False,False,False
19336417,TcCLB.473313.10,True,False,False,False,False
19336417,TcCLB.507579.10,True,False,False,False,False
19336417,TcCLB.508163.320,True,False,False,False,False
19336417,TcCLB.508147.150,True,False,False,False,False
19336417,TcCLB.506667.80,True,False,False,False,False
19336417,TcCLB.506757.50,True,False,False,False,False
19336417,TcCLB.511175.10,True,False,False,False,False
19336417,TcCLB.510693.91,True,False,False,False,False
19336417,TcCLB.510373.60,True,False,False,False,False
19336417,TcCLB.507069.180,True,False,False,False,False
19336417,TcCLB.510621.49,True,False,False,False,False
19336417,TcCLB.508979.60,True,False,False,False,False
19336417,TcCLB.508125.140,True,False,False,False,False
19336417,TcCLB.503977.70,True,False,False,False,False
19336417,TcCLB.506763.234,True,False,False,False,False
19336417,TcCLB.510361.260,True,False,False,False,False
19336417,TcCLB.506759.220,True,False,False,False,False
19336417,TcCLB.510915.10,True,False,False,False,False
19336417,TcCLB.511173.360,True,False,False,False,False
19336417,TcCLB.507959.210,True,False,False,False,False
19336417,TcCLB.510279.250,True,False,False,False,False
19336417,TcCLB.506321.20,True,False,False,False,False
19336417,TcCLB.506763.150,True,False,False,False,False
19336417,TcCLB.508161.10,True,False,False,False,False
19336417,TcCLB.510363.80,True,False,False,False,False
19336417,TcCLB.508759.10,True,False,False,False,False
19336417,TcCLB.506909.90,True,False,False,False,False
19336417,TcCLB.507847.20,True,False,False,False,False
19336417,TcCLB.506023.10,True,False,False,False,False
19336417,TcCLB.506993.86,True,False,False,False,False
19336417,TcCLB.507959.80,True,False,False,False,False
19336417,TcCLB.506973.90,True,False,False,False,False
19336417,TcCLB.508883.39,True,False,False,False,False
19336417,TcCLB.509525.94,True,False,False,False,False
19336417,TcCLB.506067.260,True,False,False,False,False
19336417,TcCLB.511089.19,True,False,False,False,False
19336417,TcCLB.507699.180,True,False,False,False,False
19336417,TcCLB.510629.150,True,False,False,False,False
19336417,TcCLB.510363.160,True,False,False,False,False
19336417,TcCLB.510483.70,True,False,False,False,False
19336417,TcCLB.509753.194,True,False,False,False,False
19336417,TcCLB.509699.60,True,False,False,False,False
19336417,TcCLB.510699.89,True,False,False,False,False
19336417,TcCLB.511907.160,True,False,False,False,False
19336417,TcCLB.506955.70,True,False,False,False,False
19336417,TcCLB.506879.40,True,False,False,False,False
19336417,TcCLB.506671.30,True,False,False,False,False
19336417,TcCLB.510463.120,True,False,False,False,False
19336417,TcCLB.510475.100,True,False,False,False,False
19336417,TcCLB.507091.80,True,False,False,False,False
19336417,TcCLB.506741.30,True,False,False,False,False
19336417,TcCLB.510583.130,True,False,False,False,False
19336417,TcCLB.510275.190,True,False,False,False,False
19336417,TcCLB.506321.50,True,False,False,False,False
19336417,TcCLB.510625.54,True,False,False,False,False
19336417,TcCLB.510025.30,True,False,False,False,False
19336417,TcCLB.511079.60,True,False,False,False,False
19336417,TcCLB.503501.7,True,False,False,False,False
19336417,TcCLB.508745.20,True,False,False,False,False
19336417,TcCLB.510705.10,True,False,False,False,False
19336417,TcCLB.506499.140,True,False,False,False,False
19336417,TcCLB.510805.30,True,False,False,False,False
19336417,TcCLB.510715.64,True,False,False,False,False
19336417,TcCLB.506101.10,True,False,False,False,False
19336417,TcCLB.508247.80,True,False,False,False,False
19336417,TcCLB.510803.15,True,False,False,False,False
19336417,TcCLB.507957.334,True,False,False,False,False
19336417,TcCLB.510623.39,True,False,False,False,False
19336417,TcCLB.506993.31,True,False,False,False,False
19336417,TcCLB.508221.320,True,False,False,False,False
19336417,TcCLB.509373.30,True,False,False,False,False
19336417,TcCLB.508869.59,True,False,False,False,False
19336417,TcCLB.421555.9,True,False,False,False,False
19336417,TcCLB.504239.290,True,False,False,False,False
19336417,TcCLB.442801.5,True,False,False,False,False
19336417,TcCLB.507437.10,True,False,False,False,False
19336417,TcCLB.511863.10,True,False,False,False,False
19336417,TcCLB.508613.74,True,False,False,False,False
19336417,TcCLB.508161.30,True,False,False,False,False
19336417,TcCLB.506409.190,True,False,False,False,False
19336417,TcCLB.504249.30,True,False,False,False,False
19336417,TcCLB.510361.209,True,False,False,False,False
19336417,TcCLB.505949.139,True,False,False,False,False
19336417,TcCLB.511081.60,True,False,False,False,False
19336417,TcCLB.511173.180,True,False,False,False,False
19336417,TcCLB.507731.10,True,False,False,False,False
19336417,TcCLB.508163.10,True,False,False,False,False
19336417,TcCLB.506289.230,True,False,False,False,False
19336417,TcCLB.510359.650,True,False,False,False,False
19336417,TcCLB.506767.240,True,False,False,False,False
19336417,TcCLB.508939.30,True,False,False,False,False
19336417,TcCLB.506599.240,True,False,False,False,False
19336417,TcCLB.511183.420,True,False,False,False,False
19336417,TcCLB.510279.310,True,False,False,False,False
19336417,TcCLB.503533.40,True,False,False,False,False
19336417,TcCLB.510629.290,True,False,False,False,False
19336417,TcCLB.510457.10,True,False,False,False,False
19336417,TcCLB.508615.10,True,False,False,False,False
19336417,TcCLB.506955.212,True,False,False,False,False
19336417,TcCLB.511553.140,True,False,False,False,False
19336417,TcCLB.507071.120,True,False,False,False,False
19336417,TcCLB.508097.60,True,False,False,False,False
19336417,TcCLB.510371.10,True,False,False,False,False
19336417,TcCLB.506767.40,True,False,False,False,False
19336417,TcCLB.508389.154,True,False,False,False,False
19336417,TcCLB.507961.10,True,False,False,False,False
19336417,TcCLB.509657.50,True,False,False,False,False
19336417,TcCLB.510697.80,True,False,False,False,False
19336417,TcCLB.511173.210,True,False,False,False,False
19336417,TcCLB.510205.20,True,False,False,False,False
19336417,TcCLB.507075.40,True,False,False,False,False
19336417,TcCLB.506599.170,True,False,False,False,False
19336417,TcCLB.509545.10,True,False,False,False,False
19336417,TcCLB.506459.10,True,False,False,False,False
19336417,TcCLB.506139.40,True,False,False,False,False
19336417,TcCLB.508541.20,True,False,False,False,False
19336417,TcCLB.503609.60,True,False,False,False,False
19336417,TcCLB.510371.120,True,False,False,False,False
19336417,TcCLB.509217.90,True,False,False,False,False
19336417,TcCLB.507185.26,True,False,False,False,False
19336417,TcCLB.508221.150,True,False,False,False,False
19336417,TcCLB.511611.20,True,False,False,False,False
19336417,TcCLB.508433.30,True,False,False,False,False
19336417,TcCLB.509525.160,True,False,False,False,False
19336417,TcCLB.508165.350,True,False,False,False,False
19336417,TcCLB.510583.209,True,False,False,False,False
19336417,TcCLB.506741.90,True,False,False,False,False
19336417,TcCLB.507957.280,True,False,False,False,False
19336417,TcCLB.511449.10,True,False,False,False,False
19336417,TcCLB.510583.180,True,False,False,False,False
19336417,TcCLB.510469.10,True,False,False,False,False
19336417,TcCLB.504197.20,True,False,False,False,False
19336417,TcCLB.508853.10,True,False,False,False,False
19336417,TcCLB.509195.50,True,False,False,False,False
19336417,TcCLB.508081.90,True,False,False,False,False
19336417,TcCLB.506901.85,True,False,False,False,False
19336417,TcCLB.511077.60,True,False,False,False,False
19336417,TcCLB.509753.60,True,False,False,False,False
19336417,TcCLB.507163.40,True,False,False,False,False
19336417,TcCLB.510697.60,True,False,False,False,False
19336417,TcCLB.508293.140,True,False,False,False,False
19336417,TcCLB.511185.120,True,False,False,False,False
19336417,TcCLB.509545.50,True,False,False,False,False
19336417,TcCLB.506139.160,True,False,False,False,False
19336417,TcCLB.510459.20,True,False,False,False,False
19336417,TcCLB.507957.300,True,False,False,False,False
19336417,TcCLB.508247.50,True,False,False,False,False
19336417,TcCLB.510033.14,True,False,False,False,False
19336417,TcCLB.506067.169,True,False,False,False,False
19336417,TcCLB.506245.230,True,False,False,False,False
19336417,TcCLB.433237.20,True,False,False,False,False
19336417,TcCLB.507959.280,True,False,False,False,False
19336417,TcCLB.508873.344,True,False,False,False,False
19336417,TcCLB.506879.60,True,False,False,False,False
19336417,TcCLB.503633.11,True,False,False,False,False
19336417,TcCLB.507237.20,True,False,False,False,False
19336417,TcCLB.503491.39,True,False,False,False,False
19336417,TcCLB.507957.220,True,False,False,False,False
19336417,TcCLB.509973.10,True,False,False,False,False
19336417,TcCLB.511057.30,True,False,False,False,False
19336417,TcCLB.507067.30,True,False,False,False,False
19336417,TcCLB.503973.80,True,False,False,False,False
19336417,TcCLB.506765.74,True,False,False,False,False
19336417,TcCLB.509897.30,True,False,False,False,False
19336417,TcCLB.508871.150,True,False,False,False,False
19336417,TcCLB.510213.39,True,False,False,False,False
19336417,TcCLB.511149.140,True,False,False,False,False
19336417,TcCLB.506321.140,True,False,False,False,False
19336417,TcCLB.511451.30,True,False,False,False,False
19336417,TcCLB.430603.10,True,False,False,False,False
19336417,TcCLB.503875.10,True,False,False,False,False
19336417,TcCLB.509419.140,True,False,False,False,False
19336417,TcCLB.507237.100,True,False,False,False,False
19336417,TcCLB.511643.50,True,False,False,False,False
19336417,TcCLB.508121.160,True,False,False,False,False
19336417,TcCLB.507041.55,True,False,False,False,False
19336417,TcCLB.506643.10,True,False,False,False,False
19336417,TcCLB.510163.30,True,False,False,False,False
19336417,TcCLB.510239.70,True,False,False,False,False
19336417,TcCLB.510359.550,True,False,False,False,False
19336417,TcCLB.509977.30,True,False,False,False,False
19336417,TcCLB.507429.3,True,False,False,False,False
19336417,TcCLB.511849.15,True,False,False,False,False
19336417,TcCLB.506499.40,True,False,False,False,False
19336417,TcCLB.510585.10,True,False,False,False,False
19336417,TcCLB.509979.270,True,False,False,False,False
19336417,TcCLB.510559.20,True,False,False,False,False
19336417,TcCLB.508753.10,True,False,False,False,False
19336417,TcCLB.507071.140,True,False,False,False,False
19336417,TcCLB.511553.30,True,False,False,False,False
19336417,TcCLB.507745.10,True,False,False,False,False
19336417,TcCLB.506967.70,True,False,False,False,False
19336417,TcCLB.508789.150,True,False,False,False,False
19336417,TcCLB.508359.20,True,False,False,False,False
19336417,TcCLB.506335.69,True,False,False,False,False
19336417,TcCLB.506501.350,True,False,False,False,False
19336417,TcCLB.511555.10,True,False,False,False,False
19336417,TcCLB.506185.20,True,False,False,False,False
19336417,TcCLB.506139.110,True,False,False,False,False
19336417,TcCLB.506879.10,True,False,False,False,False
19336417,TcCLB.511613.90,True,False,False,False,False
19336417,TcCLB.508289.9,True,False,False,False,False
19336417,TcCLB.506939.110,True,False,False,False,False
19336417,TcCLB.504081.420,True,False,False,False,False
19336417,TcCLB.508365.40,True,False,False,False,False
19336417,TcCLB.510189.40,True,False,False,False,False
19336417,TcCLB.510197.190,True,False,False,False,False
19336417,TcCLB.508761.30,True,False,False,False,False
19336417,TcCLB.506499.160,True,False,False,False,False
19336417,TcCLB.506269.40,True,False,False,False,False
19336417,TcCLB.504787.54,True,False,False,False,False
19336417,TcCLB.511593.60,True,False,False,False,False
19336417,TcCLB.510463.140,True,False,False,False,False
19336417,TcCLB.507959.170,True,False,False,False,False
19336417,TcCLB.511401.100,True,False,False,False,False
19336417,TcCLB.510363.280,True,False,False,False,False
19336417,TcCLB.507065.60,True,False,False,False,False
19336417,TcCLB.508245.70,True,False,False,False,False
19336417,TcCLB.511553.150,True,False,False,False,False
19336417,TcCLB.506501.290,True,False,False,False,False
19336417,TcCLB.510191.10,True,False,False,False,False
19336417,TcCLB.510487.79,True,False,False,False,False
19336417,TcCLB.511099.140,True,False,False,False,False
19336417,TcCLB.510039.30,True,False,False,False,False
19336417,TcCLB.511081.10,True,False,False,False,False
19336417,TcCLB.511089.30,True,False,False,False,False
19336417,TcCLB.504031.30,True,False,False,False,False
19336417,TcCLB.511643.73,True,False,False,False,False
19336417,TcCLB.503947.20,True,False,False,False,False
19336417,TcCLB.511603.500,True,False,False,False,False
19336417,TcCLB.511797.200,True,False,False,False,False
19336417,TcCLB.507523.80,True,False,False,False,False
19336417,TcCLB.509419.49,True,False,False,False,False
19336417,TcCLB.511171.90,True,False,False,False,False
19336417,TcCLB.506459.299,True,False,False,False,False
19336417,TcCLB.506267.10,True,False,False,False,False
19336417,TcCLB.506309.140,True,False,False,False,False
19336417,TcCLB.510701.40,True,False,False,False,False
19336417,TcCLB.511607.40,True,False,False,False,False
19336417,TcCLB.507957.150,True,False,False,False,False
19336417,TcCLB.509753.140,True,False,False,False,False
19336417,TcCLB.508327.10,True,False,False,False,False
19336417,TcCLB.508433.233,True,False,False,False,False
19336417,TcCLB.511839.20,True,False,False,False,False
19336417,TcCLB.508163.140,True,False,False,False,False
19336417,TcCLB.510693.320,True,False,False,False,False
19336417,TcCLB.506599.50,True,False,False,False,False
19336417,TcCLB.507071.180,True,False,False,False,False
19336417,TcCLB.510279.330,True,False,False,False,False
19336417,TcCLB.508985.10,True,False,False,False,False
19336417,TcCLB.479481.10,True,False,False,False,False
19336417,TcCLB.510015.30,True,False,False,False,False
19336417,TcCLB.510483.310,True,False,False,False,False
19336417,TcCLB.510583.34,True,False,False,False,False
19336417,TcCLB.508499.30,True,False,False,False,False
19336417,TcCLB.509897.124,True,False,False,False,False
19336417,TcCLB.506877.20,True,False,False,False,False
19336417,TcCLB.506909.155,True,False,False,False,False
19336417,TcCLB.510371.100,True,False,False,False,False
19336417,TcCLB.510463.90,True,False,False,False,False
19336417,TcCLB.510503.89,True,False,False,False,False
19336417,TcCLB.506501.184,True,False,False,False,False
19336417,TcCLB.506759.20,True,False,False,False,False
19336417,TcCLB.510363.220,True,False,False,False,False
19336417,TcCLB.508253.10,True,False,False,False,False
19336417,TcCLB.511797.167,True,False,False,False,False
19336417,TcCLB.510417.20,True,False,False,False,False
19336417,TcCLB.506971.10,True,False,False,False,False
19336417,TcCLB.506501.220,True,False,False,False,False
19336417,TcCLB.511923.10,True,False,False,False,False
19336417,TcCLB.511255.360,True,False,False,False,False
19336417,TcCLB.504787.90,True,False,False,False,False
19336417,TcCLB.510419.11,True,False,False,False,False
19336417,TcCLB.509525.10,True,False,False,False,False
19336417,TcCLB.463955.20,True,False,False,False,False
19336417,TcCLB.511373.10,True,False,False,False,False
19336417,TcCLB.510085.60,True,False,False,False,False
19336417,TcCLB.510465.110,True,False,False,False,False
19336417,TcCLB.511063.110,True,False,False,False,False
19336417,TcCLB.506965.180,True,False,False,False,False
19336417,TcCLB.504239.161,True,False,False,False,False
19336417,TcCLB.510561.50,True,False,False,False,False
19336417,TcCLB.509699.110,True,False,False,False,False
19336417,TcCLB.506309.70,True,False,False,False,False
19336417,TcCLB.509251.70,True,False,False,False,False
19336417,TcCLB.507145.70,True,False,False,False,False
19336417,TcCLB.511603.380,True,False,False,False,False
19336417,TcCLB.509753.70,True,False,False,False,False
19336417,TcCLB.510377.350,True,False,False,False,False
19336417,TcCLB.506321.120,True,False,False,False,False
19336417,TcCLB.503699.11,True,False,False,False,False
19336417,TcCLB.509369.81,True,False,False,False,False
19336417,TcCLB.510709.60,True,False,False,False,False
19336417,TcCLB.503427.19,True,False,False,False,False
19336417,TcCLB.511255.50,True,False,False,False,False
19336417,TcCLB.510107.30,True,False,False,False,False
19336417,TcCLB.508165.210,True,False,False,False,False
19336417,TcCLB.506955.14,True,False,False,False,False
19336417,TcCLB.510025.220,True,False,False,False,False
19336417,TcCLB.511603.30,True,False,False,False,False
19336417,TcCLB.510961.30,True,False,False,False,False
19336417,TcCLB.509631.20,True,False,False,False,False
19336417,TcCLB.511397.10,True,False,False,False,False
19336417,TcCLB.510237.120,True,False,False,False,False
19336417,TcCLB.510275.29,True,False,False,False,False
19336417,TcCLB.506131.30,True,False,False,False,False
19336417,TcCLB.508435.40,True,False,False,False,False
19336417,TcCLB.511487.170,True,False,False,False,False
19336417,TcCLB.506423.10,True,False,False,False,False
19336417,TcCLB.510465.74,True,False,False,False,False
19336417,TcCLB.503585.10,True,False,False,False,False
19336417,TcCLB.504081.530,True,False,False,False,False
19336417,TcCLB.504039.170,True,False,False,False,False
19336417,TcCLB.507747.114,True,False,False,False,False
19336417,TcCLB.506741.60,True,False,False,False,False
19336417,TcCLB.509527.154,True,False,False,False,False
19336417,TcCLB.506139.70,True,False,False,False,False
19336417,TcCLB.506067.240,True,False,False,False,False
19336417,TcCLB.511255.130,True,False,False,False,False
19336417,TcCLB.506763.260,True,False,False,False,False
19336417,TcCLB.508221.550,True,False,False,False,False
19336417,TcCLB.508433.10,True,False,False,False,False
19336417,TcCLB.506813.29,True,False,False,False,False
19336417,TcCLB.506767.230,True,False,False,False,False
19336417,TcCLB.510555.10,True,False,False,False,False
19336417,TcCLB.503717.40,True,False,False,False,False
19336417,TcCLB.511173.400,True,False,False,False,False
19336417,TcCLB.509419.20,True,False,False,False,False
19336417,TcCLB.511185.100,True,False,False,False,False
19336417,TcCLB.511547.14,True,False,False,False,False
19336417,TcCLB.503977.30,True,False,False,False,False
19336417,TcCLB.506769.120,True,False,False,False,False
19336417,TcCLB.507217.60,True,False,False,False,False
19336417,TcCLB.509419.150,True,False,False,False,False
19336417,TcCLB.509973.70,True,False,False,False,False
19336417,TcCLB.508081.70,True,False,False,False,False
19336417,TcCLB.510275.60,True,False,False,False,False
19336417,TcCLB.448197.10,True,False,False,False,False
19336417,TcCLB.507085.150,True,False,False,False,False
19336417,TcCLB.509081.20,True,False,False,False,False
19336417,TcCLB.507959.260,True,False,False,False,False
19336417,TcCLB.507987.30,True,False,False,False,False
19336417,TcCLB.510207.40,True,False,False,False,False
19336417,TcCLB.508633.30,True,False,False,False,False
19336417,TcCLB.510961.10,True,False,False,False,False
19336417,TcCLB.511401.40,True,False,False,False,False
19336417,TcCLB.510627.60,True,False,False,False,False
19336417,TcCLB.510013.70,True,False,False,False,False
19336417,TcCLB.508305.20,True,False,False,False,False
19336417,TcCLB.510269.50,True,False,False,False,False
19336417,TcCLB.511875.9,True,False,False,False,False
19336417,TcCLB.510377.390,True,False,False,False,False
19336417,TcCLB.508541.90,True,False,False,False,False
19336417,TcCLB.503587.80,True,False,False,False,False
19336417,TcCLB.509525.410,True,False,False,False,False
19336417,TcCLB.506703.140,True,False,False,False,False
19336417,TcCLB.511609.30,True,False,False,False,False
19336417,TcCLB.511591.10,True,False,False,False,False
19336417,TcCLB.506267.70,True,False,False,False,False
19336417,TcCLB.507069.130,True,False,False,False,False
19336417,TcCLB.508869.20,True,False,False,False,False
19336417,TcCLB.509867.20,True,False,False,False,False
19336417,TcCLB.506067.140,True,False,False,False,False
19336417,TcCLB.507859.60,True,False,False,False,False
19336417,TcCLB.509811.18,True,False,False,False,False
19336417,TcCLB.506067.110,True,False,False,False,False
19336417,TcCLB.508291.10,True,False,False,False,False
19336417,TcCLB.504975.10,True,False,False,False,False
19336417,TcCLB.507729.50,True,False,False,False,False
19336417,TcCLB.511921.140,True,False,False,False,False
19336417,TcCLB.504155.293,True,False,False,False,False
19336417,TcCLB.508539.80,True,False,False,False,False
19336417,TcCLB.506781.39,True,False,False,False,False
19336417,TcCLB.506501.10,True,False,False,False,False
19336417,TcCLB.510709.10,True,False,False,False,False
19336417,TcCLB.508871.60,True,False,False,False,False
19336417,TcCLB.509969.31,True,False,False,False,False
19336417,TcCLB.507605.13,True,False,False,False,False
19336417,TcCLB.508221.860,True,False,False,False,False
19336417,TcCLB.506499.80,True,False,False,False,False
19336417,TcCLB.507637.180,True,False,False,False,False
19336417,TcCLB.508761.270,True,False,False,False,False
19336417,TcCLB.509081.5,True,False,False,False,False
19336417,TcCLB.511861.100,True,False,False,False,False
19336417,TcCLB.511173.250,True,False,False,False,False
19336417,TcCLB.510391.20,True,False,False,False,False
19336417,TcCLB.510021.20,True,False,False,False,False
19336417,TcCLB.510561.7,True,False,False,False,False
19336417,TcCLB.506789.11,True,False,False,False,False
19336417,TcCLB.510275.250,True,False,False,False,False
19336417,TcCLB.504201.50,True,False,False,False,False
19336417,TcCLB.508873.460,True,False,False,False,False
19336417,TcCLB.507065.29,True,False,False,False,False
19336417,TcCLB.510715.140,True,False,False,False,False
19336417,TcCLB.504655.9,True,False,False,False,False
19336417,TcCLB.506965.20,True,False,False,False,False
19336417,TcCLB.506277.30,True,False,False,False,False
19336417,TcCLB.509631.80,True,False,False,False,False
19336417,TcCLB.511853.21,True,False,False,False,False
19336417,TcCLB.511259.180,True,False,False,False,False
19336417,TcCLB.510157.10,True,False,False,False,False
19336417,TcCLB.506611.10,True,False,False,False,False
19336417,TcCLB.508221.970,True,False,False,False,False
19336417,TcCLB.507803.10,True,False,False,False,False
19336417,TcCLB.509897.80,True,False,False,False,False
19336417,TcCLB.508165.280,True,False,False,False,False
19336417,TcCLB.504261.100,True,False,False,False,False
19336417,TcCLB.511625.140,True,False,False,False,False
19336417,TcCLB.508433.90,True,False,False,False,False
19336417,TcCLB.510587.20,True,False,False,False,False
19336417,TcCLB.508219.10,True,False,False,False,False
19336417,TcCLB.506599.360,True,False,False,False,False
19336417,TcCLB.506269.10,True,False,False,False,False
19336417,TcCLB.509993.51,True,False,False,False,False
19336417,TcCLB.510627.150,True,False,False,False,False
19336417,TcCLB.508221.329,True,False,False,False,False
19336417,TcCLB.503717.80,True,False,False,False,False
19336417,TcCLB.509657.30,True,False,False,False,False
19336417,TcCLB.511849.30,True,False,False,False,False
19336417,TcCLB.508873.10,True,False,False,False,False
19336417,TcCLB.510553.30,True,False,False,False,False
19336417,TcCLB.510361.50,True,False,False,False,False
19336417,TcCLB.508433.120,True,False,False,False,False
19336417,TcCLB.507957.179,True,False,False,False,False
19336417,TcCLB.509525.390,True,False,False,False,False
19336417,TcCLB.511667.50,True,False,False,False,False
19336417,TcCLB.509545.79,True,False,False,False,False
19336417,TcCLB.508227.40,True,False,False,False,False
19336417,TcCLB.510933.90,True,False,False,False,False
19336417,TcCLB.506613.110,True,False,False,False,False
19336417,TcCLB.506279.160,True,False,False,False,False
19336417,TcCLB.506131.5,True,False,False,False,False
19336417,TcCLB.510361.30,True,False,False,False,False
19336417,TcCLB.506955.99,True,False,False,False,False
19336417,TcCLB.508433.180,True,False,False,False,False
19336417,TcCLB.511851.44,True,False,False,False,False
19336417,TcCLB.506763.50,True,False,False,False,False
19336417,TcCLB.509947.20,True,False,False,False,False
19336417,TcCLB.509527.80,True,False,False,False,False
19336417,TcCLB.508493.50,True,False,False,False,False
19336417,TcCLB.508365.200,True,False,False,False,False
19336417,TcCLB.511377.30,True,False,False,False,False
19336417,TcCLB.511173.150,True,False,False,False,False
19336417,TcCLB.508159.50,True,False,False,False,False
19336417,TcCLB.510201.20,True,False,False,False,False
19336417,TcCLB.510643.90,True,False,False,False,False
19336417,TcCLB.508759.40,True,False,False,False,False
19336417,TcCLB.510693.130,True,False,False,False,False
19336417,TcCLB.508883.10,True,False,False,False,False
19336417,TcCLB.506289.120,True,False,False,False,False
19336417,TcCLB.507637.150,True,False,False,False,False
19336417,TcCLB.510979.10,True,False,False,False,False
19336417,TcCLB.509751.28,True,False,False,False,False
19336417,TcCLB.511089.140,True,False,False,False,False
19336417,TcCLB.509699.210,True,False,False,False,False
19336417,TcCLB.505479.10,True,False,False,False,False
19336417,TcCLB.508435.10,True,False,False,False,False
19336417,TcCLB.510359.570,True,False,False,False,False
19336417,TcCLB.507071.240,True,False,False,False,False
19336417,TcCLB.510463.200,True,False,False,False,False
19336417,TcCLB.508245.40,True,False,False,False,False
19336417,TcCLB.511793.30,True,False,False,False,False
19336417,TcCLB.507957.10,True,False,False,False,False
19336417,TcCLB.508509.11,True,False,False,False,False
19336417,TcCLB.509547.40,True,False,False,False,False
19336417,TcCLB.511851.61,True,False,False,False,False
19336417,TcCLB.505949.169,True,False,False,False,False
19336417,TcCLB.509079.20,True,False,False,False,False
19336417,TcCLB.507957.240,True,False,False,False,False
19336417,TcCLB.424499.10,True,False,False,False,False
19336417,TcCLB.510377.100,True,False,False,False,False
19336417,TcCLB.503645.10,True,False,False,False,False
19336417,TcCLB.511373.30,True,False,False,False,False
19336417,TcCLB.503659.10,True,False,False,False,False
19336417,TcCLB.506955.184,True,False,False,False,False
19336417,TcCLB.506599.210,True,False,False,False,False
19336417,TcCLB.508745.70,True,False,False,False,False
19336417,TcCLB.505949.50,True,False,False,False,False
19336417,TcCLB.508747.59,True,False,False,False,False
19336417,TcCLB.506361.50,True,False,False,False,False
19336417,TcCLB.503497.10,True,False,False,False,False
19336417,TcCLB.503665.30,True,False,False,False,False
19336417,TcCLB.511183.80,True,False,False,False,False
19336417,TcCLB.508539.160,True,False,False,False,False
19336417,TcCLB.510013.310,True,False,False,False,False
19336417,TcCLB.506609.70,True,False,False,False,False
19336417,TcCLB.508157.20,True,False,False,False,False
19336417,TcCLB.506967.100,True,False,False,False,False
19336417,TcCLB.509993.31,True,False,False,False,False
19336417,TcCLB.468217.14,True,False,False,False,False
19336417,TcCLB.506667.120,True,False,False,False,False
19336417,TcCLB.507687.70,True,False,False,False,False
19336417,TcCLB.511221.50,True,False,False,False,False
19336417,TcCLB.511347.20,True,False,False,False,False
19336417,TcCLB.505025.70,True,False,False,False,False
19336417,TcCLB.504081.170,True,False,False,False,False
19336417,TcCLB.508309.10,True,False,False,False,False
19336417,TcCLB.506067.290,True,False,False,False,False
19336417,TcCLB.506279.74,True,False,False,False,False
19336417,TcCLB.507959.300,True,False,False,False,False
19336417,TcCLB.510279.190,True,False,False,False,False
19336417,TcCLB.510363.70,True,False,False,False,False
19336417,TcCLB.448661.10,True,False,False,False,False
19336417,TcCLB.509075.40,True,False,False,False,False
19336417,TcCLB.506969.10,True,False,False,False,False
19336417,TcCLB.506173.60,True,False,False,False,False
19336417,TcCLB.506131.110,True,False,False,False,False
19336417,TcCLB.508221.894,True,False,False,False,False
19336417,TcCLB.508499.20,True,False,False,False,False
19336417,TcCLB.510373.10,True,False,False,False,False
19336417,TcCLB.508687.30,True,False,False,False,False
19336417,TcCLB.503503.40,True,False,False,False,False
19336417,TcCLB.510497.100,True,False,False,False,False
19336417,TcCLB.508117.20,True,False,False,False,False
19336417,TcCLB.510621.60,True,False,False,False,False
19336417,TcCLB.506667.40,True,False,False,False,False
19336417,TcCLB.510361.190,True,False,False,False,False
19336417,TcCLB.509477.10,True,False,False,False,False
19336417,TcCLB.511553.10,True,False,False,False,False
19336417,TcCLB.510021.50,True,False,False,False,False
19336417,TcCLB.511785.10,True,False,False,False,False
19336417,TcCLB.510933.20,True,False,False,False,False
19336417,TcCLB.506767.400,True,False,False,False,False
19336417,TcCLB.510089.10,True,False,False,False,False
19336417,TcCLB.506993.130,True,False,False,False,False
19336417,TcCLB.511625.90,True,False,False,False,False
19336417,TcCLB.508165.150,True,False,False,False,False
19336417,TcCLB.506329.59,True,False,False,False,False
19336417,TcCLB.508201.30,True,False,False,False,False
19336417,TcCLB.509227.20,True,False,False,False,False
19336417,TcCLB.509753.310,True,False,False,False,False
19336417,TcCLB.509993.15,True,False,False,False,False
19336417,TcCLB.506289.150,True,False,False,False,False
19336417,TcCLB.510629.70,True,False,False,False,False
19336417,TcCLB.508977.20,True,False,False,False,False
19336417,TcCLB.510279.140,True,False,False,False,False
19336417,TcCLB.506767.5,True,False,False,False,False
19336417,TcCLB.506767.340,True,False,False,False,False
19336417,TcCLB.510375.40,True,False,False,False,False
19336417,TcCLB.511173.309,True,False,False,False,False
19336417,TcCLB.508541.110,True,False,False,False,False
19336417,TcCLB.503973.280,True,False,False,False,False
19336417,TcCLB.511197.60,True,False,False,False,False
19336417,TcCLB.511183.40,True,False,False,False,False
19336417,TcCLB.506759.170,True,False,False,False,False
19336417,TcCLB.509525.230,True,False,False,False,False
19336417,TcCLB.508873.450,True,False,False,False,False
19336417,TcCLB.508999.127,True,False,False,False,False
19336417,TcCLB.508313.30,True,False,False,False,False
19336417,TcCLB.504737.20,True,False,False,False,False
19336417,TcCLB.506267.80,True,False,False,False,False
19336417,TcCLB.507295.20,True,False,False,False,False
19336417,TcCLB.511173.64,True,False,False,False,False
19336417,TcCLB.508081.50,True,False,False,False,False
19336417,TcCLB.508221.30,True,False,False,False,False
19336417,TcCLB.506139.1,True,False,False,False,False
19336417,TcCLB.508221.509,True,False,False,False,False
19336417,TcCLB.511259.220,True,False,False,False,False
19336417,TcCLB.510019.30,True,False,False,False,False
19336417,TcCLB.503645.40,True,False,False,False,False
19336417,TcCLB.511183.560,True,False,False,False,False
19336417,TcCLB.504239.30,True,True,True,False,False
19336417,TcCLB.508873.580,True,False,False,False,False
19336417,TcCLB.511255.80,True,False,False,False,False
19336417,TcCLB.511079.100,True,False,False,False,False
19336417,TcCLB.503699.19,True,False,False,False,False
19336417,TcCLB.507957.60,True,False,False,False,False
19336417,TcCLB.506001.14,True,False,False,False,False
19336417,TcCLB.508539.110,True,False,False,False,False
19336417,TcCLB.510377.450,True,False,False,False,False
19336417,TcCLB.509699.140,True,False,False,False,False
19336417,TcCLB.506137.27,True,False,False,False,False
19336417,TcCLB.508521.70,True,False,False,False,False
19336417,TcCLB.511401.130,True,False,False,False,False
19336417,TcCLB.503609.24,True,False,False,False,False
19336417,TcCLB.421621.50,True,False,False,False,False
19336417,TcCLB.459793.20,True,False,False,False,False
19336417,TcCLB.504039.160,True,False,False,False,False
19336417,TcCLB.511149.190,True,False,False,False,False
19336417,TcCLB.508341.10,True,False,False,False,False
19336417,TcCLB.510359.380,True,False,False,False,False
19336417,TcCLB.510021.130,True,False,False,False,False
19336417,TcCLB.504911.20,True,False,False,False,False
19336417,TcCLB.506603.20,True,False,False,False,False
19336417,TcCLB.510697.10,True,False,False,False,False
19336417,TcCLB.507937.20,True,False,False,False,False
19336417,TcCLB.511605.20,True,False,False,False,False
19336417,TcCLB.508221.810,True,False,False,False,False
19336417,TcCLB.511255.169,True,False,False,False,False
19336417,TcCLB.507069.94,True,False,False,False,False
19336417,TcCLB.507071.349,True,False,False,False,False
19336417,TcCLB.508261.50,True,False,False,False,False
19336417,TcCLB.511259.149,True,False,False,False,False
19336417,TcCLB.506067.70,True,False,False,False,False
19336417,TcCLB.508873.160,True,False,False,False,False
19336417,TcCLB.511255.540,True,False,False,False,False
19336417,TcCLB.509419.120,True,False,False,False,False
19336417,TcCLB.504587.30,True,False,False,False,False
19336417,TcCLB.508977.50,True,False,False,False,False
19336417,TcCLB.510699.20,True,False,False,False,False
19336417,TcCLB.510483.230,True,False,False,False,False
19336417,TcCLB.511077.110,True,False,False,False,False
19336417,TcCLB.506067.34,True,False,False,False,False
19336417,TcCLB.503519.30,True,False,False,False,False
19336417,TcCLB.506899.30,True,False,False,False,False
19336417,TcCLB.506801.40,True,False,False,False,False
19336417,TcCLB.507957.200,True,False,False,False,False
19336417,TcCLB.510621.20,True,False,False,False,False
19336417,TcCLB.511061.20,True,False,False,False,False
19336417,TcCLB.508495.150,True,False,False,False,False
19336417,TcCLB.508983.10,True,False,False,False,False
19336417,TcCLB.506765.50,True,False,False,False,False
19336417,TcCLB.506245.270,True,False,False,False,False
19336417,TcCLB.503587.10,True,False,False,False,False
19336417,TcCLB.510377.430,True,False,False,False,False
19336417,TcCLB.503771.90,True,False,False,False,False
19336417,TcCLB.509977.80,True,False,False,False,False
19336417,TcCLB.510013.150,True,False,False,False,False
19336417,TcCLB.506799.50,True,False,False,False,False
19336417,TcCLB.508125.14,True,False,False,False,False
19336417,TcCLB.506501.380,True,False,False,False,False
19336417,TcCLB.510361.240,True,False,False,False,False
19336417,TcCLB.511183.530,True,False,False,False,False
19336417,TcCLB.506611.40,True,False,False,False,False
19336417,TcCLB.510387.40,True,False,False,False,False
19336417,TcCLB.510539.10,True,False,False,False,False
19336417,TcCLB.511213.15,True,False,False,False,False
19336417,TcCLB.508219.110,True,False,False,False,False
19336417,TcCLB.510623.20,True,False,False,False,False
19336417,TcCLB.503827.60,True,False,False,False,False
19336417,TcCLB.510483.20,True,False,False,False,False
19336417,TcCLB.511149.60,True,False,False,False,False
19336417,TcCLB.510705.20,True,False,False,False,False
19336417,TcCLB.508047.20,True,False,False,False,False
19336417,TcCLB.511643.130,True,False,False,False,False
19336417,TcCLB.510483.154,True,False,False,False,False
19336417,TcCLB.506187.50,True,False,False,False,False
19336417,TcCLB.507063.340,True,False,False,False,False
19336417,TcCLB.503973.150,True,False,False,False,False
19336417,TcCLB.510371.50,True,False,False,False,False
19336417,TcCLB.506499.105,True,False,False,False,False
19336417,TcCLB.511877.20,True,False,False,False,False
19336417,TcCLB.510537.50,True,False,False,False,False
19336417,TcCLB.510279.60,True,False,False,False,False
19336417,TcCLB.506973.30,True,False,False,False,False
19336417,TcCLB.510047.60,True,False,False,False,False
19336417,TcCLB.397923.10,True,False,False,False,False
19336417,TcCLB.510417.40,True,False,False,False,False
19336417,TcCLB.506613.50,True,False,False,False,False
19336417,TcCLB.510359.680,True,False,False,False,False
19336417,TcCLB.510191.70,True,False,False,False,False
19336417,TcCLB.511553.100,True,False,False,False,False
19336417,TcCLB.506131.140,True,False,False,False,False
19336417,TcCLB.510713.130,True,False,False,False,False
19336417,TcCLB.511259.200,True,False,False,False,False
19336417,TcCLB.511255.670,True,False,False,False,False
19336417,TcCLB.510025.160,True,False,False,False,False
19336417,TcCLB.508365.4,True,False,False,False,False
19336417,TcCLB.509251.9,True,False,False,False,False
19336417,TcCLB.511611.50,True,False,False,False,False
19336417,TcCLB.506761.11,True,False,False,False,False
19336417,TcCLB.510979.50,True,False,False,False,False
19336417,TcCLB.508629.120,True,False,False,False,False
19336417,TcCLB.511095.20,True,False,False,False,False
19336417,TcCLB.510483.120,True,False,False,False,False
19336417,TcCLB.408547.10,True,False,False,False,False
19336417,TcCLB.511923.49,True,False,False,False,False
19336417,TcCLB.510807.50,True,False,False,False,False
19336417,TcCLB.510197.160,True,False,False,False,False
19336417,TcCLB.508121.110,True,False,False,False,False
19336417,TcCLB.507957.320,True,False,False,False,False
19336417,TcCLB.510933.160,True,False,False,False,False
19336417,TcCLB.506965.100,True,False,False,False,False
19336417,TcCLB.509979.200,True,False,False,False,False
19336417,TcCLB.507069.50,True,False,False,False,False
19336417,TcCLB.509765.95,True,False,False,False,False
19336417,TcCLB.509753.100,True,False,False,False,False
19336417,TcCLB.510625.109,True,False,False,False,False
19336417,TcCLB.507237.220,True,False,False,False,False
19336417,TcCLB.510693.19,True,False,False,False,False
19336417,TcCLB.504035.41,True,False,False,False,False
19336417,TcCLB.506671.10,True,False,False,False,False
19336417,TcCLB.510239.40,True,False,False,False,False
19336417,TcCLB.508243.10,True,False,False,False,False
19336417,TcCLB.511173.50,True,False,False,False,False
19336417,TcCLB.508033.69,True,False,False,False,False
19336417,TcCLB.505023.40,True,False,False,False,False
19336417,TcCLB.508389.50,True,False,False,False,False
19336417,TcCLB.507237.270,True,False,False,False,False
19336417,TcCLB.506785.14,True,False,False,False,False
19336417,TcCLB.506741.120,True,False,False,False,False
19336417,TcCLB.504015.11,True,False,False,False,False
19336417,TcCLB.508873.70,True,False,False,False,False
19336417,TcCLB.506789.50,True,False,False,False,False
19336417,TcCLB.511063.11,True,False,False,False,False
19336417,TcCLB.507429.20,True,False,False,False,False
19336417,TcCLB.507091.120,True,False,False,False,False
19336417,TcCLB.510085.10,True,False,False,False,False
19336417,TcCLB.510483.220,True,False,False,False,False
19336417,TcCLB.408825.5,True,False,False,False,False
19336417,TcCLB.510359.520,True,False,False,False,False
19336417,TcCLB.508125.50,True,False,False,False,False
19336417,TcCLB.510377.310,True,False,False,False,False
19336417,TcCLB.509979.174,True,False,False,False,False
19336417,TcCLB.511117.60,True,False,False,False,False
19336417,TcCLB.510465.140,True,False,False,False,False
19336417,TcCLB.510237.40,True,False,False,False,False
19336417,TcCLB.505949.80,True,False,False,False,False
19336417,TcCLB.510623.50,True,False,False,False,False
19336417,TcCLB.506783.39,True,False,False,False,False
19336417,TcCLB.508873.250,True,False,False,False,False
19336417,TcCLB.507069.10,True,False,False,False,False
19336417,TcCLB.506599.330,True,False,False,False,False
19336417,TcCLB.506763.280,True,False,False,False,False
19336417,TcCLB.508871.40,True,False,False,False,False
19336417,TcCLB.506335.50,True,False,False,False,False
19336417,TcCLB.507801.240,True,False,False,False,False
19336417,TcCLB.504239.350,True,False,False,False,False
19336417,TcCLB.505919.11,True,False,False,False,False
19336417,TcCLB.510373.119,True,False,False,False,False
19336417,TcCLB.510363.260,True,False,False,False,False
19336417,TcCLB.506291.10,True,False,False,False,False
19336417,TcCLB.508229.30,True,False,False,False,False
19336417,TcCLB.506769.80,True,False,False,False,False
19336417,TcCLB.506767.140,True,False,False,False,False
19336417,TcCLB.511173.496,True,False,False,False,False
19336417,TcCLB.504787.70,True,False,False,False,False
19336417,TcCLB.508219.70,True,False,False,False,False
19336417,TcCLB.510465.24,True,False,False,False,False
19336417,TcCLB.507633.21,True,False,False,False,False
19336417,TcCLB.503717.20,True,False,False,False,False
19336417,TcCLB.509493.100,True,False,False,False,False
19336417,TcCLB.508761.150,True,False,False,False,False
19336417,TcCLB.511603.160,True,False,False,False,False
19336417,TcCLB.508251.50,True,False,False,False,False
19336417,TcCLB.511173.430,True,False,False,False,False
19336417,TcCLB.508221.660,True,False,False,False,False
19336417,TcCLB.508057.20,True,False,False,False,False
19336417,TcCLB.506703.50,True,False,False,False,False
19336417,TcCLB.510917.9,True,False,False,False,False
19336417,TcCLB.511603.320,True,False,False,False,False
19336417,TcCLB.508165.410,True,False,False,False,False
22039427,TcCLB.506595.40,True,False,False,False,False
22039427,TcCLB.506763.110,True,False,False,False,False
22039427,TcCLB.509777.30,True,False,False,False,False
22039427,TcCLB.506279.140,True,False,False,False,False
22039427,TcCLB.511173.130,True,False,False,False,False
22039427,TcCLB.509897.270,True,False,False,False,False
22039427,TcCLB.508221.650,True,False,False,False,False
22039427,TcCLB.510933.80,True,False,False,False,False
22039427,TcCLB.504145.10,True,False,False,False,False
22039427,TcCLB.505207.10,True,False,False,False,False
22039427,TcCLB.503759.10,True,False,False,False,False
22039427,TcCLB.510847.10,True,False,False,False,False
22039427,TcCLB.510497.40,True,False,False,False,False
22039427,TcCLB.506703.90,True,False,False,False,False
22039427,TcCLB.511057.40,True,False,False,False,False
22039427,TcCLB.503993.10,True,False,False,False,False
22039427,TcCLB.507653.20,True,False,False,False,False
22039427,TcCLB.508161.20,True,False,False,False,False
22039427,TcCLB.508355.80,True,False,False,False,False
22039427,TcCLB.508873.330,True,False,False,False,False
22039427,TcCLB.511615.10,True,False,False,False,False
22039427,TcCLB.504313.10,True,False,False,False,False
22039427,TcCLB.508221.590,True,False,False,False,False
22039427,TcCLB.511547.20,True,False,False,False,False
22039427,TcCLB.504031.50,True,False,False,False,False
22039427,TcCLB.506449.10,True,False,False,False,False
22039427,TcCLB.420293.20,True,False,False,False,False
22039427,TcCLB.510713.160,True,False,False,False,False
22039427,TcCLB.510307.210,True,False,False,False,False
22039427,TcCLB.504425.10,True,False,False,False,False
22039427,TcCLB.507085.30,True,False,False,False,False
22039427,TcCLB.511401.120,True,False,False,False,False
22039427,TcCLB.509817.50,True,False,False,False,False
22039427,TcCLB.509771.10,True,False,False,False,False
22039427,TcCLB.504341.10,True,False,False,False,False
22039427,TcCLB.509157.170,True,False,False,False,False
22039427,TcCLB.505919.20,True,False,False,False,False
22039427,TcCLB.511063.40,True,False,False,False,False
22039427,TcCLB.510021.120,True,False,False,False,False
22039427,TcCLB.511585.230,True,False,False,False,False
22039427,TcCLB.472357.10,True,False,False,False,False
22039427,TcCLB.506171.60,True,False,False,False,False
22039427,TcCLB.511089.80,True,False,False,False,False
22039427,TcCLB.510553.40,True,False,False,False,False
22039427,TcCLB.508871.170,True,False,False,False,False
22039427,TcCLB.511323.10,True,False,False,False,False
22039427,TcCLB.509875.80,True,False,False,False,False
22039427,TcCLB.508977.80,True,False,False,False,False
22039427,TcCLB.508451.60,True,False,False,False,False
22039427,TcCLB.506597.40,True,False,False,False,False
22039427,TcCLB.511669.10,True,False,False,False,False
22039427,TcCLB.510331.10,True,False,False,False,False
22039427,TcCLB.511551.10,True,False,False,False,False
22039427,TcCLB.510853.40,True,False,False,False,False
22039427,TcCLB.504155.20,True,False,False,False,False
22039427,TcCLB.506841.20,True,False,False,False,False
22039427,TcCLB.510055.20,True,False,False,False,False
22039427,TcCLB.510197.30,True,False,False,False,False
22039427,TcCLB.506471.120,True,False,False,False,False
22039427,TcCLB.507753.10,True,False,False,False,False
22039427,TcCLB.508455.20,True,False,False,False,False
22039427,TcCLB.507875.70,True,False,False,False,False
22039427,TcCLB.507255.20,True,False,False,False,False
22039427,TcCLB.508109.60,True,False,False,False,False
22039427,TcCLB.509265.90,True,False,False,False,False
22039427,TcCLB.507949.210,True,False,False,False,False
22039427,TcCLB.511185.80,True,False,False,False,False
22039427,TcCLB.504239.260,True,False,False,False,False
22039427,TcCLB.503601.10,True,False,False,False,False
22039427,TcCLB.510025.50,True,False,False,False,False
22039427,TcCLB.507059.20,True,False,False,False,False
22039427,TcCLB.509899.100,True,False,False,False,False
22039427,TcCLB.511451.80,True,False,False,False,False
22039427,TcCLB.508627.40,True,False,False,False,False
22039427,TcCLB.509905.200,True,False,False,False,False
22039427,TcCLB.510643.40,True,False,False,False,False
22039427,TcCLB.504343.10,True,False,False,False,False
22039427,TcCLB.508607.50,True,False,False,False,False
22039427,TcCLB.504183.20,True,False,False,False,False
22039427,TcCLB.508581.40,True,False,False,False,False
22039427,TcCLB.506741.100,True,False,False,False,False
22039427,TcCLB.506139.120,True,False,False,False,False
22039427,TcCLB.506245.250,True,False,False,False,False
22039427,TcCLB.509251.80,True,False,False,False,False
22039427,TcCLB.504081.80,True,False,False,False,False
22039427,TcCLB.510907.10,True,False,False,False,False
22039427,TcCLB.463323.10,True,False,False,False,False
22039427,TcCLB.511625.130,True,False,False,False,False
22039427,TcCLB.506885.210,True,False,False,False,False
22039427,TcCLB.506443.100,True,False,False,False,False
22039427,TcCLB.506537.80,True,False,False,False,False
22039427,TcCLB.506331.130,True,False,False,False,False
22039427,TcCLB.506021.20,True,False,False,False,False
22039427,TcCLB.510279.230,True,False,False,False,False
22039427,TcCLB.511233.140,True,False,False,False,False
22039427,TcCLB.511861.50,True,False,False,False,False
22039427,TcCLB.509419.70,True,False,False,False,False
22039427,TcCLB.506129.30,True,False,False,False,False
22039427,TcCLB.511875.20,True,False,False,False,False
22039427,TcCLB.508857.30,True,False,False,False,False
22039427,TcCLB.509075.50,True,False,False,False,False
22039427,TcCLB.507979.30,True,False,False,False,False
22039427,TcCLB.506397.10,True,False,False,False,False
22039427,TcCLB.507145.60,True,False,False,False,False
22039427,TcCLB.506967.60,True,False,False,False,False
22039427,TcCLB.506909.160,True,False,False,False,False
22039427,TcCLB.510483.360,True,False,False,False,False
22039427,TcCLB.506615.150,True,False,False,False,False
22039427,TcCLB.508229.40,True,False,False,False,False
22039427,TcCLB.509699.40,True,False,False,False,False
22039427,TcCLB.510279.320,True,False,False,False,False
22039427,TcCLB.508013.40,True,False,False,False,False
22039427,TcCLB.506339.10,True,False,False,False,False
22039427,TcCLB.510361.10,True,False,False,False,False
22039427,TcCLB.510021.180,True,False,False,False,False
22039427,TcCLB.503587.30,True,False,False,False,False
22039427,TcCLB.508521.20,True,False,False,False,False
22039427,TcCLB.507821.10,True,False,False,False,False
22039427,TcCLB.511923.30,True,False,False,False,False
22039427,TcCLB.507879.10,True,False,False,False,False
22039427,TcCLB.510787.10,True,False,False,False,False
22039427,TcCLB.509187.10,True,False,False,False,False
22039427,TcCLB.506131.170,True,False,False,False,False
22039427,TcCLB.511843.70,True,False,False,False,False
22039427,TcCLB.509257.10,True,False,False,False,False
22039427,TcCLB.508055.30,True,False,False,False,False
22039427,TcCLB.509897.70,True,False,False,False,False
22039427,TcCLB.508089.10,True,False,False,False,False
22039427,TcCLB.506911.30,True,False,False,False,False
22039427,TcCLB.509663.50,True,False,False,False,False
22039427,TcCLB.505363.10,True,False,False,False,False
22039427,TcCLB.510021.220,True,False,False,False,False
22039427,TcCLB.510377.10,True,False,False,False,False
22039427,TcCLB.508637.10,True,False,False,False,False
22039427,TcCLB.511911.10,True,False,False,False,False
22039427,TcCLB.511219.40,True,False,False,False,False
22039427,TcCLB.509739.10,True,False,False,False,False
22039427,TcCLB.506973.10,True,False,False,False,False
22039427,TcCLB.509581.10,True,False,False,False,False
22039427,TcCLB.506737.90,True,False,False,False,False
22039427,TcCLB.503717.10,True,False,False,False,False
22039427,TcCLB.511827.110,True,False,False,False,False
22039427,TcCLB.507091.60,True,False,False,False,False
22039427,TcCLB.506309.60,True,False,False,False,False
22039427,TcCLB.508745.30,True,False,False,False,False
22039427,TcCLB.505779.20,True,False,False,False,False
22039427,TcCLB.508977.10,True,False,False,False,False
22039427,TcCLB.511923.60,True,False,False,False,False
22039427,TcCLB.506245.190,True,False,False,False,False
22039427,TcCLB.509867.70,True,False,False,False,False
22039427,TcCLB.504081.540,True,False,False,False,False
22039427,TcCLB.510715.90,True,False,False,False,False
22039427,TcCLB.510197.180,True,False,False,False,False
22039427,TcCLB.509527.120,True,False,False,False,False
22039427,TcCLB.507125.10,True,False,False,False,False
22039427,TcCLB.506955.270,True,False,False,False,False
22039427,TcCLB.505931.30,True,False,False,False,False
22039427,TcCLB.510693.270,True,False,False,False,False
22039427,TcCLB.508759.20,True,False,False,False,False
22039427,TcCLB.510279.110,True,False,False,False,False
22039427,TcCLB.509427.10,True,False,False,False,False
22039427,TcCLB.507773.10,True,False,False,False,False
22039427,TcCLB.509897.200,True,False,False,False,False
22039427,TcCLB.510207.30,True,False,False,False,False
22039427,TcCLB.506279.60,True,False,False,False,False
22039427,TcCLB.507819.30,True,False,False,False,False
22039427,TcCLB.510715.150,True,False,False,False,False
22039427,TcCLB.503907.10,True,False,False,False,False
22039427,TcCLB.505949.30,True,False,False,False,False
22039427,TcCLB.510197.130,True,False,False,False,False
22039427,TcCLB.507059.50,True,False,False,False,False
22039427,TcCLB.503403.20,True,False,False,False,False
22039427,TcCLB.508871.110,True,False,False,False,False
22039427,TcCLB.510933.10,True,False,False,False,False
22039427,TcCLB.506757.120,True,False,False,False,False
22039427,TcCLB.508761.110,True,False,False,False,False
22039427,TcCLB.503861.40,True,False,False,False,False
22039427,TcCLB.509905.170,True,False,False,False,False
22039427,TcCLB.511221.60,True,False,False,False,False
22039427,TcCLB.506965.170,True,False,False,False,False
22039427,TcCLB.506001.40,True,False,False,False,False
22039427,TcCLB.510359.610,True,False,False,False,False
22039427,TcCLB.510483.60,True,False,False,False,False
22039427,TcCLB.506245.60,True,False,False,False,False
22039427,TcCLB.507723.50,True,False,False,False,False
22039427,TcCLB.508139.240,True,False,False,False,False
22039427,TcCLB.510715.20,True,False,False,False,False
22039427,TcCLB.508023.100,True,False,False,False,False
22039427,TcCLB.508285.60,True,False,False,False,False
22039427,TcCLB.511149.180,True,False,False,False,False
22039427,TcCLB.510371.90,True,False,False,False,False
22039427,TcCLB.509287.230,True,False,False,False,False
22039427,TcCLB.508221.180,True,False,False,False,False
22039427,TcCLB.506757.90,True,False,False,False,False
22039427,TcCLB.511061.40,True,False,False,False,False
22039427,TcCLB.507047.40,True,False,False,False,False
22039427,TcCLB.503609.50,True,False,False,False,False
22039427,TcCLB.510491.60,True,False,False,False,False
22039427,TcCLB.508761.40,True,False,False,False,False
22039427,TcCLB.506975.90,True,False,False,False,False
22039427,TcCLB.506683.190,True,False,False,False,False
22039427,TcCLB.510693.240,True,False,False,False,False
22039427,TcCLB.509629.10,True,False,False,False,False
22039427,TcCLB.506279.10,True,False,False,False,False
22039427,TcCLB.508103.30,True,False,False,False,False
22039427,TcCLB.507411.10,True,False,False,False,False
22039427,TcCLB.508229.60,True,False,False,False,False
22039427,TcCLB.507839.40,True,False,False,False,False
22039427,TcCLB.507071.230,True,False,False,False,False
22039427,TcCLB.511449.70,True,False,False,False,False
22039427,TcCLB.508047.60,True,False,False,False,False
22039427,TcCLB.510817.50,True,False,False,False,False
22039427,TcCLB.508495.100,True,False,False,False,False
22039427,TcCLB.506217.40,True,False,False,False,False
22039427,TcCLB.504427.230,True,False,False,False,False
22039427,TcCLB.509281.20,True,False,False,False,False
22039427,TcCLB.506717.80,True,False,False,False,False
22039427,TcCLB.506345.40,True,False,False,False,False
22039427,TcCLB.506951.80,True,False,False,False,False
22039427,TcCLB.507071.390,True,False,False,False,False
22039427,TcCLB.507821.130,True,True,True,True,True
22039427,TcCLB.511311.30,True,False,False,False,False
22039427,TcCLB.507069.160,True,False,False,False,False
22039427,TcCLB.511129.40,True,False,False,False,False
22039427,TcCLB.510005.20,True,False,False,False,False
22039427,TcCLB.508139.130,True,False,False,False,False
22039427,TcCLB.508853.20,True,False,False,False,False
22039427,TcCLB.508121.150,True,False,False,False,False
22039427,TcCLB.510503.50,True,False,False,False,False
22039427,TcCLB.511255.190,True,False,False,False,False
22039427,TcCLB.509097.20,True,False,False,False,False
22039427,TcCLB.506537.200,True,False,False,False,False
22039427,TcCLB.511173.280,True,False,False,False,False
22039427,TcCLB.511921.50,True,False,False,False,False
22039427,TcCLB.510713.90,True,False,False,False,False
22039427,TcCLB.509419.90,True,False,False,False,False
22039427,TcCLB.507071.190,True,False,False,False,False
22039427,TcCLB.507071.80,True,False,False,False,False
22039427,TcCLB.506353.10,True,False,False,False,False
22039427,TcCLB.511835.10,True,False,False,False,False
22039427,TcCLB.511599.80,True,False,False,False,False
22039427,TcCLB.509979.320,True,False,False,False,False
22039427,TcCLB.508139.250,True,False,False,False,False
22039427,TcCLB.503717.120,True,False,False,False,False
22039427,TcCLB.511183.60,True,False,False,False,False
22039427,TcCLB.508593.20,True,False,False,False,False
22039427,TcCLB.511117.30,True,False,False,False,False
22039427,TcCLB.506129.50,True,False,False,False,False
22039427,TcCLB.508375.20,True,False,False,False,False
22039427,TcCLB.509333.10,True,False,False,False,False
22039427,TcCLB.503533.30,True,False,False,False,False
22039427,TcCLB.508219.20,True,False,False,False,False
22039427,TcCLB.510465.100,True,False,False,False,False
22039427,TcCLB.508677.40,True,False,False,False,False
22039427,TcCLB.511603.450,True,False,False,False,False
22039427,TcCLB.506813.190,True,False,False,False,False
22039427,TcCLB.511587.90,True,False,False,False,False
22039427,TcCLB.504115.60,True,False,False,False,False
22039427,TcCLB.507953.10,True,False,False,False,False
22039427,TcCLB.510419.20,True,False,False,False,False
22039427,TcCLB.511921.150,True,False,False,False,False
22039427,TcCLB.511603.90,True,False,False,False,False
22039427,TcCLB.504533.40,True,False,False,False,False
22039427,TcCLB.410199.30,True,False,False,False,False
22039427,TcCLB.506455.30,True,False,False,False,False
22039427,TcCLB.506133.190,True,False,False,False,False
22039427,TcCLB.510361.80,True,False,False,False,False
22039427,TcCLB.505231.20,True,False,False,False,False
22039427,TcCLB.506459.180,True,False,False,False,False
22039427,TcCLB.507233.10,True,False,False,False,False
22039427,TcCLB.510095.20,True,False,False,False,False
22039427,TcCLB.508365.190,True,False,False,False,False
22039427,TcCLB.506789.20,True,False,False,False,False
22039427,TcCLB.511839.40,True,False,False,False,False
22039427,TcCLB.507357.100,True,False,False,False,False
22039427,TcCLB.509411.10,True,False,False,False,False
22039427,TcCLB.511885.20,True,False,False,False,False
22039427,TcCLB.510111.20,True,False,False,False,False
22039427,TcCLB.510979.40,True,False,False,False,False
22039427,TcCLB.511643.40,True,False,False,False,False
22039427,TcCLB.506765.40,True,False,False,False,False
22039427,TcCLB.508697.10,True,False,False,False,False
22039427,TcCLB.509897.110,True,False,False,False,False
22039427,TcCLB.509115.20,True,False,False,False,False
22039427,TcCLB.509843.20,True,False,False,False,False
22039427,TcCLB.507163.70,True,False,False,False,False
22039427,TcCLB.508325.230,True,False,False,False,False
22039427,TcCLB.510013.50,True,False,False,False,False
22039427,TcCLB.506459.230,True,False,False,False,False
22039427,TcCLB.509387.10,True,False,False,False,False
22039427,TcCLB.509755.50,True,False,False,False,False
22039427,TcCLB.510307.284,True,False,False,False,False
22039427,TcCLB.508581.10,True,False,False,False,False
22039427,TcCLB.510115.30,True,False,False,False,False
22039427,TcCLB.509287.80,True,False,False,False,False
22039427,TcCLB.506331.90,True,False,False,False,False
22039427,TcCLB.508753.20,True,False,False,False,False
22039427,TcCLB.511833.10,True,False,False,False,False
22039427,TcCLB.452475.10,True,False,False,False,False
22039427,TcCLB.506609.30,True,False,False,False,False
22039427,TcCLB.511667.30,True,False,False,False,False
22039427,TcCLB.463279.20,True,False,False,False,False
22039427,TcCLB.506751.50,True,False,False,False,False
22039427,TcCLB.507313.20,True,False,False,False,False
22039427,TcCLB.509765.50,True,False,False,False,False
22039427,TcCLB.505975.20,True,False,False,False,False
22039427,TcCLB.510411.10,True,False,False,False,False
22039427,TcCLB.509185.30,True,False,False,False,False
22039427,TcCLB.504115.10,True,False,False,False,False
22039427,TcCLB.508221.790,True,False,False,False,False
22039427,TcCLB.507747.180,True,False,False,False,False
22039427,TcCLB.508305.40,True,False,False,False,False
22039427,TcCLB.511301.160,True,False,False,False,False
22039427,TcCLB.510709.70,True,False,False,False,False
22039427,TcCLB.504201.30,True,False,False,False,False
22039427,TcCLB.506345.90,True,False,False,False,False
22039427,TcCLB.509251.20,True,False,False,False,False
22039427,TcCLB.506471.100,True,False,False,False,False
22039427,TcCLB.504099.50,True,False,False,False,False
22039427,TcCLB.507953.140,True,False,False,False,False
22039427,TcCLB.509549.10,True,False,False,False,False
22039427,TcCLB.511255.350,True,False,False,False,False
22039427,TcCLB.510163.60,True,False,False,False,False
22039427,TcCLB.506499.170,True,False,False,False,False
22039427,TcCLB.511183.400,True,False,False,False,False
22039427,TcCLB.511643.70,True,False,False,False,False
22039427,TcCLB.506409.170,True,False,False,False,False
22039427,TcCLB.506975.80,True,False,False,False,False
22039427,TcCLB.509265.110,True,False,False,False,False
22039427,TcCLB.510971.30,True,False,False,False,False
22039427,TcCLB.508837.70,True,False,False,False,False
22039427,TcCLB.508523.30,True,False,False,False,False
22039427,TcCLB.508433.40,True,False,False,False,False
22039427,TcCLB.506885.480,True,False,False,False,False
22039427,TcCLB.509931.20,True,False,False,False,False
22039427,TcCLB.508485.10,True,False,False,False,False
22039427,TcCLB.510237.80,True,False,False,False,False
22039427,TcCLB.507063.70,True,False,False,False,False
22039427,TcCLB.509785.50,True,False,False,False,False
22039427,TcCLB.504479.10,True,False,False,False,False
22039427,TcCLB.506067.300,True,False,False,False,False
22039427,TcCLB.503767.10,True,False,False,False,False
22039427,TcCLB.510125.20,True,False,False,False,False
22039427,TcCLB.507523.70,True,False,False,False,False
22039427,TcCLB.506577.80,True,False,False,False,False
22039427,TcCLB.509377.20,True,False,False,False,False
22039427,TcCLB.511183.190,True,False,False,False,False
22039427,TcCLB.505997.80,True,False,False,False,False
22039427,TcCLB.510729.280,True,False,False,False,False
22039427,TcCLB.508045.120,True,False,False,False,False
22039427,TcCLB.509437.160,True,False,False,False,False
22039427,TcCLB.510205.40,True,False,False,False,False
22039427,TcCLB.508873.390,True,False,False,False,False
22039427,TcCLB.507283.10,True,False,False,False,False
22039427,TcCLB.511173.440,True,False,False,False,False
22039427,TcCLB.507167.80,True,False,False,False,False
22039427,TcCLB.505609.10,True,False,False,False,False
22039427,TcCLB.507071.10,True,False,False,False,False
22039427,TcCLB.508515.150,True,False,False,False,False
22039427,TcCLB.505609.40,True,False,False,False,False
22039427,TcCLB.506973.120,True,False,False,False,False
22039427,TcCLB.504787.40,True,False,False,False,False
22039427,TcCLB.511861.20,True,False,False,False,False
22039427,TcCLB.503827.100,True,False,False,False,False
22039427,TcCLB.508107.30,True,False,False,False,False
22039427,TcCLB.511255.700,True,False,False,False,False
22039427,TcCLB.508977.120,True,False,False,False,False
22039427,TcCLB.510635.10,True,False,False,False,False
22039427,TcCLB.511891.10,True,False,False,False,False
22039427,TcCLB.511173.80,True,False,False,False,False
22039427,TcCLB.510307.240,True,False,False,False,False
22039427,TcCLB.510377.330,True,False,False,False,False
22039427,TcCLB.506683.110,True,False,False,False,False
22039427,TcCLB.504769.100,True,False,False,False,False
22039427,TcCLB.508871.10,True,False,False,False,False
22039427,TcCLB.507069.40,True,False,False,False,False
22039427,TcCLB.507759.10,True,False,False,False,False
22039427,TcCLB.506909.100,True,False,False,False,False
22039427,TcCLB.508977.40,True,False,False,False,False
22039427,TcCLB.506187.20,True,False,False,False,False
22039427,TcCLB.504769.140,True,False,False,False,False
22039427,TcCLB.510377.50,True,False,False,False,False
22039427,TcCLB.508221.750,True,False,False,False,False
22039427,TcCLB.508523.50,True,False,False,False,False
22039427,TcCLB.508221.400,True,False,False,False,False
22039427,TcCLB.503955.40,True,False,False,False,False
22039427,TcCLB.506667.160,True,False,False,False,False
22039427,TcCLB.506813.140,True,False,False,False,False
22039427,TcCLB.506241.30,True,False,False,False,False
22039427,TcCLB.510359.530,True,False,False,False,False
22039427,TcCLB.506723.20,True,False,False,False,False
22039427,TcCLB.511183.430,True,False,False,False,False
22039427,TcCLB.511311.20,True,False,False,False,False
22039427,TcCLB.506967.10,True,False,False,False,False
22039427,TcCLB.508633.20,True,False,False,False,False
22039427,TcCLB.509685.40,True,False,False,False,False
22039427,TcCLB.508593.10,True,False,False,False,False
22039427,TcCLB.506683.240,True,False,False,False,False
22039427,TcCLB.510431.300,True,False,False,False,False
22039427,TcCLB.507473.30,True,False,False,False,False
22039427,TcCLB.507213.40,True,False,False,False,False
22039427,TcCLB.508163.250,True,False,False,False,False
22039427,TcCLB.510061.30,True,False,False,False,False
22039427,TcCLB.398477.10,True,False,False,False,False
22039427,TcCLB.508935.10,True,False,False,False,False
22039427,TcCLB.504261.20,True,False,False,False,False
22039427,TcCLB.506667.90,True,False,False,False,False
22039427,TcCLB.510239.80,True,False,False,False,False
22039427,TcCLB.506955.240,True,False,False,False,False
22039427,TcCLB.506951.90,True,False,False,False,False
22039427,TcCLB.510093.20,True,False,False,False,False
22039427,TcCLB.509513.10,True,False,False,False,False
22039427,TcCLB.418185.70,True,False,False,False,False
22039427,TcCLB.508061.20,True,False,False,False,False
22039427,TcCLB.511255.10,True,False,False,False,False
22039427,TcCLB.505779.10,True,False,False,False,False
22039427,TcCLB.506813.80,True,False,False,False,False
22039427,TcCLB.506341.50,True,False,False,False,False
22039427,TcCLB.509533.10,True,False,False,False,False
22039427,TcCLB.509897.140,True,False,False,False,False
22039427,TcCLB.506053.50,True,False,False,False,False
22039427,TcCLB.507907.20,True,False,False,False,False
22039427,TcCLB.509897.20,True,False,False,False,False
22039427,TcCLB.510275.350,True,False,False,False,False
22039427,TcCLB.506757.60,True,False,False,False,False
22039427,TcCLB.509419.131,True,False,False,False,False
22039427,TcCLB.511173.370,True,False,False,False,False
22039427,TcCLB.503447.50,True,False,False,False,False
22039427,TcCLB.508247.90,True,False,False,False,False
22039427,TcCLB.508521.100,True,False,False,False,False
22039427,TcCLB.504101.50,True,False,False,False,False
22039427,TcCLB.505993.30,True,False,False,False,False
22039427,TcCLB.507479.20,True,False,False,False,False
22039427,TcCLB.511349.100,True,False,False,False,False
22039427,TcCLB.511911.60,True,False,False,False,False
22039427,TcCLB.506427.10,True,False,False,False,False
22039427,TcCLB.507237.10,True,False,False,False,False
22039427,TcCLB.509755.10,True,False,False,False,False
22039427,TcCLB.511779.60,True,False,False,False,False
22039427,TcCLB.508913.25,True,False,False,False,False
22039427,TcCLB.507997.30,True,False,False,False,False
22039427,TcCLB.511873.10,True,False,False,False,False
22039427,TcCLB.510363.250,True,False,False,False,False
22039427,TcCLB.507953.100,True,False,False,False,False
22039427,TcCLB.507555.50,True,False,False,False,False
22039427,TcCLB.511401.90,True,False,False,False,False
22039427,TcCLB.508433.70,True,False,False,False,False
22039427,TcCLB.506961.150,True,False,False,False,False
22039427,TcCLB.507611.170,True,False,False,False,False
22039427,TcCLB.511919.20,True,False,False,False,False
22039427,TcCLB.510625.40,True,False,False,False,False
22039427,TcCLB.511401.30,True,False,False,False,False
22039427,TcCLB.508171.10,True,False,False,False,False
22039427,TcCLB.507875.220,True,False,False,False,False
22039427,TcCLB.505365.60,True,False,False,False,False
22039427,TcCLB.509905.150,True,False,False,False,False
22039427,TcCLB.510713.30,True,False,False,False,False
22039427,TcCLB.507121.20,True,False,False,False,False
22039427,TcCLB.509217.40,True,False,False,False,False
22039427,TcCLB.508963.30,True,False,False,False,False
22039427,TcCLB.509529.40,True,False,False,False,False
22039427,TcCLB.510403.30,True,False,False,False,False
22039427,TcCLB.507633.80,True,False,False,False,False
22039427,TcCLB.511173.470,True,False,False,False,False
22039427,TcCLB.510033.30,True,False,False,False,False
22039427,TcCLB.506741.130,True,False,False,False,False
22039427,TcCLB.508979.50,True,False,False,False,False
22039427,TcCLB.510047.80,True,False,False,False,False
22039427,TcCLB.508293.60,True,False,False,False,False
22039427,TcCLB.508221.870,True,False,False,False,False
22039427,TcCLB.511487.90,True,False,False,False,False
22039427,TcCLB.506939.120,True,False,False,False,False
22039427,TcCLB.511643.110,True,False,False,False,False
22039427,TcCLB.504007.20,True,False,False,False,False
22039427,TcCLB.510097.10,True,False,False,False,False
22039427,TcCLB.510697.50,True,False,False,False,False
22039427,TcCLB.506813.220,True,False,False,False,False
22039427,TcCLB.510201.10,True,False,False,False,False
22039427,TcCLB.508481.10,True,False,False,False,False
22039427,TcCLB.509419.40,True,False,False,False,False
22039427,TcCLB.508563.20,True,False,False,False,False
22039427,TcCLB.511797.110,True,False,False,False,False
22039427,TcCLB.506173.70,True,False,False,False,False
22039427,TcCLB.506335.130,True,False,False,False,False
22039427,TcCLB.510543.70,True,False,False,False,False
22039427,TcCLB.508789.120,True,False,False,False,False
22039427,TcCLB.508717.60,True,False,False,False,False
22039427,TcCLB.508873.60,True,False,False,False,False
22039427,TcCLB.509495.30,True,False,False,False,False
22039427,TcCLB.506961.25,True,False,False,False,False
22039427,TcCLB.506613.40,True,False,False,False,False
22039427,TcCLB.511183.230,True,False,False,False,False
22039427,TcCLB.507479.70,True,False,False,False,False
22039427,TcCLB.510307.230,True,False,False,False,False
22039427,TcCLB.506451.20,True,False,False,False,False
22039427,TcCLB.506603.40,True,False,False,False,False
22039427,TcCLB.422867.10,True,False,False,False,False
22039427,TcCLB.509875.120,True,False,False,False,False
22039427,TcCLB.511757.70,True,False,False,False,False
22039427,TcCLB.503447.20,True,False,False,False,False
22039427,TcCLB.507427.10,True,False,False,False,False
22039427,TcCLB.506471.30,True,False,False,False,False
22039427,TcCLB.509665.30,True,False,False,False,False
22039427,TcCLB.506133.130,True,False,False,False,False
19122194,TcCLB.504035.84,False,False,False,False,False
19122194,TcCLB.508375.60,False,False,False,False,False
19122194,TcCLB.507991.123,False,False,False,False,False
19122194,TcCLB.504009.70,False,False,False,False,False
19122194,TcCLB.511621.40,False,False,False,False,False
19122194,TcCLB.509053.140,False,False,False,False,False
19122194,TcCLB.504431.118,False,False,False,False,False
19122194,TcCLB.511909.40,False,False,False,False,False
19122194,TcCLB.507951.160,False,False,False,False,False
19122194,TcCLB.509317.80,False,False,False,False,False
19122194,TcCLB.505843.24,False,False,False,False,False
19122194,TcCLB.507091.30,False,False,False,False,False
19122194,TcCLB.509885.40,False,False,False,False,False
19122194,TcCLB.504949.30,False,False,False,False,False
19122194,TcCLB.507049.190,False,False,False,False,False
19122194,TcCLB.511643.10,False,False,False,False,False
19122194,TcCLB.509627.40,False,False,False,False,False
19122194,TcCLB.506399.89,False,False,False,False,False
19122194,TcCLB.509769.60,False,False,False,False,False
19122194,TcCLB.511923.130,False,False,False,False,False
19122194,TcCLB.511523.14,False,False,False,False,False
19122194,TcCLB.508397.40,False,False,False,False,False
19880510,LdBPK_340350.1,False,False,False,False,False
19880510,LmjF.34.0330,False,False,False,False,False
19880510,TcCLB.504119.29,False,False,False,False,False
32428081,TcCLB.511295.50,True,False,False,False,False
32428081,TcCLB.509213.170,True,True,True,True,True
32428081,TcCLB.506481.20,True,False,False,False,False
32428081,TcCLB.504153.280,True,False,False,False,False
32428081,TcCLB.510257.139,True,True,True,True,True
32428081,TcCLB.507265.15,True,True,True,True,True
30956813,TcCLB.511311.80,True,True,True,True,True
30956813,TcCLB.511755.119,True,True,True,True,True
30956813,TcCLB.507209.10,True,True,True,True,True
30956813,TcCLB.510301.80,True,True,True,True,True
30956813,TcCLB.504163.110,True,True,True,True,True
30956813,TcCLB.511809.120,True,True,True,True,True
30956813,TcCLB.506227.230,True,True,True,True,True
30956813,TcCLB.511811.30,True,True,True,True,True
30870417,TcCLB.506617.20,True,True,True,True,True
30870417,TcCLB.504277.20,True,True,True,True,True
30870417,TcCLB.510433.20,True,True,True,True,True
30870417,TcCLB.504157.130,True,True,True,True,True
30870417,TcCLB.504277.11,True,True,True,True,True
30870417,TcCLB.506815.20,True,True,True,True,True
30870417,TcCLB.504277.30,True,True,True,True,True
30870417,TcCLB.508767.10,True,True,True,True,True
30870417,TcCLB.506617.10,True,True,True,True,True
21257796,TcCLB.506529.410,False,False,False,False,False
21257796,TcCLB.510889.110,False,False,False,False,False
21257796,LmjF.12.0640,False,False,False,False,False
21257796,LbrM.12.0640,False,False,False,False,False
30251664,TcCLB.511051.30,False,False,False,False,False
30251664,TcCLB.509683.110,False,False,False,False,False
30251664,TcCLB.508645.40,False,False,False,False,False
30251664,TcCLB.508799.150,False,False,False,False,False
30251664,TcCLB.506445.110,False,False,False,False,False
30251664,TcCLB.506773.50,False,False,False,False,False
19497128,TcCLB.476733.29,True,False,False,False,False
19497128,LmjF.24.0680,True,False,False,False,False
19497128,LbrM.24.0690,True,False,False,False,False
19497128,TcCLB.506825.70,True,False,False,False,False
19497128,LmjF.06.0730,True,False,False,False,False
19497128,LmjF.26.0140,True,False,False,False,False
19497128,TcCLB.506681.70,True,False,False,False,False
19497128,LbrM.06.0720,True,False,False,False,False
19497128,LmjF.25.1770,True,False,False,False,False
19497128,LmjF.21.0850,True,False,False,False,False
19497128,LbrM.14.1540,True,False,False,False,False
20580912,LbrM.22.0480,False,False,False,False,False
20580912,TvY486_0702320,False,False,False,False,False
20580912,TcCLB.509207.130,False,False,False,False,False
20580912,Tbg972.7.2770,False,False,False,False,False
20580912,TcCLB.506857.60,False,False,False,False,False
20675580,LbrM.25.0080,False,False,False,False,False
20675580,LmjF.25.0080,False,False,False,False,False
20675580,LmjF.35.5040,False,False,False,False,False
20675580,TcCLB.506885.70,False,False,False,False,False
17290222,TcCLB.506941.150,False,False,False,False,False
17290222,TcCLB.511511.150,False,False,False,False,False
17290222,LmjF.30.2350,False,False,False,False,False
20957201,TcCLB.506337.100,True,True,True,True,True
20957201,TcCLB.508737.10,True,False,False,False,False
20957201,TcCLB.510717.10,True,True,True,True,True
20957201,TcCLB.511861.120,True,False,False,False,False
20957201,TcCLB.508741.440,True,False,False,False,False
20957201,TcCLB.508743.10,True,False,False,False,False
20957201,TcCLB.509147.40,True,False,False,False,False
20957201,TcCLB.507275.61,True,False,False,False,False
20957201,TcCLB.509123.10,True,False,False,False,False
20957201,TcCLB.508841.10,True,False,False,False,False
20957201,TcCLB.511675.3,True,False,False,False,False
20957201,TcCLB.508163.400,True,False,False,False,False
20957201,TcCLB.507359.20,True,False,False,False,False
20957201,TcCLB.506573.5,True,True,True,True,True
20957201,TcCLB.511877.10,True,False,False,False,False
20957201,TcCLB.510717.20,True,True,True,True,True
20957201,TcCLB.506337.80,True,True,True,True,True
20957201,TcCLB.506337.90,True,False,False,False,False
26565791,TcCLB.509639.10,True,True,True,True,True
26565791,TcCLB.507711.110,True,True,True,True,True
26565791,TcCLB.510129.30,True,True,True,True,True
26565791,TcCLB.507711.100,True,True,True,True,True
26565791,TcCLB.508173.120,True,True,True,True,True
26565791,TcCLB.509637.36,True,True,True,True,True
26565791,TcCLB.507711.90,True,True,True,True,True
26565791,TcCLB.510129.11,True,True,True,True,True
26565791,TcCLB.510129.20,True,True,True,True,True
20126266,LdBPK_323050.1,True,True,True,True,False
20126266,TcCLB.508707.170,True,True,True,True,False
20126266,TcCLB.509073.40,True,True,True,True,False
20126266,LbrM.32.3150,True,False,False,False,False
17062572,TcCLB.509445.30,False,False,False,False,False
17062572,LmjF.15.1020,False,False,False,False,False
17062572,TcCLB.422031.10,False,False,False,False,False
17062572,LbrM.15.1060,False,False,False,False,False
17062572,TcCLB.427091.10,False,False,False,False,False
16020724,LmjF.18.1040,False,False,False,False,False
16020724,LbrM.18.1100,False,False,False,False,False
16020724,TcCLB.508889.4,False,False,False,False,False
16020724,TcCLB.509803.40,False,False,False,False,False
16020724,TcCLB.511273.59,False,False,False,False,False
12810043,TcCLB.510571.39,False,False,False,False,False
12810043,TcCLB.510127.79,False,False,False,False,False
12810043,TcCLB.510573.10,False,False,False,False,False
12810043,TcCLB.510571.30,False,False,False,False,False
16416120,LbrM.35.4170,False,False,False,False,False
16416120,TvY486_1111040,False,False,False,False,False
16416120,Tbg972.11.11440,False,False,False,False,False
16416120,LmxM.36.3930,False,False,False,False,False
16416120,TcCLB.510719.200,False,False,False,False,False
16416120,TcCLB.509745.60,False,False,False,False,False
16416120,LmjF.36.3930,False,False,False,False,False
16416120,LdBPK_364120.1,False,False,False,False,False
16416120,TcIL3000.11.10670,False,False,False,False,False
24828104,TcCLB.511071.50,True,True,True,True,True
24828104,TcCLB.511903.40,True,True,True,True,True
24828104,TcCLB.511003.60,True,True,True,True,True
15220340,LmjF.32.2740,False,False,False,False,False
15220340,TcCLB.511543.20,False,False,False,False,False
15220340,TcCLB.508707.20,False,False,False,False,False
16037487,LbrM.21.0700,False,False,False,False,False
16037487,TcCLB.508637.90,False,False,False,False,False
16037487,TcCLB.511911.130,False,False,False,False,False
16037487,LmjF.21.0640,False,False,False,False,False
12604613,LbrM.35.0010,False,False,False,False,False
12604613,LmjF.02.0010,False,False,False,False,False
12604613,LmjF.25.2460,False,False,False,False,False
12604613,LmjF.36.0010,False,False,False,False,False
12604613,LmjF.07.1170,False,False,False,False,False
12604613,LbrM.35.0040,False,False,False,False,False
12604613,LmjF.21.0010,False,False,False,False,False
12604613,LbrM.21.0010,False,False,False,False,False
12604613,LbrM.07.0240,False,False,False,False,False
12604613,LbrM.35.0060,False,False,False,False,False
12604613,LmjF.35.0010,False,False,False,False,False
16464509,LmjF.02.0190,False,False,False,False,False
16464509,LmjF.02.0200,False,False,False,False,False
16464509,LbrM.02.0220,False,False,False,False,False
16464509,LbrM.02.0250,False,False,False,False,False
16464509,LbrM.02.0160,False,False,False,False,False
16464509,LbrM.02.0260,False,False,False,False,False
16464509,LmjF.14.1400,False,False,False,False,False
16464509,LmjF.02.0210,False,False,False,False,False
16464509,LmjF.02.0160,False,False,False,False,False
16464509,LmjF.02.0230,False,False,False,False,False
16464509,LmjF.02.0170,False,False,False,False,False
16464509,LbrM.02.0230,False,False,False,False,False
16464509,LbrM.02.0210,False,False,False,False,False
17030997,LmjF.36.2890,False,False,False,False,False
17030997,LmjF.11.1250,False,False,False,False,False
17030997,LmjF.29.0620,False,False,False,False,False
17030997,LmjF.34.0670,False,False,False,False,False
17030997,LmjF.27.0970,False,False,False,False,False
17030997,LmjF.11.1290,False,False,False,False,False
17030997,LmjF.11.1220,False,False,False,False,False
17030997,LmjF.31.1280,False,False,False,False,False
17030997,LmjF.06.0080,False,False,False,False,False
17030997,LmjF.21.0710,False,False,False,False,False
17030997,LmjF.11.1270,False,False,False,False,False
17030997,LmjF.23.0210,False,False,False,False,False
17030997,LmjF.32.3080,False,False,False,False,False
17030997,LmjF.06.0100,False,False,False,False,False
17030997,LmjF.31.1290,False,False,False,False,False
17030997,LmjF.11.1240,False,False,False,False,False
17030997,LmjF.29.1640,False,False,False,False,False
17030997,LmjF.26.2670,False,False,False,False,False
17030997,LmjF.30.1330,False,False,False,False,False
17030997,LmjF.23.0220,False,False,False,False,False
17030997,LmjF.02.0300,False,False,False,False,False
17030997,LmjF.27.0980,False,False,False,False,False
17030997,LmjF.03.0160,False,False,False,False,False
17030997,LmjF.11.0040,False,False,False,False,False
17030997,LmjF.15.0890,False,False,False,False,False
12419809,LmjF.05.0970,False,False,False,False,False
12419809,LbrM.05.0950,False,False,False,False,False
12419809,LbrM.05.0970,False,False,False,False,False
17189491,LmjF.35.snoRNA0183,False,False,False,False,False
17189491,LmjF.33.snoRNA0103,False,False,False,False,False
17189491,LmjF.26.snoRNA0450,False,False,False,False,False
17189491,LmjF.27.snoRNA0124,False,False,False,False,False
17189491,LmjF.18.snoRNA0101,False,False,False,False,False
17189491,LmjF.26.snoRNA0527,False,False,False,False,False
17189491,LmjF.33.snoRNA0130,False,False,False,False,False
17189491,LmjF.26.snoRNA0535,False,False,False,False,False
17189491,LmjF.15.snoRNA0059,False,False,False,False,False
17189491,LmjF.22.snoRNA0028,False,False,False,False,False
17189491,LmjF.26.snoRNA0482,False,False,False,False,False
17189491,LmjF.26.snoRNA0564,False,False,False,False,False
17189491,LmjF.35.snoRNA0197,False,False,False,False,False
17189491,LmjF.15.snoRNA0054,False,False,False,False,False
17189491,LmjF.20.snoRNA0255,False,False,False,False,False
17189491,LmjF.26.snoRNA0571,False,False,False,False,False
17189491,LmjF.26.snoRNA0536,False,False,False,False,False
17189491,LmjF.33.snoRNA0131,False,False,False,False,False
17189491,LmjF.27.snoRNA0149,False,False,False,False,False
17189491,LmjF.05.snoRNA0064,False,False,False,False,False
17189491,LmjF.26.snoRNA0546,False,False,False,False,False
17189491,LmjF.05.snoRNA0065,False,False,False,False,False
17189491,LmjF.36.snoRNA0071,False,False,False,False,False
17189491,LmjF.25.snoRNA0149,False,False,False,False,False
17189491,LmjF.14.snoRNA0004,False,False,False,False,False
17189491,LmjF.27.snoRNA0162,False,False,False,False,False
17189491,LmjF.18.snoRNA0099,False,False,False,False,False
17189491,LmjF.26.snoRNA0591,False,False,False,False,False
17189491,LmjF.26.snoRNA0612,False,False,False,False,False
17189491,LmjF.20.snoRNA0249,False,False,False,False,False
17189491,LmjF.22.snoRNA0040,False,False,False,False,False
17189491,LmjF.26.snoRNA0421,False,False,False,False,False
17189491,LmjF.25.snoRNA0154,False,False,False,False,False
17189491,LmjF.26.snoRNA0516,False,False,False,False,False
17189491,LmjF.20.snoRNA0251,False,False,False,False,False
17189491,LmjF.35.snoRNA0167,False,False,False,False,False
17189491,LmjF.25.snoRNA0138,False,False,False,False,False
17189491,LmjF.26.snoRNA0467,False,False,False,False,False
17189491,LmjF.26.snoRNA0630,False,False,False,False,False
17189491,LmjF.36.snoRNA0075,False,False,False,False,False
17189491,LmjF.26.snoRNA0440,False,False,False,False,False
17189491,LmjF.05.snoRNA0088,False,False,False,False,False
17189491,LmjF.35.snoRNA0189,False,False,False,False,False
17189491,LmjF.20.snoRNA0244,False,False,False,False,False
17189491,LmjF.15.snoRNA0045,False,False,False,False,False
17189491,LmjF.36.snoRNA0078,False,False,False,False,False
17189491,LmjF.27.snoRNA0144,False,False,False,False,False
17189491,LmjF.26.snoRNA0419,False,False,False,False,False
17189491,LmjF.33.snoRNA0108,False,False,False,False,False
17189491,LmjF.36.snoRNA0068,False,False,False,False,False
17189491,LmjF.05.snoRNA0093,False,False,False,False,False
17189491,LmjF.20.snoRNA0242,False,False,False,False,False
17189491,LmjF.20.snoRNA0201,False,False,False,False,False
17189491,LmjF.27.snoRNA0183,False,False,False,False,False
17189491,LmjF.26.snoRNA0479,False,False,False,False,False
17189491,LmjF.26.snoRNA0466,False,False,False,False,False
17189491,LmjF.26.snoRNA0585,False,False,False,False,False
17189491,LmjF.18.snoRNA0107,False,False,False,False,False
17189491,LmjF.27.snoRNA0133,False,False,False,False,False
17189491,LmjF.22.snoRNA0035,False,False,False,False,False
17189491,LmjF.27.snoRNA0169,False,False,False,False,False
17189491,LmjF.20.snoRNA0206,False,False,False,False,False
17189491,LmjF.33.snoRNA0095,False,False,False,False,False
17189491,LmjF.26.snoRNA0513,False,False,False,False,False
17189491,LmjF.05.snoRNA0066,False,False,False,False,False
17189491,LmjF.35.snoRNA0222,False,False,False,False,False
17189491,LmjF.33.snoRNA0110,False,False,False,False,False
17189491,LmjF.35.snoRNA0163,False,False,False,False,False
17189491,LmjF.25.snoRNA0137,False,False,False,False,False
17189491,LmjF.25.snoRNA0146,False,False,False,False,False
17189491,LmjF.26.snoRNA0504,False,False,False,False,False
17189491,LmjF.33.snoRNA0090,False,False,False,False,False
17189491,LmjF.35.snoRNA0179,False,False,False,False,False
17189491,LmjF.20.snoRNA0260,False,False,False,False,False
17189491,LmjF.20.snoRNA0247,False,False,False,False,False
17189491,LmjF.27.snoRNA0173,False,False,False,False,False
17189491,LmjF.20.snoRNA0175,False,False,False,False,False
17189491,LmjF.25.snoRNA0168,False,False,False,False,False
17189491,LmjF.26.snoRNA0456,False,False,False,False,False
17189491,LmjF.25.snoRNA0131,False,False,False,False,False
17189491,LmjF.25.snoRNA0178,False,False,False,False,False
17189491,LmjF.35.snoRNA0200,False,False,False,False,False
17189491,LmjF.26.snoRNA0473,False,False,False,False,False
17189491,LmjF.35.snoRNA0219,False,False,False,False,False
17189491,LmjF.20.snoRNA0180,False,False,False,False,False
17189491,LmjF.15.snoRNA0058,False,False,False,False,False
17189491,LmjF.35.snoRNA0193,False,False,False,False,False
17189491,LmjF.35.snoRNA0184,False,False,False,False,False
17189491,LmjF.26.snoRNA0521,False,False,False,False,False
17189491,LmjF.26.snoRNA0604,False,False,False,False,False
17189491,LmjF.26.snoRNA0616,False,False,False,False,False
17189491,LmjF.20.snoRNA0209,False,False,False,False,False
17189491,LmjF.05.snoRNA0089,False,False,False,False,False
17189491,LmjF.26.snoRNA0422,False,False,False,False,False
17189491,LmjF.26.snoRNA0425,False,False,False,False,False
17189491,LmjF.20.snoRNA0212,False,False,False,False,False
17189491,LmjF.27.snoRNA0140,False,False,False,False,False
17189491,LmjF.25.snoRNA0172,False,False,False,False,False
17189491,LmjF.35.snoRNA0214,False,False,False,False,False
17189491,LmjF.26.snoRNA0476,False,False,False,False,False
17189491,LmjF.15.snoRNA0048,False,False,False,False,False
17189491,LmjF.26.snoRNA0601,False,False,False,False,False
17189491,LmjF.36.snoRNA0086,False,False,False,False,False
17189491,LmjF.22.snoRNA0033,False,False,False,False,False
17189491,LmjF.26.snoRNA0491,False,False,False,False,False
17189491,LmjF.35.snoRNA0169,False,False,False,False,False
17189491,LmjF.20.snoRNA0248,False,False,False,False,False
17189491,LmjF.26.snoRNA0470,False,False,False,False,False
17189491,LmjF.33.snoRNA0104,False,False,False,False,False
17189491,LmjF.35.snoRNA0221,False,False,False,False,False
17189491,LmjF.26.snoRNA0633,False,False,False,False,False
17189491,LmjF.23.snoRNA0041,False,False,False,False,False
17189491,LmjF.23.snoRNA0032,False,False,False,False,False
17189491,LmjF.05.snoRNA0082,False,False,False,False,False
17189491,LmjF.27.snoRNA0168,False,False,False,False,False
17189491,LmjF.33.snoRNA0091,False,False,False,False,False
17189491,LmjF.33.snoRNA0093,False,False,False,False,False
17189491,LmjF.20.snoRNA0256,False,False,False,False,False
17189491,LmjF.26.snoRNA0477,False,False,False,False,False
17189491,LmjF.20.snoRNA0268,False,False,False,False,False
17189491,LmjF.26.snoRNA0498,False,False,False,False,False
17189491,LmjF.26.snoRNA0520,False,False,False,False,False
17189491,LmjF.27.snoRNA0160,False,False,False,False,False
17189491,LmjF.26.snoRNA0428,False,False,False,False,False
17189491,LmjF.26.snoRNA0458,False,False,False,False,False
17189491,LmjF.35.snoRNA0159,False,False,False,False,False
17189491,LmjF.20.snoRNA0267,False,False,False,False,False
17189491,LmjF.20.snoRNA0227,False,False,False,False,False
17189491,LmjF.33.snoRNA0109,False,False,False,False,False
17189491,LmjF.35.snoRNA0160,False,False,False,False,False
17189491,LmjF.05.snoRNA0070,False,False,False,False,False
17189491,LmjF.26.snoRNA0566,False,False,False,False,False
17189491,LmjF.20.snoRNA0199,False,False,False,False,False
17189491,LmjF.26.snoRNA0580,False,False,False,False,False
17189491,LmjF.33.snoRNA0115,False,False,False,False,False
17189491,LmjF.33.snoRNA0120,False,False,False,False,False
17189491,LmjF.26.snoRNA0427,False,False,False,False,False
17189491,LmjF.33.snoRNA0105,False,False,False,False,False
17189491,LmjF.15.snoRNA0057,False,False,False,False,False
17189491,LmjF.26.snoRNA0445,False,False,False,False,False
17189491,LmjF.20.snoRNA0243,False,False,False,False,False
17189491,LmjF.25.snoRNA0177,False,False,False,False,False
17189491,LmjF.33.snoRNA0124,False,False,False,False,False
17189491,LmjF.36.snoRNA0081,False,False,False,False,False
17189491,LmjF.27.snoRNA0131,False,False,False,False,False
17189491,LmjF.30.snoRNA0024,False,False,False,False,False
17189491,LmjF.36.snoRNA0058,False,False,False,False,False
17189491,LmjF.26.snoRNA0542,False,False,False,False,False
17189491,LmjF.26.snoRNA0502,False,False,False,False,False
17189491,LmjF.26.snoRNA0631,False,False,False,False,False
17189491,LmjF.33.snoRNA0092,False,False,False,False,False
17189491,LmjF.26.snoRNA0577,False,False,False,False,False
17189491,LmjF.26.snoRNA0628,False,False,False,False,False
17189491,LmjF.34.snoRNA0015,False,False,False,False,False
17189491,LmjF.05.snoRNA0083,False,False,False,False,False
17189491,LmjF.36.snoRNA0060,False,False,False,False,False
17189491,LmjF.36.snoRNA0069,False,False,False,False,False
17189491,LmjF.27.snoRNA0139,False,False,False,False,False
17189491,LmjF.33.snoRNA0089,False,False,False,False,False
17189491,LmjF.20.snoRNA0205,False,False,False,False,False
17189491,LmjF.25.snoRNA0135,False,False,False,False,False
17189491,LmjF.26.snoRNA0595,False,False,False,False,False
17189491,LmjF.33.snoRNA0127,False,False,False,False,False
17189491,LmjF.27.snoRNA0164,False,False,False,False,False
17189491,LmjF.26.snoRNA0583,False,False,False,False,False
17189491,LmjF.26.snoRNA0588,False,False,False,False,False
17189491,LmjF.35.snoRNA0170,False,False,False,False,False
17189491,LmjF.35.snoRNA0180,False,False,False,False,False
17189491,LmjF.36.snoRNA0059,False,False,False,False,False
17189491,LmjF.18.snoRNA0103,False,False,False,False,False
17189491,LmjF.26.snoRNA0493,False,False,False,False,False
17189491,LmjF.36.snoRNA0082,False,False,False,False,False
17189491,LmjF.26.snoRNA0528,False,False,False,False,False
17189491,LmjF.25.snoRNA0148,False,False,False,False,False
17189491,LmjF.26.snoRNA0592,False,False,False,False,False
17189491,LmjF.26.snoRNA0576,False,False,False,False,False
17189491,LmjF.20.snoRNA0216,False,False,False,False,False
17189491,LmjF.36.snoRNA0064,False,False,False,False,False
17189491,LmjF.25.snoRNA0147,False,False,False,False,False
17189491,LmjF.26.snoRNA0626,False,False,False,False,False
17189491,LmjF.35.snoRNA0165,False,False,False,False,False
17189491,LmjF.26.snoRNA0438,False,False,False,False,False
17189491,LmjF.26.snoRNA0468,False,False,False,False,False
17189491,LmjF.27.snoRNA0167,False,False,False,False,False
17189491,LmjF.35.snoRNA0224,False,False,False,False,False
17189491,LmjF.34.snoRNA0014,False,False,False,False,False
17189491,LmjF.35.snoRNA0207,False,False,False,False,False
17189491,LmjF.20.snoRNA0189,False,False,False,False,False
17189491,LmjF.26.snoRNA0469,False,False,False,False,False
17189491,LmjF.26.snoRNA0444,False,False,False,False,False
17189491,LmjF.35.snoRNA0171,False,False,False,False,False
17189491,LmjF.33.snoRNA0122,False,False,False,False,False
17189491,LmjF.20.snoRNA0194,False,False,False,False,False
17189491,LmjF.20.snoRNA0221,False,False,False,False,False
17189491,LmjF.35.snoRNA0153,False,False,False,False,False
17189491,LmjF.26.snoRNA0524,False,False,False,False,False
17189491,LmjF.05.snoRNA0075,False,False,False,False,False
17189491,LmjF.20.snoRNA0210,False,False,False,False,False
17189491,LmjF.30.snoRNA0019,False,False,False,False,False
17189491,LmjF.15.snoRNA0055,False,False,False,False,False
17189491,LmjF.26.snoRNA0483,False,False,False,False,False
17189491,LmjF.26.snoRNA0529,False,False,False,False,False
17189491,LmjF.18.snoRNA0105,False,False,False,False,False
17189491,LmjF.05.snoRNA0091,False,False,False,False,False
17189491,LmjF.20.snoRNA0239,False,False,False,False,False
17189491,LmjF.26.snoRNA0449,False,False,False,False,False
17189491,LmjF.26.snoRNA0581,False,False,False,False,False
17189491,LmjF.35.snoRNA0173,False,False,False,False,False
17189491,LmjF.23.snoRNA0034,False,False,False,False,False
17189491,LmjF.26.snoRNA0488,False,False,False,False,False
17189491,LmjF.26.snoRNA0569,False,False,False,False,False
17189491,LmjF.26.snoRNA0522,False,False,False,False,False
17189491,LmjF.25.snoRNA0140,False,False,False,False,False
17189491,LmjF.35.snoRNA0172,False,False,False,False,False
17189491,LmjF.18.snoRNA0135,False,False,False,False,False
17189491,LmjF.25.snoRNA0150,False,False,False,False,False
17189491,LmjF.27.snoRNA0127,False,False,False,False,False
17189491,LmjF.25.snoRNA0134,False,False,False,False,False
17189491,LmjF.35.snoRNA0162,False,False,False,False,False
17189491,LmjF.20.snoRNA0202,False,False,False,False,False
17189491,LmjF.26.snoRNA0523,False,False,False,False,False
17189491,LmjF.18.snoRNA0142,False,False,False,False,False
17189491,LmjF.27.snoRNA0179,False,False,False,False,False
17189491,LmjF.25.snoRNA0160,False,False,False,False,False
17189491,LmjF.25.snoRNA0161,False,False,False,False,False
17189491,LmjF.15.snoRNA0066,False,False,False,False,False
17189491,LmjF.26.snoRNA0600,False,False,False,False,False
17189491,LmjF.26.snoRNA0460,False,False,False,False,False
17189491,LmjF.26.snoRNA0556,False,False,False,False,False
17189491,LmjF.27.snoRNA0172,False,False,False,False,False
17189491,LmjF.33.snoRNA0123,False,False,False,False,False
17189491,LmjF.25.snoRNA0126,False,False,False,False,False
17189491,LmjF.26.snoRNA0554,False,False,False,False,False
17189491,LmjF.35.snoRNA0194,False,False,False,False,False
17189491,LmjF.14.snoRNA0005,False,False,False,False,False
17189491,LmjF.05.snoRNA0072,False,False,False,False,False
17189491,LmjF.20.snoRNA0253,False,False,False,False,False
17189491,LmjF.26.snoRNA0426,False,False,False,False,False
17189491,LmjF.36.snoRNA0066,False,False,False,False,False
17189491,LmjF.33.snoRNA0118,False,False,False,False,False
17189491,LmjF.18.snoRNA0124,False,False,False,False,False
17189491,LmjF.26.snoRNA0432,False,False,False,False,False
17189491,LmjF.26.snoRNA0621,False,False,False,False,False
17189491,LmjF.27.snoRNA0180,False,False,False,False,False
17189491,LmjF.26.snoRNA0455,False,False,False,False,False
17189491,LmjF.27.snoRNA0166,False,False,False,False,False
17189491,LmjF.33.snoRNA0101,False,False,False,False,False
17189491,LmjF.20.snoRNA0259,False,False,False,False,False
17189491,LmjF.26.snoRNA0461,False,False,False,False,False
17189491,LmjF.35.snoRNA0174,False,False,False,False,False
17189491,LmjF.26.snoRNA0632,False,False,False,False,False
17189491,LmjF.35.snoRNA0185,False,False,False,False,False
17189491,LmjF.25.snoRNA0157,False,False,False,False,False
17189491,LmjF.26.snoRNA0512,False,False,False,False,False
17189491,LmjF.18.snoRNA0104,False,False,False,False,False
17189491,LmjF.35.snoRNA0157,False,False,False,False,False
17189491,LmjF.35.snoRNA0177,False,False,False,False,False
17189491,LmjF.26.snoRNA0544,False,False,False,False,False
17189491,LmjF.18.snoRNA0102,False,False,False,False,False
17189491,LmjF.27.snoRNA0155,False,False,False,False,False
17189491,LmjF.25.snoRNA0141,False,False,False,False,False
17189491,LmjF.26.snoRNA0515,False,False,False,False,False
17189491,LmjF.25.snoRNA0142,False,False,False,False,False
17189491,LmjF.18.snoRNA0119,False,False,False,False,False
17189491,LmjF.26.snoRNA0547,False,False,False,False,False
17189491,LmjF.20.snoRNA0234,False,False,False,False,False
17189491,LmjF.26.snoRNA0559,False,False,False,False,False
17189491,LmjF.27.snoRNA0148,False,False,False,False,False
17189491,LmjF.20.snoRNA0240,False,False,False,False,False
17189491,LmjF.26.snoRNA0617,False,False,False,False,False
17189491,LmjF.18.snoRNA0138,False,False,False,False,False
17189491,LmjF.26.snoRNA0627,False,False,False,False,False
17189491,LmjF.36.snoRNA0079,False,False,False,False,False
17189491,LmjF.20.snoRNA0197,False,False,False,False,False
17189491,LmjF.20.snoRNA0230,False,False,False,False,False
17189491,LmjF.26.snoRNA0550,False,False,False,False,False
17189491,LmjF.35.snoRNA0164,False,False,False,False,False
17189491,LmjF.27.snoRNA0125,False,False,False,False,False
17189491,LmjF.26.snoRNA0494,False,False,False,False,False
17189491,LmjF.27.snoRNA0154,False,False,False,False,False
17189491,LmjF.26.snoRNA0574,False,False,False,False,False
17189491,LmjF.30.snoRNA0021,False,False,False,False,False
17189491,LmjF.20.snoRNA0184,False,False,False,False,False
17189491,LmjF.26.snoRNA0551,False,False,False,False,False
17189491,LmjF.27.snoRNA0165,False,False,False,False,False
17189491,LmjF.27.snoRNA0177,False,False,False,False,False
17189491,LmjF.26.snoRNA0607,False,False,False,False,False
17189491,LmjF.20.snoRNA0261,False,False,False,False,False
17189491,LmjF.27.snoRNA0182,False,False,False,False,False
17189491,LmjF.15.snoRNA0052,False,False,False,False,False
17189491,LmjF.27.snoRNA0147,False,False,False,False,False
17189491,LmjF.19.snoRNA0004,False,False,False,False,False
17189491,LmjF.27.snoRNA0130,False,False,False,False,False
17189491,LmjF.20.snoRNA0229,False,False,False,False,False
17189491,LmjF.20.snoRNA0219,False,False,False,False,False
17189491,LmjF.20.snoRNA0265,False,False,False,False,False
17189491,LmjF.05.snoRNA0077,False,False,False,False,False
17189491,LmjF.18.snoRNA0106,False,False,False,False,False
17189491,LmjF.15.snoRNA0050,False,False,False,False,False
17189491,LmjF.15.snoRNA0064,False,False,False,False,False
17189491,LmjF.26.snoRNA0537,False,False,False,False,False
17189491,LmjF.36.snoRNA0084,False,False,False,False,False
17189491,LmjF.15.snoRNA0049,False,False,False,False,False
17189491,LmjF.15.snoRNA0053,False,False,False,False,False
17189491,LmjF.26.snoRNA0433,False,False,False,False,False
17189491,LmjF.26.snoRNA0623,False,False,False,False,False
17189491,LmjF.35.snoRNA0220,False,False,False,False,False
17189491,LmjF.27.snoRNA0176,False,False,False,False,False
17189491,LmjF.35.snoRNA0209,False,False,False,False,False
17189491,LmjF.26.snoRNA0610,False,False,False,False,False
17189491,LmjF.20.snoRNA0233,False,False,False,False,False
17189491,LmjF.26.snoRNA0484,False,False,False,False,False
17189491,LmjF.26.snoRNA0441,False,False,False,False,False
17189491,LmjF.26.snoRNA0553,False,False,False,False,False
17189491,LmjF.25.snoRNA0163,False,False,False,False,False
17189491,LmjF.26.snoRNA0615,False,False,False,False,False
17189491,LmjF.33.snoRNA0116,False,False,False,False,False
17189491,LmjF.23.snoRNA0036,False,False,False,False,False
17189491,LmjF.25.snoRNA0151,False,False,False,False,False
17189491,LmjF.26.snoRNA0447,False,False,False,False,False
17189491,LmjF.35.snoRNA0155,False,False,False,False,False
17189491,LmjF.35.snoRNA0187,False,False,False,False,False
17189491,LmjF.25.snoRNA0145,False,False,False,False,False
17189491,LmjF.35.snoRNA0204,False,False,False,False,False
17189491,LmjF.26.snoRNA0497,False,False,False,False,False
17189491,LmjF.05.snoRNA0079,False,False,False,False,False
17189491,LmjF.20.snoRNA0208,False,False,False,False,False
17189491,LmjF.20.snoRNA0193,False,False,False,False,False
17189491,LmjF.25.snoRNA0130,False,False,False,False,False
17189491,LmjF.27.snoRNA0158,False,False,False,False,False
17189491,LmjF.22.snoRNA0031,False,False,False,False,False
17189491,LmjF.26.snoRNA0545,False,False,False,False,False
17189491,LmjF.26.snoRNA0446,False,False,False,False,False
17189491,LmjF.18.snoRNA0097,False,False,False,False,False
17189491,LmjF.35.snoRNA0192,False,False,False,False,False
17189491,LmjF.26.snoRNA0549,False,False,False,False,False
17189491,LmjF.18.snoRNA0143,False,False,False,False,False
17189491,LmjF.26.snoRNA0485,False,False,False,False,False
17189491,LmjF.18.snoRNA0108,False,False,False,False,False
17189491,LmjF.05.snoRNA0063,False,False,False,False,False
17189491,LmjF.20.snoRNA0236,False,False,False,False,False
17189491,LmjF.20.snoRNA0177,False,False,False,False,False
17189491,LmjF.20.snoRNA0218,False,False,False,False,False
17189491,LmjF.26.snoRNA0495,False,False,False,False,False
17189491,LmjF.26.snoRNA0584,False,False,False,False,False
17189491,LmjF.25.snoRNA0180,False,False,False,False,False
17189491,LmjF.05.snoRNA0092,False,False,False,False,False
17189491,LmjF.33.snoRNA0111,False,False,False,False,False
17189491,LmjF.26.snoRNA0442,False,False,False,False,False
17189491,LmjF.23.snoRNA0037,False,False,False,False,False
17189491,LmjF.05.snoRNA0069,False,False,False,False,False
17189491,LmjF.23.snoRNA0042,False,False,False,False,False
17189491,LmjF.22.snoRNA0032,False,False,False,False,False
17189491,LmjF.18.snoRNA0110,False,False,False,False,False
17189491,LmjF.20.snoRNA0231,False,False,False,False,False
17189491,LmjF.27.snoRNA0134,False,False,False,False,False
17189491,LmjF.33.snoRNA0107,False,False,False,False,False
17189491,LmjF.20.snoRNA0225,False,False,False,False,False
17189491,LmjF.26.snoRNA0462,False,False,False,False,False
17189491,LmjF.26.snoRNA0471,False,False,False,False,False
17189491,LmjF.20.snoRNA0211,False,False,False,False,False
17189491,LmjF.25.snoRNA0127,False,False,False,False,False
17189491,LmjF.18.snoRNA0136,False,False,False,False,False
17189491,LmjF.25.snoRNA0128,False,False,False,False,False
17189491,LmjF.33.snoRNA0112,False,False,False,False,False
17189491,LmjF.20.snoRNA0262,False,False,False,False,False
17189491,LmjF.18.snoRNA0139,False,False,False,False,False
17189491,LmjF.22.snoRNA0034,False,False,False,False,False
17189491,LmjF.27.snoRNA0136,False,False,False,False,False
17189491,LmjF.26.snoRNA0496,False,False,False,False,False
17189491,LmjF.35.snoRNA0216,False,False,False,False,False
17189491,LmjF.36.snoRNA0067,False,False,False,False,False
17189491,LmjF.36.snoRNA0065,False,False,False,False,False
17189491,LmjF.20.snoRNA0174,False,False,False,False,False
17189491,LmjF.25.snoRNA0129,False,False,False,False,False
17189491,LmjF.18.snoRNA0132,False,False,False,False,False
17189491,LmjF.26.snoRNA0499,False,False,False,False,False
17189491,LmjF.15.snoRNA0047,False,False,False,False,False
17189491,LmjF.26.snoRNA0505,False,False,False,False,False
17189491,LmjF.25.snoRNA0156,False,False,False,False,False
17189491,LmjF.26.snoRNA0552,False,False,False,False,False
17189491,LmjF.30.snoRNA0018,False,False,False,False,False
17189491,LmjF.20.snoRNA0246,False,False,False,False,False
17189491,LmjF.20.snoRNA0228,False,False,False,False,False
17189491,LmjF.05.snoRNA0090,False,False,False,False,False
17189491,LmjF.18.snoRNA0121,False,False,False,False,False
17189491,LmjF.26.snoRNA0530,False,False,False,False,False
17189491,LmjF.26.snoRNA0570,False,False,False,False,False
17189491,LmjF.27.snoRNA0151,False,False,False,False,False
17189491,LmjF.27.snoRNA0150,False,False,False,False,False
17189491,LmjF.36.snoRNA0077,False,False,False,False,False
17189491,LmjF.35.snoRNA0212,False,False,False,False,False
17189491,LmjF.20.snoRNA0266,False,False,False,False,False
17189491,LmjF.26.snoRNA0459,False,False,False,False,False
17189491,LmjF.26.snoRNA0511,False,False,False,False,False
17189491,LmjF.22.snoRNA0029,False,False,False,False,False
17189491,LmjF.33.snoRNA0121,False,False,False,False,False
17189491,LmjF.25.snoRNA0139,False,False,False,False,False
17189491,LmjF.26.snoRNA0614,False,False,False,False,False
17189491,LmjF.25.snoRNA0125,False,False,False,False,False
17189491,LmjF.05.snoRNA0086,False,False,False,False,False
17189491,LmjF.26.snoRNA0437,False,False,False,False,False
17189491,LmjF.18.snoRNA0109,False,False,False,False,False
17189491,LmjF.25.snoRNA0144,False,False,False,False,False
17189491,LmjF.26.snoRNA0465,False,False,False,False,False
17189491,LmjF.26.snoRNA0423,False,False,False,False,False
17189491,LmjF.26.snoRNA0618,False,False,False,False,False
17189491,LmjF.18.snoRNA0130,False,False,False,False,False
17189491,LmjF.35.snoRNA0217,False,False,False,False,False
17189491,LmjF.35.snoRNA0151,False,False,False,False,False
17189491,LmjF.26.snoRNA0431,False,False,False,False,False
17189491,LmjF.25.snoRNA0179,False,False,False,False,False
17189491,LmjF.18.snoRNA0118,False,False,False,False,False
17189491,LmjF.26.snoRNA0578,False,False,False,False,False
17189491,LmjF.25.snoRNA0158,False,False,False,False,False
17189491,LmjF.15.snoRNA0060,False,False,False,False,False
17189491,LmjF.25.snoRNA0173,False,False,False,False,False
17189491,LmjF.26.snoRNA0620,False,False,False,False,False
17189491,LmjF.36.snoRNA0061,False,False,False,False,False
17189491,LmjF.25.snoRNA0136,False,False,False,False,False
17189491,LmjF.26.snoRNA0517,False,False,False,False,False
17189491,LmjF.26.snoRNA0463,False,False,False,False,False
17189491,LmjF.27.snoRNA0170,False,False,False,False,False
17189491,LmjF.26.snoRNA0480,False,False,False,False,False
17189491,LmjF.26.snoRNA0593,False,False,False,False,False
17189491,LmjF.33.snoRNA0106,False,False,False,False,False
17189491,LmjF.20.snoRNA0190,False,False,False,False,False
17189491,LmjF.26.snoRNA0420,False,False,False,False,False
17189491,LmjF.26.snoRNA0519,False,False,False,False,False
17189491,LmjF.18.snoRNA0115,False,False,False,False,False
17189491,LmjF.23.snoRNA0038,False,False,False,False,False
17189491,LmjF.26.snoRNA0489,False,False,False,False,False
17189491,LmjF.26.snoRNA0464,False,False,False,False,False
17189491,LmjF.18.snoRNA0133,False,False,False,False,False
17189491,LmjF.26.snoRNA0597,False,False,False,False,False
17189491,LmjF.19.snoRNA0003,False,False,False,False,False
17189491,LmjF.26.snoRNA0590,False,False,False,False,False
17189491,LmjF.26.snoRNA0538,False,False,False,False,False
17189491,LmjF.20.snoRNA0191,False,False,False,False,False
17189491,LmjF.20.snoRNA0226,False,False,False,False,False
17189491,LmjF.26.snoRNA0558,False,False,False,False,False
17189491,LmjF.25.snoRNA0132,False,False,False,False,False
17189491,LmjF.33.snoRNA0132,False,False,False,False,False
17189491,LmjF.26.snoRNA0429,False,False,False,False,False
17189491,LmjF.26.snoRNA0611,False,False,False,False,False
17189491,LmjF.33.snoRNA0125,False,False,False,False,False
17189491,LmjF.20.snoRNA0238,False,False,False,False,False
17189491,LmjF.27.snoRNA0143,False,False,False,False,False
17189491,LmjF.26.snoRNA0424,False,False,False,False,False
17189491,LmjF.35.snoRNA0205,False,False,False,False,False
17189491,LmjF.05.snoRNA0071,False,False,False,False,False
17189491,LmjF.25.snoRNA0124,False,False,False,False,False
17189491,LmjF.35.snoRNA0176,False,False,False,False,False
17189491,LmjF.34.snoRNA0013,False,False,False,False,False
17189491,LmjF.35.snoRNA0211,False,False,False,False,False
17189491,LmjF.20.snoRNA0245,False,False,False,False,False
17189491,LmjF.15.snoRNA0051,False,False,False,False,False
17189491,LmjF.05.snoRNA0084,False,False,False,False,False
17189491,LmjF.26.snoRNA0478,False,False,False,False,False
17189491,LmjF.36.snoRNA0062,False,False,False,False,False
17189491,LmjF.26.snoRNA0474,False,False,False,False,False
17189491,LmjF.26.snoRNA0543,False,False,False,False,False
17189491,LmjF.15.snoRNA0065,False,False,False,False,False
17189491,LmjF.26.snoRNA0443,False,False,False,False,False
17189491,LmjF.25.snoRNA0176,False,False,False,False,False
17189491,LmjF.20.snoRNA0213,False,False,False,False,False
17189491,LmjF.18.snoRNA0125,False,False,False,False,False
17189491,LmjF.26.snoRNA0503,False,False,False,False,False
17189491,LmjF.26.snoRNA0507,False,False,False,False,False
17189491,LmjF.18.snoRNA0128,False,False,False,False,False
17189491,LmjF.26.snoRNA0534,False,False,False,False,False
17189491,LmjF.26.snoRNA0629,False,False,False,False,False
17189491,LmjF.35.snoRNA0188,False,False,False,False,False
17189491,LmjF.35.snoRNA0190,False,False,False,False,False
17189491,LmjF.18.snoRNA0098,False,False,False,False,False
17189491,LmjF.33.snoRNA0102,False,False,False,False,False
17189491,LmjF.33.snoRNA0114,False,False,False,False,False
17189491,LmjF.20.snoRNA0207,False,False,False,False,False
17189491,LmjF.26.snoRNA0514,False,False,False,False,False
17189491,LmjF.35.snoRNA0154,False,False,False,False,False
17189491,LmjF.05.snoRNA0074,False,False,False,False,False
17189491,LmjF.25.snoRNA0167,False,False,False,False,False
17189491,LmjF.35.snoRNA0198,False,False,False,False,False
17189491,LmjF.18.snoRNA0141,False,False,False,False,False
17189491,LmjF.20.snoRNA0224,False,False,False,False,False
17189491,LmjF.22.snoRNA0037,False,False,False,False,False
17189491,LmjF.20.snoRNA0192,False,False,False,False,False
17189491,LmjF.20.snoRNA0264,False,False,False,False,False
17189491,LmjF.25.snoRNA0159,False,False,False,False,False
17189491,LmjF.20.snoRNA0203,False,False,False,False,False
17189491,LmjF.27.snoRNA0141,False,False,False,False,False
17189491,LmjF.26.snoRNA0434,False,False,False,False,False
17189491,LmjF.27.snoRNA0126,False,False,False,False,False
17189491,LmjF.20.snoRNA0252,False,False,False,False,False
17189491,LmjF.20.snoRNA0257,False,False,False,False,False
17189491,LmjF.27.snoRNA0153,False,False,False,False,False
17189491,LmjF.05.snoRNA0068,False,False,False,False,False
17189491,LmjF.26.snoRNA0589,False,False,False,False,False
17189491,LmjF.27.snoRNA0174,False,False,False,False,False
17189491,LmjF.26.snoRNA0435,False,False,False,False,False
17189491,LmjF.26.snoRNA0457,False,False,False,False,False
17189491,LmjF.26.snoRNA0487,False,False,False,False,False
17189491,LmjF.26.snoRNA0624,False,False,False,False,False
17189491,LmjF.18.snoRNA0112,False,False,False,False,False
17189491,LmjF.35.snoRNA0152,False,False,False,False,False
17189491,LmjF.34.snoRNA0011,False,False,False,False,False
17189491,LmjF.22.snoRNA0036,False,False,False,False,False
17189491,LmjF.25.snoRNA0166,False,False,False,False,False
17189491,LmjF.20.snoRNA0241,False,False,False,False,False
17189491,LmjF.27.snoRNA0157,False,False,False,False,False
17189491,LmjF.26.snoRNA0508,False,False,False,False,False
17189491,LmjF.27.snoRNA0135,False,False,False,False,False
17189491,LmjF.18.snoRNA0137,False,False,False,False,False
17189491,LmjF.20.snoRNA0220,False,False,False,False,False
17189491,LmjF.26.snoRNA0540,False,False,False,False,False
17189491,LmjF.20.snoRNA0178,False,False,False,False,False
17189491,LmjF.27.snoRNA0129,False,False,False,False,False
17189491,LmjF.33.snoRNA0096,False,False,False,False,False
17189491,LmjF.26.snoRNA0418,False,False,False,False,False
17189491,LmjF.26.snoRNA0526,False,False,False,False,False
17189491,LmjF.27.snoRNA0145,False,False,False,False,False
17189491,LmjF.27.snoRNA0159,False,False,False,False,False
17189491,LmjF.26.snoRNA0417,False,False,False,False,False
17189491,LmjF.35.snoRNA0213,False,False,False,False,False
17189491,LmjF.23.snoRNA0035,False,False,False,False,False
17189491,LmjF.26.snoRNA0448,False,False,False,False,False
17189491,LmjF.20.snoRNA0217,False,False,False,False,False
17189491,LmjF.25.snoRNA0170,False,False,False,False,False
17189491,LmjF.30.snoRNA0017,False,False,False,False,False
17189491,LmjF.33.snoRNA0094,False,False,False,False,False
17189491,LmjF.18.snoRNA0113,False,False,False,False,False
17189491,LmjF.26.snoRNA0562,False,False,False,False,False
17189491,LmjF.35.snoRNA0166,False,False,False,False,False
17189491,LmjF.25.snoRNA0155,False,False,False,False,False
17189491,LmjF.26.snoRNA0586,False,False,False,False,False
17189491,LmjF.20.snoRNA0176,False,False,False,False,False
17189491,LmjF.27.snoRNA0128,False,False,False,False,False
17189491,LmjF.26.snoRNA0439,False,False,False,False,False
17189491,LmjF.36.snoRNA0070,False,False,False,False,False
17189491,LmjF.25.snoRNA0133,False,False,False,False,False
17189491,LmjF.35.snoRNA0195,False,False,False,False,False
17189491,LmjF.30.snoRNA0022,False,False,False,False,False
17189491,LmjF.20.snoRNA0215,False,False,False,False,False
17189491,LmjF.18.snoRNA0114,False,False,False,False,False
17189491,LmjF.05.snoRNA0078,False,False,False,False,False
17189491,LmjF.23.snoRNA0039,False,False,False,False,False
17189491,LmjF.18.snoRNA0116,False,False,False,False,False
17189491,LmjF.20.snoRNA0222,False,False,False,False,False
17189491,LmjF.26.snoRNA0451,False,False,False,False,False
17189491,LmjF.27.snoRNA0146,False,False,False,False,False
17189491,LmjF.35.snoRNA0218,False,False,False,False,False
17189491,LmjF.26.snoRNA0430,False,False,False,False,False
17189491,LmjF.33.snoRNA0100,False,False,False,False,False
17189491,LmjF.35.snoRNA0199,False,False,False,False,False
17189491,LmjF.27.snoRNA0132,False,False,False,False,False
17189491,LmjF.35.snoRNA0208,False,False,False,False,False
17189491,LmjF.05.snoRNA0076,False,False,False,False,False
17189491,LmjF.26.snoRNA0486,False,False,False,False,False
17189491,LmjF.26.snoRNA0541,False,False,False,False,False
17189491,LmjF.26.snoRNA0582,False,False,False,False,False
17189491,LmjF.33.snoRNA0133,False,False,False,False,False
17189491,LmjF.35.snoRNA0191,False,False,False,False,False
17189491,LmjF.18.snoRNA0126,False,False,False,False,False
17189491,LmjF.20.snoRNA0179,False,False,False,False,False
17189491,LmjF.20.snoRNA0232,False,False,False,False,False
17189491,LmjF.25.snoRNA0152,False,False,False,False,False
17189491,LmjF.26.snoRNA0598,False,False,False,False,False
17189491,LmjF.22.snoRNA0030,False,False,False,False,False
17189491,LmjF.23.snoRNA0030,False,False,False,False,False
17189491,LmjF.26.snoRNA0622,False,False,False,False,False
17189491,LmjF.30.snoRNA0020,False,False,False,False,False
17189491,LmjF.33.snoRNA0097,False,False,False,False,False
17189491,LmjF.26.snoRNA0532,False,False,False,False,False
17189491,LmjF.27.snoRNA0138,False,False,False,False,False
17189491,LmjF.26.snoRNA0557,False,False,False,False,False
17189491,LmjF.27.snoRNA0175,False,False,False,False,False
17189491,LmjF.30.snoRNA0023,False,False,False,False,False
17189491,LmjF.05.snoRNA0073,False,False,False,False,False
17189491,LmjF.35.snoRNA0181,False,False,False,False,False
17189491,LmjF.36.snoRNA0072,False,False,False,False,False
17189491,LmjF.26.snoRNA0436,False,False,False,False,False
17189491,LmjF.36.snoRNA0074,False,False,False,False,False
17189491,LmjF.26.snoRNA0539,False,False,False,False,False
17189491,LmjF.26.snoRNA0500,False,False,False,False,False
17189491,LmjF.05.snoRNA0087,False,False,False,False,False
17189491,LmjF.18.snoRNA0122,False,False,False,False,False
17189491,LmjF.27.snoRNA0142,False,False,False,False,False
17189491,LmjF.20.snoRNA0182,False,False,False,False,False
17189491,LmjF.26.snoRNA0510,False,False,False,False,False
17189491,LmjF.26.snoRNA0492,False,False,False,False,False
17189491,LmjF.22.snoRNA0039,False,False,False,False,False
17189491,LmjF.26.snoRNA0613,False,False,False,False,False
17189491,LmjF.26.snoRNA0533,False,False,False,False,False
17189491,LmjF.20.snoRNA0204,False,False,False,False,False
17189491,LmjF.26.snoRNA0609,False,False,False,False,False
17189491,LmjF.15.snoRNA0046,False,False,False,False,False
17189491,LmjF.26.snoRNA0567,False,False,False,False,False
17189491,LmjF.35.snoRNA0202,False,False,False,False,False
17189491,LmjF.22.snoRNA0038,False,False,False,False,False
17189491,LmjF.35.snoRNA0168,False,False,False,False,False
17189491,LmjF.35.snoRNA0223,False,False,False,False,False
17189491,LmjF.33.snoRNA0126,False,False,False,False,False
17189491,LmjF.33.snoRNA0098,False,False,False,False,False
17189491,LmjF.18.snoRNA0111,False,False,False,False,False
17189491,LmjF.26.snoRNA0575,False,False,False,False,False
17189491,LmjF.35.snoRNA0178,False,False,False,False,False
17189491,LmjF.25.snoRNA0165,False,False,False,False,False
17189491,LmjF.26.snoRNA0587,False,False,False,False,False
17189491,LmjF.18.snoRNA0123,False,False,False,False,False
17189491,LmjF.20.snoRNA0250,False,False,False,False,False
17189491,LmjF.26.snoRNA0501,False,False,False,False,False
17189491,LmjF.25.snoRNA0143,False,False,False,False,False
17189491,LmjF.33.snoRNA0113,False,False,False,False,False
17189491,LmjF.26.snoRNA0561,False,False,False,False,False
17189491,LmjF.26.snoRNA0548,False,False,False,False,False
17189491,LmjF.26.snoRNA0605,False,False,False,False,False
17189491,LmjF.20.snoRNA0254,False,False,False,False,False
17189491,LmjF.27.snoRNA0156,False,False,False,False,False
17189491,LmjF.26.snoRNA0596,False,False,False,False,False
17189491,LmjF.27.snoRNA0123,False,False,False,False,False
17189491,LmjF.26.snoRNA0625,False,False,False,False,False
17189491,LmjF.27.snoRNA0152,False,False,False,False,False
17189491,LmjF.20.snoRNA0183,False,False,False,False,False
17189491,LmjF.25.snoRNA0171,False,False,False,False,False
17189491,LmjF.35.snoRNA0215,False,False,False,False,False
17189491,LmjF.26.snoRNA0525,False,False,False,False,False
17189491,LmjF.26.snoRNA0565,False,False,False,False,False
17189491,LmjF.26.snoRNA0608,False,False,False,False,False
17189491,LmjF.18.snoRNA0129,False,False,False,False,False
17189491,LmjF.26.snoRNA0573,False,False,False,False,False
17189491,LmjF.26.snoRNA0555,False,False,False,False,False
17189491,LmjF.35.snoRNA0158,False,False,False,False,False
17189491,LmjF.20.snoRNA0263,False,False,False,False,False
17189491,LmjF.26.snoRNA0472,False,False,False,False,False
17189491,LmjF.26.snoRNA0560,False,False,False,False,False
17189491,LmjF.34.snoRNA0016,False,False,False,False,False
17189491,LmjF.33.snoRNA0099,False,False,False,False,False
17189491,LmjF.33.snoRNA0129,False,False,False,False,False
17189491,LmjF.20.snoRNA0214,False,False,False,False,False
17189491,LmjF.20.snoRNA0181,False,False,False,False,False
17189491,LmjF.20.snoRNA0196,False,False,False,False,False
17189491,LmjF.26.snoRNA0454,False,False,False,False,False
17189491,LmjF.33.snoRNA0128,False,False,False,False,False
17189491,LmjF.26.snoRNA0563,False,False,False,False,False
17189491,LmjF.36.snoRNA0083,False,False,False,False,False
17189491,LmjF.20.snoRNA0186,False,False,False,False,False
17189491,LmjF.20.snoRNA0200,False,False,False,False,False
17189491,LmjF.26.snoRNA0619,False,False,False,False,False
17189491,LmjF.18.snoRNA0140,False,False,False,False,False
17189491,LmjF.27.snoRNA0137,False,False,False,False,False
17189491,LmjF.25.snoRNA0169,False,False,False,False,False
17189491,LmjF.36.snoRNA0076,False,False,False,False,False
17189491,LmjF.20.snoRNA0235,False,False,False,False,False
17189491,LmjF.35.snoRNA0210,False,False,False,False,False
17189491,LmjF.35.snoRNA0206,False,False,False,False,False
17189491,LmjF.35.snoRNA0182,False,False,False,False,False
17189491,LmjF.20.snoRNA0258,False,False,False,False,False
17189491,LmjF.18.snoRNA0144,False,False,False,False,False
17189491,LmjF.27.snoRNA0178,False,False,False,False,False
17189491,LmjF.26.snoRNA0579,False,False,False,False,False
17189491,LmjF.34.snoRNA0012,False,False,False,False,False
17189491,LmjF.26.snoRNA0453,False,False,False,False,False
17189491,LmjF.26.snoRNA0518,False,False,False,False,False
17189491,LmjF.35.snoRNA0186,False,False,False,False,False
17189491,LmjF.05.snoRNA0085,False,False,False,False,False
17189491,LmjF.33.snoRNA0119,False,False,False,False,False
17189491,LmjF.18.snoRNA0127,False,False,False,False,False
17189491,LmjF.20.snoRNA0237,False,False,False,False,False
17189491,LmjF.36.snoRNA0073,False,False,False,False,False
17189491,LmjF.15.snoRNA0062,False,False,False,False,False
17189491,LmjF.25.snoRNA0162,False,False,False,False,False
17189491,LmjF.15.snoRNA0056,False,False,False,False,False
17189491,LmjF.26.snoRNA0572,False,False,False,False,False
17189491,LmjF.20.snoRNA0195,False,False,False,False,False
17189491,LmjF.20.snoRNA0185,False,False,False,False,False
17189491,LmjF.26.snoRNA0606,False,False,False,False,False
17189491,LmjF.25.snoRNA0174,False,False,False,False,False
17189491,LmjF.27.snoRNA0161,False,False,False,False,False
17189491,LmjF.25.snoRNA0153,False,False,False,False,False
17189491,LmjF.35.snoRNA0156,False,False,False,False,False
17189491,LmjF.18.snoRNA0117,False,False,False,False,False
17189491,LmjF.20.snoRNA0198,False,False,False,False,False
17189491,LmjF.27.snoRNA0181,False,False,False,False,False
17189491,LmjF.36.snoRNA0085,False,False,False,False,False
17189491,LmjF.26.snoRNA0475,False,False,False,False,False
17189491,LmjF.33.snoRNA0117,False,False,False,False,False
17189491,LmjF.15.snoRNA0061,False,False,False,False,False
17189491,LmjF.36.snoRNA0080,False,False,False,False,False
17189491,LmjF.27.snoRNA0171,False,False,False,False,False
17189491,LmjF.35.snoRNA0203,False,False,False,False,False
17189491,LmjF.05.snoRNA0067,False,False,False,False,False
17189491,LmjF.18.snoRNA0120,False,False,False,False,False
17189491,LmjF.26.snoRNA0506,False,False,False,False,False
17189491,LmjF.35.snoRNA0201,False,False,False,False,False
17189491,LmjF.15.snoRNA0063,False,False,False,False,False
17189491,LmjF.20.snoRNA0188,False,False,False,False,False
17189491,LmjF.20.snoRNA0187,False,False,False,False,False
17189491,LmjF.23.snoRNA0031,False,False,False,False,False
17189491,LmjF.26.snoRNA0531,False,False,False,False,False
17189491,LmjF.18.snoRNA0131,False,False,False,False,False
17189491,LmjF.20.snoRNA0223,False,False,False,False,False
17189491,LmjF.18.snoRNA0100,False,False,False,False,False
17189491,LmjF.35.snoRNA0161,False,False,False,False,False
17189491,LmjF.26.snoRNA0603,False,False,False,False,False
17189491,LmjF.23.snoRNA0033,False,False,False,False,False
17189491,LmjF.18.snoRNA0134,False,False,False,False,False
17189491,LmjF.26.snoRNA0594,False,False,False,False,False
17189491,LmjF.25.snoRNA0175,False,False,False,False,False
17189491,LmjF.26.snoRNA0490,False,False,False,False,False
17189491,LmjF.26.snoRNA0599,False,False,False,False,False
17189491,LmjF.05.snoRNA0080,False,False,False,False,False
17189491,LmjF.26.snoRNA0602,False,False,False,False,False
17189491,LmjF.27.snoRNA0163,False,False,False,False,False
17189491,LmjF.26.snoRNA0452,False,False,False,False,False
17189491,LmjF.23.snoRNA0029,False,False,False,False,False
17189491,LmjF.25.snoRNA0164,False,False,False,False,False
17189491,LmjF.35.snoRNA0196,False,False,False,False,False
17189491,LmjF.35.snoRNA0175,False,False,False,False,False
17189491,LmjF.23.snoRNA0040,False,False,False,False,False
17189491,LmjF.26.snoRNA0568,False,False,False,False,False
17189491,LmjF.26.snoRNA0481,False,False,False,False,False
17189491,LmjF.05.snoRNA0081,False,False,False,False,False
17189491,LmjF.26.snoRNA0509,False,False,False,False,False
17189491,LmjF.36.snoRNA0063,False,False,False,False,False
18796316,LmjF.10.0370,False,False,False,False,False
18796316,LbrM.10.0370,False,False,False,False,False
18796316,LbrM.10.0410,False,False,False,False,False
18796316,LbrM.10.0380,False,False,False,False,False
18796316,LmjF.10.0400,False,False,False,False,False
18796316,LbrM.10.0400,False,False,False,False,False
18796316,LmjF.10.0380,False,False,False,False,False
18796316,LmjF.06.0310,False,False,False,False,False
18796316,LmjF.19.0920,False,False,False,False,False
18796316,LbrM.06.0290,False,False,False,False,False
18796316,LmjF.10.0390,False,False,False,False,False
18796316,LbrM.10.0390,False,False,False,False,False
18796316,LmjF.10.0360,False,False,False,False,False
18796316,LmjF.10.0385,False,False,False,False,False
20145708,LbrM.07.0450,True,False,False,False,False
20145708,LmjF.07.0440,True,True,True,True,True
20145708,LmjF.27.2440,True,True,True,True,True
20145708,LmjF.07.0430,True,True,True,True,True
20145708,LbrM.07.0460,True,False,False,False,False
25539953,LmjF.25.1610,True,True,True,True,True
25539953,LmjF.28.2310,True,True,True,True,True
25539953,LmjF.36.3880,True,True,True,True,True
25539953,LmjF.36.6980,True,True,True,True,True
25539953,LmjF.36.0250,True,True,True,True,True
25539953,LmjF.07.0640,True,True,True,True,True
25539953,LmjF.34.2700,True,True,True,True,True
25539953,LmjF.17.0010,True,True,True,True,True
25539953,LmjF.32.2180,True,True,True,True,True
25539953,LmjF.17.1290,True,True,True,True,True
25539953,LmjF.25.2120,True,True,True,True,True
25539953,LmjF.30.3040,True,True,True,True,True
20180988,LbrM.33.1360,True,True,True,True,True
20180988,LbrM.35.0090,True,True,True,True,True
20180988,LmjF.21.1680,True,True,True,True,True
20180988,LbrM.18.1450,True,True,True,True,True
20180988,LbrM.21.1990,True,True,True,True,True
20180988,LbrM.11.0150,True,True,True,True,True
20180988,LmjF.11.0470,True,True,True,True,True
20180988,LmjF.36.0050,True,True,True,True,True
20180988,LmjF.20.1365,True,True,True,True,True
20180988,LmjF.33.1150,True,True,True,True,True
20180988,LmjF.18.1420,True,True,True,True,True
20180988,LmjF.12.0380,True,True,True,True,True
20180988,LbrM.12.0400,True,True,True,True,True
20180988,LmxM.12.0380,True,False,False,False,False
17548090,LbrM.34.4950,False,False,False,False,False
17548090,LbrM.33.1650,False,False,False,False,False
17548090,LmxM.31.3250,False,False,False,False,False
17548090,LmxM.34.5010,False,False,False,False,False
17548090,LmjF.32.3250,False,False,False,False,False
17548090,LmjF.30.2910,False,False,False,False,False
17548090,LmxM.36.0720,False,False,False,False,False
17548090,LbrM.30.2890,False,False,False,False,False
17548090,LbrM.32.3540,False,False,False,False,False
17548090,LdBPK_360780.1,False,False,False,False,False
17548090,LbrM.35.0840,False,False,False,False,False
17548090,LmxM.28.0580,False,False,False,False,False
17548090,LmxM.29.2910,False,False,False,False,False
17548090,LmjF.13.1640,False,False,False,False,False
17548090,LmjF.33.1380,False,False,False,False,False
17548090,LmxM.32.1380,False,False,False,False,False
17548090,LmjF.36.0720,False,False,False,False,False
17548090,LmxM.29.0370,False,False,False,False,False
17548090,LmjF.35.5010,False,False,False,False,False
17548090,LbrM.13.1500,False,False,False,False,False
17548090,LmxM.13.1640,False,False,False,False,False
8708965,TcCLB.511239.159,False,False,False,False,False
8708965,LmjF.14.0130,False,False,False,False,False
8708965,TcCLB.414243.29,False,False,False,False,False
15342784,LmjF.20.1300,False,False,False,False,False
15342784,LmjF.20.1280,False,False,False,False,False
15342784,LmjF.14.0850,False,False,False,False,False
15342784,LmjF.20.1310,False,False,False,False,False
16876889,LbrM.28.2560,False,False,False,False,False
16876889,LmjF.28.2370,False,False,False,False,False
16876889,LmjF.14.1320,False,False,False,False,False
16876889,LbrM.14.1490,False,False,False,False,False
24118609,LmjF.28.1820,False,False,False,False,False
24118609,LmjF.23.0290,False,False,False,False,False
24118609,LmjF.15.0980,False,False,False,False,False
19136005,LbrM.15.1260,False,False,False,False,False
19136005,LmjF.25.1090,False,False,False,False,False
19136005,LmjF.15.1310,False,False,False,False,False
19296828,LbrM.35.3820,False,False,False,False,False
19296828,LbrM.17.0230,False,False,False,False,False
19296828,LmjF.34.2850,False,False,False,False,False
19296828,LmjF.17.0250,False,False,False,False,False
19296828,LmjF.36.3590,False,False,False,False,False
17347153,LmjF.24.0360,False,False,False,False,False
17347153,LdBPK_220830.1,False,False,False,False,False
17347153,LmjF.18.0400,False,False,False,False,False
17347153,LmxM.22.1010,False,False,False,False,False
17347153,LbrM.22.0910,False,False,False,False,False
17347153,LmjF.22.1010,False,False,False,False,False
16750864,LmjF.34.0160,False,False,False,False,False
16750864,LmjF.19.0710,False,False,False,False,False
16750864,LbrM.20.0010,False,False,False,False,False
16750864,LbrM.28.3070,False,False,False,False,False
9497041,LbrM.20.4190,False,False,False,False,False
9497041,LmjF.20.0100,False,False,False,False,False
9497041,LmjF.20.0110,False,False,False,False,False
21255121,LmjF.23.0380,False,False,False,False,False
21255121,LbrM.23.0420,False,False,False,False,False
21255121,LdBPK_230430.1,False,False,False,False,False
21255121,LmxM.23.0380,False,False,False,False,False
9106195,LmjF.23.1082,False,False,False,False,False
9106195,LmjF.23.1040,False,False,False,False,False
9106195,LmjF.23.1088,False,False,False,False,False
17188763,LmjF.36.1820,False,False,False,False,False
17188763,LmjF.23.1080,False,False,False,False,False
17188763,LbrM.02.0240,False,False,False,False,False
17188763,LmjF.23.1086,False,False,False,False,False
17188763,LmjF.36.5880,False,False,False,False,False
17188763,LbrM.33.2680,False,False,False,False,False
17188763,LmjF.33.2400,False,False,False,False,False
16497676,LbrM.29.2470,False,False,False,False,False
16497676,LmjF.29.2500,False,False,False,False,False
16497676,LmjF.30.0270,False,False,False,False,False
16556218,LbrM.31.1030,False,False,False,False,False
16556218,LmjF.31.0870,False,False,False,False,False
16556218,LmjF.31.0880,False,False,False,False,False
27606425,LmjF.31.2010,True,True,True,True,True
27606425,LdBPK_312050.1,True,False,False,False,False
27606425,LbrM.31.2270,True,True,True,True,True
27606425,LmxM.30.2010,True,False,False,False,False
17000865,LmxM.30.3070,True,True,True,True,True
17000865,LmxM.30.3060,True,True,True,True,True
17000865,LmjF.31.3060,True,True,True,True,True
18523291,LbrM.33.2010,False,False,False,False,False
18523291,LmjF.33.1750,False,False,False,False,False
18523291,LmjF.33.1740,False,False,False,False,False
8078522,LmjF.35.0030,False,False,False,False,False
8078522,LbrM.34.0040,False,False,False,False,False
8078522,LbrM.34.0010,False,False,False,False,False
8078522,LbrM.34.0060,False,False,False,False,False
8078522,LmjF.35.0020,False,False,False,False,False
17904661,LbrM.35.2550,False,False,False,False,False
17904661,TcCLB.510187.100,False,False,False,False,False
17904661,LmjF.36.2320,False,False,False,False,False
32010635,TcCLB.510679.40,True,True,True,True,True
32010635,TcCLB.506301.60,True,True,True,True,True
32010635,TcCLB.506789.150,True,True,True,True,True
21829589,LdBPK_090400.1,True,True,True,True,True
21829589,LmxM.09.0250,True,True,True,True,True
21829589,TcCLB.509023.130,True,True,True,True,True
19497120,TcCLB.509793.10,True,True,True,True,True
19497120,TcCLB.509791.120,True,True,True,True,True
19497120,TcCLB.509793.40,True,True,True,True,True
31242261,LmxM.16.1550,True,False,False,False,False
31242261,LmxM.04.0550,True,True,True,True,True
31242261,LmxM.25.1600,True,False,False,False,False
31242261,LmxM.22.1620,True,False,False,False,False
31242261,LmxM.22.0900,True,True,True,True,True
31242261,LmxM.36.5870,True,False,False,False,False
31242261,LmxM.14.1430,True,True,True,True,True
31242261,LmxM.32.2220,True,False,False,False,False
31242261,LmxM.13.0240,True,False,False,False,False
31242261,LmxM.24.0840,True,False,False,False,False
31242261,LmxM.02.0310,True,False,False,False,False
31242261,LmxM.26.0650,True,False,False,False,False
31242261,LmxM.05.1020,True,False,False,False,False
31242261,LmxM.30.3150,True,True,True,True,True
31242261,LmxM.33.2480,True,True,True,True,True
31242261,LmxM.25.1920,True,True,True,True,True
31242261,LmxM.29.1810,True,False,False,False,False
31242261,LmxM.31.1980,True,False,False,False,False
31242261,LmxM.36.1910,True,False,False,False,False
31242261,LmxM.17.0900,True,False,False,False,False
31242261,LmxM.19.0520,True,False,False,False,False
32719012,LmxM.05.0380,False,False,False,False,False
32719012,LmxM.10.1150,False,False,False,False,False
32719012,LmxM.32.2440,False,False,False,False,False
32719012,LmxM.31.0380,False,False,False,False,False
32719012,LmxM.36.5850,False,False,False,False,False
26746239,LmxM.36.5970,True,True,True,True,True
26746239,LmxM.33.0680,True,True,True,True,True
26746239,LmxM.09.0100,True,True,True,True,True
26746239,LmxM.28.1990,True,True,True,True,True
26746239,LmxM.33.0690,True,True,True,True,True
26746239,LmxM.33.2570,True,True,True,True,True
26667778,LmxM.31.1060,True,False,False,False,False
26667778,LmxM.27.1630,True,True,True,True,True
26667778,LmxM.13.0130,True,True,True,True,True
26667778,LmxM.19.0250,True,True,True,True,True
26667778,LmxM.19.0320,True,True,True,True,True
26667778,LmxM.16.1430,True,True,True,True,True
26667778,LmxM.09.1530,True,True,True,True,True
26667778,LmxM.13.0430,True,True,True,True,True
26667778,LmxM.18.1010,True,False,False,False,False
26667778,LmxM.34.1810,True,False,False,False,False
31513773,LmxM.10.1260,False,False,False,False,False
31513773,LmxM.10.1290,False,False,False,False,False
31513773,LmxM.10.1270,False,False,False,False,False
31513773,LmxM.10.1240,False,False,False,False,False
31513773,LmxM.10.1230,False,False,False,False,False
31513773,LmxM.10.1280,False,False,False,False,False
31513773,LmxM.10.1250,False,False,False,False,False
31472179,LmxM.32.2260,False,False,False,False,False
31472179,LmxM.32.2850,False,False,False,False,False
31472179,LmxM.33.4000,False,False,False,False,False
31472179,LmxM.32.2830,False,False,False,False,False
20512252,LmxM.34.2220,False,False,False,False,False
20512252,LmxM.34.2210,False,False,False,False,False
20512252,LmxM.34.2221,False,False,False,False,False
12651954,LmxM.36.6300,False,False,False,False,False
12651954,LmxM.36.6290,False,False,False,False,False
12651954,LmxM.36.6280,False,False,False,False,False
28871083,TcIL3000.11.1420,True,False,False,False,False
28871083,TcIL3000_9_5770,True,False,False,False,False
28871083,TcIL3000_0_19510,True,False,False,False,False
28871083,TcIL3000_0_22050,True,False,False,False,False
28871083,TcIL3000.11.210,True,False,False,False,False
2469011,LdBPK_181510.1,False,False,False,False,False
2469011,LdBPK_181500.1,False,False,False,False,False
2469011,LdBPK_181490.1,False,False,False,False,False
2828921,LdBPK_181510.1,False,False,False,False,False
2828921,LdBPK_181500.1,False,False,False,False,False
2828921,LdBPK_181490.1,False,False,False,False,False
16278296,Tb927.9.9940,False,False,False,False,False
34010336,Tb927.9.11540,True,True,True,True,True
20132449,Tb927.11.4690,False,False,False,False,False
30058168,Tb927.6.3140,False,False,False,False,False
7969265,TcCLB.509693.70,False,False,False,False,False
11254958,TcCLB.504181.40,False,False,False,False,False
20386598,Tb927.11.6210,True,True,True,True,True
16835447,Tb927.11.8220,False,False,False,False,False
15009186,Tb927.2.3080,False,False,False,False,False
16107339,Tb927.10.170,False,False,False,False,False
29425238,Tb927.6.3050,True,True,True,True,True
35697071,Tb927.9.6160,True,True,True,True,True
25185157,Tb927.6.2980,False,False,False,False,False
10644738,Tb927.10.14000,False,False,False,False,False
29247468,Tb927.5.1710,False,False,False,False,False
27965085,Tb927.11.10860,False,False,False,False,False
11382780,TcCLB.503563.10,False,False,False,False,False
12746436,Tb927.11.12750,False,False,False,False,False
26038549,Tb927.6.2670,False,False,False,False,False
28456523,Tb927.3.3160,False,False,False,False,False
22787278,Tb927.7.5700,True,True,True,True,True
29449551,Tb927.4.5380,True,True,True,True,True
12944391,LbrM.30.0130,False,False,False,False,False
18464794,TcCLB.504041.4,False,False,False,False,False
19906649,LmjF.17.1160,False,False,False,False,False
9315657,LmjF.29.1270,False,False,False,False,False
17382932,LmxM.14.1160,False,False,False,False,False
31747559,Tb927.7.4560,False,False,False,False,False
12966090,Tb927.5.2790,False,False,False,False,False
27436903,Tb927.7.5700,False,False,False,False,False
35293314,Tb927.8.3070,True,True,True,True,True
11755190,Tb927.9.14430,False,False,False,False,False
17213267,LmjF.23.0250,False,False,False,False,False
16492767,LmjF.21.0725,False,False,False,False,False
23451133,Tb927.7.1770,True,True,True,True,True
10567419,LdBPK_210990.1,False,False,False,False,False
29499774,Tb927.10.7110,False,False,False,False,False
17028241,Tb927.10.2010,False,False,False,False,False
28406895,Tb927.5.470,True,True,True,True,True
11726506,Tb927.6.3490,False,False,False,False,False
9480915,TcCLB.508111.30,False,False,False,False,False
29287109,Tb927.7.3060,True,True,True,True,True
22366449,Tb927.10.14550,True,True,True,True,True
27501349,Tb927.9.10560,False,False,False,False,False
22425988,TcCLB.506565.12,False,False,False,False,False
15850459,LmjF.34.0070,False,False,False,False,False
26731263,Tb927.5.2080,True,True,True,True,True
18611951,Tb927.9.8740,True,True,True,True,True
20625148,TcCLB.506697.20,False,False,False,False,False
19318463,Tb927.10.3570,False,False,False,False,False
19646907,Tb927.7.1000,True,False,False,False,False
9649425,Tb927.11.11520,False,False,False,False,False
7969267,LmjF.23.1060,False,False,False,False,False
11420107,LmjF.28.0550,False,False,False,False,False
20060805,LmjF.34.0070,False,False,False,False,False
28679527,Tb927.4.4020,True,True,True,True,True
27998975,Tb927.1.4690,False,False,False,False,False
31391282,Tb927.6.2050,True,True,True,True,True
16782879,Tb927.11.10190,False,False,False,False,False
28406895,TcCLB.509885.70,True,True,True,True,True
25589551,TcCLB.507511.81,False,False,False,False,False
20601430,LmxM.36.6290,True,True,True,True,True
12615316,Tb927.11.2730,False,False,False,False,False
24747213,TcCLB.509747.110,False,False,False,False,False
19304951,Tb927.9.7770,False,False,False,False,False
9247926,Tbg972.11.15650,False,False,False,False,False
21687672,TcCLB.508319.40,True,True,True,True,True
26784394,Tb927.3.3960,False,False,False,False,False
20337715,TcCLB.511411.30,False,False,False,False,False
10029305,Tb927.10.5770,False,False,False,False,False
23675735,Tb927.4.4980,False,False,False,False,False
25266856,Tb927.10.14390,True,True,True,True,True
36804636,Tb927.3.3500,True,True,True,True,True
22219392,Tb927.4.1610,False,False,False,False,False
18036214,Tb927.4.4930,True,True,True,True,True
18485498,LbrM.35.2600,False,False,False,False,False
11447107,LmjF.23.0110,False,False,False,False,False
26991453,Tb927.10.7910,True,True,True,True,True
31341002,Tb927.11.10260,True,True,True,True,True
22123425,Tb927.11.12850,False,False,False,False,False
22351763,Tb927.11.5350,False,False,False,False,False
19103757,Tb927.7.7040,False,False,False,False,False
17041189,LmjF.28.2500,False,False,False,False,False
29781112,Tb927.8.2030,True,True,True,True,True
36804636,Tb927.5.2230,True,True,True,True,True
2792108,Tb927.1.3830,False,False,False,False,False
20109450,Tb927.11.10870,True,True,True,True,True
21947264,Tb927.7.4900,False,False,False,False,False
26752206,TcCLB.511071.190,True,True,True,True,True
1435864,LmjF.30.2970,False,False,False,False,False
9013632,Tb927.11.1710,False,False,False,False,False
17416901,Tb927.7.2080,False,False,False,False,False
28684539,Tb927.9.12770,False,False,False,False,False
32161152,Tb927.11.2790,False,False,False,False,False
18048338,Tb927.10.6060,False,False,False,False,False
29371154,Tb927.11.3620,False,False,False,False,False
33589495,Tb927.11.7590,True,True,True,True,True
26031800,TcCLB.508831.60,True,True,True,True,True
11447107,LbrM.23.0120,False,False,False,False,False
291031,LbrM.34.2090,False,False,False,False,False
8227199,Tb927.11.7510,False,False,False,False,False
18430140,Tb927.1.640,True,True,True,True,True
28456523,Tb927.7.3780,False,False,False,False,False
20659295,LbrM.33.3330,False,False,False,False,False
17921352,Tbg972.11.15650,False,False,False,False,False
15850459,LmxM.33.0070,False,False,False,False,False
16611637,LbrM.18.1050,False,False,False,False,False
29327103,Tb927.4.2540,False,False,False,False,False
1565127,Tb927.3.3490,False,False,False,False,False
15811530,Tb927.8.4610,False,False,False,False,False
8920004,Tb927.8.3530,False,False,False,False,False
28487431,TcCLB.503893.120,True,True,True,True,True
14525979,Tb927.3.2190,False,False,False,False,False
25294169,LmjF.06.0870,False,False,False,False,False
25948161,LdBPK_354540.1,False,False,False,False,False
20457606,Tb927.9.9400,False,False,False,False,False
15720564,LmxM.32.2070,False,False,False,False,False
24891501,Tb927.10.6900,False,False,False,False,False
7870131,LmxM.12.0530,False,False,False,False,False
11564867,Tb927.2.2470,False,False,False,False,False
18713834,TcCLB.507093.300,True,False,False,False,False
31091170,TcCLB.511367.330,True,True,True,True,True
9032236,LdBPK_252330.1,False,False,False,False,False
11292348,TvY486_0302300,False,False,False,False,False
24267450,Tb927.5.4070,True,True,True,True,True
20489182,LmjF.24.1740,False,False,False,False,False
24322299,Tb927.8.5890,True,True,True,True,True
25689597,Tb927.4.1480,False,False,False,False,False
9442052,Tb927.3.2960,False,False,False,False,False
16272216,LmjF.02.0220,False,False,False,False,False
15632173,LmjF.14.0320,False,False,False,False,False
9564044,LmxM.20_36.6470,False,False,False,False,False
22451910,Tb927.4.2560,False,False,False,False,False
21790804,Tb927.5.1030,False,False,False,False,False
27436903,Tb927.5.830,False,False,False,False,False
10806117,LdBPK_366490.1,False,False,False,False,False
2342468,Tb927.6.510,False,False,False,False,False
24322299,Tb927.1.630,True,True,True,True,True
12351682,TcCLB.503745.30,False,False,False,False,False
17558452,LmjF.27.0420,False,False,False,False,False
30045883,Tb927.10.3000,True,True,True,True,True
9271369,Tb927.11.8870,False,False,False,False,False
18451305,Tb927.6.440,False,False,False,False,False
15817455,Tb927.11.12080,False,False,False,False,False
22219392,Tb927.11.10780,False,False,False,False,False
11907282,Tb927.11.11980,False,False,False,False,False
22024471,Tb927.11.6440,True,True,True,True,True
22463696,Tb927.7.5910,False,False,False,False,False
10409664,LmjF.18.1580,False,False,False,False,False
27812217,LdBPK_120730.1,True,True,True,True,True
31851940,Tb927.11.1060,False,False,False,False,False
18587155,Tb927.10.8900,False,False,False,False,False
9564044,LmjF.36.6470,False,False,False,False,False
21291918,TcIL3000_8_2230,False,False,False,False,False
19944689,TcCLB.511127.260,False,False,False,False,False
32295845,Tb927.10.8870,True,True,True,True,True
25961325,TcCLB.509775.40,False,False,False,False,False
23319604,Tb927.8.2770,False,False,False,False,False
19596809,Tb927.11.2370,True,True,True,True,True
17032644,LmjF.36.6390,False,False,False,False,False
32609721,LmjF.21.1190,True,True,True,True,True
28465349,LmjF.16.0480,True,True,True,True,True
20482518,TcCLB.511761.10,False,False,False,False,False
22474284,Tb927.3.4260,False,False,False,False,False
26713845,LdBPK_342060.1,False,False,False,False,False
25964650,TcCLB.506289.80,False,False,False,False,False
11927563,Tb927.2.2470,False,False,False,False,False
24596667,LbrM.20.0210,True,True,True,True,False
23894476,TcCLB.506411.30,True,True,True,True,True
1879424,Tb927.10.14140,False,False,False,False,False
29679486,Tb927.7.5450,False,False,False,False,False
10477173,TcCLB.507927.4,False,False,False,False,False
18699867,Tb927.9.9410,True,True,True,True,True
24550396,Tb927.3.5660,True,True,True,True,True
22186015,Tb927.11.13230,True,True,True,True,True
28679527,Tb927.8.8290,True,True,True,True,True
291031,LmjF.35.2160,False,False,False,False,False
22329999,Tb927.11.17000,True,True,True,True,True
9497047,LmjF.19.1420,False,False,False,False,False
20460437,LmjF.29.0510,False,False,False,False,False
25474309,Tb927.9.11070,True,True,True,True,True
16754359,Tb927.11.1070,False,False,False,False,False
26500280,TcCLB.506247.80,False,False,False,False,False
22514282,Tb927.11.13640,False,False,False,False,False
18433897,Tb927.11.7702,False,False,False,False,False
17699520,Tb927.10.3570,False,False,False,False,False
18178267,LdBPK_290770.1,False,False,False,False,False
12076772,Tb927.11.14000,False,False,False,False,False
18032430,Tb927.9.7210,True,True,True,True,True
17041189,LmjF.19.1500,False,False,False,False,False
19888987,LbrM.16.1670,False,False,False,False,False
23990561,Tb927.10.2640,True,True,True,True,True
17275824,Tb927.11.3480,False,False,False,False,False
22609302,Tb927.8.5060,True,True,True,True,True
21514274,TcCLB.510187.234,False,False,False,False,False
18286177,LmjF.17.0070,True,True,True,True,True
19450731,LmjF.30.2600,True,False,False,False,False
15720564,LmjF.33.2070,False,False,False,False,False
16916638,Tb927.8.1920,False,False,False,False,False
22375793,Tb927.11.14780,True,True,True,True,True
15465048,Tb927.9.4360,False,False,False,False,False
10514084,Tb927.6.510,False,False,False,False,False
23720757,Tb927.11.11670,True,True,True,True,True
20132829,TcCLB.507019.40,True,True,True,True,True
19016791,LmjF.15.0510,True,True,True,True,False
29438445,LmxM.22.0010,True,True,True,True,False
23478263,Tb927.4.5020,False,False,False,False,False
10574716,Tb927.8.6070,False,False,False,False,False
26187993,Tb927.8.3820,True,True,True,True,True
26784394,Tb927.10.2240,False,False,False,False,False
21170560,TcCLB.511545.80,False,False,False,False,False
16600626,LmjF.16.0530,False,False,False,False,False
24267450,Tb927.10.2520,True,True,True,True,True
23212919,Tb927.3.2110,False,False,False,False,False
32980452,LmxM.10.0290,False,False,False,False,False
19320097,Tb927.10.9400,False,False,False,False,False
10551371,LbrM.35.1390,False,False,False,False,False
7565702,LbrM.24.0690,False,False,False,False,False
30503212,Tb927.8.1530,True,True,True,True,True
23675735,Tb927.7.890,False,False,False,False,False
16254149,Tb927.4.2260,False,False,False,False,False
3786140,Tb927.2.5680,False,False,False,False,False
12709066,Tb927.10.240,False,False,False,False,False
19779567,TcCLB.505945.10,True,False,False,False,False
26589870,TcCLB.511517.150,True,True,True,True,True
17222186,LmjF.14.0630,False,False,False,False,False
20659504,Tb927.3.4380,True,True,True,True,True
10691985,Tb927.10.7930,False,False,False,False,False
19103757,Tb927.11.16490,False,False,False,False,False
32329788,Tb927.10.5620,False,False,False,False,False
21306439,Tb927.8.7100,True,True,True,True,True
37674581,Tb927.6.2900,True,True,True,True,True
27226299,Tb927.11.16920,False,False,False,False,False
23192033,TcIL3000_10_9440,False,False,False,False,False
12972544,TcCLB.510329.130,False,False,False,False,False
15284229,Tb927.11.13750,False,False,False,False,False
21531872,Tb927.11.11100,False,False,False,False,False
9719512,LmjF.29.1950,False,False,False,False,False
32614436,Tb927.3.2670,True,True,True,True,True
20121244,Tb927.6.1850,True,True,True,True,True
16246027,Tb927.10.7110,False,False,False,False,False
37459364,Tb927.11.16120,True,True,True,True,True
11907282,Tb927.11.16200,False,False,False,False,False
21949125,Tb927.10.2440,True,True,True,True,True
17431399,Tb927.2.1810,False,False,False,False,False
20398210,Tb927.5.3710,True,True,True,True,True
34212856,TcCLB.504171.40,True,True,True,True,True
10029314,Tb927.9.9290,False,False,False,False,False
25763714,LmxM.04.0310,True,True,True,True,True
26038549,Tb927.11.14580,False,False,False,False,False
9127738,Tb927.7.3450,False,False,False,False,False
18768932,Tb927.7.3410,False,False,False,False,False
21642507,Tb927.9.14300,False,False,False,False,False
23335957,Tb927.5.4580,True,True,True,True,True
25972344,Tb927.1.4310,False,False,False,False,False
17558452,LbrM.27.0510,False,False,False,False,False
12946844,LbrM.31.1650,False,False,False,False,False
17405810,Tb927.11.5680,False,False,False,False,False
16045615,Tb927.6.3490,True,True,True,True,True
11084042,LbrM.32.1750,False,False,False,False,False
16481395,Tb927.1.1350,False,False,False,False,False
23525104,Tb927.10.2750,True,True,True,True,True
22406034,Tb927.9.5890,False,False,False,False,False
19841080,TcCLB.416809.10,False,False,False,False,False
19779567,TcCLB.509553.50,True,False,False,False,False
18637903,Tb927.3.3280,False,False,False,False,False
16219373,Tb927.5.1150,False,False,False,False,False
26954683,Tb927.10.9160,True,True,True,True,True
15907560,LmjF.35.3260,False,False,False,False,False
20601430,LmxM.36.6280,True,True,True,True,True
30550896,Tb927.8.940,True,True,True,True,True
11849714,LbrM.14.1540,False,False,False,False,False
14711591,TcCLB.509499.20,False,False,False,False,False
18312275,Tb927.5.3830,False,False,False,False,False
11463463,Tb927.4.3940,False,False,False,False,False
12213827,Tb927.10.14530,False,False,False,False,False
15811530,Tb927.11.15240,False,False,False,False,False
19121339,LdBPK_324020.1,False,False,False,False,False
14670085,Tb927.10.2220,True,True,True,True,True
19906649,LbrM.17.1270,False,False,False,False,False
24637744,TcCLB.504069.120,True,False,False,False,False
11463463,Tb927.4.3950,False,False,False,False,False
32373549,Tb927.10.6410,True,True,True,True,True
11254958,TcCLB.509695.190,False,False,False,False,False
17651388,Tb927.11.14520,False,False,False,False,False
18381290,Tb927.11.2520,True,True,True,True,True
19096045,Tb927.6.1680,False,False,False,False,False
30961931,TcCLB.503841.40,False,False,False,False,False
20713053,LmjF.17.0870,False,False,False,False,False
15653691,Tb927.11.9530,False,False,False,False,False
31391282,Tb927.7.270,True,True,True,True,True
8719252,Tb927.11.15040,False,False,False,False,False
24639465,Tb927.4.1620,False,False,False,False,False
25724722,TcCLB.508523.80,True,True,True,True,True
27802583,Tb927.4.5140,False,False,False,False,False
28481934,Tb927.3.4760,True,True,True,True,True
25562516,Tb927.2.5160,False,False,False,False,False
21685506,Tb927.10.2880,False,False,False,False,False
31735292,Tb927.3.1990,False,False,False,False,False
10462522,Tb927.8.1870,False,False,False,False,False
11290414,Tb927.10.13670,False,False,False,False,False
19625628,Tb927.8.6820,False,False,False,False,False
23104567,Tb927.7.2600,False,False,False,False,False
21232540,LmxM.34.1480,True,True,True,True,True
15582509,Tb927.3.3450,False,False,False,False,False
19647733,Tb927.8.2450,True,True,True,True,True
29764941,Tb927.10.13100,False,False,False,False,False
10477173,TcCLB.509047.110,False,False,False,False,False
15326192,Tb927.11.2690,False,False,False,False,False
21354216,TcCLB.508461.400,False,False,False,False,False
33997700,Tb927.10.13740,True,True,True,True,True
9119074,Tb927.10.3710,False,False,False,False,False
16008555,Tb927.3.2710,False,False,False,False,False
20675366,LdBPK_130940.1,False,False,False,False,False
15718239,Tb927.10.3650,False,False,False,False,False
25769297,Tb927.11.5970,False,False,False,False,False
18631159,Tb927.7.4560,True,True,True,True,True
10954751,Tb927.10.5560,False,False,False,False,False
20659295,LmjF.33.3050,False,False,False,False,False
15878208,LmjF.32.0120,False,False,False,False,False
7870131,LbrM.12.0490,False,False,False,False,False
14699057,TcCLB.506831.40,False,False,False,False,False
30544263,Tb11.v5.0713,True,True,True,True,True
7637691,LmjF.29.1270,False,False,False,False,False
10861207,LmjF.30.3190,False,False,False,False,False
15056070,LbrM.31.0550,False,False,False,False,False
24789335,TcCLB.507897.20,True,True,True,True,True
11553645,Tb927.3.2190,False,False,False,False,False
15149284,LbrM.24.2140,False,False,False,False,False
22114307,Tb927.4.2080,False,False,False,False,False
20457606,Tb927.9.9390,False,False,False,False,False
15056070,LmjF.33.0240,False,False,False,False,False
23899193,Tb927.6.2790,True,True,True,True,True
30709917,Tb927.11.13300,False,False,False,False,False
9574912,Tb927.11.14000,False,False,False,False,False
11418192,LmjF.28.0520,False,False,False,False,False
11279035,Tb927.10.5770,False,False,False,False,False
24213350,Tb927.10.5140,False,False,False,False,False
20060805,LmxM.33.0070,False,False,False,False,False
21396364,Tb927.10.5270,True,True,True,True,True
37004055,Tb927.7.7460,True,True,True,True,True
28039027,Tb927.10.10870,False,False,False,False,False
12123446,Tb927.10.4940,False,False,False,False,False
10759857,Tb927.9.12550,False,False,False,False,False
26272611,Tb927.6.900,False,False,False,False,False
20039100,LmjF.02.0740,False,False,False,False,False
18713834,LbrM.25.2210,True,False,False,False,False
18263655,Tb927.10.6530,False,False,False,False,False
24879122,Tb927.10.8890,False,False,False,False,False
12869196,Tb927.10.2890,False,False,False,False,False
18036214,Tb927.4.4120,True,True,True,True,True
31542425,Tb927.3.2980,False,False,False,False,False
17007610,TcCLB.504045.60,False,False,False,False,False
19944405,Tb927.11.13980,False,False,False,False,False
12121996,Tb927.4.4380,False,False,False,False,False
23319650,TcIL3000_10_2930,False,False,False,False,False
11254959,Tb927.8.2855,False,False,False,False,False
33660774,Tb927.10.4440,True,True,True,True,True
25763714,LdBPK_040300.1,True,True,True,True,True
28465349,LmjF.16.0440,True,True,True,True,True
20826822,Tb927.11.1370,False,False,False,False,False
16272216,LmjF.02.0180,False,False,False,False,False
9719512,LmjF.26.1470,False,False,False,False,False
23523918,Tb927.11.835,False,False,False,False,False
20545846,Tb927.8.2210,True,True,True,True,True
16790017,LmjF.35.3910,False,False,False,False,False
20109450,Tb927.11.16430,True,True,True,True,True
12071958,Tb927.7.6850,False,False,False,False,False
16316982,Tb927.11.11560,False,False,False,False,False
29666191,Tb927.5.4380,False,False,False,False,False
29603841,Tb927.3.2430,True,True,True,True,True
20724435,Tb927.10.13130,True,True,True,True,True
17040903,Tb927.11.7170,False,False,False,False,False
28609481,Tb927.11.14200,True,True,True,True,True
20808899,Tb927.9.3650,True,False,False,False,False
28935715,LmjF.36.1900,False,False,False,False,False
1934656,Tb927.5.3160,False,False,False,False,False
16278296,Tb927.3.2310,False,False,False,False,False
12944391,LmjF.30.0120,False,False,False,False,False
14651619,Tb927.10.11020,False,False,False,False,False
15096219,LmjF.36.6650,False,False,False,False,False
29626111,Tb927.3.2050,True,True,True,True,True
20011126,LmjF.08.0200,True,True,True,True,True
25701409,Tb927.9.5190,False,False,False,False,False
36364996,Tb927.8.6390,True,True,True,True,True
22654659,Tb927.10.10730,True,True,True,True,True
11606232,Tb927.11.11250,False,False,False,False,False
31628976,Tb927.11.3120,False,False,False,False,False
25589551,TcCLB.507511.91,False,False,False,False,False
18587155,Tb927.11.14140,False,False,False,False,False
27223609,LmjF.12.0890,True,False,False,False,False
18464794,Tb927.11.7960,False,False,False,False,False
37548427,Tb927.9.6560,True,True,True,True,True
17105994,Tb927.6.4340,False,False,False,False,False
25367138,Tb927.6.4430,True,True,True,True,True
17940093,Tb927.8.1090,True,True,True,True,True
22641036,Tb927.9.9430,False,False,False,False,False
21252235,Tb927.9.12720,False,False,False,False,False
21811616,Tb927.11.4450,True,True,True,True,True
16785229,LdBPK_131590.1,False,False,False,False,False
37268169,Tb927.9.3350,True,True,True,True,True
23125353,Tb927.10.7570,False,False,False,False,False
8433714,Tb927.4.4663,False,False,False,False,False
17640270,LmjF.31.0020,False,False,False,False,False
21144880,LmjF.21.0810,True,True,True,True,True
26337955,Tb927.11.470,False,False,False,False,False
9822686,Tb927.10.12960,False,False,False,False,False
37459364,Tb927.9.5020,True,True,True,True,True
27519801,Tb927.7.3130,False,False,False,False,False
22091394,TcCLB.506953.49,True,False,False,False,False
20045687,Tb927.5.3210,False,False,False,False,False
25862161,TcCLB.511407.60,False,False,False,False,False
33744953,Tb927.4.4550,True,True,True,True,True
20132829,Tb927.6.2060,True,True,True,True,True
20363262,TcCLB.511029.20,False,False,False,False,False
31149349,LmjF.36.6540,True,True,True,True,True
12707278,Tb927.10.2410,False,False,False,False,False
11377739,Tb927.1.2570,False,False,False,False,False
14976196,Tb927.6.1080,False,False,False,False,False
19487470,LmjF.34.3120,False,False,False,False,False
20403364,Tb927.1.1330,True,True,True,True,True
15479452,LdBPK_312350.1,False,False,False,False,False
29912461,Tb927.11.550,True,True,True,True,True
27998975,Tb927.10.3560,False,False,False,False,False
33744953,Tb927.3.3060,True,True,True,True,True
32709751,TcCLB.504037.10,False,False,False,False,False
34385330,LmjF.02.0330,False,False,False,False,False
16431985,Tb927.10.4500,False,False,False,False,False
17028241,Tb927.10.2020,False,False,False,False,False
21186185,LdBPK_040070.1,True,False,False,False,False
31190664,TcCLB.504085.60,False,False,False,False,False
16316982,Tb927.11.11550,False,False,False,False,False
37531263,Tb927.5.2410,True,True,True,True,True
19617393,Tb927.2.2510,False,False,False,False,False
29781112,Tb927.8.4950,True,True,True,True,True
29155083,Tb927.11.9190,False,False,False,False,False
23525104,Tb927.1.870,True,True,True,True,True
23409202,TcCLB.506945.230,True,True,True,True,True
9920387,Tb927.9.12110,False,False,False,False,False
21074578,Tb927.11.1320,False,False,False,False,False
20678187,LbrM.22.0240,True,False,False,False,False
9822686,Tb927.11.4570,False,False,False,False,False
26954683,Tb927.3.4170,True,True,True,True,True
20466001,Tb927.8.690,False,False,False,False,False
27223609,LmxM.12.0980,True,False,False,False,False
15773982,Tb927.7.5570,True,True,True,True,True
18036137,Tb927.10.15910,False,False,False,False,False
22408251,Tb927.8.1740,False,False,False,False,False
21871099,LbrM.28.2970,True,True,True,True,True
28414727,Tb927.10.2970,True,True,True,True,True
17873084,Tb927.11.510,False,False,False,False,False
9763289,Tb927.10.7090,False,False,False,False,False
21880705,Tb927.11.10650,False,False,False,False,False
16857679,Tb927.11.5050,False,False,False,False,False
16963561,LmjF.20.0900,False,False,False,False,False
29287109,Tb927.7.1400,True,True,True,True,True
29603841,Tb927.10.10020,True,True,True,True,True
22463696,Tb927.7.5900,False,False,False,False,False
20581293,Tb927.11.11150,False,False,False,False,False
17418434,TcCLB.509611.20,False,False,False,False,False
18462016,Tb927.11.12150,True,True,True,True,True
34526538,Tb927.10.1720,True,True,True,True,True
23635522,Tb927.3.1750,True,True,True,True,True
2793936,Tb927.8.4970,True,False,False,False,False
24892844,Tb927.7.920,True,True,True,True,True
24114837,Tb927.11.12220,False,False,False,False,False
22366391,Tb927.5.1570,False,False,False,False,False
26748989,Tb927.7.3520,False,False,False,False,False
9497047,LbrM.19.1690,False,False,False,False,False
32373549,TcCLB.510187.430,True,True,True,True,True
16754359,Tb927.11.3130,False,False,False,False,False
2342468,Tb927.6.520,False,False,False,False,False
27288586,LdBPK_280550.1,False,False,False,False,False
22623724,Tb927.11.10760,False,False,False,False,False
19450736,Tb927.6.4950,False,False,False,False,False
2793936,Tb927.8.4980,True,False,False,False,False
17610965,Tb11.02.5090,False,False,False,False,False
16785229,LdBPK_320540.1,False,False,False,False,False
32413071,LdBPK_332450.1,True,True,True,True,True
1694571,TcCLB.507895.124,False,False,False,False,False
17043136,Tb927.10.6690,True,True,True,True,True
17542917,LbrM.11.0320,False,False,False,False,False
20887755,LbrM.28.1380,True,True,True,True,False
17577424,Tb927.6.2770,False,False,False,False,False
27519801,Tb927.11.9820,False,False,False,False,False
30122540,Tb927.3.1670,False,False,False,False,False
20466001,Tb927.7.2480,False,False,False,False,False
12633849,Tb927.10.7090,False,False,False,False,False
19710909,TcCLB.507993.80,True,False,False,False,False
8719249,LmjF.26.0140,False,False,False,False,False
1754381,Tb927.8.4890,False,False,False,False,False
17320480,LmjF.31.0010,False,False,False,False,False
1671379,Tb927.10.2370,False,False,False,False,False
28114397,Tb927.10.420,True,True,True,True,True
29320490,TcCLB.503405.10,True,True,True,True,True
21854779,TcCLB.507951.114,False,False,False,False,False
17196271,LmjF.35.3230,False,False,False,False,False
30910902,Tb927.10.13780,False,False,False,False,False
10551371,LmjF.36.1260,False,False,False,False,False
12034456,TcCLB.506583.40,False,False,False,False,False
7935607,LmjF.05.0350,False,False,False,False,False
15642735,Tb927.10.8230,False,False,False,False,False
15383296,Tb927.8.890,False,False,False,False,False
19393161,LmjF.35.1480,True,True,True,True,True
15096219,LbrM.35.7010,False,False,False,False,False
29514930,Tb927.7.3490,True,False,False,False,False
14622299,LmjF.34.0120,False,False,False,False,False
16254149,Tb927.8.1080,False,False,False,False,False
1545803,Tb927.11.17040,False,False,False,False,False
22387477,Tb927.9.5190,False,False,False,False,False
21321215,Tb927.9.9620,False,False,False,False,False
9786920,LmxM.36.6280,False,False,False,False,False
11854354,TcCLB.507511.91,True,False,False,False,False
36986308,Tb927.6.2090,True,True,True,True,True
24891501,Tbg972.10.8420,False,False,False,False,False
29906288,LmxM.21.1580,True,True,True,True,True
10562569,Tb927.11.13640,False,False,False,False,False
10585865,LmxM.32.2835,False,False,False,False,False
26748989,Tb927.9.3780,False,False,False,False,False
12946844,LmjF.31.1430,False,False,False,False,False
22000100,Tb927.9.9660,False,False,False,False,False
16611939,Tb927.10.10850,False,False,False,False,False
36155669,Tb927.9.12820,True,True,True,True,True
19279205,Tb927.11.7170,False,False,False,False,False
20018860,Tb927.8.620,False,False,False,False,False
29385523,Tb927.11.9870,True,True,True,True,True
14532107,Tb927.11.1740,False,False,False,False,False
10783393,LdBPK_362040.1,False,False,False,False,False
18048338,Tb927.10.6070,False,False,False,False,False
15694344,Tb927.11.13640,False,False,False,False,False
22841752,Tb927.9.4520,False,False,False,False,False
26199333,TcCLB.511215.119,True,True,True,True,True
16857679,Tb927.3.4500,False,False,False,False,False
16135234,LmxM.30.0020,False,False,False,False,False
18261990,Tb927.7.6360,False,False,False,False,False
17053086,Tb927.8.2370,False,False,False,False,False
17433682,LmjF.13.0130,False,False,False,False,False
12967709,Tb927.2.4370,False,False,False,False,False
26090847,Tb927.9.13380,True,True,True,True,True
14668021,Tb927.10.1630,False,False,False,False,False
16302277,Tb927.8.8070,False,False,False,False,False
32234763,Tb927.9.8780,False,False,False,False,False
36862634,Tb927.10.11870,True,True,True,True,True
20979346,TcCLB.509601.59,False,False,False,False,False
21465610,LbrM.08.0970,False,False,False,False,False
24442674,Tb927.9.4750,True,False,False,False,False
34410224,Tb927.9.3600,True,True,True,True,True
9199326,LbrM.15.1050,False,False,False,False,False
22767185,LmjF.32.0400,True,True,True,True,True
21965287,Tb927.4.2030,True,True,True,True,True
31392978,Tb927.10.7580,True,True,True,True,True
31964820,Tb927.7.6600,True,True,True,True,True
23716044,LmjF.33.3260,False,False,False,False,False
19321500,LmjF.16.1600,True,True,True,True,True
21247153,TcCLB.507951.299,False,False,False,False,False
17897317,Tb927.4.560,True,True,True,True,True
10514084,Tb927.6.520,False,False,False,False,False
21957477,Tb927.11.6410,True,True,True,True,True
25725478,Tb927.9.8740,False,False,False,False,False
20495004,Tb927.4.800,False,False,False,False,False
14699057,Tb927.6.4540,False,False,False,False,False
17389644,Tb927.11.13640,True,True,True,True,True
21827749,LmxM.30.2310,False,False,False,False,False
29107485,TcCLB.511727.290,False,False,False,False,False
21965287,Tb927.4.2040,True,True,True,True,True
24533860,Tb927.7.220,True,True,True,True,True
16467470,Tb927.9.5710,False,False,False,False,False
19445968,Tb927.6.4670,False,False,False,False,False
20097201,TcCLB.508601.90,False,False,False,False,False
29287675,Tb927.10.5140,False,False,False,False,False
24257747,Tb927.10.14010,True,True,True,True,True
10477180,Tb927.8.900,False,False,False,False,False
10743613,LbrM.10.0640,False,False,False,False,False
17335918,Tb927.11.7160,True,True,True,True,True
15485927,Tb927.10.15950,False,False,False,False,False
9236195,Tb927.10.6350,True,False,False,False,False
10673350,TcCLB.503833.50,False,False,False,False,False
7565702,LmjF.24.0680,False,False,False,False,False
20923419,Tb927.7.3370,True,True,True,True,True
15522895,Tb927.10.15350,False,False,False,False,False
20883728,LmjF.09.0770,True,True,True,True,False
8577321,LmjF.21.0845,False,False,False,False,False
16790017,LbrM.34.3890,False,False,False,False,False
17007610,TcCLB.504153.160,False,False,False,False,False
35588197,Tb927.6.1180,False,False,False,False,False
19450736,Tb927.7.1170,False,False,False,False,False
31838765,TcCLB.508153.340,True,True,True,True,True
16569701,LmjF.04.1160,False,False,False,False,False
19416477,Tb927.11.670,False,False,False,False,False
19647733,Tb927.10.3700,True,True,True,True,True
16269544,Tb927.10.5440,False,False,False,False,False
3393912,Tb927.10.10360,False,False,False,False,False
17275824,Tb927.2.2990,False,False,False,False,False
25873624,Tb927.7.970,True,True,True,True,True
26014945,TcCLB.447255.20,False,False,False,False,False
26752206,TcCLB.504037.10,True,True,True,True,True
24186950,Tb927.10.12600,False,False,False,False,False
16285922,Tb927.1.1690,False,False,False,False,False
15642735,Tb927.4.2450,False,False,False,False,False
19091722,Tb927.2.2520,False,False,False,False,False
10557214,Tb927.11.8190,False,False,False,False,False
30185555,Tb927.4.1340,False,False,False,False,False
29409763,TcCLB.506009.10,False,False,False,False,False
10625703,TcCLB.507241.30,False,False,False,False,False
17627608,TcCLB.509179.100,False,False,False,False,False
35831302,LmxM.09.1260,True,True,True,True,True
24086735,LdBPK_271630.1,True,False,False,False,False
2925689,Tb927.2.4210,False,False,False,False,False
20070944,Tb927.8.4430,True,True,True,True,True
1833773,Tb927.10.14360,False,False,False,False,False
18261990,Tb927.11.7350,False,False,False,False,False
31286583,Tb927.8.7540,True,True,True,True,True
20979346,TcCLB.511211.70,False,False,False,False,False
25959766,Tb927.2.2460,True,True,True,True,True
17940093,Tb927.10.7440,True,True,True,True,True
12117493,TcCLB.508461.310,False,False,False,False,False
11734561,LbrM.30.3100,False,False,False,False,False
22514282,Tb11.v5.0150,False,False,False,False,False
28742133,LdBPK_312140.1,True,True,True,True,True
32709751,TcCLB.511071.190,False,False,False,False,False
23805309,Tb927.11.14030,True,True,True,True,True
17487282,Tb927.8.6070,True,True,True,True,True
18325611,Tb927.11.13290,False,False,False,False,False
7989338,Tb927.4.5390,False,False,False,False,False
17032644,LbrM.35.6720,False,False,False,False,False
29813135,Tb927.8.6060,True,True,True,True,True
32427974,Tb927.6.3630,True,True,True,True,True
19596809,Tb927.11.13970,True,True,True,True,True
23666624,Tb927.2.3880,True,True,True,True,True
8444180,Tb927.4.5040,False,False,False,False,False
21685506,Tb927.11.4610,False,False,False,False,False
18252798,LbrM.08.0010,False,False,False,False,False
30208112,LmjF.21.0725,True,True,True,True,False
20923419,Tb927.10.450,True,True,True,True,True
12364327,LmjF.09.0040,False,False,False,False,False
17475252,TcCLB.508213.20,False,False,False,False,False
23908029,LmjF.36.5410,False,False,False,False,False
9799244,Tb927.10.9720,False,False,False,False,False
14673174,Tb927.10.10850,False,False,False,False,False
20360736,Tb927.10.14240,True,True,True,True,True
15831481,Tb927.3.4730,False,False,False,False,False
23766511,LmxM.36.5850,False,False,False,False,False
32487758,LmjF.33.0830,True,True,True,True,True
33568178,Tb927.11.780,True,True,True,True,True
17319943,LmjF.07.1160,True,True,True,True,True
24082109,LmjF.28.0090,False,False,False,False,False
28481934,Tb927.3.4720,True,True,True,True,True
28507071,LmjF.16.0250,False,False,False,False,False
7986649,Tb927.10.10280,False,False,False,False,False
34385330,LmjF.01.0100,False,False,False,False,False
25658109,TcCLB.506559.129,True,True,True,True,True
14976196,Tb927.4.1350,False,False,False,False,False
28819113,Tb927.10.6860,True,True,True,True,True
22840392,Tb927.9.9220,True,True,True,True,True
21320183,LmjF.21.1630,False,False,False,False,False
21185333,TcCLB.509287.50,False,False,False,False,False
31064825,TcCLB.510525.130,True,True,True,True,True
20551225,LmjF.34.3940,False,False,False,False,False
24843028,Tb927.3.5550,True,True,True,True,True
9786920,LmxM.36.6290,False,False,False,False,False
21239486,LmjF.23.0270,True,True,True,True,True
11454198,Tb927.11.9270,False,False,False,False,False
16636268,Tb927.3.5580,False,False,False,False,False
15387824,Tb927.11.16790,False,False,False,False,False
7630384,LmjF.25.1120,False,False,False,False,False
10806117,LdBPK_290950.1,False,False,False,False,False
19247446,Tb927.3.720,True,True,True,True,True
10861207,LbrM.30.3180,False,False,False,False,False
17214740,Tb927.7.1690,False,False,False,False,False
31043451,Tb927.5.4350,True,True,True,True,True
21854779,TcCLB.504431.64,False,False,False,False,False
19450731,LbrM.30.2550,True,False,False,False,False
25959766,Tb11.02.5410,True,True,True,True,True
22562468,Tb927.8.5700,False,False,False,False,False
10567419,LmjF.21.0850,False,False,False,False,False
16481395,Tb927.8.2630,False,False,False,False,False
21076155,Tb927.10.5450,True,True,True,True,True
1880808,Tb927.11.5520,False,False,False,False,False
30273340,Tb927.8.3820,True,True,True,True,True
26984294,Tb927.8.4760,True,True,True,True,True
23159520,Tb927.10.8230,False,False,False,False,False
28487431,TcCLB.416883.9,True,True,True,True,True
25681612,Tb927.10.14770,False,False,False,False,False
16600626,LbrM.16.0550,False,False,False,False,False
15653691,Tb927.11.6870,False,False,False,False,False
19815526,Tb927.3.1230,False,False,False,False,False
19888987,LmjF.16.1610,False,False,False,False,False
33084070,Tb927.6.2470,True,True,True,True,True
21531872,TcCLB.511671.70,False,False,False,False,False
20231285,Tb927.7.5770,True,True,True,True,True
29449551,Tb927.4.5360,True,True,True,True,True
32295845,Tb927.7.1360,True,True,True,True,True
22098136,LbrM.15.1080,False,False,False,False,False
29530930,Tb927.11.14370,True,True,True,True,True
30143261,TcCLB.508647.200,False,False,False,False,False
19617393,Tb927.2.2520,False,False,False,False,False
31091170,TcCLB.506177.110,True,True,True,True,True
17189640,Tb927.11.15650,False,False,False,False,False
19968861,Tb927.9.12930,True,False,False,False,False
23368777,TcCLB.506925.120,False,False,False,False,False
33417760,Tb927.7.4810,False,False,False,False,False
19850921,Tb927.4.1500,False,False,False,False,False
32518185,Tb927.7.4370,True,True,True,True,True
19343802,Tb927.5.3210,False,False,False,False,False
11877446,Tb927.8.4060,False,False,False,False,False
20581293,Tb927.5.2290,False,False,False,False,False
18602174,TcCLB.510945.70,False,False,False,False,False
12062813,Tb927.11.880,False,False,False,False,False
20444878,Tb927.9.2340,True,False,False,False,False
18583347,Tb927.10.10830,False,False,False,False,False
11368759,LmjF.23.1050,False,False,False,False,False
19096045,Tb927.11.6320,False,False,False,False,False
12649499,Tb927.1.1690,False,False,False,False,False
17213267,LbrM.23.0280,False,False,False,False,False
11084042,LmjF.32.1580,False,False,False,False,False
17416633,Tb927.10.9720,False,False,False,False,False
15821136,Tb927.7.600,False,False,False,False,False
29581012,Tb927.7.3620,False,False,False,False,False
12665514,Tb927.10.11440,False,False,False,False,False
19240115,Tb927.11.6220,False,False,False,False,False
11854272,Tb927.10.9740,False,False,False,False,False
35484915,Tb927.11.9390,False,False,False,False,False
16611637,LmjF.18.0990,False,False,False,False,False
17873084,Tb927.11.500,False,False,False,False,False
25468729,TcCLB.504069.4,True,True,True,True,True
12486231,Tb927.9.9970,False,False,False,False,False
18611247,LbrM.20.3020,True,False,False,False,False
24164479,Tb927.6.3090,True,True,True,True,True
12150917,Tb927.7.3990,False,False,False,False,False
9314532,Tb927.2.6000,True,True,True,True,True
37606665,Tb927.4.4110,True,True,True,True,True
19968861,Tb927.11.1670,True,True,True,True,True
16516986,Tb927.11.4890,False,False,False,False,False
1680861,LmjF.23.0250,False,False,False,False,False
24305511,Tb927.11.1350,True,True,True,True,True
18539138,LmjF.13.0090,False,False,False,False,False
11859084,Tb927.11.5780,False,False,False,False,False
16087875,Tb927.5.2650,False,False,False,False,False
30961931,TcCLB.510945.30,False,False,False,False,False
18433447,Tb927.3.1000,False,False,False,False,False
27779220,Tb927.11.2400,True,True,True,True,True
19084537,Tb927.3.3270,False,False,False,False,False
18059470,Tb927.11.3290,False,False,False,False,False
18489261,TvY486_0500790,True,False,False,False,False
25180513,Tb927.7.2640,True,True,True,True,True
15994309,Tbg972.9.6840,False,False,False,False,False
16246139,Tb927.1.1170,False,False,False,False,False
21790804,Tb927.8.5540,False,False,False,False,False
32393602,Tb927.9.8350,False,False,False,False,False
24552149,Tb927.1.1025,True,False,False,False,False
30810527,Tb927.7.3130,True,True,True,True,True
25768284,LdBPK_111100.1,True,True,True,True,True
10029306,Tb927.5.1830,False,False,False,False,False
11726506,Tb927.11.14950,False,False,False,False,False
19064633,LdBPK_120105.1,False,False,False,False,False
18940910,Tb927.5.3030,False,False,False,False,False
7159467,LdBPK_170870.1,False,False,False,False,False
11704279,TcCLB.511419.50,False,False,False,False,False
21364675,LmjF.29.0820,True,True,True,True,True
12853641,Tb927.9.10710,False,False,False,False,False
25964650,TcCLB.507801.179,False,False,False,False,False
18252798,LmjF.08.0010,False,False,False,False,False
20345655,LmjF.33.3060,True,True,True,True,False
24821793,Tb927.4.1610,False,False,False,False,False
19961654,LbrM.15.0030,False,False,False,False,False
17651388,Tb927.9.8210,False,False,False,False,False
18485498,LmjF.36.2390,False,False,False,False,False
28827831,Tb927.4.3430,True,True,True,True,True
29385523,Tb927.6.4330,True,True,True,True,True
25180513,Tb927.7.2650,True,True,True,True,True
23382864,Tb927.9.10770,True,True,True,True,True
27018127,Tb927.3.2440,True,True,True,True,True
26116214,Tb927.9.10550,False,False,False,False,False
31064825,TcCLB.511391.210,True,True,True,True,True
35879525,Tb927.10.3800,True,True,True,True,True
10567354,Tb927.10.3710,False,False,False,False,False
16423830,LmjF.34.1090,False,False,False,False,False
20086045,LmjF.20.1310,False,False,False,False,False
19070634,Tb927.7.1440,True,True,True,True,True
31540971,Tb927.10.8240,False,False,False,False,False
37004055,Tb927.11.1980,True,True,True,True,True
31391279,Tb927.7.5160,True,True,True,True,True
19450734,Tb927.5.790,True,False,False,False,False
15542846,Tb927.8.3710,False,False,False,False,False
23478263,Tb927.2.4510,False,False,False,False,False
9044046,Tb927.3.910,False,False,False,False,False
20713053,LbrM.17.1070,False,False,False,False,False
19393161,LbrM.34.1400,True,False,False,False,False
19961654,LmjF.15.0030,False,False,False,False,False
9247926,Tb927.11.14020,False,False,False,False,False
23285111,LmjF.21.0410,True,True,True,True,True
22366391,Tb927.5.1580,False,False,False,False,False
22562468,Tb927.9.4440,False,False,False,False,False
23382864,Tb927.9.9290,True,True,True,True,True
30976048,Tb927.10.7910,True,True,True,True,True
21321231,Tb927.11.8870,False,False,False,False,False
15819633,LmjF.03.0080,False,False,False,False,False
31161731,Tb927.11.13900,True,False,False,False,False
16219373,Tb927.10.10700,False,False,False,False,False
19631545,Tb927.11.2440,True,True,True,True,True
31043451,Tb927.6.2670,True,True,True,True,True
22685407,TcCLB.507213.30,True,True,True,True,True
37606665,Tb927.3.2270,True,True,True,True,True
22220754,Tb927.7.1000,True,True,True,True,True
18178267,LmjF.29.0740,False,False,False,False,False
7646449,LmjF.29.1270,False,False,False,False,False
26929336,Tb927.11.15800,False,False,False,False,False
11734561,LmjF.30.3110,False,False,False,False,False
17118470,Tb927.4.1630,False,False,False,False,False
30232153,TcCLB.506739.200,False,False,False,False,False
11704279,TcCLB.505999.100,False,False,False,False,False
20541568,LmjF.32.2640,False,False,False,False,False
18179414,Tb927.10.8310,True,True,True,True,True
15821136,Tb927.7.610,False,False,False,False,False
33589495,Tb927.11.6660,True,True,True,True,True
15582509,LmjF.29.0880,False,False,False,False,False
16303849,Tb927.7.6360,False,False,False,False,False
21203515,Tb927.2.4580,True,True,True,True,True
20826822,Tb927.1.1770,False,False,False,False,False
31819011,Tb927.6.2760,False,False,False,False,False
23592996,Tb927.5.810,True,True,True,True,True
25623067,TcCLB.510943.50,False,False,False,False,False
8227199,Tb927.11.7460,False,False,False,False,False
30635574,Tb927.10.10160,True,True,True,True,True
11983889,Tb927.11.2730,False,False,False,False,False
22840392,Tb927.11.3010,True,True,True,True,True
8538681,Tb927.7.5480,False,False,False,False,False
21465610,LmjF.08.1200,False,False,False,False,False
17542917,LmjF.11.0550,False,False,False,False,False
27849219,LbrM.33.3490,True,True,True,True,True
14711591,TcCLB.508649.10,False,False,False,False,False
20065037,Tb927.8.2550,False,False,False,False,False
24988048,Tb927.8.5450,False,False,False,False,False
11918801,Tb927.4.4490,False,False,False,False,False
36829306,Tb927.7.4620,False,False,False,False,False
12034456,TcCLB.506677.20,False,False,False,False,False
17945531,Tb927.4.3740,False,False,False,False,False
8125090,LmxM.24.0850,False,False,False,False,False
26929336,Tb927.7.6310,False,False,False,False,False
32095321,Tb927.10.14150,True,True,True,True,True
24612401,Tb927.3.3850,False,False,False,False,False
23805309,Tb927.11.12310,True,True,True,True,True
17645436,Tb927.10.14010,False,False,False,False,False
7540135,TcCLB.508897.110,False,False,False,False,False
21957477,Tb927.5.2140,True,True,True,True,True
28052114,Tb927.10.15080,True,True,True,True,True
15773982,Tb927.7.5580,True,True,True,False,False
10029314,Tb927.9.10770,False,False,False,False,False
12162732,Tb927.3.3270,False,False,False,False,False
24699810,Tb927.7.5900,True,True,True,True,True
21291918,LmjF.23.0290,False,False,False,False,False
11377739,Tb927.11.11900,False,False,False,False,False
20927190,LbrM.23.1110,True,True,True,True,True
36329148,Tb927.9.6560,True,True,True,True,True
31217284,Tb927.10.12720,False,False,False,False,False
8459837,Tb927.9.2520,False,False,False,False,False
30288927,Tb927.10.2970,False,False,False,False,False
27007296,Tb927.5.3050,True,True,True,True,True
19923744,TcCLB.509153.90,False,False,False,False,False
20595031,TcCLB.511287.49,False,False,False,False,False
19429678,LmjF.15.1230,False,False,False,False,False
27168148,Tb927.7.2390,True,True,True,True,True
28507071,LmjF.16.0230,False,False,False,False,False
15149284,LmjF.24.2060,False,False,False,False,False
17897317,Tb927.11.2430,True,True,True,True,True
15994309,Tb927.9.11500,False,False,False,False,False
20678187,LmjF.22.0250,True,False,False,False,False
27732844,Tb927.10.5310,True,True,True,True,True
29246805,Tb927.11.2500,False,False,False,False,False
22412905,Tb927.10.13380,True,True,True,True,True
19450734,Tb927.5.800,True,False,False,False,False
23520175,Tb927.8.5720,False,False,False,False,False
17567955,Tb927.7.3410,False,False,False,False,False
12869196,TcCLB.504105.140,False,False,False,False,False
23326476,Tb927.3.5180,True,True,True,True,True
21788387,TcCLB.504239.220,False,False,False,False,False
18611247,LmjF.34.3440,True,False,False,False,False
37474258,Tb927.10.8220,True,True,True,True,True
30248370,Tb927.9.2900,True,True,True,True,True
12077356,Tb927.3.2340,False,False,False,False,False
15554964,LmxM.24.1770,True,True,True,True,True
8444180,Tb927.3.4390,False,False,False,False,False
25940618,Tb927.11.14090,True,True,True,True,True
15388875,LmjF.27.1620,False,False,False,False,False
32003744,Tb927.7.3500,True,True,True,False,False
20444878,Tb927.9.2380,True,False,False,False,False
20056101,Tb927.10.7090,False,False,False,False,False
18639590,LmjF.08.1010,False,False,False,False,False
17176070,Tb927.11.5520,False,False,False,False,False
24810301,Tb927.3.1560,False,False,False,False,False
17921352,Tb927.11.14020,False,False,False,False,False
18489261,Tb927.5.1140,True,True,True,True,True
11854354,TcCLB.507511.81,True,False,False,False,False
20188209,Tb927.10.8020,False,False,False,False,False
20876659,Tb927.11.7240,False,False,False,False,False
3185541,Tb927.6.520,False,False,False,False,False
23190171,Tb927.8.1720,False,False,False,False,False
23368777,TcCLB.506925.130,False,False,False,False,False
22168367,Tb927.8.2630,True,True,True,True,True
22841752,Tb927.2.4110,False,False,False,False,False
7969267,LmjF.23.1070,False,False,False,False,False
29091964,Tb927.8.6370,True,True,True,True,True
16303849,Tb927.11.7350,False,False,False,False,False
20624216,Tb927.10.1680,False,False,False,False,False
32388269,Tb927.8.1990,True,True,True,True,True
15287585,Tb927.9.17380,False,False,False,False,False
21208463,Tb927.9.3280,True,True,True,True,True
24892844,Tb927.10.8710,True,False,False,False,False
25331479,Tb927.9.4750,True,False,False,False,False
17949828,Tb927.7.2080,False,False,False,False,False
18637903,TcCLB.508153.330,False,False,False,False,False
20551176,Tb927.9.6100,False,False,False,False,False
34339455,Tb927.6.3240,True,True,True,True,True
19966032,Tb927.5.286b,False,False,False,False,False
19321500,LmjF.30.0450,True,False,False,False,False
29698456,Tb927.10.9820,True,True,True,True,True
31964820,Tb927.7.360,True,True,True,True,True
16301606,Tb927.9.12040,False,False,False,False,False
21811616,Tb927.11.4460,True,True,True,True,True
9099733,Tb927.10.7780,False,False,False,False,False
17606628,Tb927.10.3540,False,False,False,False,False
19254949,Tb927.7.5490,False,False,False,False,False
3185541,Tb927.6.510,False,False,False,False,False
21111007,Tb927.10.16070,True,True,True,True,True
30058168,Tbg972.6.2930,False,False,False,False,False
21810935,Tb927.11.8400,False,False,False,False,False
20855539,Tb927.10.10830,False,False,False,False,False
15831481,Tb927.3.4770,False,False,False,False,False
29813135,Tb927.11.1540,True,True,True,True,True
26043892,Tb927.7.2100,True,True,True,True,True
20153321,Tb927.8.2000,True,True,True,True,True
1435864,LbrM.30.2950,False,False,False,False,False
20833891,Tb927.11.8940,False,False,False,False,False
16916638,Tb927.1.570,False,False,False,False,False
32095321,Tb927.9.9550,True,True,True,True,True
35680928,Tb927.8.7020,True,True,True,True,True
17028008,LmjF.34.2000,False,False,False,False,False
20149109,TcCLB.504213.110,True,False,False,False,False
25217630,Tb927.10.8650,False,False,False,False,False
20363262,TcCLB.511529.80,False,False,False,False,False
23638200,LmjF.06.0090,True,True,True,True,True
22098136,LbrM.23.0050,False,False,False,False,False
21458414,LdBPK_241790.1,False,False,False,False,False
27802583,Tb927.8.7250,False,False,False,False,False
17107676,LmjF.35.1580,False,False,False,False,False
30045883,Tb927.5.4090,True,True,True,True,True
14622299,LbrM.20.0050,False,False,False,False,False
17901875,LbrM.34.1490,False,False,False,False,False
15470247,Tb927.11.7140,False,False,False,False,False
24386955,TcCLB.511127.100,True,True,True,True,True
17418434,TcCLB.508567.70,False,False,False,False,False
22654659,Tb927.10.8880,True,True,True,True,True
15657144,Tb927.10.3570,False,False,False,False,False
10985770,Tb927.11.13730,False,False,False,False,False
23361461,Tb927.3.3490,True,True,True,True,True
29371154,Tb927.11.3630,False,False,False,False,False
26307671,Tb927.7.2410,True,True,True,True,True
11420108,LmjF.04.0580,False,False,False,False,False
10743613,LmjF.10.0510,False,False,False,False,False
12387850,LdBPK_212210.1,False,False,False,False,False
18611951,Tb927.8.990,True,False,False,False,False
15923618,Tb927.10.12850,False,False,False,False,False
16882667,Tb927.9.11720,False,False,False,False,False
23335957,Tb927.5.4570,True,True,True,True,True
34835460,Tb927.4.3120,True,True,True,True,True
20300570,Tb927.11.8950,True,False,False,False,False
30866577,Tb927.7.2480,True,True,True,True,True
20349119,LdBPK_310860.1,True,False,False,False,False
17214740,Tb927.4.2520,False,False,False,False,False
19105172,Tb927.1.1025,True,False,False,False,False
37414151,Tb927.7.6110,True,True,True,True,True
32980452,LmxM.32.2550,False,False,False,False,False
28742133,LmxM.30.2090,True,True,True,True,False
10747997,Tb927.10.7500,False,False,False,False,False
20728476,Tb927.11.4660,True,False,False,False,False
19091722,Tb927.2.2510,False,False,False,False,False
12676092,Tb927.3.910,False,False,False,False,False
19320097,Tb927.10.3500,False,False,False,False,False
28334017,Tb927.11.14220,True,True,True,True,True
19710909,LdBPK_180270.1,True,False,False,False,False
23409202,TcCLB.507023.280,True,True,True,True,True
19450735,Tb927.3.5280,False,False,False,False,False
